timestamp,lat,lon,alt,heading,qx,qy,qz,qw,roll,pitch,yaw,roll_rate,pitch_rate,yaw_rate,x,y,z,vx,vy,vz,ax,ay,az,gx,gy,gz,mx,my,mz,servo1_raw,servo2_raw,servo3_raw,servo4_raw,servo5_raw,servo6_raw,servo7_raw,servo8_raw
1763969313.1117334,0.0,0.0,32.5,154.82,-0.06279882788658142,0.21620702743530273,0.9742552042007446,-0.011734915897250175,-3.0911810398101807,-0.11762617528438568,2.7021732330322266,-0.0001372145488858223,4.9788039177656174e-05,0.0007026172243058681,0.0,0.0,0.0,0.0,0.0,0.0,-0.5687857000000001,0.63743225,10.2577559,0.08726646259971647,0.06981317007977318,-0.03490658503988659,-712.0,322.0,-398.0,0,0,0,0,0,0,0,0
1763969313.1451697,0.0,0.0,32.5,154.82,-0.06279882788658142,0.21620702743530273,0.9742552042007446,-0.011734915897250175,-3.0911810398101807,-0.11762617528438568,2.7021732330322266,-0.0001372145488858223,4.9788039177656174e-05,0.0007026172243058681,0.0,0.0,0.0,0.0,0.0,0.0,-0.5687857000000001,0.63743225,10.2577559,0.08726646259971647,0.06981317007977318,-0.03490658503988659,-712.0,322.0,-398.0,0,0,0,0,0,0,0,0
1763969313.1785846,0.0,0.0,32.5,154.82,-0.06279882788658142,0.21620702743530273,0.9742552042007446,-0.011734915897250175,-3.0911810398101807,-0.11762617528438568,2.7021732330322266,-0.0001372145488858223,4.9788039177656174e-05,0.0007026172243058681,0.0,0.0,0.0,0.0,0.0,0.0,-0.5687857000000001,0.63743225,10.2577559,0.08726646259971647,0.06981317007977318,-0.03490658503988659,-712.0,322.0,-398.0,0,0,0,0,0,0,0,0
1763969313.2119842,0.0,0.0,32.5,154.82,-0.06279882788658142,0.21620702743530273,0.9742552042007446,-0.011734915897250175,-3.0911810398101807,-0.11762617528438568,2.7021732330322266,-0.0001372145488858223,4.9788039177656174e-05,0.0007026172243058681,0.0,0.0,0.0,0.0,0.0,0.0,-0.57859235,0.6276256,10.24794925,0.05235987755982989,0.017453292519943295,-0.05235987755982989,-712.0,322.0,-398.0,0,0,0,0,0,0,0,0
1763969313.2453768,0.0,0.0,32.5,154.82,-0.06279882788658142,0.21620702743530273,0.9742552042007446,-0.011734915897250175,-3.0912768840789795,-0.11752133816480637,2.7021725177764893,-0.0005581383593380451,-0.001774803502485156,-0.0002884168643504381,0.0,0.0,0.0,0.0,0.0,0.0,-0.57859235,0.6276256,10.24794925,0.05235987755982989,0.017453292519943295,-0.05235987755982989,-712.0,322.0,-398.0,0,0,0,0,0,0,0,0
1763969313.2787783,0.0,0.0,32.5,154.82,-0.06279882788658142,0.21620702743530273,0.9742552042007446,-0.011734915897250175,-3.0912768840789795,-0.11752133816480637,2.7021725177764893,-0.0005581383593380451,-0.001774803502485156,-0.0002884168643504381,0.0,0.0,0.0,0.0,0.0,0.0,-0.57859235,0.6276256,10.24794925,0.05235987755982989,0.017453292519943295,-0.05235987755982989,-712.0,322.0,-398.0,0,0,0,0,0,0,0,0
1763969313.3121731,0.0,0.0,32.5,154.82,-0.06276656687259674,0.21620416641235352,0.9742580652236938,-0.011716806329786777,-3.0912768840789795,-0.11752133816480637,2.7021725177764893,-0.0005581383593380451,-0.001774803502485156,-0.0002884168643504381,0.0,0.0,0.0,0.0,0.0,0.0,-0.57859235,0.6276256,10.24794925,0.05235987755982989,0.017453292519943295,-0.05235987755982989,-712.0,322.0,-398.0,0,0,0,0,0,0,0,0
1763969313.345563,0.0,0.0,32.5,154.82,-0.06276656687259674,0.21620416641235352,0.9742580652236938,-0.011716806329786777,-3.0912768840789795,-0.11752133816480637,2.7021725177764893,-0.0005581383593380451,-0.001774803502485156,-0.0002884168643504381,0.0,0.0,0.0,0.0,0.0,0.0,-0.588399,0.6080123,10.24794925,0.06981317007977318,0.03490658503988659,-0.05235987755982989,-712.0,322.0,-398.0,0,0,0,0,0,0,0,0
1763969313.3789542,0.0,0.0,32.5,154.82,-0.06276656687259674,0.21620416641235352,0.9742580652236938,-0.011716806329786777,-3.0912768840789795,-0.11752133816480637,2.7021725177764893,-0.0005581383593380451,-0.001774803502485156,-0.0002884168643504381,0.0,0.0,0.0,0.0,0.0,0.0,-0.588399,0.6080123,10.24794925,0.06981317007977318,0.03490658503988659,-0.05235987755982989,-712.0,322.0,-398.0,0,0,0,0,0,0,0,0
1763969313.4123502,0.0,0.0,32.49,154.82,-0.06276656687259674,0.21620416641235352,0.9742580652236938,-0.011716806329786777,-3.0912768840789795,-0.11752133816480637,2.7021725177764893,-0.0005581383593380451,-0.001774803502485156,-0.0002884168643504381,0.0,0.0,0.0,0.0,0.0,0.0,-0.588399,0.6080123,10.24794925,0.06981317007977318,0.03490658503988659,-0.05235987755982989,-712.0,322.0,-398.0,0,0,0,0,0,0,0,0
1763969313.4457512,0.0,0.0,32.49,154.82,-0.06276656687259674,0.21620416641235352,0.9742580652236938,-0.011716806329786777,-3.0912768840789795,-0.11752133816480637,2.7021725177764893,-0.0005581383593380451,-0.001774803502485156,-0.0002884168643504381,0.0,0.0,0.0,0.0,0.0,0.0,-0.588399,0.6080123,10.24794925,0.06981317007977318,0.03490658503988659,-0.05235987755982989,-712.0,322.0,-398.0,1600,1600,1599,1599,0,0,0,0
1763969313.4791462,0.0,0.0,32.49,154.82,-0.06276656687259674,0.21620416641235352,0.9742580652236938,-0.011716806329786777,-3.0912768840789795,-0.11752133816480637,2.7021725177764893,-0.0005581383593380451,-0.001774803502485156,-0.0002884168643504381,0.0,0.0,0.0,0.0,0.0,0.0,-0.588399,0.6080123,10.24794925,0.06981317007977318,0.03490658503988659,-0.05235987755982989,-712.0,322.0,-398.0,1600,1600,1599,1599,0,0,0,0
1763969313.5125406,0.0,0.0,32.49,154.82,-0.06276656687259674,0.21620416641235352,0.9742580652236938,-0.011716806329786777,-3.09132719039917,-0.11746452003717422,2.702176570892334,0.00018282560631632805,-0.0021566615905612707,-0.00011893105693161488,0.0,0.0,0.0,0.0,0.0,0.0,-0.588399,0.6080123,10.24794925,0.06981317007977318,0.03490658503988659,-0.05235987755982989,-712.0,322.0,-398.0,1600,1600,1599,1599,0,0,0,0
1763969313.54593,0.0,0.0,32.49,154.82,-0.06276656687259674,0.21620416641235352,0.9742580652236938,-0.011716806329786777,-3.09132719039917,-0.11746452003717422,2.702176570892334,0.00018282560631632805,-0.0021566615905612707,-0.00011893105693161488,0.0,0.0,0.0,0.0,0.0,0.0,-0.5491724,0.6080123,10.2577559,0.08726646259971647,0.03490658503988659,-0.05235987755982989,-714.0,323.0,-402.0,1600,1600,1599,1599,0,0,0,0
1763969313.5793226,0.0,0.0,32.49,154.82,-0.06276656687259674,0.21620416641235352,0.9742580652236938,-0.011716806329786777,-3.0913329124450684,-0.11746376007795334,2.7021615505218506,0.0006055142730474472,0.001243299338966608,7.599848322570324e-05,0.0,0.0,0.0,0.0,0.0,0.0,-0.5491724,0.6080123,10.2577559,0.08726646259971647,0.03490658503988659,-0.05235987755982989,-714.0,323.0,-402.0,1600,1600,1599,1599,0,0,0,0
1763969313.6148155,0.0,0.0,32.49,154.82,-0.06273255497217178,0.21621225774288177,0.9742586612701416,-0.01169547438621521,-3.0913329124450684,-0.11746376007795334,2.7021615505218506,0.0006055142730474472,0.001243299338966608,7.599848322570324e-05,0.0,0.0,0.0,0.0,0.0,0.0,-0.5491724,0.6080123,10.2577559,0.08726646259971647,0.03490658503988659,-0.05235987755982989,-714.0,323.0,-402.0,1600,1600,1599,1599,0,0,0,0
1763969313.6482346,0.0,0.0,32.49,154.82,-0.06273255497217178,0.21621225774288177,0.9742586612701416,-0.01169547438621521,-3.0913329124450684,-0.11746376007795334,2.7021615505218506,0.0006055142730474472,0.001243299338966608,7.599848322570324e-05,0.0,0.0,0.0,0.0,0.0,0.0,-0.5491724,0.6080123,10.2577559,0.08726646259971647,0.03490658503988659,-0.05235987755982989,-714.0,323.0,-402.0,1600,1600,1599,1599,0,0,0,0
1763969313.6816974,0.0,0.0,32.49,154.82,-0.06273255497217178,0.21621225774288177,0.9742586612701416,-0.01169547438621521,-3.0913329124450684,-0.11746376007795334,2.7021615505218506,0.0006055142730474472,0.001243299338966608,7.599848322570324e-05,0.0,0.0,0.0,0.0,0.0,0.0,-0.5491724,0.6080123,10.2577559,0.08726646259971647,0.03490658503988659,-0.05235987755982989,-714.0,323.0,-402.0,1600,1600,1599,1599,0,0,0,0
1763969313.7151089,0.0,0.0,32.49,154.82,-0.06273255497217178,0.21621225774288177,0.9742586612701416,-0.01169547438621521,-3.0913329124450684,-0.11746376007795334,2.7021615505218506,0.0006055142730474472,0.001243299338966608,7.599848322570324e-05,0.0,0.0,0.0,0.0,0.0,0.0,-0.53936575,0.59820565,10.24794925,0.10471975511965978,0.08726646259971647,-0.05235987755982989,-714.0,323.0,-402.0,1600,1600,1599,1599,0,0,0,0
1763969313.7485914,0.0,0.0,32.49,154.82,-0.06273255497217178,0.21621225774288177,0.9742586612701416,-0.01169547438621521,-3.091315269470215,-0.11746841669082642,2.7021453380584717,-0.00026531005278229713,0.0004767104983329773,0.00027482560835778713,0.0,0.0,0.0,0.0,0.0,0.0,-0.53936575,0.59820565,10.24794925,0.10471975511965978,0.08726646259971647,-0.05235987755982989,-714.0,323.0,-402.0,1600,1600,1599,1599,0,0,0,0
1763969313.7820065,0.0,0.0,32.49,154.82,-0.06273680925369263,0.21621954441070557,0.9742567539215088,-0.011703054420650005,-3.091315269470215,-0.11746841669082642,2.7021453380584717,-0.00026531005278229713,0.0004767104983329773,0.00027482560835778713,0.0,0.0,0.0,0.0,0.0,0.0,-0.53936575,0.59820565,10.24794925,0.10471975511965978,0.08726646259971647,-0.05235987755982989,-714.0,323.0,-402.0,1600,1600,1599,1599,0,0,0,0
1763969313.8154175,0.0,0.0,32.49,154.82,-0.06273680925369263,0.21621954441070557,0.9742567539215088,-0.011703054420650005,-3.091315269470215,-0.11746841669082642,2.7021453380584717,-0.00026531005278229713,0.0004767104983329773,0.00027482560835778713,0.0,0.0,0.0,0.0,0.0,0.0,-0.53936575,0.59820565,10.24794925,0.10471975511965978,0.08726646259971647,-0.05235987755982989,-714.0,323.0,-402.0,1600,1600,1599,1599,0,0,0,0
1763969313.8488197,0.0,0.0,32.49,154.82,-0.06273680925369263,0.21621954441070557,0.9742567539215088,-0.011703054420650005,-3.091315269470215,-0.11746841669082642,2.7021453380584717,-0.00026531005278229713,0.0004767104983329773,0.00027482560835778713,0.0,0.0,0.0,0.0,0.0,0.0,-0.53936575,0.59820565,10.24794925,0.10471975511965978,0.08726646259971647,-0.05235987755982989,-714.0,323.0,-402.0,1600,1600,1599,1599,0,0,0,0
1763969313.8822167,0.0,0.0,32.49,154.82,-0.06273680925369263,0.21621954441070557,0.9742567539215088,-0.011703054420650005,-3.091315269470215,-0.11746841669082642,2.7021453380584717,-0.00026531005278229713,0.0004767104983329773,0.00027482560835778713,0.0,0.0,0.0,0.0,0.0,0.0,-0.5491724,0.59820565,10.2577559,0.08726646259971647,0.08726646259971647,-0.05235987755982989,-714.0,323.0,-402.0,1600,1600,1599,1599,0,0,0,0
1763969313.9156075,0.0,0.0,32.49,154.82,-0.06273680925369263,0.21621954441070557,0.9742567539215088,-0.011703054420650005,-3.091284990310669,-0.11748606711626053,2.702138900756836,0.0008359220810234547,0.0003587575629353523,-0.00038236798718571663,0.0,0.0,0.0,0.0,0.0,0.0,-0.5491724,0.59820565,10.2577559,0.08726646259971647,0.08726646259971647,-0.05235987755982989,-714.0,323.0,-402.0,1600,1600,1599,1599,0,0,0,0
1763969313.949031,0.0,0.0,32.49,154.82,-0.0627487301826477,0.21622136235237122,0.9742554426193237,-0.011715726926922798,-3.091284990310669,-0.11748606711626053,2.702138900756836,0.0008359220810234547,0.0003587575629353523,-0.00038236798718571663,0.0,0.0,0.0,0.0,0.0,0.0,-0.5491724,0.59820565,10.2577559,0.08726646259971647,0.08726646259971647,-0.05235987755982989,-714.0,323.0,-402.0,1600,1600,1599,1599,0,0,0,0
1763969313.9824567,0.0,0.0,32.52,154.82,-0.0627487301826477,0.21622136235237122,0.9742554426193237,-0.011715726926922798,-3.091284990310669,-0.11748606711626053,2.702138900756836,0.0008359220810234547,0.0003587575629353523,-0.00038236798718571663,0.0,0.0,0.0,0.0,0.0,0.0,-0.5491724,0.59820565,10.2577559,0.08726646259971647,0.08726646259971647,-0.05235987755982989,-714.0,323.0,-402.0,1600,1600,1599,1599,0,0,0,0
1763969314.0158696,0.0,0.0,32.52,154.82,-0.0627487301826477,0.21622136235237122,0.9742554426193237,-0.011715726926922798,-3.091284990310669,-0.11748606711626053,2.702138900756836,0.0008359220810234547,0.0003587575629353523,-0.00038236798718571663,0.0,0.0,0.0,0.0,0.0,0.0,-0.5491724,0.59820565,10.2577559,0.08726646259971647,0.08726646259971647,-0.05235987755982989,-714.0,323.0,-402.0,1600,1600,1599,1599,0,0,0,0
1763969314.0492852,0.0,0.0,32.52,154.82,-0.0627487301826477,0.21622136235237122,0.9742554426193237,-0.011715726926922798,-3.091284990310669,-0.11748606711626053,2.702138900756836,0.0008359220810234547,0.0003587575629353523,-0.00038236798718571663,0.0,0.0,0.0,0.0,0.0,0.0,-0.5491724,0.59820565,10.2577559,0.08726646259971647,0.08726646259971647,-0.05235987755982989,-714.0,323.0,-402.0,1600,1600,1599,1599,0,0,0,0
1763969314.0826864,0.0,0.0,32.52,154.82,-0.0627487301826477,0.21622136235237122,0.9742554426193237,-0.011715726926922798,-3.091284990310669,-0.11748606711626053,2.702138900756836,0.0008359220810234547,0.0003587575629353523,-0.00038236798718571663,0.0,0.0,0.0,0.0,0.0,0.0,-0.57859235,0.61781895,10.2577559,0.10471975511965978,0.06981317007977318,-0.05235987755982989,-716.0,320.0,-407.0,1600,1600,1599,1599,0,0,0,0
1763969314.116077,0.0,0.0,32.52,154.82,-0.0627487301826477,0.21622136235237122,0.9742554426193237,-0.011715726926922798,-3.091287612915039,-0.11747055500745773,2.702141284942627,0.00023763999342918396,-6.593205034732819e-05,0.0004577157087624073,0.0,0.0,0.0,0.0,0.0,0.0,-0.57859235,0.61781895,10.2577559,0.10471975511965978,0.06981317007977318,-0.05235987755982989,-716.0,320.0,-407.0,1600,1600,1599,1599,0,0,0,0
1763969314.1494708,0.0,0.0,32.52,154.82,-0.06274087727069855,0.21622061729431152,0.9742560982704163,-0.011716216802597046,-3.091287612915039,-0.11747055500745773,2.702141284942627,0.00023763999342918396,-6.593205034732819e-05,0.0004577157087624073,0.0,0.0,0.0,0.0,0.0,0.0,-0.57859235,0.61781895,10.2577559,0.10471975511965978,0.06981317007977318,-0.05235987755982989,-716.0,320.0,-407.0,1600,1600,1599,1599,0,0,0,0
1763969314.1828628,0.0,0.0,32.52,154.82,-0.06274087727069855,0.21622061729431152,0.9742560982704163,-0.011716216802597046,-3.091287612915039,-0.11747055500745773,2.702141284942627,0.00023763999342918396,-6.593205034732819e-05,0.0004577157087624073,0.0,0.0,0.0,0.0,0.0,0.0,-0.57859235,0.61781895,10.2577559,0.10471975511965978,0.06981317007977318,-0.05235987755982989,-716.0,320.0,-407.0,1600,1600,1599,1599,0,0,0,0
1763969314.216253,0.0,0.0,32.52,154.82,-0.06274087727069855,0.21622061729431152,0.9742560982704163,-0.011716216802597046,-3.091287612915039,-0.11747055500745773,2.702141284942627,0.00023763999342918396,-6.593205034732819e-05,0.0004577157087624073,0.0,0.0,0.0,0.0,0.0,0.0,-0.57859235,0.61781895,10.2577559,0.10471975511965978,0.06981317007977318,-0.05235987755982989,-716.0,320.0,-407.0,1600,1600,1599,1599,0,0,0,0
1763969314.2496438,0.0,0.0,32.52,154.82,-0.06274087727069855,0.21622061729431152,0.9742560982704163,-0.011716216802597046,-3.091287612915039,-0.11747055500745773,2.702141284942627,0.00023763999342918396,-6.593205034732819e-05,0.0004577157087624073,0.0,0.0,0.0,0.0,0.0,0.0,-0.57859235,0.61781895,10.2577559,0.10471975511965978,0.06981317007977318,-0.05235987755982989,-716.0,320.0,-407.0,1600,1600,1599,1599,0,0,0,0
1763969314.283034,0.0,0.0,32.52,154.82,-0.06274087727069855,0.21622061729431152,0.9742560982704163,-0.011716216802597046,-3.091287612915039,-0.11747055500745773,2.702141284942627,0.00023763999342918396,-6.593205034732819e-05,0.0004577157087624073,0.0,0.0,0.0,0.0,0.0,0.0,-0.57859235,0.6276256,10.2577559,0.08726646259971647,0.06981317007977318,-0.03490658503988659,-716.0,320.0,-407.0,1600,1600,1599,1599,0,0,0,0
1763969314.3164558,0.0,0.0,32.52,154.82,-0.06274087727069855,0.21622061729431152,0.9742560982704163,-0.011716216802597046,-3.091292142868042,-0.11746127158403397,2.702155351638794,-0.0006933035328984261,-0.0017628620844334364,0.0005305646918714046,0.0,0.0,0.0,0.0,0.0,0.0,-0.57859235,0.6276256,10.2577559,0.08726646259971647,0.06981317007977318,-0.03490658503988659,-716.0,320.0,-407.0,1600,1600,1599,1599,0,0,0,0
1763969314.3498802,0.0,0.0,32.52,154.82,-0.06273576617240906,0.21621409058570862,0.9742578864097595,-0.0117153599858284,-3.091292142868042,-0.11746127158403397,2.702155351638794,-0.0006933035328984261,-0.0017628620844334364,0.0005305646918714046,0.0,0.0,0.0,0.0,0.0,0.0,-0.57859235,0.6276256,10.2577559,0.08726646259971647,0.06981317007977318,-0.03490658503988659,-716.0,320.0,-407.0,1600,1600,1599,1599,0,0,0,0
1763969314.3833098,0.0,0.0,32.52,154.82,-0.06273576617240906,0.21621409058570862,0.9742578864097595,-0.0117153599858284,-3.091292142868042,-0.11746127158403397,2.702155351638794,-0.0006933035328984261,-0.0017628620844334364,0.0005305646918714046,0.0,0.0,0.0,0.0,0.0,0.0,-0.57859235,0.6276256,10.2577559,0.08726646259971647,0.06981317007977318,-0.03490658503988659,-716.0,320.0,-407.0,1600,1600,1599,1599,0,0,0,0
1763969314.4167264,0.0,0.0,32.52,154.82,-0.06273576617240906,0.21621409058570862,0.9742578864097595,-0.0117153599858284,-3.091292142868042,-0.11746127158403397,2.702155351638794,-0.0006933035328984261,-0.0017628620844334364,0.0005305646918714046,0.0,0.0,0.0,0.0,0.0,0.0,-0.57859235,0.6276256,10.2577559,0.08726646259971647,0.06981317007977318,-0.03490658503988659,-716.0,320.0,-407.0,1600,1600,1599,1599,0,0,0,0
1763969314.4501522,0.0,0.0,32.52,154.82,-0.06273576617240906,0.21621409058570862,0.9742578864097595,-0.0117153599858284,-3.091292142868042,-0.11746127158403397,2.702155351638794,-0.0006933035328984261,-0.0017628620844334364,0.0005305646918714046,0.0,0.0,0.0,0.0,0.0,0.0,-0.57859235,0.6276256,10.2577559,0.08726646259971647,0.06981317007977318,-0.03490658503988659,-716.0,320.0,-407.0,1600,1600,1599,1599,0,0,0,0
1763969314.4835765,0.0,0.0,32.52,154.82,-0.06273576617240906,0.21621409058570862,0.9742578864097595,-0.0117153599858284,-3.091292142868042,-0.11746127158403397,2.702155351638794,-0.0006933035328984261,-0.0017628620844334364,0.0005305646918714046,0.0,0.0,0.0,0.0,0.0,0.0,-0.5687857000000001,0.6276256,10.24794925,0.06981317007977318,0.03490658503988659,-0.03490658503988659,-716.0,320.0,-407.0,1600,1600,1599,1599,0,0,0,0
1763969314.5169966,0.0,0.0,32.52,154.82,-0.06273576617240906,0.21621409058570862,0.9742578864097595,-0.0117153599858284,-3.0913102626800537,-0.1174602061510086,2.7021563053131104,-0.0003466270864009857,-0.0008437351789325476,-0.000767396530136466,0.0,0.0,0.0,0.0,0.0,0.0,-0.5687857000000001,0.6276256,10.24794925,0.06981317007977318,0.03490658503988659,-0.03490658503988659,-716.0,320.0,-407.0,1600,1600,1599,1599,0,0,0,0
1763969314.5504189,0.0,0.0,32.52,154.82,-0.06273331493139267,0.21621422469615936,0.9742581248283386,-0.011706777848303318,-3.0913102626800537,-0.1174602061510086,2.7021563053131104,-0.0003466270864009857,-0.0008437351789325476,-0.000767396530136466,0.0,0.0,0.0,0.0,0.0,0.0,-0.5687857000000001,0.6276256,10.24794925,0.06981317007977318,0.03490658503988659,-0.03490658503988659,-716.0,320.0,-407.0,1600,1600,1599,1599,0,0,0,0
1763969314.583833,0.0,0.0,32.4,154.82,-0.06273331493139267,0.21621422469615936,0.9742581248283386,-0.011706777848303318,-3.0913102626800537,-0.1174602061510086,2.7021563053131104,-0.0003466270864009857,-0.0008437351789325476,-0.000767396530136466,0.0,0.0,0.0,0.0,0.0,0.0,-0.5687857000000001,0.6276256,10.24794925,0.06981317007977318,0.03490658503988659,-0.03490658503988659,-716.0,320.0,-407.0,1600,1600,1599,1599,0,0,0,0
1763969314.6172514,0.0,0.0,32.4,154.82,-0.06273331493139267,0.21621422469615936,0.9742581248283386,-0.011706777848303318,-3.0913102626800537,-0.1174602061510086,2.7021563053131104,-0.0003466270864009857,-0.0008437351789325476,-0.000767396530136466,0.0,0.0,0.0,0.0,0.0,0.0,-0.5687857000000001,0.6276256,10.24794925,0.06981317007977318,0.03490658503988659,-0.03490658503988659,-716.0,320.0,-407.0,1600,1600,1599,1599,0,0,0,0
1763969314.6506624,0.0,0.0,32.4,154.82,-0.06273331493139267,0.21621422469615936,0.9742581248283386,-0.011706777848303318,-3.0913102626800537,-0.1174602061510086,2.7021563053131104,-0.0003466270864009857,-0.0008437351789325476,-0.000767396530136466,0.0,0.0,0.0,0.0,0.0,0.0,-0.5687857000000001,0.6276256,10.24794925,0.06981317007977318,0.03490658503988659,-0.03490658503988659,-716.0,320.0,-407.0,1600,1600,1599,1599,0,0,0,0
1763969314.6840746,0.0,0.0,32.4,154.82,-0.06273331493139267,0.21621422469615936,0.9742581248283386,-0.011706777848303318,-3.0913102626800537,-0.1174602061510086,2.7021563053131104,-0.0003466270864009857,-0.0008437351789325476,-0.000767396530136466,0.0,0.0,0.0,0.0,0.0,0.0,-0.55897905,0.61781895,10.2577559,0.08726646259971647,0.05235987755982989,-0.06981317007977318,-720.0,322.0,-403.0,1600,1600,1599,1599,0,0,0,0
1763969314.7174895,0.0,0.0,32.4,154.82,-0.06273331493139267,0.21621422469615936,0.9742581248283386,-0.011706777848303318,-3.0913174152374268,-0.11746828258037567,2.7021474838256836,0.0003738217055797577,-0.00033967941999435425,0.00021555530838668346,0.0,0.0,0.0,0.0,0.0,0.0,-0.55897905,0.61781895,10.2577559,0.08726646259971647,0.05235987755982989,-0.06981317007977318,-720.0,322.0,-403.0,1600,1600,1599,1599,0,0,0,0
1763969314.7509193,0.0,0.0,32.4,154.82,-0.06273651868104935,0.21621859073638916,0.9742569923400879,-0.011702132411301136,-3.0913174152374268,-0.11746828258037567,2.7021474838256836,0.0003738217055797577,-0.00033967941999435425,0.00021555530838668346,0.0,0.0,0.0,0.0,0.0,0.0,-0.55897905,0.61781895,10.2577559,0.08726646259971647,0.05235987755982989,-0.06981317007977318,-720.0,322.0,-403.0,1600,1600,1599,1599,0,0,0,0
1763969314.784329,0.0,0.0,32.4,154.82,-0.06273651868104935,0.21621859073638916,0.9742569923400879,-0.011702132411301136,-3.0913174152374268,-0.11746828258037567,2.7021474838256836,0.0003738217055797577,-0.00033967941999435425,0.00021555530838668346,0.0,0.0,0.0,0.0,0.0,0.0,-0.55897905,0.61781895,10.2577559,0.08726646259971647,0.05235987755982989,-0.06981317007977318,-720.0,322.0,-403.0,1600,1600,1599,1599,0,0,0,0
1763969314.8177385,0.0,0.0,32.4,154.82,-0.06273651868104935,0.21621859073638916,0.9742569923400879,-0.011702132411301136,-3.0913174152374268,-0.11746828258037567,2.7021474838256836,0.0003738217055797577,-0.00033967941999435425,0.00021555530838668346,0.0,0.0,0.0,0.0,0.0,0.0,-0.55897905,0.61781895,10.2577559,0.08726646259971647,0.05235987755982989,-0.06981317007977318,-720.0,322.0,-403.0,1600,1600,1599,1599,0,0,0,0
1763969314.8511517,0.0,0.0,32.4,154.82,-0.06273651868104935,0.21621859073638916,0.9742569923400879,-0.011702132411301136,-3.0913174152374268,-0.11746828258037567,2.7021474838256836,0.0003738217055797577,-0.00033967941999435425,0.00021555530838668346,0.0,0.0,0.0,0.0,0.0,0.0,-0.55897905,0.61781895,10.2577559,0.08726646259971647,0.05235987755982989,-0.06981317007977318,-720.0,322.0,-403.0,1600,1600,1599,1599,0,0,0,0
1763969314.8845596,0.0,0.0,32.4,154.82,-0.06273651868104935,0.21621859073638916,0.9742569923400879,-0.011702132411301136,-3.0913174152374268,-0.11746828258037567,2.7021474838256836,0.0003738217055797577,-0.00033967941999435425,0.00021555530838668346,0.0,0.0,0.0,0.0,0.0,0.0,-0.5687857000000001,0.6080123,10.24794925,0.08726646259971647,0.06981317007977318,-0.05235987755982989,-720.0,322.0,-403.0,1600,1600,1599,1599,0,0,0,0
1763969314.9179661,0.0,0.0,32.4,154.82,-0.06273651868104935,0.21621859073638916,0.9742569923400879,-0.011702132411301136,-3.091310739517212,-0.11749017238616943,2.702141046524048,0.0007600304670631886,0.0014169472269713879,0.00019533955492079258,0.0,0.0,0.0,0.0,0.0,0.0,-0.5687857000000001,0.6080123,10.24794925,0.08726646259971647,0.06981317007977318,-0.05235987755982989,-720.0,322.0,-403.0,1600,1600,1599,1599,0,0,0,0
1763969314.9514546,0.0,0.0,32.4,154.82,-0.06274791806936264,0.21622112393379211,0.9742556810379028,-0.011702711693942547,-3.091310739517212,-0.11749017238616943,2.702141046524048,0.0007600304670631886,0.0014169472269713879,0.00019533955492079258,0.0,0.0,0.0,0.0,0.0,0.0,-0.5687857000000001,0.6080123,10.24794925,0.08726646259971647,0.06981317007977318,-0.05235987755982989,-720.0,322.0,-403.0,1600,1600,1599,1599,0,0,0,0
1763969314.9848745,0.0,0.0,32.4,154.82,-0.06274791806936264,0.21622112393379211,0.9742556810379028,-0.011702711693942547,-3.091310739517212,-0.11749017238616943,2.702141046524048,0.0007600304670631886,0.0014169472269713879,0.00019533955492079258,0.0,0.0,0.0,0.0,0.0,0.0,-0.5687857000000001,0.6080123,10.24794925,0.08726646259971647,0.06981317007977318,-0.05235987755982989,-720.0,322.0,-403.0,1600,1600,1599,1599,0,0,0,0
1763969315.018279,0.0,0.0,32.4,154.82,-0.06274791806936264,0.21622112393379211,0.9742556810379028,-0.011702711693942547,-3.091310739517212,-0.11749017238616943,2.702141046524048,0.0007600304670631886,0.0014169472269713879,0.00019533955492079258,0.0,0.0,0.0,0.0,0.0,0.0,-0.5687857000000001,0.6080123,10.24794925,0.08726646259971647,0.06981317007977318,-0.05235987755982989,-720.0,322.0,-403.0,1600,1600,1599,1599,0,0,0,0
1763969315.0517092,0.0,0.0,32.4,154.82,-0.06274791806936264,0.21622112393379211,0.9742556810379028,-0.011702711693942547,-3.091310739517212,-0.11749017238616943,2.702141046524048,0.0007600304670631886,0.0014169472269713879,0.00019533955492079258,0.0,0.0,0.0,0.0,0.0,0.0,-0.5687857000000001,0.6080123,10.24794925,0.08726646259971647,0.06981317007977318,-0.05235987755982989,-720.0,322.0,-403.0,1600,1600,1599,1599,0,0,0,0
1763969315.085132,0.0,0.0,32.4,154.82,-0.06274791806936264,0.21622112393379211,0.9742556810379028,-0.011702711693942547,-3.091310739517212,-0.11749017238616943,2.702141046524048,0.0007600304670631886,0.0014169472269713879,0.00019533955492079258,0.0,0.0,0.0,0.0,0.0,0.0,-0.55897905,0.6080123,10.24794925,0.10471975511965978,0.10471975511965978,-0.05235987755982989,-720.0,322.0,-403.0,1600,1600,1599,1599,0,0,0,0
1763969315.11855,0.0,0.0,32.4,154.82,-0.06274791806936264,0.21622112393379211,0.9742556810379028,-0.011702711693942547,-3.0912959575653076,-0.11751361191272736,2.7021145820617676,0.0006663594394922256,-0.00026496080681681633,0.001035092631354928,0.0,0.0,0.0,0.0,0.0,0.0,-0.55897905,0.6080123,10.24794925,0.10471975511965978,0.10471975511965978,-0.05235987755982989,-720.0,322.0,-403.0,1600,1600,1599,1599,0,0,0,0
1763969315.1519656,0.0,0.0,32.4,154.82,-0.0627610981464386,0.2162330001592636,0.9742521643638611,-0.011706588789820671,-3.0912959575653076,-0.11751361191272736,2.7021145820617676,0.0006663594394922256,-0.00026496080681681633,0.001035092631354928,0.0,0.0,0.0,0.0,0.0,0.0,-0.55897905,0.6080123,10.24794925,0.10471975511965978,0.10471975511965978,-0.05235987755982989,-720.0,322.0,-403.0,1600,1600,1599,1599,0,0,0,0
1763969315.1853824,0.0,0.0,32.53,154.81,-0.0627610981464386,0.2162330001592636,0.9742521643638611,-0.011706588789820671,-3.0912959575653076,-0.11751361191272736,2.7021145820617676,0.0006663594394922256,-0.00026496080681681633,0.001035092631354928,0.0,0.0,0.0,0.0,0.0,0.0,-0.55897905,0.6080123,10.24794925,0.10471975511965978,0.10471975511965978,-0.05235987755982989,-720.0,322.0,-403.0,1600,1600,1599,1599,0,0,0,0
1763969315.2187893,0.0,0.0,32.53,154.81,-0.0627610981464386,0.2162330001592636,0.9742521643638611,-0.011706588789820671,-3.0912959575653076,-0.11751361191272736,2.7021145820617676,0.0006663594394922256,-0.00026496080681681633,0.001035092631354928,0.0,0.0,0.0,0.0,0.0,0.0,-0.55897905,0.6080123,10.24794925,0.10471975511965978,0.10471975511965978,-0.05235987755982989,-720.0,322.0,-403.0,1600,1600,1599,1599,0,0,0,0
1763969315.2521858,0.0,0.0,32.53,154.81,-0.0627610981464386,0.2162330001592636,0.9742521643638611,-0.011706588789820671,-3.0912959575653076,-0.11751361191272736,2.7021145820617676,0.0006663594394922256,-0.00026496080681681633,0.001035092631354928,0.0,0.0,0.0,0.0,0.0,0.0,-0.5687857000000001,0.61781895,10.24794925,0.10471975511965978,0.06981317007977318,-0.03490658503988659,-706.0,320.0,-405.0,1600,1600,1599,1599,0,0,0,0
1763969315.2855904,0.0,0.0,32.53,154.81,-0.0627610981464386,0.2162330001592636,0.9742521643638611,-0.011706588789820671,-3.0912625789642334,-0.11754902452230453,2.702075719833374,-0.0005461135879158974,-0.00014014262706041336,0.001505483640357852,0.0,0.0,0.0,0.0,0.0,0.0,-0.5687857000000001,0.61781895,10.24794925,0.10471975511965978,0.06981317007977318,-0.03490658503988659,-706.0,320.0,-405.0,1600,1600,1599,1599,0,0,0,0
1763969315.3189812,0.0,0.0,32.53,154.81,-0.0627610981464386,0.2162330001592636,0.9742521643638611,-0.011706588789820671,-3.0912625789642334,-0.11754902452230453,2.702075719833374,-0.0005461135879158974,-0.00014014262706041336,0.001505483640357852,0.0,0.0,0.0,0.0,0.0,0.0,-0.5687857000000001,0.61781895,10.24794925,0.10471975511965978,0.06981317007977318,-0.03490658503988659,-706.0,320.0,-405.0,1600,1600,1599,1599,0,0,0,0
1763969315.3523748,0.0,0.0,32.53,154.81,-0.0627610981464386,0.2162330001592636,0.9742521643638611,-0.011706588789820671,-3.0912625789642334,-0.11754902452230453,2.702075719833374,-0.0005461135879158974,-0.00014014262706041336,0.001505483640357852,0.0,0.0,0.0,0.0,0.0,0.0,-0.5687857000000001,0.61781895,10.24794925,0.10471975511965978,0.06981317007977318,-0.03490658503988659,-706.0,320.0,-405.0,1600,1600,1599,1599,0,0,0,0
1763969315.385776,0.0,0.0,32.53,154.81,-0.0627610981464386,0.2162330001592636,0.9742521643638611,-0.011706588789820671,-3.0912625789642334,-0.11754902452230453,2.702075719833374,-0.0005461135879158974,-0.00014014262706041336,0.001505483640357852,0.0,0.0,0.0,0.0,0.0,0.0,-0.5687857000000001,0.61781895,10.24794925,0.10471975511965978,0.06981317007977318,-0.03490658503988659,-706.0,320.0,-405.0,1600,1600,1599,1599,0,0,0,0
1763969315.4191723,0.0,0.0,32.53,154.81,-0.0627610981464386,0.2162330001592636,0.9742521643638611,-0.011706588789820671,-3.0912435054779053,-0.1175638735294342,2.702049970626831,0.0013134041801095009,-0.000543743371963501,0.0009518347214907408,0.0,0.0,0.0,0.0,0.0,0.0,-0.5687857000000001,0.61781895,10.24794925,0.10471975511965978,0.06981317007977318,-0.03490658503988659,-706.0,320.0,-405.0,1600,1600,1599,1599,0,0,0,0
1763969315.4525652,0.0,0.0,32.53,154.81,-0.062791608273983,0.21626198291778564,0.9742435812950134,-0.011724583804607391,-3.0912435054779053,-0.1175638735294342,2.702049970626831,0.0013134041801095009,-0.000543743371963501,0.0009518347214907408,0.0,0.0,0.0,0.0,0.0,0.0,-0.5687857000000001,0.61781895,10.24794925,0.10471975511965978,0.06981317007977318,-0.03490658503988659,-706.0,320.0,-405.0,1600,1600,1599,1599,0,0,0,0
1763969315.4859617,0.0,0.0,32.53,154.81,-0.062791608273983,0.21626198291778564,0.9742435812950134,-0.011724583804607391,-3.0912435054779053,-0.1175638735294342,2.702049970626831,0.0013134041801095009,-0.000543743371963501,0.0009518347214907408,0.0,0.0,0.0,0.0,0.0,0.0,-0.5687857000000001,0.61781895,10.24794925,0.10471975511965978,0.06981317007977318,-0.03490658503988659,-706.0,320.0,-405.0,1600,1600,1599,1599,0,0,0,0
1763969315.5193655,0.0,0.0,32.53,154.81,-0.062791608273983,0.21626198291778564,0.9742435812950134,-0.011724583804607391,-3.0912435054779053,-0.1175638735294342,2.702049970626831,0.0013134041801095009,-0.000543743371963501,0.0009518347214907408,0.0,0.0,0.0,0.0,0.0,0.0,-0.5687857000000001,0.61781895,10.24794925,0.10471975511965978,0.06981317007977318,-0.03490658503988659,-706.0,320.0,-405.0,1600,1600,1599,1599,0,0,0,0
1763969315.5527575,0.0,0.0,32.53,154.81,-0.062791608273983,0.21626198291778564,0.9742435812950134,-0.011724583804607391,-3.0912435054779053,-0.1175638735294342,2.702049970626831,0.0013134041801095009,-0.000543743371963501,0.0009518347214907408,0.0,0.0,0.0,0.0,0.0,0.0,-0.5687857000000001,0.61781895,10.24794925,0.10471975511965978,0.06981317007977318,-0.03490658503988659,-706.0,320.0,-405.0,1600,1600,1599,1599,0,0,0,0
1763969315.5861468,0.0,0.0,32.53,154.81,-0.062791608273983,0.21626198291778564,0.9742435812950134,-0.011724583804607391,-3.0912435054779053,-0.1175638735294342,2.702049970626831,0.0013134041801095009,-0.000543743371963501,0.0009518347214907408,0.0,0.0,0.0,0.0,0.0,0.0,-0.5687857000000001,0.61781895,10.24794925,0.10471975511965978,0.06981317007977318,-0.03490658503988659,-706.0,320.0,-405.0,1600,1600,1599,1599,0,0,0,0
1763969315.6195374,0.0,0.0,32.53,154.81,-0.062791608273983,0.21626198291778564,0.9742435812950134,-0.011724583804607391,-3.0912435054779053,-0.1175638735294342,2.702049970626831,0.0013134041801095009,-0.000543743371963501,0.0009518347214907408,0.0,0.0,0.0,0.0,0.0,0.0,-0.5687857000000001,0.61781895,10.24794925,0.10471975511965978,0.06981317007977318,-0.03490658503988659,-706.0,320.0,-405.0,1600,1600,1599,1599,0,0,0,0
1763969315.6529284,0.0,0.0,32.53,154.81,-0.062791608273983,0.21626198291778564,0.9742435812950134,-0.011724583804607391,-3.0912435054779053,-0.1175638735294342,2.702049970626831,0.0013134041801095009,-0.000543743371963501,0.0009518347214907408,0.0,0.0,0.0,0.0,0.0,0.0,-0.57859235,0.61781895,10.2381426,0.08726646259971647,0.10471975511965978,-0.05235987755982989,-721.0,323.0,-400.0,1600,1600,1599,1599,0,0,0,0
1763969315.6863296,0.0,0.0,32.53,154.81,-0.062791608273983,0.21626198291778564,0.9742435812950134,-0.011724583804607391,-3.09121036529541,-0.1175910085439682,2.702040195465088,0.0003456631675362587,0.0016552209854125977,0.0002948369365185499,0.0,0.0,0.0,0.0,0.0,0.0,-0.57859235,0.61781895,10.2381426,0.08726646259971647,0.10471975511965978,-0.05235987755982989,-721.0,323.0,-400.0,1600,1600,1599,1599,0,0,0,0
1763969315.7197235,0.0,0.0,32.53,154.81,-0.06280844658613205,0.21626514196395874,0.9742416143417358,-0.011737436056137085,-3.09121036529541,-0.1175910085439682,2.702040195465088,0.0003456631675362587,0.0016552209854125977,0.0002948369365185499,0.0,0.0,0.0,0.0,0.0,0.0,-0.57859235,0.61781895,10.2381426,0.08726646259971647,0.10471975511965978,-0.05235987755982989,-721.0,323.0,-400.0,1600,1600,1599,1599,0,0,0,0
1763969315.7531242,0.0,0.0,32.69,154.81,-0.06280844658613205,0.21626514196395874,0.9742416143417358,-0.011737436056137085,-3.09121036529541,-0.1175910085439682,2.702040195465088,0.0003456631675362587,0.0016552209854125977,0.0002948369365185499,0.0,0.0,0.0,0.0,0.0,0.0,-0.57859235,0.61781895,10.2381426,0.08726646259971647,0.10471975511965978,-0.05235987755982989,-721.0,323.0,-400.0,1600,1600,1599,1599,0,0,0,0
1763969315.7865167,0.0,0.0,32.69,154.81,-0.06280844658613205,0.21626514196395874,0.9742416143417358,-0.011737436056137085,-3.09121036529541,-0.1175910085439682,2.702040195465088,0.0003456631675362587,0.0016552209854125977,0.0002948369365185499,0.0,0.0,0.0,0.0,0.0,0.0,-0.57859235,0.61781895,10.2381426,0.08726646259971647,0.10471975511965978,-0.05235987755982989,-721.0,323.0,-400.0,1600,1600,1599,1599,0,0,0,0
1763969315.8199096,0.0,0.0,32.69,154.81,-0.06280844658613205,0.21626514196395874,0.9742416143417358,-0.011737436056137085,-3.09121036529541,-0.1175910085439682,2.702040195465088,0.0003456631675362587,0.0016552209854125977,0.0002948369365185499,0.0,0.0,0.0,0.0,0.0,0.0,-0.53936575,0.588399,10.24794925,0.13962634015954636,0.13962634015954636,-0.03490658503988659,-721.0,323.0,-400.0,1600,1600,1599,1599,0,0,0,0
1763969315.8532996,0.0,0.0,32.69,154.81,-0.06280844658613205,0.21626514196395874,0.9742416143417358,-0.011737436056137085,-3.0910675525665283,-0.11781028658151627,2.702007293701172,0.0038450811989605427,0.005973676219582558,0.0002889619208872318,0.0,0.0,0.0,0.0,0.0,0.0,-0.53936575,0.588399,10.24794925,0.13962634015954636,0.13962634015954636,-0.03490658503988659,-721.0,323.0,-400.0,1600,1600,1599,1599,0,0,0,0
1763969315.8866892,0.0,0.0,32.69,154.81,-0.06280844658613205,0.21626514196395874,0.9742416143417358,-0.011737436056137085,-3.0910675525665283,-0.11781028658151627,2.702007293701172,0.0038450811989605427,0.005973676219582558,0.0002889619208872318,0.0,0.0,0.0,0.0,0.0,0.0,-0.53936575,0.588399,10.24794925,0.13962634015954636,0.13962634015954636,-0.03490658503988659,-721.0,323.0,-400.0,1600,1600,1599,1599,0,0,0,0
1763969315.9200768,0.0,0.0,32.69,154.81,-0.06293080747127533,0.2162725180387497,0.9742315411567688,-0.011781957000494003,-3.0910675525665283,-0.11781028658151627,2.702007293701172,0.0038450811989605427,0.005973676219582558,0.0002889619208872318,0.0,0.0,0.0,0.0,0.0,0.0,-0.53936575,0.588399,10.24794925,0.13962634015954636,0.13962634015954636,-0.03490658503988659,-721.0,323.0,-400.0,1600,1600,1599,1599,0,0,0,0
1763969315.953473,0.0,0.0,32.69,154.81,-0.06293080747127533,0.2162725180387497,0.9742315411567688,-0.011781957000494003,-3.0910675525665283,-0.11781028658151627,2.702007293701172,0.0038450811989605427,0.005973676219582558,0.0002889619208872318,0.0,0.0,0.0,0.0,0.0,0.0,-0.53936575,0.588399,10.24794925,0.13962634015954636,0.13962634015954636,-0.03490658503988659,-721.0,323.0,-400.0,1600,1600,1599,1599,0,0,0,0
1763969315.9868658,0.0,0.0,32.69,154.81,-0.06293080747127533,0.2162725180387497,0.9742315411567688,-0.011781957000494003,-3.0910675525665283,-0.11781028658151627,2.702007293701172,0.0038450811989605427,0.005973676219582558,0.0002889619208872318,0.0,0.0,0.0,0.0,0.0,0.0,-0.51975245,0.57859235,10.24794925,0.15707963267948966,0.17453292519943295,-0.05235987755982989,-721.0,323.0,-400.0,1600,1600,1599,1599,0,0,0,0
1763969316.0202613,0.0,0.0,32.69,154.81,-0.06293080747127533,0.2162725180387497,0.9742315411567688,-0.011781957000494003,-3.0908987522125244,-0.11800173670053482,2.7019717693328857,0.006749772001057863,0.007663251832127571,0.0003757840022444725,0.0,0.0,0.0,0.0,0.0,0.0,-0.51975245,0.57859235,10.24794925,0.15707963267948966,0.17453292519943295,-0.05235987755982989,-721.0,323.0,-400.0,1600,1600,1599,1599,0,0,0,0
1763969316.0536578,0.0,0.0,32.69,154.81,-0.06304246187210083,0.2162809818983078,0.9742217063903809,-0.011842179112136364,-3.0908987522125244,-0.11800173670053482,2.7019717693328857,0.006749772001057863,0.007663251832127571,0.0003757840022444725,0.0,0.0,0.0,0.0,0.0,0.0,-0.51975245,0.57859235,10.24794925,0.15707963267948966,0.17453292519943295,-0.05235987755982989,-721.0,323.0,-400.0,1600,1600,1599,1599,0,0,0,0
1763969316.0870836,0.0,0.0,32.55,154.81,-0.06304246187210083,0.2162809818983078,0.9742217063903809,-0.011842179112136364,-3.0908987522125244,-0.11800173670053482,2.7019717693328857,0.006749772001057863,0.007663251832127571,0.0003757840022444725,0.0,0.0,0.0,0.0,0.0,0.0,-0.51975245,0.57859235,10.24794925,0.15707963267948966,0.17453292519943295,-0.05235987755982989,-721.0,323.0,-400.0,1600,1600,1599,1599,0,0,0,0
1763969316.120477,0.0,0.0,32.55,154.81,-0.06304246187210083,0.2162809818983078,0.9742217063903809,-0.011842179112136364,-3.0908987522125244,-0.11800173670053482,2.7019717693328857,0.006749772001057863,0.007663251832127571,0.0003757840022444725,0.0,0.0,0.0,0.0,0.0,0.0,-0.51975245,0.57859235,10.24794925,0.15707963267948966,0.17453292519943295,-0.05235987755982989,-721.0,323.0,-400.0,1600,1600,1599,1599,0,0,0,0
1763969316.1538663,0.0,0.0,32.55,154.81,-0.06304246187210083,0.2162809818983078,0.9742217063903809,-0.011842179112136364,-3.0908987522125244,-0.11800173670053482,2.7019717693328857,0.006749772001057863,0.007663251832127571,0.0003757840022444725,0.0,0.0,0.0,0.0,0.0,0.0,-0.51975245,0.57859235,10.24794925,0.15707963267948966,0.17453292519943295,-0.05235987755982989,-721.0,323.0,-400.0,1600,1600,1599,1599,0,0,0,0
1763969316.1872704,0.0,0.0,32.55,154.81,-0.06304246187210083,0.2162809818983078,0.9742217063903809,-0.011842179112136364,-3.0908987522125244,-0.11800173670053482,2.7019717693328857,0.006749772001057863,0.007663251832127571,0.0003757840022444725,0.0,0.0,0.0,0.0,0.0,0.0,-0.55897905,0.588399,10.2381426,0.20943951023931956,0.20943951023931956,-0.03490658503988659,-715.0,320.0,-403.0,1600,1600,1599,1599,0,0,0,0
1763969316.2206671,0.0,0.0,32.55,154.81,-0.06304246187210083,0.2162809818983078,0.9742217063903809,-0.011842179112136364,-3.090723991394043,-0.1182171180844307,2.7019243240356445,0.005795154254883528,0.004636782221496105,0.0007171728648245335,0.0,0.0,0.0,0.0,0.0,0.0,-0.55897905,0.588399,10.2381426,0.20943951023931956,0.20943951023931956,-0.03490658503988659,-715.0,320.0,-403.0,1600,1600,1599,1599,0,0,0,0
1763969316.2540555,0.0,0.0,32.55,154.81,-0.06316646933555603,0.2162945568561554,0.9742100238800049,-0.011902246624231339,-3.090723991394043,-0.1182171180844307,2.7019243240356445,0.005795154254883528,0.004636782221496105,0.0007171728648245335,0.0,0.0,0.0,0.0,0.0,0.0,-0.55897905,0.588399,10.2381426,0.20943951023931956,0.20943951023931956,-0.03490658503988659,-715.0,320.0,-403.0,1600,1600,1599,1599,0,0,0,0
1763969316.2874587,0.0,0.0,32.55,154.8,-0.06316646933555603,0.2162945568561554,0.9742100238800049,-0.011902246624231339,-3.090723991394043,-0.1182171180844307,2.7019243240356445,0.005795154254883528,0.004636782221496105,0.0007171728648245335,0.0,0.0,0.0,0.0,0.0,0.0,-0.55897905,0.588399,10.2381426,0.20943951023931956,0.20943951023931956,-0.03490658503988659,-715.0,320.0,-403.0,1600,1600,1599,1599,0,0,0,0
1763969316.3208508,0.0,0.0,32.55,154.8,-0.06316646933555603,0.2162945568561554,0.9742100238800049,-0.011902246624231339,-3.090723991394043,-0.1182171180844307,2.7019243240356445,0.005795154254883528,0.004636782221496105,0.0007171728648245335,0.0,0.0,0.0,0.0,0.0,0.0,-0.55897905,0.588399,10.2381426,0.20943951023931956,0.20943951023931956,-0.03490658503988659,-715.0,320.0,-403.0,1600,1600,1599,1599,0,0,0,0
1763969316.3542407,0.0,0.0,32.55,154.8,-0.06316646933555603,0.2162945568561554,0.9742100238800049,-0.011902246624231339,-3.090723991394043,-0.1182171180844307,2.7019243240356445,0.005795154254883528,0.004636782221496105,0.0007171728648245335,0.0,0.0,0.0,0.0,0.0,0.0,-0.55897905,0.588399,10.2381426,0.20943951023931956,0.20943951023931956,-0.03490658503988659,-715.0,320.0,-403.0,1600,1600,1599,1599,0,0,0,0
1763969316.38763,0.0,0.0,32.55,154.8,-0.06316646933555603,0.2162945568561554,0.9742100238800049,-0.011902246624231339,-3.090723991394043,-0.1182171180844307,2.7019243240356445,0.005795154254883528,0.004636782221496105,0.0007171728648245335,0.0,0.0,0.0,0.0,0.0,0.0,-0.59820565,0.6276256,10.24794925,0.19198621771937624,0.15707963267948966,-0.03490658503988659,-715.0,320.0,-403.0,1600,1600,1599,1599,0,0,0,0
1763969316.4210317,0.0,0.0,32.55,154.8,-0.06316646933555603,0.2162945568561554,0.9742100238800049,-0.011902246624231339,-3.090569019317627,-0.11837922781705856,2.701885938644409,0.004508101847022772,0.0028523202054202557,0.0004001641646027565,0.0,0.0,0.0,0.0,0.0,0.0,-0.59820565,0.6276256,10.24794925,0.19198621771937624,0.15707963267948966,-0.03490658503988659,-715.0,320.0,-403.0,1600,1600,1599,1599,0,0,0,0
1763969316.4544244,0.0,0.0,32.55,154.8,-0.06326235085725784,0.21630533039569855,0.9742006659507751,-0.011958770453929901,-3.090569019317627,-0.11837922781705856,2.701885938644409,0.004508101847022772,0.0028523202054202557,0.0004001641646027565,0.0,0.0,0.0,0.0,0.0,0.0,-0.59820565,0.6276256,10.24794925,0.19198621771937624,0.15707963267948966,-0.03490658503988659,-715.0,320.0,-403.0,1600,1600,1599,1599,0,0,0,0
1763969316.487816,0.0,0.0,32.55,154.8,-0.06326235085725784,0.21630533039569855,0.9742006659507751,-0.011958770453929901,-3.090569019317627,-0.11837922781705856,2.701885938644409,0.004508101847022772,0.0028523202054202557,0.0004001641646027565,0.0,0.0,0.0,0.0,0.0,0.0,-0.59820565,0.6276256,10.24794925,0.19198621771937624,0.15707963267948966,-0.03490658503988659,-715.0,320.0,-403.0,1600,1600,1599,1599,0,0,0,0
1763969316.5212157,0.0,0.0,32.55,154.8,-0.06326235085725784,0.21630533039569855,0.9742006659507751,-0.011958770453929901,-3.090569019317627,-0.11837922781705856,2.701885938644409,0.004508101847022772,0.0028523202054202557,0.0004001641646027565,0.0,0.0,0.0,0.0,0.0,0.0,-0.59820565,0.6276256,10.24794925,0.19198621771937624,0.15707963267948966,-0.03490658503988659,-715.0,320.0,-403.0,1600,1600,1599,1599,0,0,0,0
1763969316.5546205,0.0,0.0,32.55,154.8,-0.06326235085725784,0.21630533039569855,0.9742006659507751,-0.011958770453929901,-3.090569019317627,-0.11837922781705856,2.701885938644409,0.004508101847022772,0.0028523202054202557,0.0004001641646027565,0.0,0.0,0.0,0.0,0.0,0.0,-0.59820565,0.6276256,10.24794925,0.19198621771937624,0.15707963267948966,-0.03490658503988659,-715.0,320.0,-403.0,1600,1600,1599,1599,0,0,0,0
1763969316.5880132,0.0,0.0,32.55,154.8,-0.06326235085725784,0.21630533039569855,0.9742006659507751,-0.011958770453929901,-3.090569019317627,-0.11837922781705856,2.701885938644409,0.004508101847022772,0.0028523202054202557,0.0004001641646027565,0.0,0.0,0.0,0.0,0.0,0.0,-0.59820565,0.65704555,10.2577559,0.17453292519943295,0.12217304763960307,-0.03490658503988659,-715.0,320.0,-403.0,1600,1600,1599,1599,0,0,0,0
1763969316.621407,0.0,0.0,32.55,154.8,-0.06326235085725784,0.21630533039569855,0.9742006659507751,-0.011958770453929901,-3.0904860496520996,-0.11846289038658142,2.701878786087036,0.0019506393000483513,0.003323916345834732,0.0012037705164402723,0.0,0.0,0.0,0.0,0.0,0.0,-0.59820565,0.65704555,10.2577559,0.17453292519943295,0.12217304763960307,-0.03490658503988659,-715.0,320.0,-403.0,1600,1600,1599,1599,0,0,0,0
1763969316.654782,0.0,0.0,32.55,154.8,-0.06331208348274231,0.21630463004112244,0.9741971492767334,-0.011989803984761238,-3.0904860496520996,-0.11846289038658142,2.701878786087036,0.0019506393000483513,0.003323916345834732,0.0012037705164402723,0.0,0.0,0.0,0.0,0.0,0.0,-0.59820565,0.65704555,10.2577559,0.17453292519943295,0.12217304763960307,-0.03490658503988659,-715.0,320.0,-403.0,1600,1600,1599,1599,0,0,0,0
1763969316.688188,0.0,0.0,32.55,154.8,-0.06331208348274231,0.21630463004112244,0.9741971492767334,-0.011989803984761238,-3.0904860496520996,-0.11846289038658142,2.701878786087036,0.0019506393000483513,0.003323916345834732,0.0012037705164402723,0.0,0.0,0.0,0.0,0.0,0.0,-0.59820565,0.65704555,10.2577559,0.17453292519943295,0.12217304763960307,-0.03490658503988659,-715.0,320.0,-403.0,1600,1600,1599,1599,0,0,0,0
1763969316.7215903,0.0,0.0,32.59,154.8,-0.06331208348274231,0.21630463004112244,0.9741971492767334,-0.011989803984761238,-3.0904860496520996,-0.11846289038658142,2.701878786087036,0.0019506393000483513,0.003323916345834732,0.0012037705164402723,0.0,0.0,0.0,0.0,0.0,0.0,-0.59820565,0.65704555,10.2577559,0.17453292519943295,0.12217304763960307,-0.03490658503988659,-715.0,320.0,-403.0,1600,1600,1599,1599,0,0,0,0
1763969316.7549925,0.0,0.0,32.59,154.8,-0.06331208348274231,0.21630463004112244,0.9741971492767334,-0.011989803984761238,-3.0904860496520996,-0.11846289038658142,2.701878786087036,0.0019506393000483513,0.003323916345834732,0.0012037705164402723,0.0,0.0,0.0,0.0,0.0,0.0,-0.588399,0.6668522,10.2577559,0.12217304763960307,0.12217304763960307,-0.03490658503988659,-716.0,316.0,-402.0,1600,1600,1599,1599,0,0,0,0
1763969316.788395,0.0,0.0,32.59,154.8,-0.06331208348274231,0.21630463004112244,0.9741971492767334,-0.011989803984761238,-3.0904531478881836,-0.11852172762155533,2.701874256134033,0.0001588030718266964,0.0026707639917731285,-0.000492052873596549,0.0,0.0,0.0,0.0,0.0,0.0,-0.588399,0.6668522,10.2577559,0.12217304763960307,0.12217304763960307,-0.03490658503988659,-716.0,316.0,-402.0,1600,1600,1599,1599,0,0,0,0
1763969316.821797,0.0,0.0,32.59,154.8,-0.06334429979324341,0.21630464494228363,0.9741949439048767,-0.011999224312603474,-3.0904531478881836,-0.11852172762155533,2.701874256134033,0.0001588030718266964,0.0026707639917731285,-0.000492052873596549,0.0,0.0,0.0,0.0,0.0,0.0,-0.588399,0.6668522,10.2577559,0.12217304763960307,0.12217304763960307,-0.03490658503988659,-716.0,316.0,-402.0,1600,1600,1599,1599,0,0,0,0
1763969316.8551927,0.0,0.0,32.59,154.8,-0.06334429979324341,0.21630464494228363,0.9741949439048767,-0.011999224312603474,-3.0904531478881836,-0.11852172762155533,2.701874256134033,0.0001588030718266964,0.0026707639917731285,-0.000492052873596549,0.0,0.0,0.0,0.0,0.0,0.0,-0.588399,0.6668522,10.2577559,0.12217304763960307,0.12217304763960307,-0.03490658503988659,-716.0,316.0,-402.0,1600,1600,1599,1599,0,0,0,0
1763969316.8885934,0.0,0.0,32.59,154.8,-0.06334429979324341,0.21630464494228363,0.9741949439048767,-0.011999224312603474,-3.0904531478881836,-0.11852172762155533,2.701874256134033,0.0001588030718266964,0.0026707639917731285,-0.000492052873596549,0.0,0.0,0.0,0.0,0.0,0.0,-0.588399,0.6668522,10.2577559,0.12217304763960307,0.12217304763960307,-0.03490658503988659,-716.0,316.0,-402.0,1600,1600,1599,1599,0,0,0,0
1763969316.921998,0.0,0.0,32.59,154.8,-0.06334429979324341,0.21630464494228363,0.9741949439048767,-0.011999224312603474,-3.0904531478881836,-0.11852172762155533,2.701874256134033,0.0001588030718266964,0.0026707639917731285,-0.000492052873596549,0.0,0.0,0.0,0.0,0.0,0.0,-0.57859235,0.63743225,10.2577559,0.08726646259971647,0.12217304763960307,-0.05235987755982989,-716.0,316.0,-402.0,1600,1600,1599,1599,0,0,0,0
1763969316.955404,0.0,0.0,32.59,154.8,-0.06334429979324341,0.21630464494228363,0.9741949439048767,-0.011999224312603474,-3.0904107093811035,-0.1185920313000679,2.7018485069274902,0.0015909699723124504,0.0028616399504244328,0.0007131982129067183,0.0,0.0,0.0,0.0,0.0,0.0,-0.57859235,0.63743225,10.2577559,0.08726646259971647,0.12217304763960307,-0.05235987755982989,-716.0,316.0,-402.0,1600,1600,1599,1599,0,0,0,0
1763969316.9888105,0.0,0.0,32.59,154.8,-0.06334429979324341,0.21630464494228363,0.9741949439048767,-0.011999224312603474,-3.0904107093811035,-0.1185920313000679,2.7018485069274902,0.0015909699723124504,0.0028616399504244328,0.0007131982129067183,0.0,0.0,0.0,0.0,0.0,0.0,-0.57859235,0.63743225,10.2577559,0.08726646259971647,0.12217304763960307,-0.05235987755982989,-716.0,316.0,-402.0,1600,1600,1599,1599,0,0,0,0
1763969317.0222104,0.0,0.0,32.59,154.8,-0.06334429979324341,0.21630464494228363,0.9741949439048767,-0.011999224312603474,-3.0904107093811035,-0.1185920313000679,2.7018485069274902,0.0015909699723124504,0.0028616399504244328,0.0007131982129067183,0.0,0.0,0.0,0.0,0.0,0.0,-0.57859235,0.63743225,10.2577559,0.08726646259971647,0.12217304763960307,-0.05235987755982989,-716.0,316.0,-402.0,1600,1600,1599,1599,0,0,0,0
1763969317.0556154,0.0,0.0,32.59,154.8,-0.06334429979324341,0.21630464494228363,0.9741949439048767,-0.011999224312603474,-3.0904107093811035,-0.1185920313000679,2.7018485069274902,0.0015909699723124504,0.0028616399504244328,0.0007131982129067183,0.0,0.0,0.0,0.0,0.0,0.0,-0.57859235,0.63743225,10.2577559,0.08726646259971647,0.12217304763960307,-0.05235987755982989,-716.0,316.0,-402.0,1600,1600,1599,1599,0,0,0,0
1763969317.08902,0.0,0.0,32.59,154.8,-0.06334429979324341,0.21630464494228363,0.9741949439048767,-0.011999224312603474,-3.0895133018493652,-0.11958587914705276,2.701601505279541,1.7299316823482513e-06,-0.0016065400559455156,-0.0007010872941464186,0.0,0.0,0.0,0.0,0.0,0.0,-0.57859235,0.63743225,10.2577559,0.08726646259971647,0.12217304763960307,-0.05235987755982989,-716.0,316.0,-402.0,1600,1600,1599,1599,0,0,0,0
1763969317.1224282,0.0,0.0,32.59,154.8,-0.06396548449993134,0.2163873016834259,0.9741318225860596,-0.01233177911490202,-3.0895133018493652,-0.11958587914705276,2.701601505279541,1.7299316823482513e-06,-0.0016065400559455156,-0.0007010872941464186,0.0,0.0,0.0,0.0,0.0,0.0,-0.57859235,0.63743225,10.2577559,0.08726646259971647,0.12217304763960307,-0.05235987755982989,-716.0,316.0,-402.0,1600,1600,1599,1599,0,0,0,0
1763969317.1558304,0.0,0.0,32.55,154.79,-0.06396548449993134,0.2163873016834259,0.9741318225860596,-0.01233177911490202,-3.0895133018493652,-0.11958587914705276,2.701601505279541,1.7299316823482513e-06,-0.0016065400559455156,-0.0007010872941464186,0.0,0.0,0.0,0.0,0.0,0.0,-0.57859235,0.63743225,10.2577559,0.08726646259971647,0.12217304763960307,-0.05235987755982989,-716.0,316.0,-402.0,1600,1600,1599,1599,0,0,0,0
1763969317.1892262,0.0,0.0,32.55,154.79,-0.06396548449993134,0.2163873016834259,0.9741318225860596,-0.01233177911490202,-3.0895133018493652,-0.11958587914705276,2.701601505279541,1.7299316823482513e-06,-0.0016065400559455156,-0.0007010872941464186,0.0,0.0,0.0,0.0,0.0,0.0,-0.57859235,0.63743225,10.2577559,0.08726646259971647,0.12217304763960307,-0.05235987755982989,-716.0,316.0,-402.0,1600,1600,1599,1599,0,0,0,0
1763969317.222618,0.0,0.0,32.55,154.79,-0.06396548449993134,0.2163873016834259,0.9741318225860596,-0.01233177911490202,-3.0895133018493652,-0.11958587914705276,2.701601505279541,1.7299316823482513e-06,-0.0016065400559455156,-0.0007010872941464186,0.0,0.0,0.0,0.0,0.0,0.0,-0.57859235,0.63743225,10.2577559,0.08726646259971647,0.12217304763960307,-0.05235987755982989,-716.0,316.0,-402.0,1600,1600,1599,1599,0,0,0,0
1763969317.2560077,0.0,0.0,32.55,154.79,-0.06396548449993134,0.2163873016834259,0.9741318225860596,-0.01233177911490202,-3.0895133018493652,-0.11958587914705276,2.701601505279541,1.7299316823482513e-06,-0.0016065400559455156,-0.0007010872941464186,0.0,0.0,0.0,0.0,0.0,0.0,-0.588399,0.6472389000000001,10.2577559,0.08726646259971647,0.05235987755982989,-0.06981317007977318,-718.0,321.0,-405.0,1600,1600,1599,1599,0,0,0,0
1763969317.289398,0.0,0.0,32.55,154.79,-0.06396548449993134,0.2163873016834259,0.9741318225860596,-0.01233177911490202,-3.0895187854766846,-0.11959239840507507,2.7015910148620605,-0.0023415160831063986,-0.0003978349268436432,2.0420178771018982e-05,0.0,0.0,0.0,0.0,0.0,0.0,-0.588399,0.6472389000000001,10.2577559,0.08726646259971647,0.05235987755982989,-0.06981317007977318,-718.0,321.0,-405.0,1600,1600,1599,1599,0,0,0,0
1763969317.3227887,0.0,0.0,32.55,154.79,-0.06396814435720444,0.21639248728752136,0.9741305708885193,-0.012328093871474266,-3.0895187854766846,-0.11959239840507507,2.7015910148620605,-0.0023415160831063986,-0.0003978349268436432,2.0420178771018982e-05,0.0,0.0,0.0,0.0,0.0,0.0,-0.588399,0.6472389000000001,10.2577559,0.08726646259971647,0.05235987755982989,-0.06981317007977318,-718.0,321.0,-405.0,1600,1600,1599,1599,0,0,0,0
1763969317.3561862,0.0,0.0,32.55,154.78,-0.06396814435720444,0.21639248728752136,0.9741305708885193,-0.012328093871474266,-3.0895187854766846,-0.11959239840507507,2.7015910148620605,-0.0023415160831063986,-0.0003978349268436432,2.0420178771018982e-05,0.0,0.0,0.0,0.0,0.0,0.0,-0.588399,0.6472389000000001,10.2577559,0.08726646259971647,0.05235987755982989,-0.06981317007977318,-718.0,321.0,-405.0,1600,1600,1599,1599,0,0,0,0
1763969317.3895812,0.0,0.0,32.55,154.78,-0.06396814435720444,0.21639248728752136,0.9741305708885193,-0.012328093871474266,-3.0895187854766846,-0.11959239840507507,2.7015910148620605,-0.0023415160831063986,-0.0003978349268436432,2.0420178771018982e-05,0.0,0.0,0.0,0.0,0.0,0.0,-0.588399,0.6472389000000001,10.2577559,0.08726646259971647,0.05235987755982989,-0.06981317007977318,-718.0,321.0,-405.0,1600,1600,1599,1599,0,0,0,0
1763969317.4229994,0.0,0.0,32.55,154.78,-0.06396814435720444,0.21639248728752136,0.9741305708885193,-0.012328093871474266,-3.0895187854766846,-0.11959239840507507,2.7015910148620605,-0.0023415160831063986,-0.0003978349268436432,2.0420178771018982e-05,0.0,0.0,0.0,0.0,0.0,0.0,-0.588399,0.6276256,10.24794925,0.05235987755982989,0.06981317007977318,-0.05235987755982989,-718.0,321.0,-405.0,1600,1600,1599,1599,0,0,0,0
1763969317.4563956,0.0,0.0,32.55,154.78,-0.06396814435720444,0.21639248728752136,0.9741305708885193,-0.012328093871474266,-3.089507818222046,-0.11961627751588821,2.7015981674194336,0.001976524479687214,0.0012132292613387108,0.00031355395913124084,0.0,0.0,0.0,0.0,0.0,0.0,-0.588399,0.6276256,10.24794925,0.05235987755982989,0.06981317007977318,-0.05235987755982989,-718.0,321.0,-405.0,1600,1600,1599,1599,0,0,0,0
1763969317.4898012,0.0,0.0,32.55,154.78,-0.06398091465234756,0.21638812124729156,0.9741306900978088,-0.012331048026680946,-3.089507818222046,-0.11961627751588821,2.7015981674194336,0.001976524479687214,0.0012132292613387108,0.00031355395913124084,0.0,0.0,0.0,0.0,0.0,0.0,-0.588399,0.6276256,10.24794925,0.05235987755982989,0.06981317007977318,-0.05235987755982989,-718.0,321.0,-405.0,1600,1600,1599,1599,0,0,0,0
1763969317.5231957,0.0,0.0,32.55,154.79,-0.06398091465234756,0.21638812124729156,0.9741306900978088,-0.012331048026680946,-3.089507818222046,-0.11961627751588821,2.7015981674194336,0.001976524479687214,0.0012132292613387108,0.00031355395913124084,0.0,0.0,0.0,0.0,0.0,0.0,-0.588399,0.6276256,10.24794925,0.05235987755982989,0.06981317007977318,-0.05235987755982989,-718.0,321.0,-405.0,1600,1600,1599,1599,0,0,0,0
1763969317.5565872,0.0,0.0,32.55,154.79,-0.06398091465234756,0.21638812124729156,0.9741306900978088,-0.012331048026680946,-3.089507818222046,-0.11961627751588821,2.7015981674194336,0.001976524479687214,0.0012132292613387108,0.00031355395913124084,0.0,0.0,0.0,0.0,0.0,0.0,-0.588399,0.6276256,10.24794925,0.05235987755982989,0.06981317007977318,-0.05235987755982989,-718.0,321.0,-405.0,1600,1600,1599,1599,0,0,0,0
1763969317.5899801,0.0,0.0,32.55,154.79,-0.06398091465234756,0.21638812124729156,0.9741306900978088,-0.012331048026680946,-3.089507818222046,-0.11961627751588821,2.7015981674194336,0.001976524479687214,0.0012132292613387108,0.00031355395913124084,0.0,0.0,0.0,0.0,0.0,0.0,-0.588399,0.6276256,10.24794925,0.05235987755982989,0.06981317007977318,-0.05235987755982989,-718.0,321.0,-405.0,1600,1600,1599,1599,0,0,0,0
1763969317.6233718,0.0,0.0,32.55,154.79,-0.06398091465234756,0.21638812124729156,0.9741306900978088,-0.012331048026680946,-3.089507818222046,-0.11961627751588821,2.7015981674194336,0.001976524479687214,0.0012132292613387108,0.00031355395913124084,0.0,0.0,0.0,0.0,0.0,0.0,-0.57859235,0.6080123,10.2577559,0.12217304763960307,0.08726646259971647,-0.03490658503988659,-718.0,321.0,-405.0,1600,1600,1599,1599,0,0,0,0
1763969317.6567633,0.0,0.0,32.55,154.79,-0.06398091465234756,0.21638812124729156,0.9741306900978088,-0.012331048026680946,-3.089498519897461,-0.11965692043304443,2.701610803604126,0.00033422280102968216,0.001183635089546442,-0.0008850025478750467,0.0,0.0,0.0,0.0,0.0,0.0,-0.57859235,0.6080123,10.2577559,0.12217304763960307,0.08726646259971647,-0.03490658503988659,-718.0,321.0,-405.0,1600,1600,1599,1599,0,0,0,0
1763969317.6901553,0.0,0.0,32.55,154.79,-0.06400159746408463,0.21638092398643494,0.9741308689117432,-0.012331446632742882,-3.089498519897461,-0.11965692043304443,2.701610803604126,0.00033422280102968216,0.001183635089546442,-0.0008850025478750467,0.0,0.0,0.0,0.0,0.0,0.0,-0.57859235,0.6080123,10.2577559,0.12217304763960307,0.08726646259971647,-0.03490658503988659,-718.0,321.0,-405.0,1600,1600,1599,1599,0,0,0,0
1763969317.7235453,0.0,0.0,32.6,154.79,-0.06400159746408463,0.21638092398643494,0.9741308689117432,-0.012331446632742882,-3.089498519897461,-0.11965692043304443,2.701610803604126,0.00033422280102968216,0.001183635089546442,-0.0008850025478750467,0.0,0.0,0.0,0.0,0.0,0.0,-0.57859235,0.6080123,10.2577559,0.12217304763960307,0.08726646259971647,-0.03490658503988659,-718.0,321.0,-405.0,1600,1600,1599,1599,0,0,0,0
1763969317.7569375,0.0,0.0,32.6,154.79,-0.06400159746408463,0.21638092398643494,0.9741308689117432,-0.012331446632742882,-3.089498519897461,-0.11965692043304443,2.701610803604126,0.00033422280102968216,0.001183635089546442,-0.0008850025478750467,0.0,0.0,0.0,0.0,0.0,0.0,-0.57859235,0.6080123,10.2577559,0.12217304763960307,0.08726646259971647,-0.03490658503988659,-718.0,321.0,-405.0,1600,1600,1599,1599,0,0,0,0
1763969317.7903314,0.0,0.0,32.6,154.79,-0.06400159746408463,0.21638092398643494,0.9741308689117432,-0.012331446632742882,-3.089498519897461,-0.11965692043304443,2.701610803604126,0.00033422280102968216,0.001183635089546442,-0.0008850025478750467,0.0,0.0,0.0,0.0,0.0,0.0,-0.5687857000000001,0.61781895,10.24794925,0.08726646259971647,0.08726646259971647,-0.06981317007977318,-715.0,319.0,-402.0,1600,1600,1599,1599,0,0,0,0
1763969317.8237245,0.0,0.0,32.6,154.79,-0.06400159746408463,0.21638092398643494,0.9741308689117432,-0.012331446632742882,-3.0894734859466553,-0.11968871206045151,2.701616048812866,0.0005454565398395061,0.0005437871441245079,-0.0010697057005017996,0.0,0.0,0.0,0.0,0.0,0.0,-0.5687857000000001,0.61781895,10.24794925,0.08726646259971647,0.08726646259971647,-0.06981317007977318,-715.0,319.0,-402.0,1600,1600,1599,1599,0,0,0,0
1763969317.85712,0.0,0.0,32.6,154.79,-0.06401975452899933,0.2163769155740738,0.9741305112838745,-0.012340376153588295,-3.0894734859466553,-0.11968871206045151,2.701616048812866,0.0005454565398395061,0.0005437871441245079,-0.0010697057005017996,0.0,0.0,0.0,0.0,0.0,0.0,-0.5687857000000001,0.61781895,10.24794925,0.08726646259971647,0.08726646259971647,-0.06981317007977318,-715.0,319.0,-402.0,1600,1600,1599,1599,0,0,0,0
1763969317.8905127,0.0,0.0,32.6,154.79,-0.06401975452899933,0.2163769155740738,0.9741305112838745,-0.012340376153588295,-3.0894734859466553,-0.11968871206045151,2.701616048812866,0.0005454565398395061,0.0005437871441245079,-0.0010697057005017996,0.0,0.0,0.0,0.0,0.0,0.0,-0.5687857000000001,0.61781895,10.24794925,0.08726646259971647,0.08726646259971647,-0.06981317007977318,-715.0,319.0,-402.0,1600,1600,1599,1599,0,0,0,0
1763969317.9256566,0.0,0.0,32.6,154.79,-0.06401975452899933,0.2163769155740738,0.9741305112838745,-0.012340376153588295,-3.0894734859466553,-0.11968871206045151,2.701616048812866,0.0005454565398395061,0.0005437871441245079,-0.0010697057005017996,0.0,0.0,0.0,0.0,0.0,0.0,-0.5687857000000001,0.61781895,10.24794925,0.08726646259971647,0.08726646259971647,-0.06981317007977318,-715.0,319.0,-402.0,1600,1600,1599,1599,0,0,0,0
1763969317.9590595,0.0,0.0,32.6,154.79,-0.06401975452899933,0.2163769155740738,0.9741305112838745,-0.012340376153588295,-3.0894734859466553,-0.11968871206045151,2.701616048812866,0.0005454565398395061,0.0005437871441245079,-0.0010697057005017996,0.0,0.0,0.0,0.0,0.0,0.0,-0.5687857000000001,0.61781895,10.24794925,0.08726646259971647,0.08726646259971647,-0.06981317007977318,-715.0,319.0,-402.0,1600,1600,1599,1599,0,0,0,0
1763969317.9924543,0.0,0.0,32.6,154.79,-0.06401975452899933,0.2163769155740738,0.9741305112838745,-0.012340376153588295,-3.0894734859466553,-0.11968871206045151,2.701616048812866,0.0005454565398395061,0.0005437871441245079,-0.0010697057005017996,0.0,0.0,0.0,0.0,0.0,0.0,-0.588399,0.63743225,10.2577559,0.10471975511965978,0.08726646259971647,-0.06981317007977318,-715.0,319.0,-402.0,1600,1600,1599,1599,0,0,0,0
1763969318.0258498,0.0,0.0,32.6,154.79,-0.06401975452899933,0.2163769155740738,0.9741305112838745,-0.012340376153588295,-3.090193510055542,-0.11906580626964569,2.7019248008728027,-0.005605969578027725,-0.005234340205788612,3.2822135835886e-05,0.0,0.0,0.0,0.0,0.0,0.0,-0.588399,0.63743225,10.2577559,0.10471975511965978,0.08726646259971647,-0.06981317007977318,-715.0,319.0,-402.0,1600,1600,1599,1599,0,0,0,0
1763969318.0592606,0.0,0.0,32.44,154.8,-0.06401975452899933,0.2163769155740738,0.9741305112838745,-0.012340376153588295,-3.090193510055542,-0.11906580626964569,2.7019248008728027,-0.005605969578027725,-0.005234340205788612,3.2822135835886e-05,0.0,0.0,0.0,0.0,0.0,0.0,-0.588399,0.63743225,10.2577559,0.10471975511965978,0.08726646259971647,-0.06981317007977318,-715.0,319.0,-402.0,1600,1600,1599,1599,0,0,0,0
1763969318.0926657,0.0,0.0,32.44,154.8,-0.06401975452899933,0.2163769155740738,0.9741305112838745,-0.012340376153588295,-3.090193510055542,-0.11906580626964569,2.7019248008728027,-0.005605969578027725,-0.005234340205788612,3.2822135835886e-05,0.0,0.0,0.0,0.0,0.0,0.0,-0.588399,0.63743225,10.2577559,0.10471975511965978,0.08726646259971647,-0.06981317007977318,-715.0,319.0,-402.0,1600,1600,1599,1599,0,0,0,0
1763969318.1260653,0.0,0.0,32.44,154.8,-0.06401975452899933,0.2163769155740738,0.9741305112838745,-0.012340376153588295,-3.090193510055542,-0.11906580626964569,2.7019248008728027,-0.005605969578027725,-0.005234340205788612,3.2822135835886e-05,0.0,0.0,0.0,0.0,0.0,0.0,-0.588399,0.63743225,10.2577559,0.10471975511965978,0.08726646259971647,-0.06981317007977318,-715.0,319.0,-402.0,1600,1600,1599,1599,0,0,0,0
1763969318.1594636,0.0,0.0,32.44,154.8,-0.06401975452899933,0.2163769155740738,0.9741305112838745,-0.012340376153588295,-3.090193510055542,-0.11906580626964569,2.7019248008728027,-0.005605969578027725,-0.005234340205788612,3.2822135835886e-05,0.0,0.0,0.0,0.0,0.0,0.0,-0.588399,0.63743225,10.2577559,0.10471975511965978,0.08726646259971647,-0.06981317007977318,-715.0,319.0,-402.0,1600,1600,1599,1599,0,0,0,0
1763969318.1928608,0.0,0.0,32.44,154.8,-0.06401975452899933,0.2163769155740738,0.9741305112838745,-0.012340376153588295,-3.090193510055542,-0.11906580626964569,2.7019248008728027,-0.005605969578027725,-0.005234340205788612,3.2822135835886e-05,0.0,0.0,0.0,0.0,0.0,0.0,-0.588399,0.63743225,10.267562550000001,-0.017453292519943295,-0.06981317007977318,-0.05235987755982989,-721.0,320.0,-399.0,1600,1600,1599,1599,0,0,0,0
1763969318.226267,0.0,0.0,32.44,154.8,-0.06401975452899933,0.2163769155740738,0.9741305112838745,-0.012340376153588295,-3.090662717819214,-0.11857124418020248,2.702031135559082,-0.007386826444417238,-0.007865282706916332,-0.0008648440707474947,0.0,0.0,0.0,0.0,0.0,0.0,-0.588399,0.63743225,10.267562550000001,-0.017453292519943295,-0.06981317007977318,-0.05235987755982989,-721.0,320.0,-399.0,1600,1600,1599,1599,0,0,0,0
1763969318.2596672,0.0,0.0,32.44,154.8,-0.06334482878446579,0.21623387932777405,0.9742118716239929,-0.011896674521267414,-3.090662717819214,-0.11857124418020248,2.702031135559082,-0.007386826444417238,-0.007865282706916332,-0.0008648440707474947,0.0,0.0,0.0,0.0,0.0,0.0,-0.588399,0.63743225,10.267562550000001,-0.017453292519943295,-0.06981317007977318,-0.05235987755982989,-721.0,320.0,-399.0,1600,1600,1599,1599,0,0,0,0
1763969318.2930665,0.0,0.0,32.44,154.81,-0.06334482878446579,0.21623387932777405,0.9742118716239929,-0.011896674521267414,-3.090662717819214,-0.11857124418020248,2.702031135559082,-0.007386826444417238,-0.007865282706916332,-0.0008648440707474947,0.0,0.0,0.0,0.0,0.0,0.0,-0.588399,0.63743225,10.267562550000001,-0.017453292519943295,-0.06981317007977318,-0.05235987755982989,-721.0,320.0,-399.0,1600,1600,1599,1599,0,0,0,0
1763969318.326476,0.0,0.0,32.44,154.81,-0.06334482878446579,0.21623387932777405,0.9742118716239929,-0.011896674521267414,-3.090662717819214,-0.11857124418020248,2.702031135559082,-0.007386826444417238,-0.007865282706916332,-0.0008648440707474947,0.0,0.0,0.0,0.0,0.0,0.0,-0.588399,0.63743225,10.267562550000001,-0.017453292519943295,-0.06981317007977318,-0.05235987755982989,-721.0,320.0,-399.0,1600,1600,1599,1599,0,0,0,0
1763969318.359883,0.0,0.0,32.44,154.81,-0.06334482878446579,0.21623387932777405,0.9742118716239929,-0.011896674521267414,-3.090662717819214,-0.11857124418020248,2.702031135559082,-0.007386826444417238,-0.007865282706916332,-0.0008648440707474947,0.0,0.0,0.0,0.0,0.0,0.0,-0.59820565,0.6472389000000001,10.267562550000001,-0.017453292519943295,-0.05235987755982989,-0.06981317007977318,-721.0,320.0,-399.0,1600,1600,1599,1599,0,0,0,0
1763969318.3932889,0.0,0.0,32.44,154.81,-0.06334482878446579,0.21623387932777405,0.9742118716239929,-0.011896674521267414,-3.090877056121826,-0.11832962185144424,2.7020976543426514,-0.005707351956516504,-0.008186173625290394,-0.001325185177847743,0.0,0.0,0.0,0.0,0.0,0.0,-0.59820565,0.6472389000000001,10.267562550000001,-0.017453292519943295,-0.05235987755982989,-0.06981317007977318,-721.0,320.0,-399.0,1600,1600,1599,1599,0,0,0,0
1763969318.4266956,0.0,0.0,32.44,154.81,-0.06320367008447647,0.21621286869049072,0.9742266535758972,-0.011820784769952297,-3.090877056121826,-0.11832962185144424,2.7020976543426514,-0.005707351956516504,-0.008186173625290394,-0.001325185177847743,0.0,0.0,0.0,0.0,0.0,0.0,-0.59820565,0.6472389000000001,10.267562550000001,-0.017453292519943295,-0.05235987755982989,-0.06981317007977318,-721.0,320.0,-399.0,1600,1600,1599,1599,0,0,0,0
1763969318.4601002,0.0,0.0,32.59,154.81,-0.06320367008447647,0.21621286869049072,0.9742266535758972,-0.011820784769952297,-3.090877056121826,-0.11832962185144424,2.7020976543426514,-0.005707351956516504,-0.008186173625290394,-0.001325185177847743,0.0,0.0,0.0,0.0,0.0,0.0,-0.59820565,0.6472389000000001,10.267562550000001,-0.017453292519943295,-0.05235987755982989,-0.06981317007977318,-721.0,320.0,-399.0,1600,1600,1599,1599,0,0,0,0
1763969318.4935043,0.0,0.0,32.59,154.81,-0.06320367008447647,0.21621286869049072,0.9742266535758972,-0.011820784769952297,-3.090877056121826,-0.11832962185144424,2.7020976543426514,-0.005707351956516504,-0.008186173625290394,-0.001325185177847743,0.0,0.0,0.0,0.0,0.0,0.0,-0.59820565,0.6472389000000001,10.267562550000001,-0.017453292519943295,-0.05235987755982989,-0.06981317007977318,-721.0,320.0,-399.0,1600,1600,1599,1599,0,0,0,0
1763969318.5269213,0.0,0.0,32.59,154.81,-0.06320367008447647,0.21621286869049072,0.9742266535758972,-0.011820784769952297,-3.090877056121826,-0.11832962185144424,2.7020976543426514,-0.005707351956516504,-0.008186173625290394,-0.001325185177847743,0.0,0.0,0.0,0.0,0.0,0.0,-0.588399,0.6276256,10.2577559,0.0,-0.05235987755982989,-0.06981317007977318,-715.0,320.0,-407.0,1600,1600,1599,1599,0,0,0,0
1763969318.5603213,0.0,0.0,32.59,154.81,-0.06320367008447647,0.21621286869049072,0.9742266535758972,-0.011820784769952297,-3.090877056121826,-0.11832962185144424,2.7020976543426514,-0.005707351956516504,-0.008186173625290394,-0.001325185177847743,0.0,0.0,0.0,0.0,0.0,0.0,-0.588399,0.6276256,10.2577559,0.0,-0.05235987755982989,-0.06981317007977318,-715.0,320.0,-407.0,1600,1600,1599,1599,0,0,0,0
1763969318.593722,0.0,0.0,32.59,154.81,-0.06320367008447647,0.21621286869049072,0.9742266535758972,-0.011820784769952297,-3.090877056121826,-0.11832962185144424,2.7020976543426514,-0.005707351956516504,-0.008186173625290394,-0.001325185177847743,0.0,0.0,0.0,0.0,0.0,0.0,-0.5491724,0.6080123,10.267562550000001,0.0,-0.017453292519943295,-0.06981317007977318,-715.0,320.0,-407.0,1600,1600,1599,1599,0,0,0,0
1763969318.6271195,0.0,0.0,32.59,154.81,-0.063078872859478,0.21620133519172668,0.9742380976676941,-0.011759018525481224,-3.090877056121826,-0.11832962185144424,2.7020976543426514,-0.005707351956516504,-0.008186173625290394,-0.001325185177847743,0.0,0.0,0.0,0.0,0.0,0.0,-0.5491724,0.6080123,10.267562550000001,0.0,-0.017453292519943295,-0.06981317007977318,-715.0,320.0,-407.0,1600,1600,1599,1599,0,0,0,0
1763969318.660516,0.0,0.0,32.59,154.82,-0.063078872859478,0.21620133519172668,0.9742380976676941,-0.011759018525481224,-3.090877056121826,-0.11832962185144424,2.7020976543426514,-0.005707351956516504,-0.008186173625290394,-0.001325185177847743,0.0,0.0,0.0,0.0,0.0,0.0,-0.5491724,0.6080123,10.267562550000001,0.0,-0.017453292519943295,-0.06981317007977318,-715.0,320.0,-407.0,1600,1600,1599,1599,0,0,0,0
1763969318.6939225,0.0,0.0,32.59,154.82,-0.063078872859478,0.21620133519172668,0.9742380976676941,-0.011759018525481224,-3.0914690494537354,-0.11773078888654709,2.7022221088409424,-0.0011463072150945663,-0.000553538091480732,-0.0003907277714461088,0.0,0.0,0.0,0.0,0.0,0.0,-0.5491724,0.6080123,10.267562550000001,0.0,-0.017453292519943295,-0.06981317007977318,-715.0,320.0,-407.0,1600,1600,1599,1599,0,0,0,0
1763969318.7273276,0.0,0.0,32.59,154.82,-0.06284750252962112,0.21618202328681946,0.9742591381072998,-0.01160183921456337,-3.0914690494537354,-0.11773078888654709,2.7022221088409424,-0.0011463072150945663,-0.000553538091480732,-0.0003907277714461088,0.0,0.0,0.0,0.0,0.0,0.0,-0.5491724,0.6080123,10.267562550000001,0.0,-0.017453292519943295,-0.06981317007977318,-715.0,320.0,-407.0,1600,1600,1599,1599,0,0,0,0
1763969318.7607348,0.0,0.0,32.55,154.82,-0.06284750252962112,0.21618202328681946,0.9742591381072998,-0.01160183921456337,-3.0914690494537354,-0.11773078888654709,2.7022221088409424,-0.0011463072150945663,-0.000553538091480732,-0.0003907277714461088,0.0,0.0,0.0,0.0,0.0,0.0,-0.5491724,0.6080123,10.267562550000001,0.0,-0.017453292519943295,-0.06981317007977318,-715.0,320.0,-407.0,1600,1600,1599,1599,0,0,0,0
1763969318.7941396,0.0,0.0,32.55,154.82,-0.06284750252962112,0.21618202328681946,0.9742591381072998,-0.01160183921456337,-3.0914690494537354,-0.11773078888654709,2.7022221088409424,-0.0011463072150945663,-0.000553538091480732,-0.0003907277714461088,0.0,0.0,0.0,0.0,0.0,0.0,-0.5491724,0.6080123,10.267562550000001,0.0,-0.017453292519943295,-0.06981317007977318,-715.0,320.0,-407.0,1600,1600,1599,1599,0,0,0,0
1763969318.8276334,0.0,0.0,32.55,154.82,-0.06284750252962112,0.21618202328681946,0.9742591381072998,-0.01160183921456337,-3.0914690494537354,-0.11773078888654709,2.7022221088409424,-0.0011463072150945663,-0.000553538091480732,-0.0003907277714461088,0.0,0.0,0.0,0.0,0.0,0.0,-0.5491724,0.6080123,10.267562550000001,0.0,-0.017453292519943295,-0.06981317007977318,-715.0,320.0,-407.0,1600,1600,1599,1599,0,0,0,0
1763969318.8611095,0.0,0.0,32.55,154.82,-0.06284750252962112,0.21618202328681946,0.9742591381072998,-0.01160183921456337,-3.0914690494537354,-0.11773078888654709,2.7022221088409424,-0.0011463072150945663,-0.000553538091480732,-0.0003907277714461088,0.0,0.0,0.0,0.0,0.0,0.0,-0.5687857000000001,0.6276256,10.2577559,0.06981317007977318,0.06981317007977318,-0.05235987755982989,-718.0,319.0,-402.0,1600,1600,1599,1599,0,0,0,0
1763969318.894534,0.0,0.0,32.55,154.82,-0.0628354623913765,0.21617643535137177,0.9742612242698669,-0.011601774021983147,-3.0914690494537354,-0.11773078888654709,2.7022221088409424,-0.0011463072150945663,-0.000553538091480732,-0.0003907277714461088,0.0,0.0,0.0,0.0,0.0,0.0,-0.5687857000000001,0.6276256,10.2577559,0.06981317007977318,0.06981317007977318,-0.05235987755982989,-718.0,319.0,-402.0,1600,1600,1599,1599,0,0,0,0
1763969318.9279552,0.0,0.0,32.55,154.82,-0.0628354623913765,0.21617643535137177,0.9742612242698669,-0.011601774021983147,-3.0914690494537354,-0.11773078888654709,2.7022221088409424,-0.0011463072150945663,-0.000553538091480732,-0.0003907277714461088,0.0,0.0,0.0,0.0,0.0,0.0,-0.5687857000000001,0.6276256,10.2577559,0.06981317007977318,0.06981317007977318,-0.05235987755982989,-718.0,319.0,-402.0,1600,1600,1599,1599,0,0,0,0
1763969318.961373,0.0,0.0,32.55,154.82,-0.0628354623913765,0.21617643535137177,0.9742612242698669,-0.011601774021983147,-3.0914690494537354,-0.11773078888654709,2.7022221088409424,-0.0011463072150945663,-0.000553538091480732,-0.0003907277714461088,0.0,0.0,0.0,0.0,0.0,0.0,-0.5687857000000001,0.6276256,10.2577559,0.06981317007977318,0.06981317007977318,-0.05235987755982989,-718.0,319.0,-402.0,1600,1600,1599,1599,0,0,0,0
1763969318.9948003,0.0,0.0,32.55,154.82,-0.0628354623913765,0.21617643535137177,0.9742612242698669,-0.011601774021983147,-3.0914690494537354,-0.11773078888654709,2.7022221088409424,-0.0011463072150945663,-0.000553538091480732,-0.0003907277714461088,0.0,0.0,0.0,0.0,0.0,0.0,-0.5687857000000001,0.61781895,10.2577559,0.08726646259971647,0.06981317007977318,-0.03490658503988659,-718.0,319.0,-402.0,1600,1600,1599,1599,0,0,0,0
1763969319.0282197,0.0,0.0,32.55,154.82,-0.0628354623913765,0.21617643535137177,0.9742612242698669,-0.011601774021983147,-3.09149432182312,-0.11769834160804749,2.702254295349121,-0.0005532032810151577,6.814952939748764e-05,0.0001340524759143591,0.0,0.0,0.0,0.0,0.0,0.0,-0.5687857000000001,0.61781895,10.2577559,0.08726646259971647,0.06981317007977318,-0.03490658503988659,-718.0,319.0,-402.0,1600,1600,1599,1599,0,0,0,0
1763969319.0616367,0.0,0.0,32.55,154.82,-0.06282878667116165,0.21616776287555695,0.9742636680603027,-0.011594058945775032,-3.09149432182312,-0.11769834160804749,2.702254295349121,-0.0005532032810151577,6.814952939748764e-05,0.0001340524759143591,0.0,0.0,0.0,0.0,0.0,0.0,-0.5687857000000001,0.61781895,10.2577559,0.08726646259971647,0.06981317007977318,-0.03490658503988659,-718.0,319.0,-402.0,1600,1600,1599,1599,0,0,0,0
1763969319.095044,0.0,0.0,32.63,154.82,-0.06282878667116165,0.21616776287555695,0.9742636680603027,-0.011594058945775032,-3.09149432182312,-0.11769834160804749,2.702254295349121,-0.0005532032810151577,6.814952939748764e-05,0.0001340524759143591,0.0,0.0,0.0,0.0,0.0,0.0,-0.5687857000000001,0.61781895,10.2577559,0.08726646259971647,0.06981317007977318,-0.03490658503988659,-718.0,319.0,-402.0,1600,1600,1599,1599,0,0,0,0
1763969319.1284447,0.0,0.0,32.63,154.82,-0.06282878667116165,0.21616776287555695,0.9742636680603027,-0.011594058945775032,-3.09149432182312,-0.11769834160804749,2.702254295349121,-0.0005532032810151577,6.814952939748764e-05,0.0001340524759143591,0.0,0.0,0.0,0.0,0.0,0.0,-0.5687857000000001,0.61781895,10.2577559,0.08726646259971647,0.06981317007977318,-0.03490658503988659,-718.0,319.0,-402.0,1600,1600,1599,1599,0,0,0,0
1763969319.161843,0.0,0.0,32.63,154.82,-0.06282878667116165,0.21616776287555695,0.9742636680603027,-0.011594058945775032,-3.09149432182312,-0.11769834160804749,2.702254295349121,-0.0005532032810151577,6.814952939748764e-05,0.0001340524759143591,0.0,0.0,0.0,0.0,0.0,0.0,-0.55897905,0.61781895,10.2577559,0.06981317007977318,0.06981317007977318,-0.05235987755982989,-719.0,312.0,-403.0,1600,1600,1599,1599,0,0,0,0
1763969319.1953595,0.0,0.0,32.63,154.82,-0.06282878667116165,0.21616776287555695,0.9742636680603027,-0.011594058945775032,-3.0915002822875977,-0.11772698909044266,2.7022945880889893,-0.0006333049386739731,0.0006665647961199284,0.0004788534715771675,0.0,0.0,0.0,0.0,0.0,0.0,-0.55897905,0.61781895,10.2577559,0.06981317007977318,0.06981317007977318,-0.05235987755982989,-719.0,312.0,-403.0,1600,1600,1599,1599,0,0,0,0
1763969319.2287824,0.0,0.0,32.63,154.82,-0.06284187734127045,0.21614782512187958,0.974267303943634,-0.011589376255869865,-3.0915002822875977,-0.11772698909044266,2.7022945880889893,-0.0006333049386739731,0.0006665647961199284,0.0004788534715771675,0.0,0.0,0.0,0.0,0.0,0.0,-0.55897905,0.61781895,10.2577559,0.06981317007977318,0.06981317007977318,-0.05235987755982989,-719.0,312.0,-403.0,1600,1600,1599,1599,0,0,0,0
1763969319.2621796,0.0,0.0,32.63,154.83,-0.06284187734127045,0.21614782512187958,0.974267303943634,-0.011589376255869865,-3.0915002822875977,-0.11772698909044266,2.7022945880889893,-0.0006333049386739731,0.0006665647961199284,0.0004788534715771675,0.0,0.0,0.0,0.0,0.0,0.0,-0.55897905,0.61781895,10.2577559,0.06981317007977318,0.06981317007977318,-0.05235987755982989,-719.0,312.0,-403.0,1600,1600,1599,1599,0,0,0,0
1763969319.2955832,0.0,0.0,32.63,154.83,-0.06284187734127045,0.21614782512187958,0.974267303943634,-0.011589376255869865,-3.0915002822875977,-0.11772698909044266,2.7022945880889893,-0.0006333049386739731,0.0006665647961199284,0.0004788534715771675,0.0,0.0,0.0,0.0,0.0,0.0,-0.55897905,0.61781895,10.2577559,0.06981317007977318,0.06981317007977318,-0.05235987755982989,-719.0,312.0,-403.0,1600,1600,1599,1599,0,0,0,0
1763969319.3289797,0.0,0.0,32.63,154.83,-0.06284187734127045,0.21614782512187958,0.974267303943634,-0.011589376255869865,-3.0915002822875977,-0.11772698909044266,2.7022945880889893,-0.0006333049386739731,0.0006665647961199284,0.0004788534715771675,0.0,0.0,0.0,0.0,0.0,0.0,-0.55897905,0.61781895,10.2577559,0.06981317007977318,0.06981317007977318,-0.05235987755982989,-719.0,312.0,-403.0,1600,1600,1599,1599,0,0,0,0
1763969319.3623762,0.0,0.0,32.63,154.83,-0.06284187734127045,0.21614782512187958,0.974267303943634,-0.011589376255869865,-3.0915002822875977,-0.11772698909044266,2.7022945880889893,-0.0006333049386739731,0.0006665647961199284,0.0004788534715771675,0.0,0.0,0.0,0.0,0.0,0.0,-0.55897905,0.6080123,10.2577559,0.06981317007977318,0.08726646259971647,-0.03490658503988659,-719.0,312.0,-403.0,1600,1600,1599,1599,0,0,0,0
1763969319.3957715,0.0,0.0,32.63,154.83,-0.06284187734127045,0.21614782512187958,0.974267303943634,-0.011589376255869865,-3.091503143310547,-0.1177438423037529,2.702314853668213,7.749535143375397e-05,0.0011045760475099087,0.00024165143258869648,0.0,0.0,0.0,0.0,0.0,0.0,-0.55897905,0.6080123,10.2577559,0.06981317007977318,0.08726646259971647,-0.03490658503988659,-719.0,312.0,-403.0,1600,1600,1599,1599,0,0,0,0
1763969319.4291735,0.0,0.0,32.63,154.83,-0.06284964084625244,0.21613770723342896,0.9742690324783325,-0.011586743406951427,-3.091503143310547,-0.1177438423037529,2.702314853668213,7.749535143375397e-05,0.0011045760475099087,0.00024165143258869648,0.0,0.0,0.0,0.0,0.0,0.0,-0.55897905,0.6080123,10.2577559,0.06981317007977318,0.08726646259971647,-0.03490658503988659,-719.0,312.0,-403.0,1600,1600,1599,1599,0,0,0,0
1763969319.462572,0.0,0.0,32.63,154.83,-0.06284964084625244,0.21613770723342896,0.9742690324783325,-0.011586743406951427,-3.091503143310547,-0.1177438423037529,2.702314853668213,7.749535143375397e-05,0.0011045760475099087,0.00024165143258869648,0.0,0.0,0.0,0.0,0.0,0.0,-0.55897905,0.6080123,10.2577559,0.06981317007977318,0.08726646259971647,-0.03490658503988659,-719.0,312.0,-403.0,1600,1600,1599,1599,0,0,0,0
1763969319.4959693,0.0,0.0,32.63,154.83,-0.06284964084625244,0.21613770723342896,0.9742690324783325,-0.011586743406951427,-3.091503143310547,-0.1177438423037529,2.702314853668213,7.749535143375397e-05,0.0011045760475099087,0.00024165143258869648,0.0,0.0,0.0,0.0,0.0,0.0,-0.55897905,0.6080123,10.2577559,0.06981317007977318,0.08726646259971647,-0.03490658503988659,-719.0,312.0,-403.0,1600,1600,1599,1599,0,0,0,0
1763969319.5307908,0.0,0.0,32.63,154.83,-0.06284964084625244,0.21613770723342896,0.9742690324783325,-0.011586743406951427,-3.091503143310547,-0.1177438423037529,2.702314853668213,7.749535143375397e-05,0.0011045760475099087,0.00024165143258869648,0.0,0.0,0.0,0.0,0.0,0.0,-0.55897905,0.6080123,10.2577559,0.08726646259971647,0.08726646259971647,-0.05235987755982989,-719.0,312.0,-403.0,1600,1600,1599,1599,0,0,0,0
1763969319.5642204,0.0,0.0,32.63,154.83,-0.06284964084625244,0.21613770723342896,0.9742690324783325,-0.011586743406951427,-3.091503143310547,-0.1177438423037529,2.702314853668213,7.749535143375397e-05,0.0011045760475099087,0.00024165143258869648,0.0,0.0,0.0,0.0,0.0,0.0,-0.55897905,0.6080123,10.2577559,0.08726646259971647,0.08726646259971647,-0.05235987755982989,-719.0,312.0,-403.0,1600,1600,1599,1599,0,0,0,0
1763969319.5976753,0.0,0.0,32.63,154.83,-0.06284964084625244,0.21613770723342896,0.9742690324783325,-0.011586743406951427,-3.091292142868042,-0.11795137077569962,2.7022807598114014,-0.00048475898802280426,0.0002368483692407608,0.000517548993229866,0.0,0.0,0.0,0.0,0.0,0.0,-0.55897905,0.6080123,10.2577559,0.08726646259971647,0.08726646259971647,-0.05235987755982989,-719.0,312.0,-403.0,1600,1600,1599,1599,0,0,0,0
1763969319.6310732,0.0,0.0,32.63,154.83,-0.06284964084625244,0.21613770723342896,0.9742690324783325,-0.011586743406951427,-3.091292142868042,-0.11795137077569962,2.7022807598114014,-0.00048475898802280426,0.0002368483692407608,0.000517548993229866,0.0,0.0,0.0,0.0,0.0,0.0,-0.55897905,0.6080123,10.2577559,0.08726646259971647,0.08726646259971647,-0.05235987755982989,-719.0,312.0,-403.0,1600,1600,1599,1599,0,0,0,0
1763969319.6644783,0.0,0.0,32.63,154.83,-0.06297365576028824,0.21614386141300201,0.9742587804794312,-0.011665775440633297,-3.091292142868042,-0.11795137077569962,2.7022807598114014,-0.00048475898802280426,0.0002368483692407608,0.000517548993229866,0.0,0.0,0.0,0.0,0.0,0.0,-0.55897905,0.6080123,10.2577559,0.08726646259971647,0.08726646259971647,-0.05235987755982989,-719.0,312.0,-403.0,1600,1600,1599,1599,0,0,0,0
1763969319.697875,0.0,0.0,32.69,154.82,-0.06297365576028824,0.21614386141300201,0.9742587804794312,-0.011665775440633297,-3.091292142868042,-0.11795137077569962,2.7022807598114014,-0.00048475898802280426,0.0002368483692407608,0.000517548993229866,0.0,0.0,0.0,0.0,0.0,0.0,-0.55897905,0.6080123,10.2577559,0.08726646259971647,0.08726646259971647,-0.05235987755982989,-719.0,312.0,-403.0,1600,1600,1599,1599,0,0,0,0
1763969319.7312667,0.0,0.0,32.69,154.82,-0.06297365576028824,0.21614386141300201,0.9742587804794312,-0.011665775440633297,-3.091292142868042,-0.11795137077569962,2.7022807598114014,-0.00048475898802280426,0.0002368483692407608,0.000517548993229866,0.0,0.0,0.0,0.0,0.0,0.0,-0.5491724,0.6276256,10.2577559,0.08726646259971647,0.06981317007977318,-0.03490658503988659,-718.0,321.0,-405.0,1600,1600,1599,1599,0,0,0,0
1763969319.7646732,0.0,0.0,32.69,154.82,-0.06297365576028824,0.21614386141300201,0.9742587804794312,-0.011665775440633297,-3.0912928581237793,-0.11794478446245193,2.7022743225097656,-0.0001267041079699993,6.77863135933876e-05,0.0006385326851159334,0.0,0.0,0.0,0.0,0.0,0.0,-0.5491724,0.6276256,10.2577559,0.08726646259971647,0.06981317007977318,-0.03490658503988659,-718.0,321.0,-405.0,1600,1600,1599,1599,0,0,0,0
1763969319.7980692,0.0,0.0,32.69,154.82,-0.06297041475772858,0.21614712476730347,0.9742582440376282,-0.01166596356779337,-3.0912928581237793,-0.11794478446245193,2.7022743225097656,-0.0001267041079699993,6.77863135933876e-05,0.0006385326851159334,0.0,0.0,0.0,0.0,0.0,0.0,-0.5491724,0.6276256,10.2577559,0.08726646259971647,0.06981317007977318,-0.03490658503988659,-718.0,321.0,-405.0,1600,1600,1599,1599,0,0,0,0
1763969319.8314667,0.0,0.0,32.69,154.82,-0.06297041475772858,0.21614712476730347,0.9742582440376282,-0.01166596356779337,-3.0912928581237793,-0.11794478446245193,2.7022743225097656,-0.0001267041079699993,6.77863135933876e-05,0.0006385326851159334,0.0,0.0,0.0,0.0,0.0,0.0,-0.5491724,0.6276256,10.2577559,0.08726646259971647,0.06981317007977318,-0.03490658503988659,-718.0,321.0,-405.0,1600,1600,1599,1599,0,0,0,0
1763969319.864864,0.0,0.0,32.69,154.82,-0.06297041475772858,0.21614712476730347,0.9742582440376282,-0.01166596356779337,-3.0912928581237793,-0.11794478446245193,2.7022743225097656,-0.0001267041079699993,6.77863135933876e-05,0.0006385326851159334,0.0,0.0,0.0,0.0,0.0,0.0,-0.5491724,0.6276256,10.2577559,0.08726646259971647,0.06981317007977318,-0.03490658503988659,-718.0,321.0,-405.0,1600,1600,1599,1599,0,0,0,0
1763969319.8982701,0.0,0.0,32.69,154.82,-0.06297041475772858,0.21614712476730347,0.9742582440376282,-0.01166596356779337,-3.0912928581237793,-0.11794478446245193,2.7022743225097656,-0.0001267041079699993,6.77863135933876e-05,0.0006385326851159334,0.0,0.0,0.0,0.0,0.0,0.0,-0.5491724,0.6276256,10.2577559,0.08726646259971647,0.06981317007977318,-0.03490658503988659,-718.0,321.0,-405.0,1600,1600,1599,1599,0,0,0,0
1763969319.9316669,0.0,0.0,32.69,154.82,-0.06297041475772858,0.21614712476730347,0.9742582440376282,-0.01166596356779337,-3.0912928581237793,-0.11794478446245193,2.7022743225097656,-0.0001267041079699993,6.77863135933876e-05,0.0006385326851159334,0.0,0.0,0.0,0.0,0.0,0.0,-0.5491724,0.61781895,10.24794925,0.08726646259971647,0.06981317007977318,-0.03490658503988659,-718.0,321.0,-405.0,1600,1600,1599,1599,0,0,0,0
1763969319.9650645,0.0,0.0,32.69,154.82,-0.06297041475772858,0.21614712476730347,0.9742582440376282,-0.01166596356779337,-3.0912928581237793,-0.11794478446245193,2.7022743225097656,-0.0001267041079699993,6.77863135933876e-05,0.0006385326851159334,0.0,0.0,0.0,0.0,0.0,0.0,-0.5491724,0.61781895,10.24794925,0.08726646259971647,0.06981317007977318,-0.03490658503988659,-718.0,321.0,-405.0,1600,1600,1599,1599,0,0,0,0
1763969319.998461,0.0,0.0,32.69,154.82,-0.06297041475772858,0.21614712476730347,0.9742582440376282,-0.01166596356779337,-3.09128999710083,-0.11794232577085495,2.7022688388824463,-0.0006775553338229656,-0.00043660495430231094,0.0003192166332155466,0.0,0.0,0.0,0.0,0.0,0.0,-0.5491724,0.61781895,10.24794925,0.08726646259971647,0.06981317007977318,-0.03490658503988659,-718.0,321.0,-405.0,1600,1600,1599,1599,0,0,0,0
1763969320.0318704,0.0,0.0,32.69,154.82,-0.06297041475772858,0.21614712476730347,0.9742582440376282,-0.01166596356779337,-3.09128999710083,-0.11794232577085495,2.7022688388824463,-0.0006775553338229656,-0.00043660495430231094,0.0003192166332155466,0.0,0.0,0.0,0.0,0.0,0.0,-0.5491724,0.61781895,10.24794925,0.08726646259971647,0.06981317007977318,-0.03490658503988659,-718.0,321.0,-405.0,1600,1600,1599,1599,0,0,0,0
1763969320.065278,0.0,0.0,32.69,154.82,-0.06297041475772858,0.21614712476730347,0.9742582440376282,-0.01166596356779337,-3.09128999710083,-0.11794232577085495,2.7022688388824463,-0.0006775553338229656,-0.00043660495430231094,0.0003192166332155466,0.0,0.0,0.0,0.0,0.0,0.0,-0.5491724,0.61781895,10.24794925,0.08726646259971647,0.06981317007977318,-0.03490658503988659,-718.0,321.0,-405.0,1600,1600,1599,1599,0,0,0,0
1763969320.0986779,0.0,0.0,32.69,154.82,-0.06297041475772858,0.21614712476730347,0.9742582440376282,-0.01166596356779337,-3.091280460357666,-0.11795412003993988,2.7022459506988525,-0.0010233339853584766,0.000704676378518343,0.0003536841832101345,0.0,0.0,0.0,0.0,0.0,0.0,-0.5491724,0.61781895,10.24794925,0.08726646259971647,0.06981317007977318,-0.03490658503988659,-718.0,321.0,-405.0,1600,1600,1599,1599,0,0,0,0
1763969320.1320705,0.0,0.0,32.69,154.82,-0.06297643482685089,0.21616031229496002,0.9742549061775208,-0.011669989675283432,-3.091280460357666,-0.11795412003993988,2.7022459506988525,-0.0010233339853584766,0.000704676378518343,0.0003536841832101345,0.0,0.0,0.0,0.0,0.0,0.0,-0.5491724,0.61781895,10.24794925,0.08726646259971647,0.06981317007977318,-0.03490658503988659,-718.0,321.0,-405.0,1600,1600,1599,1599,0,0,0,0
1763969320.1654766,0.0,0.0,32.64,154.82,-0.06297643482685089,0.21616031229496002,0.9742549061775208,-0.011669989675283432,-3.091280460357666,-0.11795412003993988,2.7022459506988525,-0.0010233339853584766,0.000704676378518343,0.0003536841832101345,0.0,0.0,0.0,0.0,0.0,0.0,-0.5491724,0.61781895,10.24794925,0.08726646259971647,0.06981317007977318,-0.03490658503988659,-718.0,321.0,-405.0,1600,1600,1599,1599,0,0,0,0
1763969320.1988795,0.0,0.0,32.64,154.82,-0.06297643482685089,0.21616031229496002,0.9742549061775208,-0.011669989675283432,-3.091280460357666,-0.11795412003993988,2.7022459506988525,-0.0010233339853584766,0.000704676378518343,0.0003536841832101345,0.0,0.0,0.0,0.0,0.0,0.0,-0.5491724,0.61781895,10.24794925,0.08726646259971647,0.06981317007977318,-0.03490658503988659,-718.0,321.0,-405.0,1600,1600,1599,1599,0,0,0,0
1763969320.2322774,0.0,0.0,32.64,154.82,-0.06297643482685089,0.21616031229496002,0.9742549061775208,-0.011669989675283432,-3.091280460357666,-0.11795412003993988,2.7022459506988525,-0.0010233339853584766,0.000704676378518343,0.0003536841832101345,0.0,0.0,0.0,0.0,0.0,0.0,-0.5491724,0.61781895,10.24794925,0.08726646259971647,0.06981317007977318,-0.03490658503988659,-718.0,321.0,-405.0,1600,1600,1599,1599,0,0,0,0
1763969320.2656739,0.0,0.0,32.64,154.82,-0.06297643482685089,0.21616031229496002,0.9742549061775208,-0.011669989675283432,-3.091280460357666,-0.11795412003993988,2.7022459506988525,-0.0010233339853584766,0.000704676378518343,0.0003536841832101345,0.0,0.0,0.0,0.0,0.0,0.0,-0.5687857000000001,0.6080123,10.2577559,0.06981317007977318,0.08726646259971647,-0.03490658503988659,-714.0,321.0,-404.0,1600,1600,1599,1599,0,0,0,0
1763969320.2990708,0.0,0.0,32.64,154.82,-0.06297643482685089,0.21616031229496002,0.9742549061775208,-0.011669989675283432,-3.0912888050079346,-0.11796309053897858,2.7022218704223633,-0.0007308539934456348,-0.0003261701203882694,0.0006291111931204796,0.0,0.0,0.0,0.0,0.0,0.0,-0.5687857000000001,0.6080123,10.2577559,0.06981317007977318,0.08726646259971647,-0.03490658503988659,-714.0,321.0,-404.0,1600,1600,1599,1599,0,0,0,0
1763969320.3324635,0.0,0.0,32.64,154.82,-0.06297643482685089,0.21616031229496002,0.9742549061775208,-0.011669989675283432,-3.0912888050079346,-0.11796309053897858,2.7022218704223633,-0.0007308539934456348,-0.0003261701203882694,0.0006291111931204796,0.0,0.0,0.0,0.0,0.0,0.0,-0.5687857000000001,0.6080123,10.2577559,0.06981317007977318,0.08726646259971647,-0.03490658503988659,-714.0,321.0,-404.0,1600,1600,1599,1599,0,0,0,0
1763969320.3667026,0.0,0.0,32.64,154.82,-0.0629800483584404,0.21617212891578674,0.9742520451545715,-0.01166419219225645,-3.0912888050079346,-0.11796309053897858,2.7022218704223633,-0.0007308539934456348,-0.0003261701203882694,0.0006291111931204796,0.0,0.0,0.0,0.0,0.0,0.0,-0.5687857000000001,0.6080123,10.2577559,0.06981317007977318,0.08726646259971647,-0.03490658503988659,-714.0,321.0,-404.0,1600,1600,1599,1599,0,0,0,0
1763969320.4001226,0.0,0.0,32.64,154.82,-0.0629800483584404,0.21617212891578674,0.9742520451545715,-0.01166419219225645,-3.0912888050079346,-0.11796309053897858,2.7022218704223633,-0.0007308539934456348,-0.0003261701203882694,0.0006291111931204796,0.0,0.0,0.0,0.0,0.0,0.0,-0.5687857000000001,0.6080123,10.2577559,0.06981317007977318,0.08726646259971647,-0.03490658503988659,-714.0,321.0,-404.0,1600,1600,1599,1599,0,0,0,0
1763969320.43353,0.0,0.0,32.64,154.82,-0.0629800483584404,0.21617212891578674,0.9742520451545715,-0.01166419219225645,-3.0912296772003174,-0.11789728701114655,2.7020208835601807,-0.0005725128576159477,-0.0007306523621082306,-0.000462779076769948,0.0,0.0,0.0,0.0,0.0,0.0,-0.5687857000000001,0.6080123,10.2577559,0.06981317007977318,0.08726646259971647,-0.03490658503988659,-714.0,321.0,-404.0,1600,1600,1599,1599,0,0,0,0
1763969320.4669275,0.0,0.0,32.64,154.82,-0.0629800483584404,0.21617212891578674,0.9742520451545715,-0.01166419219225645,-3.0912296772003174,-0.11789728701114655,2.7020208835601807,-0.0005725128576159477,-0.0007306523621082306,-0.000462779076769948,0.0,0.0,0.0,0.0,0.0,0.0,-0.5687857000000001,0.6080123,10.2577559,0.06981317007977318,0.08726646259971647,-0.03490658503988659,-714.0,321.0,-404.0,1600,1600,1599,1599,0,0,0,0
1763969320.5003376,0.0,0.0,32.64,154.82,-0.0629800483584404,0.21617212891578674,0.9742520451545715,-0.01166419219225645,-3.0912296772003174,-0.11789728701114655,2.7020208835601807,-0.0005725128576159477,-0.0007306523621082306,-0.000462779076769948,0.0,0.0,0.0,0.0,0.0,0.0,-0.5687857000000001,0.6276256,10.2577559,0.06981317007977318,0.05235987755982989,-0.05235987755982989,-719.0,316.0,-401.0,1600,1600,1599,1599,0,0,0,0
1763969320.5337496,0.0,0.0,32.64,154.82,-0.0629555881023407,0.21626940369606018,0.9742317199707031,-0.011693951673805714,-3.0912296772003174,-0.11789728701114655,2.7020208835601807,-0.0005725128576159477,-0.0007306523621082306,-0.000462779076769948,0.0,0.0,0.0,0.0,0.0,0.0,-0.5687857000000001,0.6276256,10.2577559,0.06981317007977318,0.05235987755982989,-0.05235987755982989,-719.0,316.0,-401.0,1600,1600,1599,1599,0,0,0,0
1763969320.5671716,0.0,0.0,32.41,154.81,-0.0629555881023407,0.21626940369606018,0.9742317199707031,-0.011693951673805714,-3.0912296772003174,-0.11789728701114655,2.7020208835601807,-0.0005725128576159477,-0.0007306523621082306,-0.000462779076769948,0.0,0.0,0.0,0.0,0.0,0.0,-0.5687857000000001,0.6276256,10.2577559,0.06981317007977318,0.05235987755982989,-0.05235987755982989,-719.0,316.0,-401.0,1600,1600,1599,1599,0,0,0,0
1763969320.600575,0.0,0.0,32.41,154.81,-0.0629555881023407,0.21626940369606018,0.9742317199707031,-0.011693951673805714,-3.0912413597106934,-0.11790347099304199,2.702038526535034,0.00021101953461766243,0.0007077394984662533,-6.017484702169895e-05,0.0,0.0,0.0,0.0,0.0,0.0,-0.5687857000000001,0.6276256,10.2577559,0.06981317007977318,0.05235987755982989,-0.05235987755982989,-719.0,316.0,-401.0,1600,1600,1599,1599,0,0,0,0
1763969320.6339774,0.0,0.0,32.41,154.81,-0.0629555881023407,0.21626940369606018,0.9742317199707031,-0.011693951673805714,-3.0912413597106934,-0.11790347099304199,2.702038526535034,0.00021101953461766243,0.0007077394984662533,-6.017484702169895e-05,0.0,0.0,0.0,0.0,0.0,0.0,-0.5687857000000001,0.6276256,10.2577559,0.06981317007977318,0.05235987755982989,-0.05235987755982989,-719.0,316.0,-401.0,1600,1600,1599,1599,0,0,0,0
1763969320.6673772,0.0,0.0,32.41,154.81,-0.0629555881023407,0.21626940369606018,0.9742317199707031,-0.011693951673805714,-3.0912413597106934,-0.11790347099304199,2.702038526535034,0.00021101953461766243,0.0007077394984662533,-6.017484702169895e-05,0.0,0.0,0.0,0.0,0.0,0.0,-0.55897905,0.61781895,10.2577559,0.08726646259971647,0.08726646259971647,-0.05235987755982989,-713.0,319.0,-405.0,1600,1600,1599,1599,0,0,0,0
1763969320.7007813,0.0,0.0,32.41,154.81,-0.06295721977949142,0.2162611335515976,0.9742334485054016,-0.011688095517456532,-3.0912413597106934,-0.11790347099304199,2.702038526535034,0.00021101953461766243,0.0007077394984662533,-6.017484702169895e-05,0.0,0.0,0.0,0.0,0.0,0.0,-0.55897905,0.61781895,10.2577559,0.08726646259971647,0.08726646259971647,-0.05235987755982989,-713.0,319.0,-405.0,1600,1600,1599,1599,0,0,0,0
1763969320.7341812,0.0,0.0,32.63,154.81,-0.06295721977949142,0.2162611335515976,0.9742334485054016,-0.011688095517456532,-3.0912413597106934,-0.11790347099304199,2.702038526535034,0.00021101953461766243,0.0007077394984662533,-6.017484702169895e-05,0.0,0.0,0.0,0.0,0.0,0.0,-0.55897905,0.61781895,10.2577559,0.08726646259971647,0.08726646259971647,-0.05235987755982989,-713.0,319.0,-405.0,1600,1600,1599,1599,0,0,0,0
1763969320.7675776,0.0,0.0,32.63,154.81,-0.06295721977949142,0.2162611335515976,0.9742334485054016,-0.011688095517456532,-3.091254711151123,-0.11787896603345871,2.702024221420288,-0.0016101929359138012,-0.0009527567308396101,0.0015914080431684852,0.0,0.0,0.0,0.0,0.0,0.0,-0.55897905,0.61781895,10.2577559,0.08726646259971647,0.08726646259971647,-0.05235987755982989,-713.0,319.0,-405.0,1600,1600,1599,1599,0,0,0,0
1763969320.8009846,0.0,0.0,32.63,154.81,-0.06294392794370651,0.21626903116703033,0.9742326140403748,-0.011683807708323002,-3.091254711151123,-0.11787896603345871,2.702024221420288,-0.0016101929359138012,-0.0009527567308396101,0.0015914080431684852,0.0,0.0,0.0,0.0,0.0,0.0,-0.55897905,0.61781895,10.2577559,0.08726646259971647,0.08726646259971647,-0.05235987755982989,-713.0,319.0,-405.0,1600,1600,1599,1599,0,0,0,0
1763969320.8343883,0.0,0.0,32.63,154.81,-0.06294392794370651,0.21626903116703033,0.9742326140403748,-0.011683807708323002,-3.091254711151123,-0.11787896603345871,2.702024221420288,-0.0016101929359138012,-0.0009527567308396101,0.0015914080431684852,0.0,0.0,0.0,0.0,0.0,0.0,-0.55897905,0.61781895,10.2577559,0.08726646259971647,0.08726646259971647,-0.05235987755982989,-713.0,319.0,-405.0,1600,1600,1599,1599,0,0,0,0
1763969320.867785,0.0,0.0,32.63,154.81,-0.06294392794370651,0.21626903116703033,0.9742326140403748,-0.011683807708323002,-3.091254711151123,-0.11787896603345871,2.702024221420288,-0.0016101929359138012,-0.0009527567308396101,0.0015914080431684852,0.0,0.0,0.0,0.0,0.0,0.0,-0.55897905,0.61781895,10.2577559,0.08726646259971647,0.08726646259971647,-0.05235987755982989,-713.0,319.0,-405.0,1600,1600,1599,1599,0,0,0,0
1763969320.901182,0.0,0.0,32.63,154.81,-0.06294392794370651,0.21626903116703033,0.9742326140403748,-0.011683807708323002,-3.091254711151123,-0.11787896603345871,2.702024221420288,-0.0016101929359138012,-0.0009527567308396101,0.0015914080431684852,0.0,0.0,0.0,0.0,0.0,0.0,-0.55897905,0.61781895,10.2577559,0.08726646259971647,0.08726646259971647,-0.05235987755982989,-713.0,319.0,-405.0,1600,1600,1599,1599,0,0,0,0
1763969320.9345775,0.0,0.0,32.63,154.81,-0.06294392794370651,0.21626903116703033,0.9742326140403748,-0.011683807708323002,-3.091254711151123,-0.11787896603345871,2.702024221420288,-0.0016101929359138012,-0.0009527567308396101,0.0015914080431684852,0.0,0.0,0.0,0.0,0.0,0.0,-0.55897905,0.61781895,10.2577559,0.05235987755982989,0.05235987755982989,-0.017453292519943295,-713.0,319.0,-405.0,1600,1600,1599,1599,0,0,0,0
1763969320.9679933,0.0,0.0,32.63,154.81,-0.06294392794370651,0.21626903116703033,0.9742326140403748,-0.011683807708323002,-3.091252088546753,-0.11789292842149734,2.702014207839966,0.000549796037375927,0.0002790400758385658,0.0006431152578443289,0.0,0.0,0.0,0.0,0.0,0.0,-0.55897905,0.61781895,10.2577559,0.05235987755982989,0.05235987755982989,-0.017453292519943295,-713.0,319.0,-405.0,1600,1600,1599,1599,0,0,0,0
1763969321.0014257,0.0,0.0,32.63,154.81,-0.06294392794370651,0.21626903116703033,0.9742326140403748,-0.011683807708323002,-3.091252088546753,-0.11789292842149734,2.702014207839966,0.000549796037375927,0.0002790400758385658,0.0006431152578443289,0.0,0.0,0.0,0.0,0.0,0.0,-0.55897905,0.61781895,10.2577559,0.05235987755982989,0.05235987755982989,-0.017453292519943295,-713.0,319.0,-405.0,1600,1600,1599,1599,0,0,0,0
1763969321.0348456,0.0,0.0,32.63,154.81,-0.06294392794370651,0.21626903116703033,0.9742326140403748,-0.011683807708323002,-3.091252088546753,-0.11789292842149734,2.702014207839966,0.000549796037375927,0.0002790400758385658,0.0006431152578443289,0.0,0.0,0.0,0.0,0.0,0.0,-0.55897905,0.61781895,10.2577559,0.05235987755982989,0.05235987755982989,-0.017453292519943295,-713.0,319.0,-405.0,1600,1600,1599,1599,0,0,0,0
1763969321.0682485,0.0,0.0,32.63,154.81,-0.06294392794370651,0.21626903116703033,0.9742326140403748,-0.011683807708323002,-3.091252088546753,-0.11789292842149734,2.702014207839966,0.000549796037375927,0.0002790400758385658,0.0006431152578443289,0.0,0.0,0.0,0.0,0.0,0.0,-0.55897905,0.61781895,10.2577559,0.05235987755982989,0.05235987755982989,-0.017453292519943295,-713.0,319.0,-405.0,1600,1600,1599,1599,0,0,0,0
1763969321.1016545,0.0,0.0,32.63,154.81,-0.06294392794370651,0.21626903116703033,0.9742326140403748,-0.011683807708323002,-3.091252088546753,-0.11789292842149734,2.702014207839966,0.000549796037375927,0.0002790400758385658,0.0006431152578443289,0.0,0.0,0.0,0.0,0.0,0.0,-0.55897905,0.61781895,10.24794925,0.10471975511965978,0.06981317007977318,-0.03490658503988659,-713.0,319.0,-405.0,1600,1600,1599,1599,0,0,0,0
1763969321.1350534,0.0,0.0,32.63,154.81,-0.06294392794370651,0.21626903116703033,0.9742326140403748,-0.011683807708323002,-3.0912957191467285,-0.11787889152765274,2.702054500579834,0.00025277119129896164,0.00010046781972050667,0.0003958786837756634,0.0,0.0,0.0,0.0,0.0,0.0,-0.55897905,0.61781895,10.24794925,0.10471975511965978,0.06981317007977318,-0.03490658503988659,-713.0,319.0,-405.0,1600,1600,1599,1599,0,0,0,0
1763969321.1684515,0.0,0.0,32.63,154.81,-0.06294392794370651,0.21626903116703033,0.9742326140403748,-0.011683807708323002,-3.0912957191467285,-0.11787889152765274,2.702054500579834,0.00025277119129896164,0.00010046781972050667,0.0003958786837756634,0.0,0.0,0.0,0.0,0.0,0.0,-0.55897905,0.61781895,10.24794925,0.10471975511965978,0.06981317007977318,-0.03490658503988659,-713.0,319.0,-405.0,1600,1600,1599,1599,0,0,0,0
1763969321.2018578,0.0,0.0,32.63,154.81,-0.06293929368257523,0.2162555456161499,0.9742361903190613,-0.01166482549160719,-3.0912957191467285,-0.11787889152765274,2.702054500579834,0.00025277119129896164,0.00010046781972050667,0.0003958786837756634,0.0,0.0,0.0,0.0,0.0,0.0,-0.55897905,0.61781895,10.24794925,0.10471975511965978,0.06981317007977318,-0.03490658503988659,-713.0,319.0,-405.0,1600,1600,1599,1599,0,0,0,0
1763969321.2352588,0.0,0.0,32.63,154.81,-0.06293929368257523,0.2162555456161499,0.9742361903190613,-0.01166482549160719,-3.0912957191467285,-0.11787889152765274,2.702054500579834,0.00025277119129896164,0.00010046781972050667,0.0003958786837756634,0.0,0.0,0.0,0.0,0.0,0.0,-0.5687857000000001,0.61781895,10.2577559,0.08726646259971647,0.06981317007977318,-0.03490658503988659,-722.0,320.0,-406.0,1600,1600,1599,1599,0,0,0,0
1763969321.268667,0.0,0.0,32.44,154.81,-0.06293929368257523,0.2162555456161499,0.9742361903190613,-0.01166482549160719,-3.0912957191467285,-0.11787889152765274,2.702054500579834,0.00025277119129896164,0.00010046781972050667,0.0003958786837756634,0.0,0.0,0.0,0.0,0.0,0.0,-0.5687857000000001,0.61781895,10.2577559,0.08726646259971647,0.06981317007977318,-0.03490658503988659,-722.0,320.0,-406.0,1600,1600,1599,1599,0,0,0,0
1763969321.3020751,0.0,0.0,32.44,154.81,-0.06293929368257523,0.2162555456161499,0.9742361903190613,-0.01166482549160719,-3.0913119316101074,-0.11785216629505157,2.702066659927368,0.0007745865732431412,-0.0009703163523226976,0.001075677340850234,0.0,0.0,0.0,0.0,0.0,0.0,-0.5687857000000001,0.61781895,10.2577559,0.08726646259971647,0.06981317007977318,-0.03490658503988659,-722.0,320.0,-406.0,1600,1600,1599,1599,0,0,0,0
1763969321.3354836,0.0,0.0,32.44,154.81,-0.06292447447776794,0.21625058352947235,0.9742382764816284,-0.011660268530249596,-3.0913119316101074,-0.11785216629505157,2.702066659927368,0.0007745865732431412,-0.0009703163523226976,0.001075677340850234,0.0,0.0,0.0,0.0,0.0,0.0,-0.5687857000000001,0.61781895,10.2577559,0.08726646259971647,0.06981317007977318,-0.03490658503988659,-722.0,320.0,-406.0,1600,1600,1599,1599,0,0,0,0
1763969321.3688903,0.0,0.0,32.44,154.81,-0.06292447447776794,0.21625058352947235,0.9742382764816284,-0.011660268530249596,-3.0913119316101074,-0.11785216629505157,2.702066659927368,0.0007745865732431412,-0.0009703163523226976,0.001075677340850234,0.0,0.0,0.0,0.0,0.0,0.0,-0.5687857000000001,0.61781895,10.2577559,0.08726646259971647,0.06981317007977318,-0.03490658503988659,-722.0,320.0,-406.0,1600,1600,1599,1599,0,0,0,0
1763969321.402311,0.0,0.0,32.44,154.81,-0.06292447447776794,0.21625058352947235,0.9742382764816284,-0.011660268530249596,-3.0913119316101074,-0.11785216629505157,2.702066659927368,0.0007745865732431412,-0.0009703163523226976,0.001075677340850234,0.0,0.0,0.0,0.0,0.0,0.0,-0.5687857000000001,0.61781895,10.2577559,0.08726646259971647,0.06981317007977318,-0.03490658503988659,-722.0,320.0,-406.0,1600,1600,1599,1599,0,0,0,0
1763969321.4357166,0.0,0.0,32.44,154.81,-0.06292447447776794,0.21625058352947235,0.9742382764816284,-0.011660268530249596,-3.0913119316101074,-0.11785216629505157,2.702066659927368,0.0007745865732431412,-0.0009703163523226976,0.001075677340850234,0.0,0.0,0.0,0.0,0.0,0.0,-0.57859235,0.61781895,10.2577559,0.10471975511965978,0.06981317007977318,-0.06981317007977318,-722.0,320.0,-406.0,1600,1600,1599,1599,0,0,0,0
1763969321.469114,0.0,0.0,32.44,154.81,-0.06292447447776794,0.21625058352947235,0.9742382764816284,-0.011660268530249596,-3.091269016265869,-0.11787395179271698,2.7020487785339355,-0.00019481778144836426,0.0005732760764658451,0.0008246568031609058,0.0,0.0,0.0,0.0,0.0,0.0,-0.57859235,0.61781895,10.2577559,0.10471975511965978,0.06981317007977318,-0.06981317007977318,-722.0,320.0,-406.0,1600,1600,1599,1599,0,0,0,0
1763969321.5025125,0.0,0.0,32.69,154.81,-0.06292447447776794,0.21625058352947235,0.9742382764816284,-0.011660268530249596,-3.091269016265869,-0.11787395179271698,2.7020487785339355,-0.00019481778144836426,0.0005732760764658451,0.0008246568031609058,0.0,0.0,0.0,0.0,0.0,0.0,-0.57859235,0.61781895,10.2577559,0.10471975511965978,0.06981317007977318,-0.06981317007977318,-722.0,320.0,-406.0,1600,1600,1599,1599,0,0,0,0
1763969321.5359056,0.0,0.0,32.69,154.81,-0.06292447447776794,0.21625058352947235,0.9742382764816284,-0.011660268530249596,-3.091269016265869,-0.11787395179271698,2.7020487785339355,-0.00019481778144836426,0.0005732760764658451,0.0008246568031609058,0.0,0.0,0.0,0.0,0.0,0.0,-0.57859235,0.61781895,10.2577559,0.10471975511965978,0.06981317007977318,-0.06981317007977318,-722.0,320.0,-406.0,1600,1600,1599,1599,0,0,0,0
1763969321.569317,0.0,0.0,32.69,154.81,-0.06292447447776794,0.21625058352947235,0.9742382764816284,-0.011660268530249596,-3.091269016265869,-0.11787395179271698,2.7020487785339355,-0.00019481778144836426,0.0005732760764658451,0.0008246568031609058,0.0,0.0,0.0,0.0,0.0,0.0,-0.57859235,0.61781895,10.2577559,0.10471975511965978,0.06981317007977318,-0.06981317007977318,-722.0,320.0,-406.0,1600,1600,1599,1599,0,0,0,0
1763969321.602728,0.0,0.0,32.69,154.81,-0.06292447447776794,0.21625058352947235,0.9742382764816284,-0.011660268530249596,-3.091269016265869,-0.11787395179271698,2.7020487785339355,-0.00019481778144836426,0.0005732760764658451,0.0008246568031609058,0.0,0.0,0.0,0.0,0.0,0.0,-0.5687857000000001,0.61781895,10.2577559,0.08726646259971647,0.08726646259971647,-0.03490658503988659,-714.0,323.0,-400.0,1600,1600,1599,1599,0,0,0,0
1763969321.6361353,0.0,0.0,32.69,154.81,-0.06292447447776794,0.21625058352947235,0.9742382764816284,-0.011660268530249596,-3.091252565383911,-0.11787822097539902,2.702033758163452,0.0007135337218642235,0.0004947353154420853,-1.2718606740236282e-05,0.0,0.0,0.0,0.0,0.0,0.0,-0.5687857000000001,0.61781895,10.2577559,0.08726646259971647,0.08726646259971647,-0.03490658503988659,-714.0,323.0,-400.0,1600,1600,1599,1599,0,0,0,0
1763969321.6695414,0.0,0.0,32.69,154.81,-0.06294375658035278,0.21626432240009308,0.9742337465286255,-0.011685283854603767,-3.091252565383911,-0.11787822097539902,2.702033758163452,0.0007135337218642235,0.0004947353154420853,-1.2718606740236282e-05,0.0,0.0,0.0,0.0,0.0,0.0,-0.5687857000000001,0.61781895,10.2577559,0.08726646259971647,0.08726646259971647,-0.03490658503988659,-714.0,323.0,-400.0,1600,1600,1599,1599,0,0,0,0
1763969321.702955,0.0,0.0,32.69,154.81,-0.06294375658035278,0.21626432240009308,0.9742337465286255,-0.011685283854603767,-3.091252565383911,-0.11787822097539902,2.702033758163452,0.0007135337218642235,0.0004947353154420853,-1.2718606740236282e-05,0.0,0.0,0.0,0.0,0.0,0.0,-0.5687857000000001,0.61781895,10.2577559,0.08726646259971647,0.08726646259971647,-0.03490658503988659,-714.0,323.0,-400.0,1600,1600,1599,1599,0,0,0,0
1763969321.7363765,0.0,0.0,32.69,154.81,-0.06294375658035278,0.21626432240009308,0.9742337465286255,-0.011685283854603767,-3.091252565383911,-0.11787822097539902,2.702033758163452,0.0007135337218642235,0.0004947353154420853,-1.2718606740236282e-05,0.0,0.0,0.0,0.0,0.0,0.0,-0.5687857000000001,0.61781895,10.2577559,0.08726646259971647,0.08726646259971647,-0.03490658503988659,-714.0,323.0,-400.0,1600,1600,1599,1599,0,0,0,0
1763969321.7697864,0.0,0.0,32.69,154.81,-0.06294375658035278,0.21626432240009308,0.9742337465286255,-0.011685283854603767,-3.091252565383911,-0.11787822097539902,2.702033758163452,0.0007135337218642235,0.0004947353154420853,-1.2718606740236282e-05,0.0,0.0,0.0,0.0,0.0,0.0,-0.5687857000000001,0.61781895,10.2577559,0.08726646259971647,0.08726646259971647,-0.03490658503988659,-714.0,323.0,-400.0,1600,1600,1599,1599,0,0,0,0
1763969321.8031917,0.0,0.0,32.69,154.81,-0.06294375658035278,0.21626432240009308,0.9742337465286255,-0.011685283854603767,-3.091252565383911,-0.11787822097539902,2.702033758163452,0.0007135337218642235,0.0004947353154420853,-1.2718606740236282e-05,0.0,0.0,0.0,0.0,0.0,0.0,-0.5687857000000001,0.61781895,10.2577559,0.10471975511965978,0.08726646259971647,-0.05235987755982989,-714.0,323.0,-400.0,1600,1600,1599,1599,0,0,0,0
1763969321.8365974,0.0,0.0,32.69,154.81,-0.06294375658035278,0.21626432240009308,0.9742337465286255,-0.011685283854603767,-3.091268301010132,-0.11785717308521271,2.702012538909912,-0.00029692985117435455,-0.0011154639068990946,0.0009718695655465126,0.0,0.0,0.0,0.0,0.0,0.0,-0.5687857000000001,0.61781895,10.2577559,0.10471975511965978,0.08726646259971647,-0.05235987755982989,-714.0,323.0,-400.0,1600,1600,1599,1599,0,0,0,0
1763969321.8699934,0.0,0.0,32.69,154.81,-0.06293191760778427,0.21627551317214966,0.974232017993927,-0.011679179035127163,-3.091268301010132,-0.11785717308521271,2.702012538909912,-0.00029692985117435455,-0.0011154639068990946,0.0009718695655465126,0.0,0.0,0.0,0.0,0.0,0.0,-0.5687857000000001,0.61781895,10.2577559,0.10471975511965978,0.08726646259971647,-0.05235987755982989,-714.0,323.0,-400.0,1600,1600,1599,1599,0,0,0,0
1763969321.903389,0.0,0.0,32.69,154.81,-0.06293191760778427,0.21627551317214966,0.974232017993927,-0.011679179035127163,-3.091268301010132,-0.11785717308521271,2.702012538909912,-0.00029692985117435455,-0.0011154639068990946,0.0009718695655465126,0.0,0.0,0.0,0.0,0.0,0.0,-0.5687857000000001,0.61781895,10.2577559,0.10471975511965978,0.08726646259971647,-0.05235987755982989,-714.0,323.0,-400.0,1600,1600,1599,1599,0,0,0,0
1763969321.9367833,0.0,0.0,32.42,154.8,-0.06293191760778427,0.21627551317214966,0.974232017993927,-0.011679179035127163,-3.091268301010132,-0.11785717308521271,2.702012538909912,-0.00029692985117435455,-0.0011154639068990946,0.0009718695655465126,0.0,0.0,0.0,0.0,0.0,0.0,-0.5687857000000001,0.61781895,10.2577559,0.10471975511965978,0.08726646259971647,-0.05235987755982989,-714.0,323.0,-400.0,1600,1600,1599,1599,0,0,0,0
1763969321.9701908,0.0,0.0,32.42,154.8,-0.06293191760778427,0.21627551317214966,0.974232017993927,-0.011679179035127163,-3.091303825378418,-0.11779097467660904,2.7018556594848633,-0.0005101836286485195,-0.0013938923366367817,-0.001096990192309022,0.0,0.0,0.0,0.0,0.0,0.0,-0.5687857000000001,0.61781895,10.2577559,0.10471975511965978,0.08726646259971647,-0.05235987755982989,-714.0,323.0,-400.0,1600,1600,1599,1599,0,0,0,0
1763969322.0036044,0.0,0.0,32.42,154.8,-0.06289676576852798,0.21635419130325317,0.9742170572280884,-0.011664197780191898,-3.091303825378418,-0.11779097467660904,2.7018556594848633,-0.0005101836286485195,-0.0013938923366367817,-0.001096990192309022,0.0,0.0,0.0,0.0,0.0,0.0,-0.5687857000000001,0.61781895,10.2577559,0.10471975511965978,0.08726646259971647,-0.05235987755982989,-714.0,323.0,-400.0,1600,1600,1599,1599,0,0,0,0
1763969322.0370126,0.0,0.0,32.42,154.8,-0.06289676576852798,0.21635419130325317,0.9742170572280884,-0.011664197780191898,-3.091303825378418,-0.11779097467660904,2.7018556594848633,-0.0005101836286485195,-0.0013938923366367817,-0.001096990192309022,0.0,0.0,0.0,0.0,0.0,0.0,-0.5687857000000001,0.61781895,10.2577559,0.10471975511965978,0.08726646259971647,-0.05235987755982989,-714.0,323.0,-400.0,1600,1600,1599,1599,0,0,0,0
1763969322.070418,0.0,0.0,32.42,154.8,-0.06289676576852798,0.21635419130325317,0.9742170572280884,-0.011664197780191898,-3.091303825378418,-0.11779097467660904,2.7018556594848633,-0.0005101836286485195,-0.0013938923366367817,-0.001096990192309022,0.0,0.0,0.0,0.0,0.0,0.0,-0.5687857000000001,0.61781895,10.2577559,0.10471975511965978,0.08726646259971647,-0.05235987755982989,-714.0,323.0,-400.0,1600,1600,1599,1599,0,0,0,0
1763969322.1038175,0.0,0.0,32.42,154.8,-0.06289676576852798,0.21635419130325317,0.9742170572280884,-0.011664197780191898,-3.091303825378418,-0.11779097467660904,2.7018556594848633,-0.0005101836286485195,-0.0013938923366367817,-0.001096990192309022,0.0,0.0,0.0,0.0,0.0,0.0,-0.5687857000000001,0.61781895,10.2577559,0.10471975511965978,0.08726646259971647,-0.05235987755982989,-714.0,323.0,-400.0,1600,1600,1599,1599,0,0,0,0
1763969322.1372118,0.0,0.0,32.42,154.8,-0.06289676576852798,0.21635419130325317,0.9742170572280884,-0.011664197780191898,-3.091303825378418,-0.11779097467660904,2.7018556594848633,-0.0005101836286485195,-0.0013938923366367817,-0.001096990192309022,0.0,0.0,0.0,0.0,0.0,0.0,-0.55897905,0.6276256,10.2577559,0.08726646259971647,0.05235987755982989,-0.06981317007977318,-718.0,319.0,-403.0,1600,1600,1599,1599,0,0,0,0
1763969322.1706073,0.0,0.0,32.42,154.8,-0.06289676576852798,0.21635419130325317,0.9742170572280884,-0.011664197780191898,-3.0913069248199463,-0.11780183762311935,2.701845169067383,-0.001202080398797989,-0.0006940080784261227,0.0011821885127574205,0.0,0.0,0.0,0.0,0.0,0.0,-0.55897905,0.6276256,10.2577559,0.08726646259971647,0.05235987755982989,-0.06981317007977318,-718.0,319.0,-403.0,1600,1600,1599,1599,0,0,0,0
1763969322.204014,0.0,0.0,32.42,154.8,-0.0629018023610115,0.2163592278957367,0.9742156267166138,-0.01166125200688839,-3.0913069248199463,-0.11780183762311935,2.701845169067383,-0.001202080398797989,-0.0006940080784261227,0.0011821885127574205,0.0,0.0,0.0,0.0,0.0,0.0,-0.55897905,0.6276256,10.2577559,0.08726646259971647,0.05235987755982989,-0.06981317007977318,-718.0,319.0,-403.0,1600,1600,1599,1599,0,0,0,0
1763969322.2374163,0.0,0.0,32.42,154.8,-0.0629018023610115,0.2163592278957367,0.9742156267166138,-0.01166125200688839,-3.0913069248199463,-0.11780183762311935,2.701845169067383,-0.001202080398797989,-0.0006940080784261227,0.0011821885127574205,0.0,0.0,0.0,0.0,0.0,0.0,-0.55897905,0.6276256,10.2577559,0.08726646259971647,0.05235987755982989,-0.06981317007977318,-718.0,319.0,-403.0,1600,1600,1599,1599,0,0,0,0
1763969322.2708228,0.0,0.0,32.42,154.8,-0.0629018023610115,0.2163592278957367,0.9742156267166138,-0.01166125200688839,-3.0913069248199463,-0.11780183762311935,2.701845169067383,-0.001202080398797989,-0.0006940080784261227,0.0011821885127574205,0.0,0.0,0.0,0.0,0.0,0.0,-0.55897905,0.6276256,10.2577559,0.08726646259971647,0.05235987755982989,-0.06981317007977318,-718.0,319.0,-403.0,1600,1600,1599,1599,0,0,0,0
1763969322.3042264,0.0,0.0,32.42,154.8,-0.0629018023610115,0.2163592278957367,0.9742156267166138,-0.01166125200688839,-3.0913069248199463,-0.11780183762311935,2.701845169067383,-0.001202080398797989,-0.0006940080784261227,0.0011821885127574205,0.0,0.0,0.0,0.0,0.0,0.0,-0.5687857000000001,0.61781895,10.2577559,0.06981317007977318,0.05235987755982989,-0.03490658503988659,-718.0,319.0,-403.0,1600,1600,1599,1599,0,0,0,0
1763969322.3376758,0.0,0.0,32.42,154.8,-0.0629018247127533,0.21634908020496368,0.9742178916931152,-0.011662389151751995,-3.0913069248199463,-0.11780183762311935,2.701845169067383,-0.001202080398797989,-0.0006940080784261227,0.0011821885127574205,0.0,0.0,0.0,0.0,0.0,0.0,-0.5687857000000001,0.61781895,10.2577559,0.06981317007977318,0.05235987755982989,-0.03490658503988659,-718.0,319.0,-403.0,1600,1600,1599,1599,0,0,0,0
1763969322.3710625,0.0,0.0,32.51,154.8,-0.0629018247127533,0.21634908020496368,0.9742178916931152,-0.011662389151751995,-3.0913069248199463,-0.11780183762311935,2.701845169067383,-0.001202080398797989,-0.0006940080784261227,0.0011821885127574205,0.0,0.0,0.0,0.0,0.0,0.0,-0.5687857000000001,0.61781895,10.2577559,0.06981317007977318,0.05235987755982989,-0.03490658503988659,-718.0,319.0,-403.0,1600,1600,1599,1599,0,0,0,0
1763969322.4044864,0.0,0.0,32.51,154.8,-0.0629018247127533,0.21634908020496368,0.9742178916931152,-0.011662389151751995,-3.0913069248199463,-0.11780183762311935,2.701845169067383,-0.001202080398797989,-0.0006940080784261227,0.0011821885127574205,0.0,0.0,0.0,0.0,0.0,0.0,-0.5687857000000001,0.61781895,10.2577559,0.06981317007977318,0.05235987755982989,-0.03490658503988659,-718.0,319.0,-403.0,1600,1600,1599,1599,0,0,0,0
1763969322.4378922,0.0,0.0,32.51,154.8,-0.0629018247127533,0.21634908020496368,0.9742178916931152,-0.011662389151751995,-3.0913069248199463,-0.11780183762311935,2.701845169067383,-0.001202080398797989,-0.0006940080784261227,0.0011821885127574205,0.0,0.0,0.0,0.0,0.0,0.0,-0.57859235,0.6080123,10.24794925,0.06981317007977318,0.06981317007977318,-0.05235987755982989,-716.0,316.0,-401.0,1600,1600,1599,1599,0,0,0,0
1763969322.4748335,0.0,0.0,32.51,154.8,-0.0629018247127533,0.21634908020496368,0.9742178916931152,-0.011662389151751995,-3.0913150310516357,-0.1178094670176506,2.701866626739502,-0.001048982609063387,0.00021631410345435143,0.0009446362964808941,0.0,0.0,0.0,0.0,0.0,0.0,-0.57859235,0.6080123,10.24794925,0.06981317007977318,0.06981317007977318,-0.05235987755982989,-716.0,316.0,-401.0,1600,1600,1599,1599,0,0,0,0
1763969322.5082636,0.0,0.0,32.51,154.8,-0.06290449947118759,0.21634893119335175,0.9742177128791809,-0.01165704894810915,-3.0913150310516357,-0.1178094670176506,2.701866626739502,-0.001048982609063387,0.00021631410345435143,0.0009446362964808941,0.0,0.0,0.0,0.0,0.0,0.0,-0.57859235,0.6080123,10.24794925,0.06981317007977318,0.06981317007977318,-0.05235987755982989,-716.0,316.0,-401.0,1600,1600,1599,1599,0,0,0,0
1763969322.5417073,0.0,0.0,32.51,154.8,-0.06290449947118759,0.21634893119335175,0.9742177128791809,-0.01165704894810915,-3.0913150310516357,-0.1178094670176506,2.701866626739502,-0.001048982609063387,0.00021631410345435143,0.0009446362964808941,0.0,0.0,0.0,0.0,0.0,0.0,-0.57859235,0.6080123,10.24794925,0.06981317007977318,0.06981317007977318,-0.05235987755982989,-716.0,316.0,-401.0,1600,1600,1599,1599,0,0,0,0
1763969322.5751345,0.0,0.0,32.51,154.8,-0.06290449947118759,0.21634893119335175,0.9742177128791809,-0.01165704894810915,-3.0913150310516357,-0.1178094670176506,2.701866626739502,-0.001048982609063387,0.00021631410345435143,0.0009446362964808941,0.0,0.0,0.0,0.0,0.0,0.0,-0.57859235,0.6080123,10.24794925,0.06981317007977318,0.06981317007977318,-0.05235987755982989,-716.0,316.0,-401.0,1600,1600,1599,1599,0,0,0,0
1763969322.6086528,0.0,0.0,32.51,154.8,-0.06290449947118759,0.21634893119335175,0.9742177128791809,-0.01165704894810915,-3.0913150310516357,-0.1178094670176506,2.701866626739502,-0.001048982609063387,0.00021631410345435143,0.0009446362964808941,0.0,0.0,0.0,0.0,0.0,0.0,-0.57859235,0.6080123,10.24794925,0.06981317007977318,0.06981317007977318,-0.05235987755982989,-716.0,316.0,-401.0,1600,1600,1599,1599,0,0,0,0
1763969322.6421595,0.0,0.0,32.51,154.8,-0.06290449947118759,0.21634893119335175,0.9742177128791809,-0.01165704894810915,-3.0913150310516357,-0.1178094670176506,2.701866626739502,-0.001048982609063387,0.00021631410345435143,0.0009446362964808941,0.0,0.0,0.0,0.0,0.0,0.0,-0.55897905,0.61781895,10.2577559,0.06981317007977318,0.06981317007977318,-0.03490658503988659,-716.0,316.0,-401.0,1600,1600,1599,1599,0,0,0,0
1763969322.6755753,0.0,0.0,32.51,154.8,-0.06290449947118759,0.21634893119335175,0.9742177128791809,-0.01165704894810915,-3.09132981300354,-0.11788788437843323,2.7019481658935547,0.0009704874828457832,0.00041977083310484886,-0.00029872707091271877,0.0,0.0,0.0,0.0,0.0,0.0,-0.55897905,0.61781895,10.2577559,0.06981317007977318,0.06981317007977318,-0.03490658503988659,-716.0,316.0,-401.0,1600,1600,1599,1599,0,0,0,0
1763969322.7089665,0.0,0.0,32.44,154.81,-0.06290449947118759,0.21634893119335175,0.9742177128791809,-0.01165704894810915,-3.09132981300354,-0.11788788437843323,2.7019481658935547,0.0009704874828457832,0.00041977083310484886,-0.00029872707091271877,0.0,0.0,0.0,0.0,0.0,0.0,-0.55897905,0.61781895,10.2577559,0.06981317007977318,0.06981317007977318,-0.03490658503988659,-716.0,316.0,-401.0,1600,1600,1599,1599,0,0,0,0
1763969322.7423573,0.0,0.0,32.44,154.81,-0.06290449947118759,0.21634893119335175,0.9742177128791809,-0.01165704894810915,-3.09132981300354,-0.11788788437843323,2.7019481658935547,0.0009704874828457832,0.00041977083310484886,-0.00029872707091271877,0.0,0.0,0.0,0.0,0.0,0.0,-0.55897905,0.61781895,10.2577559,0.06981317007977318,0.06981317007977318,-0.03490658503988659,-716.0,316.0,-401.0,1600,1600,1599,1599,0,0,0,0
1763969322.7757592,0.0,0.0,32.44,154.81,-0.06290449947118759,0.21634893119335175,0.9742177128791809,-0.01165704894810915,-3.09132981300354,-0.11788788437843323,2.7019481658935547,0.0009704874828457832,0.00041977083310484886,-0.00029872707091271877,0.0,0.0,0.0,0.0,0.0,0.0,-0.55897905,0.61781895,10.2577559,0.06981317007977318,0.06981317007977318,-0.03490658503988659,-716.0,316.0,-401.0,1600,1600,1599,1599,0,0,0,0
1763969322.8091547,0.0,0.0,32.44,154.81,-0.06294552236795425,0.21630533039569855,0.9742250442504883,-0.011640538461506367,-3.09132981300354,-0.11788788437843323,2.7019481658935547,0.0009704874828457832,0.00041977083310484886,-0.00029872707091271877,0.0,0.0,0.0,0.0,0.0,0.0,-0.55897905,0.61781895,10.2577559,0.06981317007977318,0.06981317007977318,-0.03490658503988659,-716.0,316.0,-401.0,1600,1600,1599,1599,0,0,0,0
1763969322.8425527,0.0,0.0,32.45,154.81,-0.06294552236795425,0.21630533039569855,0.9742250442504883,-0.011640538461506367,-3.09132981300354,-0.11788788437843323,2.7019481658935547,0.0009704874828457832,0.00041977083310484886,-0.00029872707091271877,0.0,0.0,0.0,0.0,0.0,0.0,-0.55897905,0.61781895,10.2577559,0.06981317007977318,0.06981317007977318,-0.03490658503988659,-716.0,316.0,-401.0,1600,1600,1599,1599,0,0,0,0
1763969322.8759544,0.0,0.0,32.45,154.81,-0.06294552236795425,0.21630533039569855,0.9742250442504883,-0.011640538461506367,-3.09132981300354,-0.11788788437843323,2.7019481658935547,0.0009704874828457832,0.00041977083310484886,-0.00029872707091271877,0.0,0.0,0.0,0.0,0.0,0.0,-0.55897905,0.61781895,10.2577559,0.06981317007977318,0.06981317007977318,-0.03490658503988659,-716.0,316.0,-401.0,1600,1600,1599,1599,0,0,0,0
1763969322.9093535,0.0,0.0,32.45,154.81,-0.06294552236795425,0.21630533039569855,0.9742250442504883,-0.011640538461506367,-3.09132981300354,-0.11788788437843323,2.7019481658935547,0.0009704874828457832,0.00041977083310484886,-0.00029872707091271877,0.0,0.0,0.0,0.0,0.0,0.0,-0.55897905,0.61781895,10.2577559,0.08726646259971647,0.06981317007977318,-0.05235987755982989,-715.0,315.0,-398.0,1600,1600,1599,1599,0,0,0,0
1763969322.9427571,0.0,0.0,32.45,154.81,-0.06294552236795425,0.21630533039569855,0.9742250442504883,-0.011640538461506367,-3.0913147926330566,-0.11790935695171356,2.701951026916504,6.55781477689743e-05,0.0022747702896595,0.0016963151283562183,0.0,0.0,0.0,0.0,0.0,0.0,-0.55897905,0.61781895,10.2577559,0.08726646259971647,0.06981317007977318,-0.05235987755982989,-715.0,315.0,-398.0,1600,1600,1599,1599,0,0,0,0
1763969322.9761481,0.0,0.0,32.45,154.81,-0.0629526674747467,0.21630598604679108,0.9742242693901062,-0.011648930609226227,-3.0913147926330566,-0.11790935695171356,2.701951026916504,6.55781477689743e-05,0.0022747702896595,0.0016963151283562183,0.0,0.0,0.0,0.0,0.0,0.0,-0.55897905,0.61781895,10.2577559,0.08726646259971647,0.06981317007977318,-0.05235987755982989,-715.0,315.0,-398.0,1600,1600,1599,1599,0,0,0,0
1763969323.0095377,0.0,0.0,32.45,154.81,-0.0629526674747467,0.21630598604679108,0.9742242693901062,-0.011648930609226227,-3.0913147926330566,-0.11790935695171356,2.701951026916504,6.55781477689743e-05,0.0022747702896595,0.0016963151283562183,0.0,0.0,0.0,0.0,0.0,0.0,-0.55897905,0.61781895,10.2577559,0.08726646259971647,0.06981317007977318,-0.05235987755982989,-715.0,315.0,-398.0,1600,1600,1599,1599,0,0,0,0
1763969323.042939,0.0,0.0,32.45,154.81,-0.0629526674747467,0.21630598604679108,0.9742242693901062,-0.011648930609226227,-3.0913147926330566,-0.11790935695171356,2.701951026916504,6.55781477689743e-05,0.0022747702896595,0.0016963151283562183,0.0,0.0,0.0,0.0,0.0,0.0,-0.55897905,0.61781895,10.2577559,0.08726646259971647,0.06981317007977318,-0.05235987755982989,-715.0,315.0,-398.0,1600,1600,1599,1599,0,0,0,0
1763969323.0763352,0.0,0.0,32.45,154.81,-0.0629526674747467,0.21630598604679108,0.9742242693901062,-0.011648930609226227,-3.0913147926330566,-0.11790935695171356,2.701951026916504,6.55781477689743e-05,0.0022747702896595,0.0016963151283562183,0.0,0.0,0.0,0.0,0.0,0.0,-0.55897905,0.61781895,10.2577559,0.08726646259971647,0.06981317007977318,-0.05235987755982989,-715.0,315.0,-398.0,1600,1600,1599,1599,0,0,0,0
1763969323.1097357,0.0,0.0,32.45,154.81,-0.0629526674747467,0.21630598604679108,0.9742242693901062,-0.011648930609226227,-3.0913147926330566,-0.11790935695171356,2.701951026916504,6.55781477689743e-05,0.0022747702896595,0.0016963151283562183,0.0,0.0,0.0,0.0,0.0,0.0,-0.5687857000000001,0.61781895,10.2577559,0.08726646259971647,0.10471975511965978,-0.017453292519943295,-715.0,315.0,-398.0,1600,1600,1599,1599,0,0,0,0
1763969323.143133,0.0,0.0,32.45,154.81,-0.0629526674747467,0.21630598604679108,0.9742242693901062,-0.011648930609226227,-3.0912973880767822,-0.11790675669908524,2.7019572257995605,-0.00019634421914815903,5.4900068789720535e-05,0.0010315324179828167,0.0,0.0,0.0,0.0,0.0,0.0,-0.5687857000000001,0.61781895,10.2577559,0.08726646259971647,0.10471975511965978,-0.017453292519943295,-715.0,315.0,-398.0,1600,1600,1599,1599,0,0,0,0
1763969323.1765265,0.0,0.0,32.45,154.81,-0.06295323371887207,0.21630240976810455,0.9742249250411987,-0.01165784616023302,-3.0912973880767822,-0.11790675669908524,2.7019572257995605,-0.00019634421914815903,5.4900068789720535e-05,0.0010315324179828167,0.0,0.0,0.0,0.0,0.0,0.0,-0.5687857000000001,0.61781895,10.2577559,0.08726646259971647,0.10471975511965978,-0.017453292519943295,-715.0,315.0,-398.0,1600,1600,1599,1599,0,0,0,0
1763969323.209916,0.0,0.0,32.45,154.81,-0.06295323371887207,0.21630240976810455,0.9742249250411987,-0.01165784616023302,-3.0912973880767822,-0.11790675669908524,2.7019572257995605,-0.00019634421914815903,5.4900068789720535e-05,0.0010315324179828167,0.0,0.0,0.0,0.0,0.0,0.0,-0.5687857000000001,0.61781895,10.2577559,0.08726646259971647,0.10471975511965978,-0.017453292519943295,-715.0,315.0,-398.0,1600,1600,1599,1599,0,0,0,0
1763969323.2433176,0.0,0.0,32.45,154.81,-0.06295323371887207,0.21630240976810455,0.9742249250411987,-0.01165784616023302,-3.0912973880767822,-0.11790675669908524,2.7019572257995605,-0.00019634421914815903,5.4900068789720535e-05,0.0010315324179828167,0.0,0.0,0.0,0.0,0.0,0.0,-0.5687857000000001,0.61781895,10.2577559,0.08726646259971647,0.10471975511965978,-0.017453292519943295,-715.0,315.0,-398.0,1600,1600,1599,1599,0,0,0,0
1763969323.27671,0.0,0.0,32.45,154.81,-0.06295323371887207,0.21630240976810455,0.9742249250411987,-0.01165784616023302,-3.0912973880767822,-0.11790675669908524,2.7019572257995605,-0.00019634421914815903,5.4900068789720535e-05,0.0010315324179828167,0.0,0.0,0.0,0.0,0.0,0.0,-0.5687857000000001,0.61781895,10.2577559,0.08726646259971647,0.06981317007977318,-0.03490658503988659,-715.0,315.0,-398.0,1600,1600,1599,1599,0,0,0,0
1763969323.3101027,0.0,0.0,32.45,154.81,-0.06295323371887207,0.21630240976810455,0.9742249250411987,-0.01165784616023302,-3.0912952423095703,-0.11790961772203445,2.7019472122192383,-0.001395456027239561,0.0006078570149838924,0.0016623951960355043,0.0,0.0,0.0,0.0,0.0,0.0,-0.5687857000000001,0.61781895,10.2577559,0.08726646259971647,0.06981317007977318,-0.03490658503988659,-715.0,315.0,-398.0,1600,1600,1599,1599,0,0,0,0
1763969323.3434937,0.0,0.0,32.45,154.81,-0.06295493245124817,0.216307133436203,0.974223792552948,-0.01165830809623003,-3.0912952423095703,-0.11790961772203445,2.7019472122192383,-0.001395456027239561,0.0006078570149838924,0.0016623951960355043,0.0,0.0,0.0,0.0,0.0,0.0,-0.5687857000000001,0.61781895,10.2577559,0.08726646259971647,0.06981317007977318,-0.03490658503988659,-715.0,315.0,-398.0,1600,1600,1599,1599,0,0,0,0
1763969323.3768833,0.0,0.0,32.37,154.81,-0.06295493245124817,0.216307133436203,0.974223792552948,-0.01165830809623003,-3.0912952423095703,-0.11790961772203445,2.7019472122192383,-0.001395456027239561,0.0006078570149838924,0.0016623951960355043,0.0,0.0,0.0,0.0,0.0,0.0,-0.5687857000000001,0.61781895,10.2577559,0.08726646259971647,0.06981317007977318,-0.03490658503988659,-715.0,315.0,-398.0,1600,1600,1599,1599,0,0,0,0
1763969323.410276,0.0,0.0,32.37,154.81,-0.06295493245124817,0.216307133436203,0.974223792552948,-0.01165830809623003,-3.0912952423095703,-0.11790961772203445,2.7019472122192383,-0.001395456027239561,0.0006078570149838924,0.0016623951960355043,0.0,0.0,0.0,0.0,0.0,0.0,-0.5687857000000001,0.61781895,10.2577559,0.08726646259971647,0.06981317007977318,-0.03490658503988659,-715.0,315.0,-398.0,1600,1600,1599,1599,0,0,0,0
1763969323.4436681,0.0,0.0,32.37,154.81,-0.06295493245124817,0.216307133436203,0.974223792552948,-0.01165830809623003,-3.0912952423095703,-0.11790961772203445,2.7019472122192383,-0.001395456027239561,0.0006078570149838924,0.0016623951960355043,0.0,0.0,0.0,0.0,0.0,0.0,-0.5687857000000001,0.61781895,10.24794925,0.06981317007977318,0.08726646259971647,-0.017453292519943295,-712.0,322.0,-405.0,1600,1600,1599,1599,0,0,0,0
1763969323.477067,0.0,0.0,32.37,154.81,-0.06299396604299545,0.21632321178913116,0.9742175340652466,-0.011674891225993633,-3.0912952423095703,-0.11790961772203445,2.7019472122192383,-0.001395456027239561,0.0006078570149838924,0.0016623951960355043,0.0,0.0,0.0,0.0,0.0,0.0,-0.5687857000000001,0.61781895,10.24794925,0.06981317007977318,0.08726646259971647,-0.017453292519943295,-712.0,322.0,-405.0,1600,1600,1599,1599,0,0,0,0
1763969323.5104675,0.0,0.0,32.67,154.8,-0.06299396604299545,0.21632321178913116,0.9742175340652466,-0.011674891225993633,-3.0912952423095703,-0.11790961772203445,2.7019472122192383,-0.001395456027239561,0.0006078570149838924,0.0016623951960355043,0.0,0.0,0.0,0.0,0.0,0.0,-0.5687857000000001,0.61781895,10.24794925,0.06981317007977318,0.08726646259971647,-0.017453292519943295,-712.0,322.0,-405.0,1600,1600,1599,1599,0,0,0,0
1763969323.5438592,0.0,0.0,32.49,154.8,-0.06299396604299545,0.21632321178913116,0.9742175340652466,-0.011674891225993633,-3.0912952423095703,-0.11790961772203445,2.7019472122192383,-0.001395456027239561,0.0006078570149838924,0.0016623951960355043,0.0,0.0,0.0,0.0,0.0,0.0,-0.5687857000000001,0.61781895,10.24794925,0.06981317007977318,0.08726646259971647,-0.017453292519943295,-712.0,322.0,-405.0,1600,1600,1599,1599,0,0,0,0
1763969323.577251,0.0,0.0,32.49,154.8,-0.06299396604299545,0.21632321178913116,0.9742175340652466,-0.011674891225993633,-3.0912952423095703,-0.11790961772203445,2.7019472122192383,-0.001395456027239561,0.0006078570149838924,0.0016623951960355043,0.0,0.0,0.0,0.0,0.0,0.0,-0.5687857000000001,0.61781895,10.24794925,0.06981317007977318,0.08726646259971647,-0.017453292519943295,-712.0,322.0,-405.0,1600,1600,1599,1599,0,0,0,0
1763969323.6106412,0.0,0.0,32.49,154.8,-0.06299396604299545,0.21632321178913116,0.9742175340652466,-0.011674891225993633,-3.0912952423095703,-0.11790961772203445,2.7019472122192383,-0.001395456027239561,0.0006078570149838924,0.0016623951960355043,0.0,0.0,0.0,0.0,0.0,0.0,-0.5687857000000001,0.61781895,10.2577559,0.08726646259971647,0.05235987755982989,-0.05235987755982989,-719.0,319.0,-402.0,1600,1600,1599,1599,0,0,0,0
1763969323.644033,0.0,0.0,32.49,154.8,-0.06299396604299545,0.21632321178913116,0.9742175340652466,-0.011674891225993633,-3.0912582874298096,-0.11797671020030975,2.701951742172241,0.0017119143158197403,-0.00033257249742746353,-0.0011167563498020172,0.0,0.0,0.0,0.0,0.0,0.0,-0.5687857000000001,0.61781895,10.2577559,0.08726646259971647,0.05235987755982989,-0.05235987755982989,-719.0,319.0,-402.0,1600,1600,1599,1599,0,0,0,0
1763969323.6774244,0.0,0.0,32.49,154.8,-0.06299155205488205,0.21630248427391052,0.9742223024368286,-0.011669103056192398,-3.0912582874298096,-0.11797671020030975,2.701951742172241,0.0017119143158197403,-0.00033257249742746353,-0.0011167563498020172,0.0,0.0,0.0,0.0,0.0,0.0,-0.5687857000000001,0.61781895,10.2577559,0.08726646259971647,0.05235987755982989,-0.05235987755982989,-719.0,319.0,-402.0,1600,1600,1599,1599,0,0,0,0
1763969323.710813,0.0,0.0,32.49,154.81,-0.06299155205488205,0.21630248427391052,0.9742223024368286,-0.011669103056192398,-3.0912582874298096,-0.11797671020030975,2.701951742172241,0.0017119143158197403,-0.00033257249742746353,-0.0011167563498020172,0.0,0.0,0.0,0.0,0.0,0.0,-0.5687857000000001,0.61781895,10.2577559,0.08726646259971647,0.05235987755982989,-0.05235987755982989,-719.0,319.0,-402.0,1600,1600,1599,1599,0,0,0,0
1763969323.7442036,0.0,0.0,32.49,154.81,-0.06299155205488205,0.21630248427391052,0.9742223024368286,-0.011669103056192398,-3.0912582874298096,-0.11797671020030975,2.701951742172241,0.0017119143158197403,-0.00033257249742746353,-0.0011167563498020172,0.0,0.0,0.0,0.0,0.0,0.0,-0.5687857000000001,0.61781895,10.2577559,0.08726646259971647,0.05235987755982989,-0.05235987755982989,-719.0,319.0,-402.0,1600,1600,1599,1599,0,0,0,0
1763969323.7776067,0.0,0.0,32.49,154.81,-0.06299155205488205,0.21630248427391052,0.9742223024368286,-0.011669103056192398,-3.0912582874298096,-0.11797671020030975,2.701951742172241,0.0017119143158197403,-0.00033257249742746353,-0.0011167563498020172,0.0,0.0,0.0,0.0,0.0,0.0,-0.57859235,0.61781895,10.2577559,0.12217304763960307,0.06981317007977318,-0.06981317007977318,-719.0,319.0,-402.0,1600,1600,1599,1599,0,0,0,0
1763969323.8109994,0.0,0.0,32.49,154.81,-0.06299155205488205,0.21630248427391052,0.9742223024368286,-0.011669103056192398,-3.0912692546844482,-0.1179843619465828,2.7019715309143066,-0.00028173625469207764,-0.000550292432308197,-0.0007657571695744991,0.0,0.0,0.0,0.0,0.0,0.0,-0.57859235,0.61781895,10.2577559,0.12217304763960307,0.06981317007977318,-0.06981317007977318,-719.0,319.0,-402.0,1600,1600,1599,1599,0,0,0,0
1763969323.8443918,0.0,0.0,32.49,154.81,-0.06299155205488205,0.21630248427391052,0.9742223024368286,-0.011669103056192398,-3.0912692546844482,-0.1179843619465828,2.7019715309143066,-0.00028173625469207764,-0.000550292432308197,-0.0007657571695744991,0.0,0.0,0.0,0.0,0.0,0.0,-0.57859235,0.61781895,10.2577559,0.12217304763960307,0.06981317007977318,-0.06981317007977318,-719.0,319.0,-402.0,1600,1600,1599,1599,0,0,0,0
1763969323.877793,0.0,0.0,32.49,154.81,-0.06299398839473724,0.2162930965423584,0.974224328994751,-0.011663578450679779,-3.0912692546844482,-0.1179843619465828,2.7019715309143066,-0.00028173625469207764,-0.000550292432308197,-0.0007657571695744991,0.0,0.0,0.0,0.0,0.0,0.0,-0.57859235,0.61781895,10.2577559,0.12217304763960307,0.06981317007977318,-0.06981317007977318,-719.0,319.0,-402.0,1600,1600,1599,1599,0,0,0,0
1763969323.9111836,0.0,0.0,32.49,154.81,-0.06299398839473724,0.2162930965423584,0.974224328994751,-0.011663578450679779,-3.0912692546844482,-0.1179843619465828,2.7019715309143066,-0.00028173625469207764,-0.000550292432308197,-0.0007657571695744991,0.0,0.0,0.0,0.0,0.0,0.0,-0.5687857000000001,0.61781895,10.267562550000001,0.08726646259971647,0.06981317007977318,-0.05235987755982989,-719.0,319.0,-402.0,1600,1600,1599,1599,0,0,0,0
1763969323.9445825,0.0,0.0,32.49,154.81,-0.06299398839473724,0.2162930965423584,0.974224328994751,-0.011663578450679779,-3.0912692546844482,-0.1179843619465828,2.7019715309143066,-0.00028173625469207764,-0.000550292432308197,-0.0007657571695744991,0.0,0.0,0.0,0.0,0.0,0.0,-0.5687857000000001,0.61781895,10.267562550000001,0.08726646259971647,0.06981317007977318,-0.05235987755982989,-719.0,319.0,-402.0,1600,1600,1599,1599,0,0,0,0
1763969323.977967,0.0,0.0,32.49,154.81,-0.06299398839473724,0.2162930965423584,0.974224328994751,-0.011663578450679779,-3.0912652015686035,-0.11799471825361252,2.7019879817962646,0.00039797089993953705,0.0008491226471960545,-0.0005296140443533659,0.0,0.0,0.0,0.0,0.0,0.0,-0.5687857000000001,0.61781895,10.267562550000001,0.08726646259971647,0.06981317007977318,-0.05235987755982989,-719.0,319.0,-402.0,1600,1600,1599,1599,0,0,0,0
1763969324.0113566,0.0,0.0,32.49,154.81,-0.06299937516450882,0.21628478169441223,0.9742258191108704,-0.011664945632219315,-3.0912652015686035,-0.11799471825361252,2.7019879817962646,0.00039797089993953705,0.0008491226471960545,-0.0005296140443533659,0.0,0.0,0.0,0.0,0.0,0.0,-0.5687857000000001,0.61781895,10.267562550000001,0.08726646259971647,0.06981317007977318,-0.05235987755982989,-719.0,319.0,-402.0,1600,1600,1599,1599,0,0,0,0
1763969324.0447543,0.0,0.0,32.38,154.81,-0.06299937516450882,0.21628478169441223,0.9742258191108704,-0.011664945632219315,-3.0912652015686035,-0.11799471825361252,2.7019879817962646,0.00039797089993953705,0.0008491226471960545,-0.0005296140443533659,0.0,0.0,0.0,0.0,0.0,0.0,-0.5687857000000001,0.61781895,10.267562550000001,0.08726646259971647,0.06981317007977318,-0.05235987755982989,-719.0,319.0,-402.0,1600,1600,1599,1599,0,0,0,0
1763969324.0781524,0.0,0.0,32.38,154.81,-0.06299937516450882,0.21628478169441223,0.9742258191108704,-0.011664945632219315,-3.09127140045166,-0.11798758059740067,2.7019991874694824,-0.0006810934282839298,-0.0004179864190518856,-0.0005432805046439171,0.0,0.0,0.0,0.0,0.0,0.0,-0.5687857000000001,0.61781895,10.267562550000001,0.08726646259971647,0.06981317007977318,-0.05235987755982989,-719.0,319.0,-402.0,1600,1600,1599,1599,0,0,0,0
1763969324.1115534,0.0,0.0,32.38,154.81,-0.06299513578414917,0.21627962589263916,0.974227249622345,-0.01166297122836113,-3.09127140045166,-0.11798758059740067,2.7019991874694824,-0.0006810934282839298,-0.0004179864190518856,-0.0005432805046439171,0.0,0.0,0.0,0.0,0.0,0.0,-0.5687857000000001,0.61781895,10.267562550000001,0.08726646259971647,0.06981317007977318,-0.05235987755982989,-719.0,319.0,-402.0,1600,1600,1599,1599,0,0,0,0
1763969324.1449466,0.0,0.0,32.38,154.81,-0.06299513578414917,0.21627962589263916,0.974227249622345,-0.01166297122836113,-3.09127140045166,-0.11798758059740067,2.7019991874694824,-0.0006810934282839298,-0.0004179864190518856,-0.0005432805046439171,0.0,0.0,0.0,0.0,0.0,0.0,-0.5687857000000001,0.61781895,10.267562550000001,0.08726646259971647,0.06981317007977318,-0.05235987755982989,-719.0,319.0,-402.0,1600,1600,1599,1599,0,0,0,0
1763969324.1783388,0.0,0.0,32.38,154.81,-0.06299513578414917,0.21627962589263916,0.974227249622345,-0.01166297122836113,-3.091280937194824,-0.1179751381278038,2.702000379562378,0.0005660615861415863,9.059067815542221e-05,5.657551810145378e-05,0.0,0.0,0.0,0.0,0.0,0.0,-0.5687857000000001,0.61781895,10.267562550000001,0.08726646259971647,0.06981317007977318,-0.05235987755982989,-719.0,319.0,-402.0,1600,1600,1599,1599,0,0,0,0
1763969324.2117314,0.0,0.0,32.38,154.81,-0.06298806518316269,0.216279536485672,0.974227786064148,-0.011659784242510796,-3.091280937194824,-0.1179751381278038,2.702000379562378,0.0005660615861415863,9.059067815542221e-05,5.657551810145378e-05,0.0,0.0,0.0,0.0,0.0,0.0,-0.5687857000000001,0.61781895,10.267562550000001,0.08726646259971647,0.06981317007977318,-0.05235987755982989,-719.0,319.0,-402.0,1600,1600,1599,1599,0,0,0,0
1763969324.2451255,0.0,0.0,32.38,154.81,-0.06298806518316269,0.216279536485672,0.974227786064148,-0.011659784242510796,-3.091247081756592,-0.11793272942304611,2.7021563053131104,-0.0012552840635180473,-0.00019719265401363373,0.0008329646661877632,0.0,0.0,0.0,0.0,0.0,0.0,-0.5687857000000001,0.61781895,10.267562550000001,0.08726646259971647,0.06981317007977318,-0.05235987755982989,-719.0,319.0,-402.0,1600,1600,1599,1599,0,0,0,0
1763969324.27852,0.0,0.0,32.38,154.81,-0.06298806518316269,0.216279536485672,0.974227786064148,-0.011659784242510796,-3.091247081756592,-0.11793272942304611,2.7021563053131104,-0.0012552840635180473,-0.00019719265401363373,0.0008329646661877632,0.0,0.0,0.0,0.0,0.0,0.0,-0.5687857000000001,0.61781895,10.267562550000001,0.08726646259971647,0.06981317007977318,-0.05235987755982989,-719.0,319.0,-402.0,1600,1600,1599,1599,0,0,0,0
1763969324.3119311,0.0,0.0,32.38,154.81,-0.06297016888856888,0.21620343625545502,0.9742454290390015,-0.011685814708471298,-3.091247081756592,-0.11793272942304611,2.7021563053131104,-0.0012552840635180473,-0.00019719265401363373,0.0008329646661877632,0.0,0.0,0.0,0.0,0.0,0.0,-0.5687857000000001,0.61781895,10.267562550000001,0.08726646259971647,0.06981317007977318,-0.05235987755982989,-719.0,319.0,-402.0,1600,1600,1599,1599,0,0,0,0
1763969324.3453462,0.0,0.0,32.38,154.81,-0.06297016888856888,0.21620343625545502,0.9742454290390015,-0.011685814708471298,-3.091247081756592,-0.11793272942304611,2.7021563053131104,-0.0012552840635180473,-0.00019719265401363373,0.0008329646661877632,0.0,0.0,0.0,0.0,0.0,0.0,-0.57859235,0.61781895,10.2577559,0.06981317007977318,0.06981317007977318,-0.03490658503988659,-713.0,317.0,-401.0,1600,1600,1599,1599,0,0,0,0
1763969324.378767,0.0,0.0,32.44,154.82,-0.06297016888856888,0.21620343625545502,0.9742454290390015,-0.011685814708471298,-3.091247081756592,-0.11793272942304611,2.7021563053131104,-0.0012552840635180473,-0.00019719265401363373,0.0008329646661877632,0.0,0.0,0.0,0.0,0.0,0.0,-0.57859235,0.61781895,10.2577559,0.06981317007977318,0.06981317007977318,-0.03490658503988659,-713.0,317.0,-401.0,1600,1600,1599,1599,0,0,0,0
1763969324.412168,0.0,0.0,32.44,154.82,-0.06297016888856888,0.21620343625545502,0.9742454290390015,-0.011685814708471298,-3.091245651245117,-0.11792761832475662,2.7021546363830566,-0.0001334785483777523,0.0009103557094931602,0.0009337919764220715,0.0,0.0,0.0,0.0,0.0,0.0,-0.57859235,0.61781895,10.2577559,0.06981317007977318,0.06981317007977318,-0.03490658503988659,-713.0,317.0,-401.0,1600,1600,1599,1599,0,0,0,0
1763969324.4455657,0.0,0.0,32.44,154.82,-0.06296785175800323,0.21620431542396545,0.9742454290390015,-0.01168707013130188,-3.091245651245117,-0.11792761832475662,2.7021546363830566,-0.0001334785483777523,0.0009103557094931602,0.0009337919764220715,0.0,0.0,0.0,0.0,0.0,0.0,-0.57859235,0.61781895,10.2577559,0.06981317007977318,0.06981317007977318,-0.03490658503988659,-713.0,317.0,-401.0,1600,1600,1599,1599,0,0,0,0
1763969324.4789624,0.0,0.0,32.47,154.82,-0.06296785175800323,0.21620431542396545,0.9742454290390015,-0.01168707013130188,-3.091245651245117,-0.11792761832475662,2.7021546363830566,-0.0001334785483777523,0.0009103557094931602,0.0009337919764220715,0.0,0.0,0.0,0.0,0.0,0.0,-0.57859235,0.61781895,10.2577559,0.06981317007977318,0.06981317007977318,-0.03490658503988659,-713.0,317.0,-401.0,1600,1600,1599,1599,0,0,0,0
1763969324.5123546,0.0,0.0,32.47,154.82,-0.06296785175800323,0.21620431542396545,0.9742454290390015,-0.01168707013130188,-3.091245651245117,-0.11792761832475662,2.7021546363830566,-0.0001334785483777523,0.0009103557094931602,0.0009337919764220715,0.0,0.0,0.0,0.0,0.0,0.0,-0.57859235,0.61781895,10.2577559,0.06981317007977318,0.06981317007977318,-0.03490658503988659,-713.0,317.0,-401.0,1600,1600,1599,1599,0,0,0,0
1763969324.5457566,0.0,0.0,32.47,154.82,-0.06296785175800323,0.21620431542396545,0.9742454290390015,-0.01168707013130188,-3.091245651245117,-0.11792761832475662,2.7021546363830566,-0.0001334785483777523,0.0009103557094931602,0.0009337919764220715,0.0,0.0,0.0,0.0,0.0,0.0,-0.57859235,0.61781895,10.2577559,0.06981317007977318,0.06981317007977318,-0.03490658503988659,-713.0,317.0,-401.0,1600,1600,1599,1599,0,0,0,0
1763969324.5791507,0.0,0.0,32.47,154.82,-0.06296785175800323,0.21620431542396545,0.9742454290390015,-0.01168707013130188,-3.091245651245117,-0.11792761832475662,2.7021546363830566,-0.0001334785483777523,0.0009103557094931602,0.0009337919764220715,0.0,0.0,0.0,0.0,0.0,0.0,-0.5687857000000001,0.61781895,10.2577559,0.08726646259971647,0.08726646259971647,-0.03490658503988659,-722.0,322.0,-404.0,1600,1600,1599,1599,0,0,0,0
1763969324.6127968,0.0,0.0,32.47,154.82,-0.06296785175800323,0.21620431542396545,0.9742454290390015,-0.01168707013130188,-3.0912461280822754,-0.11792709678411484,2.702151298522949,7.612770423293114e-05,-0.00045443372800946236,0.0008678825106471777,0.0,0.0,0.0,0.0,0.0,0.0,-0.5687857000000001,0.61781895,10.2577559,0.08726646259971647,0.08726646259971647,-0.03490658503988659,-722.0,322.0,-404.0,1600,1600,1599,1599,0,0,0,0
1763969324.6461985,0.0,0.0,32.47,154.82,-0.06296753883361816,0.2162058800458908,0.9742451906204224,-0.011686696670949459,-3.0912461280822754,-0.11792709678411484,2.702151298522949,7.612770423293114e-05,-0.00045443372800946236,0.0008678825106471777,0.0,0.0,0.0,0.0,0.0,0.0,-0.5687857000000001,0.61781895,10.2577559,0.08726646259971647,0.08726646259971647,-0.03490658503988659,-722.0,322.0,-404.0,1600,1600,1599,1599,0,0,0,0
1763969324.679598,0.0,0.0,32.47,154.82,-0.06296753883361816,0.2162058800458908,0.9742451906204224,-0.011686696670949459,-3.0912461280822754,-0.11792709678411484,2.702151298522949,7.612770423293114e-05,-0.00045443372800946236,0.0008678825106471777,0.0,0.0,0.0,0.0,0.0,0.0,-0.5687857000000001,0.61781895,10.2577559,0.08726646259971647,0.08726646259971647,-0.03490658503988659,-722.0,322.0,-404.0,1600,1600,1599,1599,0,0,0,0
1763969324.7129982,0.0,0.0,32.47,154.82,-0.06296753883361816,0.2162058800458908,0.9742451906204224,-0.011686696670949459,-3.0912461280822754,-0.11792709678411484,2.702151298522949,7.612770423293114e-05,-0.00045443372800946236,0.0008678825106471777,0.0,0.0,0.0,0.0,0.0,0.0,-0.5687857000000001,0.61781895,10.2577559,0.08726646259971647,0.08726646259971647,-0.03490658503988659,-722.0,322.0,-404.0,1600,1600,1599,1599,0,0,0,0
1763969324.7463923,0.0,0.0,32.47,154.82,-0.06296753883361816,0.2162058800458908,0.9742451906204224,-0.011686696670949459,-3.0912461280822754,-0.11792709678411484,2.702151298522949,7.612770423293114e-05,-0.00045443372800946236,0.0008678825106471777,0.0,0.0,0.0,0.0,0.0,0.0,-0.55897905,0.61781895,10.2577559,0.08726646259971647,0.06981317007977318,-0.03490658503988659,-722.0,322.0,-404.0,1600,1600,1599,1599,0,0,0,0
1763969324.7797945,0.0,0.0,32.47,154.82,-0.06296753883361816,0.2162058800458908,0.9742451906204224,-0.011686696670949459,-3.0912420749664307,-0.11793597042560577,2.7021381855010986,0.0012394688092172146,-0.00014190562069416046,0.00041824160143733025,0.0,0.0,0.0,0.0,0.0,0.0,-0.55897905,0.61781895,10.2577559,0.08726646259971647,0.06981317007977318,-0.03490658503988659,-722.0,322.0,-404.0,1600,1600,1599,1599,0,0,0,0
1763969324.8131886,0.0,0.0,32.47,154.82,-0.06297238916158676,0.2162119299173355,0.9742434620857239,-0.0116873849183321,-3.0912420749664307,-0.11793597042560577,2.7021381855010986,0.0012394688092172146,-0.00014190562069416046,0.00041824160143733025,0.0,0.0,0.0,0.0,0.0,0.0,-0.55897905,0.61781895,10.2577559,0.08726646259971647,0.06981317007977318,-0.03490658503988659,-722.0,322.0,-404.0,1600,1600,1599,1599,0,0,0,0
1763969324.846584,0.0,0.0,32.47,154.82,-0.06297238916158676,0.2162119299173355,0.9742434620857239,-0.0116873849183321,-3.0912420749664307,-0.11793597042560577,2.7021381855010986,0.0012394688092172146,-0.00014190562069416046,0.00041824160143733025,0.0,0.0,0.0,0.0,0.0,0.0,-0.55897905,0.61781895,10.2577559,0.08726646259971647,0.06981317007977318,-0.03490658503988659,-722.0,322.0,-404.0,1600,1600,1599,1599,0,0,0,0
1763969324.8800707,0.0,0.0,32.47,154.82,-0.06297238916158676,0.2162119299173355,0.9742434620857239,-0.0116873849183321,-3.0912420749664307,-0.11793597042560577,2.7021381855010986,0.0012394688092172146,-0.00014190562069416046,0.00041824160143733025,0.0,0.0,0.0,0.0,0.0,0.0,-0.55897905,0.61781895,10.2577559,0.08726646259971647,0.06981317007977318,-0.03490658503988659,-722.0,322.0,-404.0,1600,1600,1599,1599,0,0,0,0
1763969324.9135902,0.0,0.0,32.47,154.82,-0.06297238916158676,0.2162119299173355,0.9742434620857239,-0.0116873849183321,-3.0912420749664307,-0.11793597042560577,2.7021381855010986,0.0012394688092172146,-0.00014190562069416046,0.00041824160143733025,0.0,0.0,0.0,0.0,0.0,0.0,-0.5687857000000001,0.61781895,10.2577559,0.10471975511965978,0.06981317007977318,-0.03490658503988659,-722.0,322.0,-404.0,1600,1600,1599,1599,0,0,0,0
1763969324.9469917,0.0,0.0,32.47,154.82,-0.06297238916158676,0.2162119299173355,0.9742434620857239,-0.0116873849183321,-3.0912187099456787,-0.1179424449801445,2.702141284942627,0.0008845711126923561,-0.0010333952959626913,-3.539188764989376e-05,0.0,0.0,0.0,0.0,0.0,0.0,-0.5687857000000001,0.61781895,10.2577559,0.10471975511965978,0.06981317007977318,-0.03490658503988659,-722.0,322.0,-404.0,1600,1600,1599,1599,0,0,0,0
1763969324.9803872,0.0,0.0,32.47,154.82,-0.06297238916158676,0.2162119299173355,0.9742434620857239,-0.0116873849183321,-3.0911409854888916,-0.1178518757224083,2.7021496295928955,-0.0008930419571697712,-0.0008612731471657753,0.00013265549205243587,0.0,0.0,0.0,0.0,0.0,0.0,-0.5687857000000001,0.61781895,10.2577559,0.10471975511965978,0.06981317007977318,-0.03490658503988659,-722.0,322.0,-404.0,1600,1600,1599,1599,0,0,0,0
1763969325.0137799,0.0,0.0,32.47,154.82,-0.06294229626655579,0.21620482206344604,0.9742463231086731,-0.011746127158403397,-3.0911409854888916,-0.1178518757224083,2.7021496295928955,-0.0008930419571697712,-0.0008612731471657753,0.00013265549205243587,0.0,0.0,0.0,0.0,0.0,0.0,-0.5687857000000001,0.61781895,10.2577559,0.10471975511965978,0.06981317007977318,-0.03490658503988659,-722.0,322.0,-404.0,1600,1600,1599,1599,0,0,0,0
1763969325.0471818,0.0,0.0,32.48,154.82,-0.06294229626655579,0.21620482206344604,0.9742463231086731,-0.011746127158403397,-3.0911409854888916,-0.1178518757224083,2.7021496295928955,-0.0008930419571697712,-0.0008612731471657753,0.00013265549205243587,0.0,0.0,0.0,0.0,0.0,0.0,-0.5687857000000001,0.61781895,10.2577559,0.10471975511965978,0.06981317007977318,-0.03490658503988659,-722.0,322.0,-404.0,1600,1600,1599,1599,0,0,0,0
1763969325.0805748,0.0,0.0,32.48,154.82,-0.06294229626655579,0.21620482206344604,0.9742463231086731,-0.011746127158403397,-3.0911409854888916,-0.1178518757224083,2.7021496295928955,-0.0008930419571697712,-0.0008612731471657753,0.00013265549205243587,0.0,0.0,0.0,0.0,0.0,0.0,-0.5687857000000001,0.61781895,10.2577559,0.10471975511965978,0.06981317007977318,-0.03490658503988659,-722.0,322.0,-404.0,1600,1600,1599,1599,0,0,0,0
1763969325.1139681,0.0,0.0,32.48,154.82,-0.06294229626655579,0.21620482206344604,0.9742463231086731,-0.011746127158403397,-3.0911409854888916,-0.1178518757224083,2.7021496295928955,-0.0008930419571697712,-0.0008612731471657753,0.00013265549205243587,0.0,0.0,0.0,0.0,0.0,0.0,-0.5687857000000001,0.61781895,10.24794925,0.06981317007977318,0.05235987755982989,-0.05235987755982989,-715.0,323.0,-403.0,1600,1600,1599,1599,0,0,0,0
1763969325.14736,0.0,0.0,32.48,154.82,-0.06294229626655579,0.21620482206344604,0.9742463231086731,-0.011746127158403397,-3.0911452770233154,-0.11785712093114853,2.7021350860595703,-0.0019082389771938324,-0.0006047054193913937,0.00014927005395293236,0.0,0.0,0.0,0.0,0.0,0.0,-0.5687857000000001,0.61781895,10.24794925,0.06981317007977318,0.05235987755982989,-0.05235987755982989,-715.0,323.0,-403.0,1600,1600,1599,1599,0,0,0,0
1763969325.1807625,0.0,0.0,32.48,154.82,-0.0629444494843483,0.2162119448184967,0.9742445945739746,-0.011742958799004555,-3.0911452770233154,-0.11785712093114853,2.7021350860595703,-0.0019082389771938324,-0.0006047054193913937,0.00014927005395293236,0.0,0.0,0.0,0.0,0.0,0.0,-0.5687857000000001,0.61781895,10.24794925,0.06981317007977318,0.05235987755982989,-0.05235987755982989,-715.0,323.0,-403.0,1600,1600,1599,1599,0,0,0,0
1763969325.2141657,0.0,0.0,32.48,154.82,-0.0629444494843483,0.2162119448184967,0.9742445945739746,-0.011742958799004555,-3.0911452770233154,-0.11785712093114853,2.7021350860595703,-0.0019082389771938324,-0.0006047054193913937,0.00014927005395293236,0.0,0.0,0.0,0.0,0.0,0.0,-0.5687857000000001,0.61781895,10.24794925,0.06981317007977318,0.05235987755982989,-0.05235987755982989,-715.0,323.0,-403.0,1600,1600,1599,1599,0,0,0,0
1763969325.2475893,0.0,0.0,32.48,154.82,-0.0629444494843483,0.2162119448184967,0.9742445945739746,-0.011742958799004555,-3.0911452770233154,-0.11785712093114853,2.7021350860595703,-0.0019082389771938324,-0.0006047054193913937,0.00014927005395293236,0.0,0.0,0.0,0.0,0.0,0.0,-0.5687857000000001,0.61781895,10.24794925,0.06981317007977318,0.05235987755982989,-0.05235987755982989,-715.0,323.0,-403.0,1600,1600,1599,1599,0,0,0,0
1763969325.2810094,0.0,0.0,32.48,154.82,-0.0629444494843483,0.2162119448184967,0.9742445945739746,-0.011742958799004555,-3.0911452770233154,-0.11785712093114853,2.7021350860595703,-0.0019082389771938324,-0.0006047054193913937,0.00014927005395293236,0.0,0.0,0.0,0.0,0.0,0.0,-0.57859235,0.6080123,10.2577559,0.05235987755982989,0.05235987755982989,-0.05235987755982989,-715.0,323.0,-403.0,1600,1600,1599,1599,0,0,0,0
1763969325.3144114,0.0,0.0,32.48,154.82,-0.0629444494843483,0.2162119448184967,0.9742445945739746,-0.011742958799004555,-3.091137409210205,-0.11786811798810959,2.7021358013153076,-0.000632887240499258,0.00017000176012516022,-0.000157973263412714,0.0,0.0,0.0,0.0,0.0,0.0,-0.57859235,0.6080123,10.2577559,0.05235987755982989,0.05235987755982989,-0.05235987755982989,-715.0,323.0,-403.0,1600,1600,1599,1599,0,0,0,0
1763969325.3478117,0.0,0.0,32.48,154.82,-0.0629444494843483,0.2162119448184967,0.9742445945739746,-0.011742958799004555,-3.091137409210205,-0.11786811798810959,2.7021358013153076,-0.000632887240499258,0.00017000176012516022,-0.000157973263412714,0.0,0.0,0.0,0.0,0.0,0.0,-0.57859235,0.6080123,10.2577559,0.05235987755982989,0.05235987755982989,-0.05235987755982989,-715.0,323.0,-403.0,1600,1600,1599,1599,0,0,0,0
1763969325.3812094,0.0,0.0,32.48,154.82,-0.0629444494843483,0.2162119448184967,0.9742445945739746,-0.011742958799004555,-3.091137409210205,-0.11786811798810959,2.7021358013153076,-0.000632887240499258,0.00017000176012516022,-0.000157973263412714,0.0,0.0,0.0,0.0,0.0,0.0,-0.57859235,0.6080123,10.2577559,0.05235987755982989,0.05235987755982989,-0.05235987755982989,-715.0,323.0,-403.0,1600,1600,1599,1599,0,0,0,0
1763969325.414604,0.0,0.0,32.48,154.82,-0.0629444494843483,0.2162119448184967,0.9742445945739746,-0.011742958799004555,-3.091137409210205,-0.11786811798810959,2.7021358013153076,-0.000632887240499258,0.00017000176012516022,-0.000157973263412714,0.0,0.0,0.0,0.0,0.0,0.0,-0.57859235,0.6080123,10.2577559,0.05235987755982989,0.05235987755982989,-0.05235987755982989,-715.0,323.0,-403.0,1600,1600,1599,1599,0,0,0,0
1763969325.4480064,0.0,0.0,32.48,154.82,-0.0629444494843483,0.2162119448184967,0.9742445945739746,-0.011742958799004555,-3.091137409210205,-0.11786811798810959,2.7021358013153076,-0.000632887240499258,0.00017000176012516022,-0.000157973263412714,0.0,0.0,0.0,0.0,0.0,0.0,-0.5687857000000001,0.61781895,10.2577559,0.06981317007977318,0.06981317007977318,-0.05235987755982989,-715.0,323.0,-403.0,1600,1600,1599,1599,0,0,0,0
1763969325.4814065,0.0,0.0,32.48,154.82,-0.0629444494843483,0.2162119448184967,0.9742445945739746,-0.011742958799004555,-3.091135263442993,-0.11787818372249603,2.7021121978759766,-0.0009200791828334332,0.0006797323003411293,0.0009568745736032724,0.0,0.0,0.0,0.0,0.0,0.0,-0.5687857000000001,0.61781895,10.2577559,0.06981317007977318,0.06981317007977318,-0.05235987755982989,-715.0,323.0,-403.0,1600,1600,1599,1599,0,0,0,0
1763969325.5148056,0.0,0.0,32.48,154.82,-0.06295593827962875,0.21622242033481598,0.9742414951324463,-0.011744861491024494,-3.091135263442993,-0.11787818372249603,2.7021121978759766,-0.0009200791828334332,0.0006797323003411293,0.0009568745736032724,0.0,0.0,0.0,0.0,0.0,0.0,-0.5687857000000001,0.61781895,10.2577559,0.06981317007977318,0.06981317007977318,-0.05235987755982989,-715.0,323.0,-403.0,1600,1600,1599,1599,0,0,0,0
1763969325.5482056,0.0,0.0,32.4,154.81,-0.06295593827962875,0.21622242033481598,0.9742414951324463,-0.011744861491024494,-3.091135263442993,-0.11787818372249603,2.7021121978759766,-0.0009200791828334332,0.0006797323003411293,0.0009568745736032724,0.0,0.0,0.0,0.0,0.0,0.0,-0.5687857000000001,0.61781895,10.2577559,0.06981317007977318,0.06981317007977318,-0.05235987755982989,-715.0,323.0,-403.0,1600,1600,1599,1599,0,0,0,0
1763969325.5816238,0.0,0.0,32.4,154.81,-0.06295593827962875,0.21622242033481598,0.9742414951324463,-0.011744861491024494,-3.091135263442993,-0.11787818372249603,2.7021121978759766,-0.0009200791828334332,0.0006797323003411293,0.0009568745736032724,0.0,0.0,0.0,0.0,0.0,0.0,-0.5687857000000001,0.61781895,10.2577559,0.06981317007977318,0.06981317007977318,-0.05235987755982989,-715.0,323.0,-403.0,1600,1600,1599,1599,0,0,0,0
1763969325.6150398,0.0,0.0,32.4,154.81,-0.06295593827962875,0.21622242033481598,0.9742414951324463,-0.011744861491024494,-3.091135263442993,-0.11787818372249603,2.7021121978759766,-0.0009200791828334332,0.0006797323003411293,0.0009568745736032724,0.0,0.0,0.0,0.0,0.0,0.0,-0.55897905,0.61781895,10.2577559,0.06981317007977318,0.08726646259971647,-0.03490658503988659,-715.0,321.0,-403.0,1600,1600,1599,1599,0,0,0,0
1763969325.6484542,0.0,0.0,32.4,154.81,-0.06295593827962875,0.21622242033481598,0.9742414951324463,-0.011744861491024494,-3.0911216735839844,-0.11787845194339752,2.7021005153656006,0.0009941840544342995,0.001120900735259056,-0.00019755936227738857,0.0,0.0,0.0,0.0,0.0,0.0,-0.55897905,0.61781895,10.2577559,0.06981317007977318,0.08726646259971647,-0.03490658503988659,-715.0,321.0,-403.0,1600,1600,1599,1599,0,0,0,0
1763969325.6818528,0.0,0.0,32.4,154.81,-0.06295759975910187,0.21622760593891144,0.9742401242256165,-0.01175110787153244,-3.0911216735839844,-0.11787845194339752,2.7021005153656006,0.0009941840544342995,0.001120900735259056,-0.00019755936227738857,0.0,0.0,0.0,0.0,0.0,0.0,-0.55897905,0.61781895,10.2577559,0.06981317007977318,0.08726646259971647,-0.03490658503988659,-715.0,321.0,-403.0,1600,1600,1599,1599,0,0,0,0
1763969325.7152557,0.0,0.0,32.4,154.81,-0.06295759975910187,0.21622760593891144,0.9742401242256165,-0.01175110787153244,-3.0911216735839844,-0.11787845194339752,2.7021005153656006,0.0009941840544342995,0.001120900735259056,-0.00019755936227738857,0.0,0.0,0.0,0.0,0.0,0.0,-0.55897905,0.61781895,10.2577559,0.06981317007977318,0.08726646259971647,-0.03490658503988659,-715.0,321.0,-403.0,1600,1600,1599,1599,0,0,0,0
1763969325.7486596,0.0,0.0,32.4,154.81,-0.06295759975910187,0.21622760593891144,0.9742401242256165,-0.01175110787153244,-3.0911216735839844,-0.11787845194339752,2.7021005153656006,0.0009941840544342995,0.001120900735259056,-0.00019755936227738857,0.0,0.0,0.0,0.0,0.0,0.0,-0.55897905,0.61781895,10.2577559,0.06981317007977318,0.08726646259971647,-0.03490658503988659,-715.0,321.0,-403.0,1600,1600,1599,1599,0,0,0,0
1763969325.7820616,0.0,0.0,32.4,154.81,-0.06295759975910187,0.21622760593891144,0.9742401242256165,-0.01175110787153244,-3.0911216735839844,-0.11787845194339752,2.7021005153656006,0.0009941840544342995,0.001120900735259056,-0.00019755936227738857,0.0,0.0,0.0,0.0,0.0,0.0,-0.55897905,0.61781895,10.2577559,0.06981317007977318,0.08726646259971647,-0.03490658503988659,-715.0,321.0,-403.0,1600,1600,1599,1599,0,0,0,0
1763969325.8154643,0.0,0.0,32.4,154.81,-0.06295759975910187,0.21622760593891144,0.9742401242256165,-0.01175110787153244,-3.0911216735839844,-0.11787845194339752,2.7021005153656006,0.0009941840544342995,0.001120900735259056,-0.00019755936227738857,0.0,0.0,0.0,0.0,0.0,0.0,-0.5687857000000001,0.61781895,10.2577559,0.10471975511965978,0.08726646259971647,-0.05235987755982989,-715.0,321.0,-403.0,1600,1600,1599,1599,0,0,0,0
1763969325.8488674,0.0,0.0,32.4,154.81,-0.06295759975910187,0.21622760593891144,0.9742401242256165,-0.01175110787153244,-3.0911362171173096,-0.11782431602478027,2.7021844387054443,-0.000984196551144123,-0.00030154455453157425,-0.00016316678375005722,0.0,0.0,0.0,0.0,0.0,0.0,-0.5687857000000001,0.61781895,10.2577559,0.10471975511965978,0.08726646259971647,-0.05235987755982989,-715.0,321.0,-403.0,1600,1600,1599,1599,0,0,0,0
1763969325.882269,0.0,0.0,32.4,154.81,-0.0629291906952858,0.21618817746639252,0.9742506742477417,-0.01175260916352272,-3.0911362171173096,-0.11782431602478027,2.7021844387054443,-0.000984196551144123,-0.00030154455453157425,-0.00016316678375005722,0.0,0.0,0.0,0.0,0.0,0.0,-0.5687857000000001,0.61781895,10.2577559,0.10471975511965978,0.08726646259971647,-0.05235987755982989,-715.0,321.0,-403.0,1600,1600,1599,1599,0,0,0,0
1763969325.915674,0.0,0.0,32.44,154.82,-0.0629291906952858,0.21618817746639252,0.9742506742477417,-0.01175260916352272,-3.0911362171173096,-0.11782431602478027,2.7021844387054443,-0.000984196551144123,-0.00030154455453157425,-0.00016316678375005722,0.0,0.0,0.0,0.0,0.0,0.0,-0.5687857000000001,0.61781895,10.2577559,0.10471975511965978,0.08726646259971647,-0.05235987755982989,-715.0,321.0,-403.0,1600,1600,1599,1599,0,0,0,0
1763969325.94908,0.0,0.0,32.44,154.82,-0.0629291906952858,0.21618817746639252,0.9742506742477417,-0.01175260916352272,-3.0911362171173096,-0.11782431602478027,2.7021844387054443,-0.000984196551144123,-0.00030154455453157425,-0.00016316678375005722,0.0,0.0,0.0,0.0,0.0,0.0,-0.5687857000000001,0.61781895,10.2577559,0.10471975511965978,0.08726646259971647,-0.05235987755982989,-715.0,321.0,-403.0,1600,1600,1599,1599,0,0,0,0
1763969325.9824846,0.0,0.0,32.44,154.82,-0.0629291906952858,0.21618817746639252,0.9742506742477417,-0.01175260916352272,-3.0911362171173096,-0.11782431602478027,2.7021844387054443,-0.000984196551144123,-0.00030154455453157425,-0.00016316678375005722,0.0,0.0,0.0,0.0,0.0,0.0,-0.5687857000000001,0.61781895,10.24794925,0.06981317007977318,0.06981317007977318,-0.05235987755982989,-719.0,321.0,-402.0,1600,1600,1599,1599,0,0,0,0
1763969326.0158882,0.0,0.0,32.44,154.82,-0.0629291906952858,0.21618817746639252,0.9742506742477417,-0.01175260916352272,-3.0911355018615723,-0.11780407279729843,2.7021756172180176,-0.0009229076094925404,-0.0007166268769651651,0.0006966111250221729,0.0,0.0,0.0,0.0,0.0,0.0,-0.5687857000000001,0.61781895,10.24794925,0.06981317007977318,0.06981317007977318,-0.05235987755982989,-719.0,321.0,-402.0,1600,1600,1599,1599,0,0,0,0
1763969326.0493157,0.0,0.0,32.44,154.82,-0.06291944533586502,0.21619290113449097,0.974250316619873,-0.01175481267273426,-3.0911355018615723,-0.11780407279729843,2.7021756172180176,-0.0009229076094925404,-0.0007166268769651651,0.0006966111250221729,0.0,0.0,0.0,0.0,0.0,0.0,-0.5687857000000001,0.61781895,10.24794925,0.06981317007977318,0.06981317007977318,-0.05235987755982989,-719.0,321.0,-402.0,1600,1600,1599,1599,0,0,0,0
1763969326.0827096,0.0,0.0,32.44,154.82,-0.06291944533586502,0.21619290113449097,0.974250316619873,-0.01175481267273426,-3.0911355018615723,-0.11780407279729843,2.7021756172180176,-0.0009229076094925404,-0.0007166268769651651,0.0006966111250221729,0.0,0.0,0.0,0.0,0.0,0.0,-0.5687857000000001,0.61781895,10.24794925,0.06981317007977318,0.06981317007977318,-0.05235987755982989,-719.0,321.0,-402.0,1600,1600,1599,1599,0,0,0,0
1763969326.1161108,0.0,0.0,32.44,154.82,-0.06291944533586502,0.21619290113449097,0.974250316619873,-0.01175481267273426,-3.0911355018615723,-0.11780407279729843,2.7021756172180176,-0.0009229076094925404,-0.0007166268769651651,0.0006966111250221729,0.0,0.0,0.0,0.0,0.0,0.0,-0.5687857000000001,0.61781895,10.24794925,0.06981317007977318,0.06981317007977318,-0.05235987755982989,-719.0,321.0,-402.0,1600,1600,1599,1599,0,0,0,0
1763969326.149515,0.0,0.0,32.44,154.82,-0.06291944533586502,0.21619290113449097,0.974250316619873,-0.01175481267273426,-3.0911355018615723,-0.11780407279729843,2.7021756172180176,-0.0009229076094925404,-0.0007166268769651651,0.0006966111250221729,0.0,0.0,0.0,0.0,0.0,0.0,-0.55897905,0.61781895,10.2577559,0.06981317007977318,0.05235987755982989,-0.03490658503988659,-719.0,321.0,-402.0,1600,1600,1599,1599,0,0,0,0
1763969326.1829185,0.0,0.0,32.44,154.82,-0.06291944533586502,0.21619290113449097,0.974250316619873,-0.01175481267273426,-3.091140031814575,-0.11779135465621948,2.7021775245666504,-0.00019701803103089333,0.00015511177480220795,0.0008292628917843103,0.0,0.0,0.0,0.0,0.0,0.0,-0.55897905,0.61781895,10.2577559,0.06981317007977318,0.05235987755982989,-0.03490658503988659,-719.0,321.0,-402.0,1600,1600,1599,1599,0,0,0,0
1763969326.2163208,0.0,0.0,32.44,154.82,-0.06291276961565018,0.21619229018688202,0.9742507934570312,-0.01175410021096468,-3.091140031814575,-0.11779135465621948,2.7021775245666504,-0.00019701803103089333,0.00015511177480220795,0.0008292628917843103,0.0,0.0,0.0,0.0,0.0,0.0,-0.55897905,0.61781895,10.2577559,0.06981317007977318,0.05235987755982989,-0.03490658503988659,-719.0,321.0,-402.0,1600,1600,1599,1599,0,0,0,0
1763969326.2497227,0.0,0.0,32.61,154.82,-0.06291276961565018,0.21619229018688202,0.9742507934570312,-0.01175410021096468,-3.091140031814575,-0.11779135465621948,2.7021775245666504,-0.00019701803103089333,0.00015511177480220795,0.0008292628917843103,0.0,0.0,0.0,0.0,0.0,0.0,-0.55897905,0.61781895,10.2577559,0.06981317007977318,0.05235987755982989,-0.03490658503988659,-719.0,321.0,-402.0,1600,1600,1599,1599,0,0,0,0
1763969326.283125,0.0,0.0,32.61,154.82,-0.06291276961565018,0.21619229018688202,0.9742507934570312,-0.01175410021096468,-3.091140031814575,-0.11779135465621948,2.7021775245666504,-0.00019701803103089333,0.00015511177480220795,0.0008292628917843103,0.0,0.0,0.0,0.0,0.0,0.0,-0.55897905,0.61781895,10.2577559,0.06981317007977318,0.05235987755982989,-0.03490658503988659,-719.0,321.0,-402.0,1600,1600,1599,1599,0,0,0,0
1763969326.316525,0.0,0.0,32.61,154.82,-0.06291276961565018,0.21619229018688202,0.9742507934570312,-0.01175410021096468,-3.091140031814575,-0.11779135465621948,2.7021775245666504,-0.00019701803103089333,0.00015511177480220795,0.0008292628917843103,0.0,0.0,0.0,0.0,0.0,0.0,-0.5687857000000001,0.61781895,10.2577559,0.08726646259971647,0.06981317007977318,-0.03490658503988659,-722.0,321.0,-405.0,1600,1600,1599,1599,0,0,0,0
1763969326.3499384,0.0,0.0,32.61,154.82,-0.06291276961565018,0.21619229018688202,0.9742507934570312,-0.01175410021096468,-3.091148614883423,-0.11779475957155228,2.702180862426758,0.000666487030684948,-0.0005240300670266151,-0.0013495753519237041,0.0,0.0,0.0,0.0,0.0,0.0,-0.5687857000000001,0.61781895,10.2577559,0.08726646259971647,0.06981317007977318,-0.03490658503988659,-722.0,321.0,-405.0,1600,1600,1599,1599,0,0,0,0
1763969326.3833373,0.0,0.0,32.61,154.82,-0.06291349232196808,0.21619093418121338,0.9742511510848999,-0.011749674566090107,-3.091148614883423,-0.11779475957155228,2.702180862426758,0.000666487030684948,-0.0005240300670266151,-0.0013495753519237041,0.0,0.0,0.0,0.0,0.0,0.0,-0.5687857000000001,0.61781895,10.2577559,0.08726646259971647,0.06981317007977318,-0.03490658503988659,-722.0,321.0,-405.0,1600,1600,1599,1599,0,0,0,0
1763969326.4167304,0.0,0.0,32.61,154.82,-0.06291349232196808,0.21619093418121338,0.9742511510848999,-0.011749674566090107,-3.091148614883423,-0.11779475957155228,2.702180862426758,0.000666487030684948,-0.0005240300670266151,-0.0013495753519237041,0.0,0.0,0.0,0.0,0.0,0.0,-0.5687857000000001,0.61781895,10.2577559,0.08726646259971647,0.06981317007977318,-0.03490658503988659,-722.0,321.0,-405.0,1600,1600,1599,1599,0,0,0,0
1763969326.450135,0.0,0.0,32.61,154.82,-0.06291349232196808,0.21619093418121338,0.9742511510848999,-0.011749674566090107,-3.091177463531494,-0.11780142784118652,2.7021894454956055,-0.00018456997349858284,0.0002909274771809578,0.0014877034118399024,0.0,0.0,0.0,0.0,0.0,0.0,-0.5687857000000001,0.61781895,10.2577559,0.08726646259971647,0.06981317007977318,-0.03490658503988659,-722.0,321.0,-405.0,1600,1600,1599,1599,0,0,0,0
1763969326.4835339,0.0,0.0,32.61,154.82,-0.06291355192661285,0.2161874771118164,0.9742521047592163,-0.011735096573829651,-3.091177463531494,-0.11780142784118652,2.7021894454956055,-0.00018456997349858284,0.0002909274771809578,0.0014877034118399024,0.0,0.0,0.0,0.0,0.0,0.0,-0.5687857000000001,0.61781895,10.2577559,0.08726646259971647,0.06981317007977318,-0.03490658503988659,-722.0,321.0,-405.0,1600,1600,1599,1599,0,0,0,0
1763969326.5169296,0.0,0.0,32.57,154.82,-0.06291355192661285,0.2161874771118164,0.9742521047592163,-0.011735096573829651,-3.091177463531494,-0.11780142784118652,2.7021894454956055,-0.00018456997349858284,0.0002909274771809578,0.0014877034118399024,0.0,0.0,0.0,0.0,0.0,0.0,-0.5687857000000001,0.61781895,10.2577559,0.08726646259971647,0.06981317007977318,-0.03490658503988659,-722.0,321.0,-405.0,1600,1600,1599,1599,0,0,0,0
1763969326.5503252,0.0,0.0,32.57,154.82,-0.06291355192661285,0.2161874771118164,0.9742521047592163,-0.011735096573829651,-3.091177463531494,-0.11780142784118652,2.7021894454956055,-0.00018456997349858284,0.0002909274771809578,0.0014877034118399024,0.0,0.0,0.0,0.0,0.0,0.0,-0.5687857000000001,0.61781895,10.2577559,0.08726646259971647,0.06981317007977318,-0.03490658503988659,-722.0,321.0,-405.0,1600,1600,1599,1599,0,0,0,0
1763969326.5837243,0.0,0.0,32.57,154.82,-0.06291355192661285,0.2161874771118164,0.9742521047592163,-0.011735096573829651,-3.091177463531494,-0.11780142784118652,2.7021894454956055,-0.00018456997349858284,0.0002909274771809578,0.0014877034118399024,0.0,0.0,0.0,0.0,0.0,0.0,-0.5687857000000001,0.61781895,10.24794925,0.08726646259971647,0.06981317007977318,-0.017453292519943295,-716.0,318.0,-402.0,1600,1600,1599,1599,0,0,0,0
1763969326.6171157,0.0,0.0,32.57,154.82,-0.06291355192661285,0.2161874771118164,0.9742521047592163,-0.011735096573829651,-3.091172218322754,-0.1177302822470665,2.7021782398223877,0.00033949408680200577,-0.001043225871399045,-0.0009421613067388535,0.0,0.0,0.0,0.0,0.0,0.0,-0.5687857000000001,0.61781895,10.24794925,0.08726646259971647,0.06981317007977318,-0.017453292519943295,-716.0,318.0,-402.0,1600,1600,1599,1599,0,0,0,0
1763969326.6505175,0.0,0.0,32.57,154.82,-0.06287956982851028,0.21619412302970886,0.9742527008056641,-0.011745176278054714,-3.091172218322754,-0.1177302822470665,2.7021782398223877,0.00033949408680200577,-0.001043225871399045,-0.0009421613067388535,0.0,0.0,0.0,0.0,0.0,0.0,-0.5687857000000001,0.61781895,10.24794925,0.08726646259971647,0.06981317007977318,-0.017453292519943295,-716.0,318.0,-402.0,1600,1600,1599,1599,0,0,0,0
1763969326.6839116,0.0,0.0,32.52,154.82,-0.06287956982851028,0.21619412302970886,0.9742527008056641,-0.011745176278054714,-3.091172218322754,-0.1177302822470665,2.7021782398223877,0.00033949408680200577,-0.001043225871399045,-0.0009421613067388535,0.0,0.0,0.0,0.0,0.0,0.0,-0.5687857000000001,0.61781895,10.24794925,0.08726646259971647,0.06981317007977318,-0.017453292519943295,-716.0,318.0,-402.0,1600,1600,1599,1599,0,0,0,0
1763969326.717303,0.0,0.0,32.52,154.82,-0.06287956982851028,0.21619412302970886,0.9742527008056641,-0.011745176278054714,-3.091172218322754,-0.1177302822470665,2.7021782398223877,0.00033949408680200577,-0.001043225871399045,-0.0009421613067388535,0.0,0.0,0.0,0.0,0.0,0.0,-0.5687857000000001,0.61781895,10.24794925,0.08726646259971647,0.06981317007977318,-0.017453292519943295,-716.0,318.0,-402.0,1600,1600,1599,1599,0,0,0,0
1763969326.750697,0.0,0.0,32.52,154.82,-0.06287956982851028,0.21619412302970886,0.9742527008056641,-0.011745176278054714,-3.091172218322754,-0.1177302822470665,2.7021782398223877,0.00033949408680200577,-0.001043225871399045,-0.0009421613067388535,0.0,0.0,0.0,0.0,0.0,0.0,-0.5687857000000001,0.61781895,10.24794925,0.08726646259971647,0.05235987755982989,-0.06981317007977318,-715.0,322.0,-403.0,1600,1600,1599,1599,0,0,0,0
1763969326.7840886,0.0,0.0,32.52,154.82,-0.06287956982851028,0.21619412302970886,0.9742527008056641,-0.011745176278054714,-3.091172218322754,-0.1177302822470665,2.7021782398223877,0.00033949408680200577,-0.001043225871399045,-0.0009421613067388535,0.0,0.0,0.0,0.0,0.0,0.0,-0.5687857000000001,0.61781895,10.24794925,0.08726646259971647,0.05235987755982989,-0.06981317007977318,-715.0,322.0,-403.0,1600,1600,1599,1599,0,0,0,0
1763969326.8174798,0.0,0.0,32.52,154.82,-0.06287956982851028,0.21619412302970886,0.9742527008056641,-0.011745176278054714,-3.0911598205566406,-0.11773446947336197,2.7021565437316895,-0.00019485550001263618,0.0002946597523987293,0.001230885973200202,0.0,0.0,0.0,0.0,0.0,0.0,-0.5687857000000001,0.61781895,10.24794925,0.08726646259971647,0.05235987755982989,-0.06981317007977318,-715.0,322.0,-403.0,1600,1600,1599,1599,0,0,0,0
1763969326.8508844,0.0,0.0,32.52,154.82,-0.06287956982851028,0.21619412302970886,0.9742527008056641,-0.011745176278054714,-3.0911598205566406,-0.11773446947336197,2.7021565437316895,-0.00019485550001263618,0.0002946597523987293,0.001230885973200202,0.0,0.0,0.0,0.0,0.0,0.0,-0.5687857000000001,0.61781895,10.2577559,0.08726646259971647,0.06981317007977318,-0.017453292519943295,-715.0,322.0,-403.0,1600,1600,1599,1599,0,0,0,0
1763969326.8842475,0.0,0.0,32.52,154.82,-0.06288307160139084,0.2162042111158371,0.9742501974105835,-0.011750083416700363,-3.0911598205566406,-0.11773446947336197,2.7021565437316895,-0.00019485550001263618,0.0002946597523987293,0.001230885973200202,0.0,0.0,0.0,0.0,0.0,0.0,-0.5687857000000001,0.61781895,10.2577559,0.08726646259971647,0.06981317007977318,-0.017453292519943295,-715.0,322.0,-403.0,1600,1600,1599,1599,0,0,0,0
1763969326.9176395,0.0,0.0,32.52,154.82,-0.06288307160139084,0.2162042111158371,0.9742501974105835,-0.011750083416700363,-3.0911598205566406,-0.11773446947336197,2.7021565437316895,-0.00019485550001263618,0.0002946597523987293,0.001230885973200202,0.0,0.0,0.0,0.0,0.0,0.0,-0.5687857000000001,0.61781895,10.2577559,0.08726646259971647,0.06981317007977318,-0.017453292519943295,-715.0,322.0,-403.0,1600,1600,1599,1599,0,0,0,0
1763969326.9510324,0.0,0.0,32.52,154.82,-0.06288307160139084,0.2162042111158371,0.9742501974105835,-0.011750083416700363,-3.0911450386047363,-0.11772247403860092,2.702136516571045,0.0003314390778541565,-0.0003314404748380184,-0.00022307760082185268,0.0,0.0,0.0,0.0,0.0,0.0,-0.5687857000000001,0.61781895,10.2577559,0.08726646259971647,0.06981317007977318,-0.017453292519943295,-715.0,322.0,-403.0,1600,1600,1599,1599,0,0,0,0
1763969326.984424,0.0,0.0,32.52,154.82,-0.06288307160139084,0.2162042111158371,0.9742501974105835,-0.011750083416700363,-3.0911450386047363,-0.11772247403860092,2.702136516571045,0.0003314390778541565,-0.0003314404748380184,-0.00022307760082185268,0.0,0.0,0.0,0.0,0.0,0.0,-0.5687857000000001,0.61781895,10.2577559,0.08726646259971647,0.06981317007977318,-0.017453292519943295,-715.0,322.0,-403.0,1600,1600,1599,1599,0,0,0,0
1763969327.0178175,0.0,0.0,32.52,154.82,-0.06287893652915955,0.216213658452034,0.9742482900619507,-0.011757934466004372,-3.0911450386047363,-0.11772247403860092,2.702136516571045,0.0003314390778541565,-0.0003314404748380184,-0.00022307760082185268,0.0,0.0,0.0,0.0,0.0,0.0,-0.5687857000000001,0.61781895,10.2577559,0.08726646259971647,0.06981317007977318,-0.017453292519943295,-715.0,322.0,-403.0,1600,1600,1599,1599,0,0,0,0
1763969327.05122,0.0,0.0,32.52,154.82,-0.06287893652915955,0.216213658452034,0.9742482900619507,-0.011757934466004372,-3.0911450386047363,-0.11772247403860092,2.702136516571045,0.0003314390778541565,-0.0003314404748380184,-0.00022307760082185268,0.0,0.0,0.0,0.0,0.0,0.0,-0.5687857000000001,0.61781895,10.2577559,0.08726646259971647,0.06981317007977318,-0.017453292519943295,-715.0,322.0,-403.0,1600,1600,1599,1599,0,0,0,0
1763969327.08462,0.0,0.0,32.52,154.82,-0.06287893652915955,0.216213658452034,0.9742482900619507,-0.011757934466004372,-3.0911450386047363,-0.11772247403860092,2.702136516571045,0.0003314390778541565,-0.0003314404748380184,-0.00022307760082185268,0.0,0.0,0.0,0.0,0.0,0.0,-0.5687857000000001,0.61781895,10.2577559,0.08726646259971647,0.06981317007977318,-0.05235987755982989,-715.0,322.0,-403.0,1600,1600,1599,1599,0,0,0,0
1763969327.1180196,0.0,0.0,32.52,154.82,-0.06287893652915955,0.216213658452034,0.9742482900619507,-0.011757934466004372,-3.09112811088562,-0.11771955341100693,2.702129364013672,0.0008136355318129063,-0.0005026301369071007,0.001346644014120102,0.0,0.0,0.0,0.0,0.0,0.0,-0.5687857000000001,0.61781895,10.2577559,0.08726646259971647,0.06981317007977318,-0.05235987755982989,-715.0,322.0,-403.0,1600,1600,1599,1599,0,0,0,0
1763969327.1514137,0.0,0.0,32.52,154.82,-0.06287937611341476,0.2162167727947235,0.9742474555969238,-0.011766225099563599,-3.09112811088562,-0.11771955341100693,2.702129364013672,0.0008136355318129063,-0.0005026301369071007,0.001346644014120102,0.0,0.0,0.0,0.0,0.0,0.0,-0.5687857000000001,0.61781895,10.2577559,0.08726646259971647,0.06981317007977318,-0.05235987755982989,-715.0,322.0,-403.0,1600,1600,1599,1599,0,0,0,0
1763969327.1849391,0.0,0.0,32.53,154.82,-0.06287937611341476,0.2162167727947235,0.9742474555969238,-0.011766225099563599,-3.09112811088562,-0.11771955341100693,2.702129364013672,0.0008136355318129063,-0.0005026301369071007,0.001346644014120102,0.0,0.0,0.0,0.0,0.0,0.0,-0.5687857000000001,0.61781895,10.2577559,0.08726646259971647,0.06981317007977318,-0.05235987755982989,-715.0,322.0,-403.0,1600,1600,1599,1599,0,0,0,0
1763969327.2183406,0.0,0.0,32.53,154.82,-0.06287937611341476,0.2162167727947235,0.9742474555969238,-0.011766225099563599,-3.09112811088562,-0.11771955341100693,2.702129364013672,0.0008136355318129063,-0.0005026301369071007,0.001346644014120102,0.0,0.0,0.0,0.0,0.0,0.0,-0.5687857000000001,0.61781895,10.2577559,0.08726646259971647,0.06981317007977318,-0.05235987755982989,-715.0,322.0,-403.0,1600,1600,1599,1599,0,0,0,0
1763969327.2517536,0.0,0.0,32.53,154.82,-0.06287937611341476,0.2162167727947235,0.9742474555969238,-0.011766225099563599,-3.09112811088562,-0.11771955341100693,2.702129364013672,0.0008136355318129063,-0.0005026301369071007,0.001346644014120102,0.0,0.0,0.0,0.0,0.0,0.0,-0.55897905,0.61781895,10.24794925,0.10471975511965978,0.06981317007977318,-0.017453292519943295,-717.0,318.0,-405.0,1600,1600,1599,1599,0,0,0,0
1763969327.2851543,0.0,0.0,32.53,154.82,-0.06287937611341476,0.2162167727947235,0.9742474555969238,-0.011766225099563599,-3.091125011444092,-0.11773637682199478,2.7021424770355225,-0.0010502533987164497,0.0009121079929172993,0.0006641659419983625,0.0,0.0,0.0,0.0,0.0,0.0,-0.55897905,0.61781895,10.24794925,0.10471975511965978,0.06981317007977318,-0.017453292519943295,-717.0,318.0,-405.0,1600,1600,1599,1599,0,0,0,0
1763969327.3185477,0.0,0.0,32.53,154.82,-0.06287937611341476,0.2162167727947235,0.9742474555969238,-0.011766225099563599,-3.091139554977417,-0.11773212999105453,2.702152967453003,-0.0006732828915119171,-0.000355464406311512,0.00042297132313251495,0.0,0.0,0.0,0.0,0.0,0.0,-0.55897905,0.61781895,10.24794925,0.10471975511965978,0.06981317007977318,-0.017453292519943295,-717.0,318.0,-405.0,1600,1600,1599,1599,0,0,0,0
1763969327.3519423,0.0,0.0,32.53,154.82,-0.0628841370344162,0.21620537340641022,0.9742496609687805,-0.0117600467056036,-3.091139554977417,-0.11773212999105453,2.702152967453003,-0.0006732828915119171,-0.000355464406311512,0.00042297132313251495,0.0,0.0,0.0,0.0,0.0,0.0,-0.55897905,0.61781895,10.24794925,0.10471975511965978,0.06981317007977318,-0.017453292519943295,-717.0,318.0,-405.0,1600,1600,1599,1599,0,0,0,0
1763969327.3853366,0.0,0.0,32.53,154.82,-0.0628841370344162,0.21620537340641022,0.9742496609687805,-0.0117600467056036,-3.091139554977417,-0.11773212999105453,2.702152967453003,-0.0006732828915119171,-0.000355464406311512,0.00042297132313251495,0.0,0.0,0.0,0.0,0.0,0.0,-0.55897905,0.61781895,10.24794925,0.10471975511965978,0.06981317007977318,-0.017453292519943295,-717.0,318.0,-405.0,1600,1600,1599,1599,0,0,0,0
1763969327.418729,0.0,0.0,32.53,154.82,-0.0628841370344162,0.21620537340641022,0.9742496609687805,-0.0117600467056036,-3.091139554977417,-0.11773212999105453,2.702152967453003,-0.0006732828915119171,-0.000355464406311512,0.00042297132313251495,0.0,0.0,0.0,0.0,0.0,0.0,-0.55897905,0.61781895,10.24794925,0.10471975511965978,0.06981317007977318,-0.017453292519943295,-717.0,318.0,-405.0,1600,1600,1599,1599,0,0,0,0
1763969327.4521317,0.0,0.0,32.53,154.82,-0.0628841370344162,0.21620537340641022,0.9742496609687805,-0.0117600467056036,-3.091139554977417,-0.11773212999105453,2.702152967453003,-0.0006732828915119171,-0.000355464406311512,0.00042297132313251495,0.0,0.0,0.0,0.0,0.0,0.0,-0.5687857000000001,0.61781895,10.24794925,0.06981317007977318,0.06981317007977318,-0.03490658503988659,-717.0,318.0,-405.0,1600,1600,1599,1599,0,0,0,0
1763969327.485528,0.0,0.0,32.53,154.82,-0.0628841370344162,0.21620537340641022,0.9742496609687805,-0.0117600467056036,-3.091146469116211,-0.11773502081632614,2.7022666931152344,0.0015952889807522297,-0.0008550088386982679,6.878073327243328e-05,0.0,0.0,0.0,0.0,0.0,0.0,-0.5687857000000001,0.61781895,10.24794925,0.06981317007977318,0.06981317007977318,-0.03490658503988659,-717.0,318.0,-405.0,1600,1600,1599,1599,0,0,0,0
1763969327.5189185,0.0,0.0,32.53,154.82,-0.0628841295838356,0.216150164604187,0.9742619395256042,-0.01175996195524931,-3.091146469116211,-0.11773502081632614,2.7022666931152344,0.0015952889807522297,-0.0008550088386982679,6.878073327243328e-05,0.0,0.0,0.0,0.0,0.0,0.0,-0.5687857000000001,0.61781895,10.24794925,0.06981317007977318,0.06981317007977318,-0.03490658503988659,-717.0,318.0,-405.0,1600,1600,1599,1599,0,0,0,0
1763969327.5523164,0.0,0.0,32.36,154.82,-0.0628841295838356,0.216150164604187,0.9742619395256042,-0.01175996195524931,-3.091146469116211,-0.11773502081632614,2.7022666931152344,0.0015952889807522297,-0.0008550088386982679,6.878073327243328e-05,0.0,0.0,0.0,0.0,0.0,0.0,-0.5687857000000001,0.61781895,10.24794925,0.06981317007977318,0.06981317007977318,-0.03490658503988659,-717.0,318.0,-405.0,1600,1600,1599,1599,0,0,0,0
1763969327.585724,0.0,0.0,32.36,154.82,-0.0628841295838356,0.216150164604187,0.9742619395256042,-0.01175996195524931,-3.091146469116211,-0.11773502081632614,2.7022666931152344,0.0015952889807522297,-0.0008550088386982679,6.878073327243328e-05,0.0,0.0,0.0,0.0,0.0,0.0,-0.5687857000000001,0.61781895,10.24794925,0.06981317007977318,0.06981317007977318,-0.03490658503988659,-717.0,318.0,-405.0,1600,1600,1599,1599,0,0,0,0
1763969327.6191432,0.0,0.0,32.36,154.82,-0.0628841295838356,0.216150164604187,0.9742619395256042,-0.01175996195524931,-3.091146469116211,-0.11773502081632614,2.7022666931152344,0.0015952889807522297,-0.0008550088386982679,6.878073327243328e-05,0.0,0.0,0.0,0.0,0.0,0.0,-0.5687857000000001,0.61781895,10.24794925,0.06981317007977318,0.06981317007977318,-0.03490658503988659,-717.0,318.0,-405.0,1600,1600,1599,1599,0,0,0,0
1763969327.6525452,0.0,0.0,32.36,154.82,-0.0628841295838356,0.216150164604187,0.9742619395256042,-0.01175996195524931,-3.091146469116211,-0.11773502081632614,2.7022666931152344,0.0015952889807522297,-0.0008550088386982679,6.878073327243328e-05,0.0,0.0,0.0,0.0,0.0,0.0,-0.57859235,0.61781895,10.2577559,0.12217304763960307,0.05235987755982989,-0.05235987755982989,-719.0,321.0,-403.0,1600,1600,1599,1599,0,0,0,0
1763969327.6859467,0.0,0.0,32.36,154.82,-0.0628841295838356,0.216150164604187,0.9742619395256042,-0.01175996195524931,-3.0911529064178467,-0.11775718629360199,2.7022621631622314,0.00111400056630373,-0.0004994473420083523,-0.00047216122038662434,0.0,0.0,0.0,0.0,0.0,0.0,-0.57859235,0.61781895,10.2577559,0.12217304763960307,0.05235987755982989,-0.05235987755982989,-719.0,321.0,-403.0,1600,1600,1599,1599,0,0,0,0
1763969327.7193415,0.0,0.0,32.36,154.82,-0.06289426237344742,0.216152161359787,0.9742609262466431,-0.011754265055060387,-3.0911529064178467,-0.11775718629360199,2.7022621631622314,0.00111400056630373,-0.0004994473420083523,-0.00047216122038662434,0.0,0.0,0.0,0.0,0.0,0.0,-0.57859235,0.61781895,10.2577559,0.12217304763960307,0.05235987755982989,-0.05235987755982989,-719.0,321.0,-403.0,1600,1600,1599,1599,0,0,0,0
1763969327.7527351,0.0,0.0,32.36,154.82,-0.06289426237344742,0.216152161359787,0.9742609262466431,-0.011754265055060387,-3.0911529064178467,-0.11775718629360199,2.7022621631622314,0.00111400056630373,-0.0004994473420083523,-0.00047216122038662434,0.0,0.0,0.0,0.0,0.0,0.0,-0.57859235,0.61781895,10.2577559,0.12217304763960307,0.05235987755982989,-0.05235987755982989,-719.0,321.0,-403.0,1600,1600,1599,1599,0,0,0,0
1763969327.7861326,0.0,0.0,32.36,154.82,-0.06289426237344742,0.216152161359787,0.9742609262466431,-0.011754265055060387,-3.0911529064178467,-0.11775718629360199,2.7022621631622314,0.00111400056630373,-0.0004994473420083523,-0.00047216122038662434,0.0,0.0,0.0,0.0,0.0,0.0,-0.57859235,0.61781895,10.2577559,0.12217304763960307,0.05235987755982989,-0.05235987755982989,-719.0,321.0,-403.0,1600,1600,1599,1599,0,0,0,0
1763969327.8195305,0.0,0.0,32.36,154.82,-0.06289426237344742,0.216152161359787,0.9742609262466431,-0.011754265055060387,-3.0911529064178467,-0.11775718629360199,2.7022621631622314,0.00111400056630373,-0.0004994473420083523,-0.00047216122038662434,0.0,0.0,0.0,0.0,0.0,0.0,-0.57859235,0.61781895,10.2577559,0.12217304763960307,0.05235987755982989,-0.05235987755982989,-719.0,321.0,-403.0,1600,1600,1599,1599,0,0,0,0
1763969327.8529282,0.0,0.0,32.36,154.82,-0.06289426237344742,0.216152161359787,0.9742609262466431,-0.011754265055060387,-3.0911529064178467,-0.11775718629360199,2.7022621631622314,0.00111400056630373,-0.0004994473420083523,-0.00047216122038662434,0.0,0.0,0.0,0.0,0.0,0.0,-0.5687857000000001,0.61781895,10.2577559,0.10471975511965978,0.06981317007977318,-0.05235987755982989,-719.0,321.0,-403.0,1600,1600,1599,1599,0,0,0,0
1763969327.8863366,0.0,0.0,32.36,154.82,-0.06289426237344742,0.216152161359787,0.9742609262466431,-0.011754265055060387,-3.091144323348999,-0.11776148527860641,2.7022671699523926,0.0017538219690322876,-0.0006251037120819092,-0.001091052545234561,0.0,0.0,0.0,0.0,0.0,0.0,-0.5687857000000001,0.61781895,10.2577559,0.10471975511965978,0.06981317007977318,-0.05235987755982989,-719.0,321.0,-403.0,1600,1600,1599,1599,0,0,0,0
1763969327.9197307,0.0,0.0,32.36,154.82,-0.06289725005626678,0.21614933013916016,0.9742613434791565,-0.011758137494325638,-3.091144323348999,-0.11776148527860641,2.7022671699523926,0.0017538219690322876,-0.0006251037120819092,-0.001091052545234561,0.0,0.0,0.0,0.0,0.0,0.0,-0.5687857000000001,0.61781895,10.2577559,0.10471975511965978,0.06981317007977318,-0.05235987755982989,-719.0,321.0,-403.0,1600,1600,1599,1599,0,0,0,0
1763969327.9531262,0.0,0.0,32.36,154.82,-0.06289725005626678,0.21614933013916016,0.9742613434791565,-0.011758137494325638,-3.091144323348999,-0.11776148527860641,2.7022671699523926,0.0017538219690322876,-0.0006251037120819092,-0.001091052545234561,0.0,0.0,0.0,0.0,0.0,0.0,-0.5687857000000001,0.61781895,10.2577559,0.10471975511965978,0.06981317007977318,-0.05235987755982989,-719.0,321.0,-403.0,1600,1600,1599,1599,0,0,0,0
1763969327.9865224,0.0,0.0,32.36,154.82,-0.06289725005626678,0.21614933013916016,0.9742613434791565,-0.011758137494325638,-3.091144323348999,-0.11776148527860641,2.7022671699523926,0.0017538219690322876,-0.0006251037120819092,-0.001091052545234561,0.0,0.0,0.0,0.0,0.0,0.0,-0.5687857000000001,0.61781895,10.2577559,0.10471975511965978,0.06981317007977318,-0.05235987755982989,-719.0,321.0,-403.0,1600,1600,1599,1599,0,0,0,0
1763969328.0199156,0.0,0.0,32.36,154.82,-0.06289725005626678,0.21614933013916016,0.9742613434791565,-0.011758137494325638,-3.091144323348999,-0.11776148527860641,2.7022671699523926,0.0017538219690322876,-0.0006251037120819092,-0.001091052545234561,0.0,0.0,0.0,0.0,0.0,0.0,-0.5687857000000001,0.61781895,10.2577559,0.10471975511965978,0.06981317007977318,-0.05235987755982989,-719.0,321.0,-403.0,1600,1600,1599,1599,0,0,0,0
1763969328.0533314,0.0,0.0,32.36,154.82,-0.06289725005626678,0.21614933013916016,0.9742613434791565,-0.011758137494325638,-3.091144323348999,-0.11776148527860641,2.7022671699523926,0.0017538219690322876,-0.0006251037120819092,-0.001091052545234561,0.0,0.0,0.0,0.0,0.0,0.0,-0.55897905,0.61781895,10.267562550000001,0.12217304763960307,0.05235987755982989,-0.06981317007977318,-717.0,317.0,-404.0,1600,1600,1599,1599,0,0,0,0
1763969328.0867276,0.0,0.0,32.36,154.82,-0.06289725005626678,0.21614933013916016,0.9742613434791565,-0.011758137494325638,-3.091144323348999,-0.11776148527860641,2.7022671699523926,0.0017538219690322876,-0.0006251037120819092,-0.001091052545234561,0.0,0.0,0.0,0.0,0.0,0.0,-0.55897905,0.61781895,10.267562550000001,0.12217304763960307,0.05235987755982989,-0.06981317007977318,-717.0,317.0,-404.0,1600,1600,1599,1599,0,0,0,0
1763969328.1201417,0.0,0.0,32.36,154.82,-0.06289725005626678,0.21614933013916016,0.9742613434791565,-0.011758137494325638,-3.091144323348999,-0.11776148527860641,2.7022671699523926,0.0017538219690322876,-0.0006251037120819092,-0.001091052545234561,0.0,0.0,0.0,0.0,0.0,0.0,-0.5687857000000001,0.61781895,10.267562550000001,0.08726646259971647,0.08726646259971647,-0.03490658503988659,-717.0,317.0,-404.0,1600,1600,1599,1599,0,0,0,0
1763969328.1535747,0.0,0.0,32.36,154.82,-0.06289725005626678,0.21614933013916016,0.9742613434791565,-0.011758137494325638,-3.0913400650024414,-0.11781881004571915,2.7023186683654785,-0.0010036821477115154,-0.0003558062016963959,-0.00045035220682621,0.0,0.0,0.0,0.0,0.0,0.0,-0.5687857000000001,0.61781895,10.267562550000001,0.08726646259971647,0.08726646259971647,-0.03490658503988659,-717.0,317.0,-404.0,1600,1600,1599,1599,0,0,0,0
1763969328.1869724,0.0,0.0,32.36,154.82,-0.06290370970964432,0.2161293774843216,0.974266529083252,-0.011658060364425182,-3.0913400650024414,-0.11781881004571915,2.7023186683654785,-0.0010036821477115154,-0.0003558062016963959,-0.00045035220682621,0.0,0.0,0.0,0.0,0.0,0.0,-0.5687857000000001,0.61781895,10.267562550000001,0.08726646259971647,0.08726646259971647,-0.03490658503988659,-717.0,317.0,-404.0,1600,1600,1599,1599,0,0,0,0
1763969328.2203689,0.0,0.0,32.56,154.83,-0.06290370970964432,0.2161293774843216,0.974266529083252,-0.011658060364425182,-3.0913400650024414,-0.11781881004571915,2.7023186683654785,-0.0010036821477115154,-0.0003558062016963959,-0.00045035220682621,0.0,0.0,0.0,0.0,0.0,0.0,-0.5687857000000001,0.61781895,10.267562550000001,0.08726646259971647,0.08726646259971647,-0.03490658503988659,-717.0,317.0,-404.0,1600,1600,1599,1599,0,0,0,0
1763969328.2538047,0.0,0.0,32.56,154.83,-0.06290370970964432,0.2161293774843216,0.974266529083252,-0.011658060364425182,-3.0913400650024414,-0.11781881004571915,2.7023186683654785,-0.0010036821477115154,-0.0003558062016963959,-0.00045035220682621,0.0,0.0,0.0,0.0,0.0,0.0,-0.5687857000000001,0.61781895,10.267562550000001,0.08726646259971647,0.08726646259971647,-0.03490658503988659,-717.0,317.0,-404.0,1600,1600,1599,1599,0,0,0,0
1763969328.2872102,0.0,0.0,32.56,154.83,-0.06290370970964432,0.2161293774843216,0.974266529083252,-0.011658060364425182,-3.0913400650024414,-0.11781881004571915,2.7023186683654785,-0.0010036821477115154,-0.0003558062016963959,-0.00045035220682621,0.0,0.0,0.0,0.0,0.0,0.0,-0.5687857000000001,0.61781895,10.267562550000001,0.08726646259971647,0.08726646259971647,-0.03490658503988659,-717.0,317.0,-404.0,1600,1600,1599,1599,0,0,0,0
1763969328.3206072,0.0,0.0,32.56,154.83,-0.06290370970964432,0.2161293774843216,0.974266529083252,-0.011658060364425182,-3.0913400650024414,-0.11781881004571915,2.7023186683654785,-0.0010036821477115154,-0.0003558062016963959,-0.00045035220682621,0.0,0.0,0.0,0.0,0.0,0.0,-0.5687857000000001,0.6276256,10.2577559,0.06981317007977318,0.06981317007977318,-0.05235987755982989,-716.0,322.0,-406.0,1600,1600,1599,1599,0,0,0,0
1763969328.3540132,0.0,0.0,32.56,154.83,-0.06290370970964432,0.2161293774843216,0.974266529083252,-0.011658060364425182,-3.091374635696411,-0.1178087517619133,2.7023215293884277,-0.0007314635440707207,-0.0014031333848834038,-0.0004257294349372387,0.0,0.0,0.0,0.0,0.0,0.0,-0.5687857000000001,0.6276256,10.2577559,0.06981317007977318,0.06981317007977318,-0.05235987755982989,-716.0,322.0,-406.0,1600,1600,1599,1599,0,0,0,0
1763969328.3874161,0.0,0.0,32.56,154.83,-0.06289506703615189,0.21612918376922607,0.974267303943634,-0.01164240948855877,-3.091374635696411,-0.1178087517619133,2.7023215293884277,-0.0007314635440707207,-0.0014031333848834038,-0.0004257294349372387,0.0,0.0,0.0,0.0,0.0,0.0,-0.5687857000000001,0.6276256,10.2577559,0.06981317007977318,0.06981317007977318,-0.05235987755982989,-716.0,322.0,-406.0,1600,1600,1599,1599,0,0,0,0
1763969328.420818,0.0,0.0,32.37,154.83,-0.06289506703615189,0.21612918376922607,0.974267303943634,-0.01164240948855877,-3.091374635696411,-0.1178087517619133,2.7023215293884277,-0.0007314635440707207,-0.0014031333848834038,-0.0004257294349372387,0.0,0.0,0.0,0.0,0.0,0.0,-0.5687857000000001,0.6276256,10.2577559,0.06981317007977318,0.06981317007977318,-0.05235987755982989,-716.0,322.0,-406.0,1600,1600,1599,1599,0,0,0,0
1763969328.4542265,0.0,0.0,32.37,154.83,-0.06289506703615189,0.21612918376922607,0.974267303943634,-0.01164240948855877,-3.091374635696411,-0.1178087517619133,2.7023215293884277,-0.0007314635440707207,-0.0014031333848834038,-0.0004257294349372387,0.0,0.0,0.0,0.0,0.0,0.0,-0.5687857000000001,0.6276256,10.2577559,0.06981317007977318,0.06981317007977318,-0.05235987755982989,-716.0,322.0,-406.0,1600,1600,1599,1599,0,0,0,0
1763969328.4876242,0.0,0.0,32.37,154.83,-0.06289506703615189,0.21612918376922607,0.974267303943634,-0.01164240948855877,-3.091374635696411,-0.1178087517619133,2.7023215293884277,-0.0007314635440707207,-0.0014031333848834038,-0.0004257294349372387,0.0,0.0,0.0,0.0,0.0,0.0,-0.5687857000000001,0.6276256,10.2577559,0.06981317007977318,0.06981317007977318,-0.05235987755982989,-716.0,322.0,-406.0,1600,1600,1599,1599,0,0,0,0
1763969328.521032,0.0,0.0,32.37,154.83,-0.06289506703615189,0.21612918376922607,0.974267303943634,-0.01164240948855877,-3.091374635696411,-0.1178087517619133,2.7023215293884277,-0.0007314635440707207,-0.0014031333848834038,-0.0004257294349372387,0.0,0.0,0.0,0.0,0.0,0.0,-0.5687857000000001,0.61781895,10.2577559,0.06981317007977318,0.05235987755982989,-0.05235987755982989,-722.0,322.0,-399.0,1600,1600,1599,1599,0,0,0,0
1763969328.5544412,0.0,0.0,32.37,154.83,-0.06289506703615189,0.21612918376922607,0.974267303943634,-0.01164240948855877,-3.091374635696411,-0.1178087517619133,2.7023215293884277,-0.0007314635440707207,-0.0014031333848834038,-0.0004257294349372387,0.0,0.0,0.0,0.0,0.0,0.0,-0.5687857000000001,0.61781895,10.2577559,0.06981317007977318,0.05235987755982989,-0.05235987755982989,-722.0,322.0,-399.0,1600,1600,1599,1599,0,0,0,0
1763969328.5878375,0.0,0.0,32.37,154.83,-0.06289506703615189,0.21612918376922607,0.974267303943634,-0.01164240948855877,-3.091397285461426,-0.11781033873558044,2.702333450317383,0.0007944661192595959,-0.00018583890050649643,-0.0008334086742252111,0.0,0.0,0.0,0.0,0.0,0.0,-0.5687857000000001,0.61781895,10.2577559,0.06981317007977318,0.05235987755982989,-0.05235987755982989,-722.0,322.0,-399.0,1600,1600,1599,1599,0,0,0,0
1763969328.6212308,0.0,0.0,32.37,154.83,-0.06289506703615189,0.21612918376922607,0.974267303943634,-0.01164240948855877,-3.091397285461426,-0.11781033873558044,2.702333450317383,0.0007944661192595959,-0.00018583890050649643,-0.0008334086742252111,0.0,0.0,0.0,0.0,0.0,0.0,-0.5687857000000001,0.6080123,10.2577559,0.10471975511965978,0.06981317007977318,-0.05235987755982989,-722.0,322.0,-399.0,1600,1600,1599,1599,0,0,0,0
1763969328.654614,0.0,0.0,32.37,154.83,-0.0628933385014534,0.21612408757209778,0.9742687344551086,-0.011631634086370468,-3.091397285461426,-0.11781033873558044,2.702333450317383,0.0007944661192595959,-0.00018583890050649643,-0.0008334086742252111,0.0,0.0,0.0,0.0,0.0,0.0,-0.5687857000000001,0.6080123,10.2577559,0.10471975511965978,0.06981317007977318,-0.05235987755982989,-722.0,322.0,-399.0,1600,1600,1599,1599,0,0,0,0
1763969328.6880238,0.0,0.0,32.37,154.83,-0.0628933385014534,0.21612408757209778,0.9742687344551086,-0.011631634086370468,-3.091397285461426,-0.11781033873558044,2.702333450317383,0.0007944661192595959,-0.00018583890050649643,-0.0008334086742252111,0.0,0.0,0.0,0.0,0.0,0.0,-0.5687857000000001,0.6080123,10.2577559,0.10471975511965978,0.06981317007977318,-0.05235987755982989,-722.0,322.0,-399.0,1600,1600,1599,1599,0,0,0,0
1763969328.721424,0.0,0.0,32.37,154.83,-0.0628933385014534,0.21612408757209778,0.9742687344551086,-0.011631634086370468,-3.0914149284362793,-0.1178184449672699,2.7023324966430664,8.784187957644463e-05,0.0006509413942694664,0.00030759628862142563,0.0,0.0,0.0,0.0,0.0,0.0,-0.5687857000000001,0.6080123,10.2577559,0.10471975511965978,0.06981317007977318,-0.05235987755982989,-722.0,322.0,-399.0,1600,1600,1599,1599,0,0,0,0
1763969328.754863,0.0,0.0,32.37,154.83,-0.06289538741111755,0.21612496674060822,0.9742684960365295,-0.011622123420238495,-3.0914149284362793,-0.1178184449672699,2.7023324966430664,8.784187957644463e-05,0.0006509413942694664,0.00030759628862142563,0.0,0.0,0.0,0.0,0.0,0.0,-0.5687857000000001,0.6080123,10.2577559,0.10471975511965978,0.06981317007977318,-0.05235987755982989,-722.0,322.0,-399.0,1600,1600,1599,1599,0,0,0,0
1763969328.7884612,0.0,0.0,32.37,154.83,-0.06289538741111755,0.21612496674060822,0.9742684960365295,-0.011622123420238495,-3.0914149284362793,-0.1178184449672699,2.7023324966430664,8.784187957644463e-05,0.0006509413942694664,0.00030759628862142563,0.0,0.0,0.0,0.0,0.0,0.0,-0.5687857000000001,0.6080123,10.2577559,0.10471975511965978,0.06981317007977318,-0.05235987755982989,-722.0,322.0,-399.0,1600,1600,1599,1599,0,0,0,0
1763969328.8218575,0.0,0.0,32.37,154.83,-0.06289538741111755,0.21612496674060822,0.9742684960365295,-0.011622123420238495,-3.0914149284362793,-0.1178184449672699,2.7023324966430664,8.784187957644463e-05,0.0006509413942694664,0.00030759628862142563,0.0,0.0,0.0,0.0,0.0,0.0,-0.55897905,0.61781895,10.2577559,0.08726646259971647,0.08726646259971647,-0.03490658503988659,-722.0,322.0,-399.0,1600,1600,1599,1599,0,0,0,0
1763969328.8552544,0.0,0.0,32.37,154.83,-0.06289538741111755,0.21612496674060822,0.9742684960365295,-0.011622123420238495,-3.0914149284362793,-0.1178184449672699,2.7023324966430664,8.784187957644463e-05,0.0006509413942694664,0.00030759628862142563,0.0,0.0,0.0,0.0,0.0,0.0,-0.55897905,0.61781895,10.2577559,0.08726646259971647,0.08726646259971647,-0.03490658503988659,-722.0,322.0,-399.0,1600,1600,1599,1599,0,0,0,0
1763969328.888661,0.0,0.0,32.37,154.83,-0.06289538741111755,0.21612496674060822,0.9742684960365295,-0.011622123420238495,-3.091437339782715,-0.11784346401691437,2.702336311340332,-0.0009746500290930271,0.0007979036308825016,-0.0016390250530093908,0.0,0.0,0.0,0.0,0.0,0.0,-0.55897905,0.61781895,10.2577559,0.08726646259971647,0.08726646259971647,-0.03490658503988659,-722.0,322.0,-399.0,1600,1600,1599,1599,0,0,0,0
1763969328.9220593,0.0,0.0,32.37,154.83,-0.06290510296821594,0.21612334251403809,0.9742684364318848,-0.011608507484197617,-3.091437339782715,-0.11784346401691437,2.702336311340332,-0.0009746500290930271,0.0007979036308825016,-0.0016390250530093908,0.0,0.0,0.0,0.0,0.0,0.0,-0.55897905,0.61781895,10.2577559,0.08726646259971647,0.08726646259971647,-0.03490658503988659,-722.0,322.0,-399.0,1600,1600,1599,1599,0,0,0,0
1763969328.955456,0.0,0.0,32.47,154.83,-0.06290510296821594,0.21612334251403809,0.9742684364318848,-0.011608507484197617,-3.091437339782715,-0.11784346401691437,2.702336311340332,-0.0009746500290930271,0.0007979036308825016,-0.0016390250530093908,0.0,0.0,0.0,0.0,0.0,0.0,-0.55897905,0.61781895,10.2577559,0.08726646259971647,0.08726646259971647,-0.03490658503988659,-722.0,322.0,-399.0,1600,1600,1599,1599,0,0,0,0
1763969328.9888523,0.0,0.0,32.47,154.83,-0.06290510296821594,0.21612334251403809,0.9742684364318848,-0.011608507484197617,-3.091437339782715,-0.11784346401691437,2.702336311340332,-0.0009746500290930271,0.0007979036308825016,-0.0016390250530093908,0.0,0.0,0.0,0.0,0.0,0.0,-0.55897905,0.61781895,10.2577559,0.08726646259971647,0.08726646259971647,-0.03490658503988659,-722.0,322.0,-399.0,1600,1600,1599,1599,0,0,0,0
1763969329.022245,0.0,0.0,32.47,154.83,-0.06290510296821594,0.21612334251403809,0.9742684364318848,-0.011608507484197617,-3.091437339782715,-0.11784346401691437,2.702336311340332,-0.0009746500290930271,0.0007979036308825016,-0.0016390250530093908,0.0,0.0,0.0,0.0,0.0,0.0,-0.5687857000000001,0.61781895,10.2577559,0.06981317007977318,0.08726646259971647,-0.06981317007977318,-719.0,322.0,-400.0,1600,1600,1599,1599,0,0,0,0
1763969329.055652,0.0,0.0,32.47,154.83,-0.06290510296821594,0.21612334251403809,0.9742684364318848,-0.011608507484197617,-3.0915820598602295,-0.11786916106939316,2.702535629272461,-0.001328484620898962,-0.00037344498559832573,0.00020779389888048172,0.0,0.0,0.0,0.0,0.0,0.0,-0.5687857000000001,0.61781895,10.2577559,0.06981317007977318,0.08726646259971647,-0.06981317007977318,-719.0,322.0,-400.0,1600,1600,1599,1599,0,0,0,0
1763969329.08905,0.0,0.0,32.47,154.83,-0.06290086358785629,0.2160302996635437,0.9742900729179382,-0.011541509069502354,-3.0915820598602295,-0.11786916106939316,2.702535629272461,-0.001328484620898962,-0.00037344498559832573,0.00020779389888048172,0.0,0.0,0.0,0.0,0.0,0.0,-0.5687857000000001,0.61781895,10.2577559,0.06981317007977318,0.08726646259971647,-0.06981317007977318,-719.0,322.0,-400.0,1600,1600,1599,1599,0,0,0,0
1763969329.1224587,0.0,0.0,32.58,154.84,-0.06290086358785629,0.2160302996635437,0.9742900729179382,-0.011541509069502354,-3.0915820598602295,-0.11786916106939316,2.702535629272461,-0.001328484620898962,-0.00037344498559832573,0.00020779389888048172,0.0,0.0,0.0,0.0,0.0,0.0,-0.5687857000000001,0.61781895,10.2577559,0.06981317007977318,0.08726646259971647,-0.06981317007977318,-719.0,322.0,-400.0,1600,1600,1599,1599,0,0,0,0
1763969329.1558886,0.0,0.0,32.58,154.84,-0.06290086358785629,0.2160302996635437,0.9742900729179382,-0.011541509069502354,-3.0915820598602295,-0.11786916106939316,2.702535629272461,-0.001328484620898962,-0.00037344498559832573,0.00020779389888048172,0.0,0.0,0.0,0.0,0.0,0.0,-0.5687857000000001,0.61781895,10.2577559,0.06981317007977318,0.08726646259971647,-0.06981317007977318,-719.0,322.0,-400.0,1600,1600,1599,1599,0,0,0,0
1763969329.1892986,0.0,0.0,32.58,154.84,-0.06290086358785629,0.2160302996635437,0.9742900729179382,-0.011541509069502354,-3.0915820598602295,-0.11786916106939316,2.702535629272461,-0.001328484620898962,-0.00037344498559832573,0.00020779389888048172,0.0,0.0,0.0,0.0,0.0,0.0,-0.5687857000000001,0.61781895,10.2577559,0.06981317007977318,0.08726646259971647,-0.06981317007977318,-719.0,322.0,-400.0,1600,1600,1599,1599,0,0,0,0
1763969329.2227085,0.0,0.0,32.58,154.84,-0.06290086358785629,0.2160302996635437,0.9742900729179382,-0.011541509069502354,-3.0915820598602295,-0.11786916106939316,2.702535629272461,-0.001328484620898962,-0.00037344498559832573,0.00020779389888048172,0.0,0.0,0.0,0.0,0.0,0.0,-0.5687857000000001,0.61781895,10.267562550000001,0.06981317007977318,0.06981317007977318,-0.03490658503988659,-718.0,316.0,-406.0,1600,1600,1599,1599,0,0,0,0
1763969329.2561555,0.0,0.0,32.58,154.84,-0.06290086358785629,0.2160302996635437,0.9742900729179382,-0.011541509069502354,-3.0915820598602295,-0.11786916106939316,2.702535629272461,-0.001328484620898962,-0.00037344498559832573,0.00020779389888048172,0.0,0.0,0.0,0.0,0.0,0.0,-0.5687857000000001,0.61781895,10.267562550000001,0.06981317007977318,0.06981317007977318,-0.03490658503988659,-718.0,316.0,-406.0,1600,1600,1599,1599,0,0,0,0
1763969329.2896075,0.0,0.0,32.58,154.84,-0.06290086358785629,0.2160302996635437,0.9742900729179382,-0.011541509069502354,-3.0915820598602295,-0.11786916106939316,2.702535629272461,-0.001328484620898962,-0.00037344498559832573,0.00020779389888048172,0.0,0.0,0.0,0.0,0.0,0.0,-0.57859235,0.61781895,10.267562550000001,0.08726646259971647,0.06981317007977318,-0.05235987755982989,-718.0,318.0,-403.0,1600,1600,1599,1599,0,0,0,0
1763969329.3230069,0.0,0.0,32.58,154.84,-0.06290086358785629,0.2160302996635437,0.9742900729179382,-0.011541509069502354,-3.091596841812134,-0.11786270886659622,2.7025628089904785,0.0012162881903350353,-0.0011620838195085526,-0.0003871363587677479,0.0,0.0,0.0,0.0,0.0,0.0,-0.57859235,0.61781895,10.267562550000001,0.08726646259971647,0.06981317007977318,-0.05235987755982989,-718.0,318.0,-403.0,1600,1600,1599,1599,0,0,0,0
1763969329.3564324,0.0,0.0,32.58,154.84,-0.06289597600698471,0.2160177230834961,0.9742932915687561,-0.01153586059808731,-3.091596841812134,-0.11786270886659622,2.7025628089904785,0.0012162881903350353,-0.0011620838195085526,-0.0003871363587677479,0.0,0.0,0.0,0.0,0.0,0.0,-0.57859235,0.61781895,10.267562550000001,0.08726646259971647,0.06981317007977318,-0.05235987755982989,-718.0,318.0,-403.0,1600,1600,1599,1599,0,0,0,0
1763969329.3898637,0.0,0.0,32.43,154.84,-0.06289597600698471,0.2160177230834961,0.9742932915687561,-0.01153586059808731,-3.091596841812134,-0.11786270886659622,2.7025628089904785,0.0012162881903350353,-0.0011620838195085526,-0.0003871363587677479,0.0,0.0,0.0,0.0,0.0,0.0,-0.57859235,0.61781895,10.267562550000001,0.08726646259971647,0.06981317007977318,-0.05235987755982989,-718.0,318.0,-403.0,1600,1600,1599,1599,0,0,0,0
1763969329.4232657,0.0,0.0,32.43,154.84,-0.06289597600698471,0.2160177230834961,0.9742932915687561,-0.01153586059808731,-3.091596841812134,-0.11786270886659622,2.7025628089904785,0.0012162881903350353,-0.0011620838195085526,-0.0003871363587677479,0.0,0.0,0.0,0.0,0.0,0.0,-0.57859235,0.61781895,10.267562550000001,0.08726646259971647,0.06981317007977318,-0.05235987755982989,-718.0,318.0,-403.0,1600,1600,1599,1599,0,0,0,0
1763969329.4566777,0.0,0.0,32.43,154.84,-0.06289597600698471,0.2160177230834961,0.9742932915687561,-0.01153586059808731,-3.091596841812134,-0.11786270886659622,2.7025628089904785,0.0012162881903350353,-0.0011620838195085526,-0.0003871363587677479,0.0,0.0,0.0,0.0,0.0,0.0,-0.57859235,0.61781895,10.267562550000001,0.08726646259971647,0.06981317007977318,-0.05235987755982989,-718.0,318.0,-403.0,1600,1600,1599,1599,0,0,0,0
1763969329.4901488,0.0,0.0,32.43,154.84,-0.06289597600698471,0.2160177230834961,0.9742932915687561,-0.01153586059808731,-3.091596841812134,-0.11786270886659622,2.7025628089904785,0.0012162881903350353,-0.0011620838195085526,-0.0003871363587677479,0.0,0.0,0.0,0.0,0.0,0.0,-0.5687857000000001,0.61781895,10.267562550000001,0.10471975511965978,0.05235987755982989,-0.05235987755982989,-718.0,318.0,-403.0,1600,1600,1599,1599,0,0,0,0
1763969329.5235431,0.0,0.0,32.43,154.84,-0.06289597600698471,0.2160177230834961,0.9742932915687561,-0.01153586059808731,-3.091603994369507,-0.11785879731178284,2.702582597732544,0.0008892398327589035,-0.0009497988503426313,-0.00022065360099077225,0.0,0.0,0.0,0.0,0.0,0.0,-0.5687857000000001,0.61781895,10.267562550000001,0.10471975511965978,0.05235987755982989,-0.05235987755982989,-718.0,318.0,-403.0,1600,1600,1599,1599,0,0,0,0
1763969329.5569634,0.0,0.0,32.43,154.84,-0.06289318948984146,0.2160082906484604,0.9742956161499023,-0.01153348758816719,-3.091603994369507,-0.11785879731178284,2.702582597732544,0.0008892398327589035,-0.0009497988503426313,-0.00022065360099077225,0.0,0.0,0.0,0.0,0.0,0.0,-0.5687857000000001,0.61781895,10.267562550000001,0.10471975511965978,0.05235987755982989,-0.05235987755982989,-718.0,318.0,-403.0,1600,1600,1599,1599,0,0,0,0
1763969329.590402,0.0,0.0,32.43,154.84,-0.06289318948984146,0.2160082906484604,0.9742956161499023,-0.01153348758816719,-3.091603994369507,-0.11785879731178284,2.702582597732544,0.0008892398327589035,-0.0009497988503426313,-0.00022065360099077225,0.0,0.0,0.0,0.0,0.0,0.0,-0.5687857000000001,0.61781895,10.267562550000001,0.10471975511965978,0.05235987755982989,-0.05235987755982989,-718.0,318.0,-403.0,1600,1600,1599,1599,0,0,0,0
1763969329.623797,0.0,0.0,32.43,154.84,-0.06289318948984146,0.2160082906484604,0.9742956161499023,-0.01153348758816719,-3.091603994369507,-0.11785879731178284,2.702582597732544,0.0008892398327589035,-0.0009497988503426313,-0.00022065360099077225,0.0,0.0,0.0,0.0,0.0,0.0,-0.5687857000000001,0.61781895,10.267562550000001,0.10471975511965978,0.05235987755982989,-0.05235987755982989,-718.0,318.0,-403.0,1600,1600,1599,1599,0,0,0,0
1763969329.6572077,0.0,0.0,32.43,154.84,-0.06289318948984146,0.2160082906484604,0.9742956161499023,-0.01153348758816719,-3.091603994369507,-0.11785879731178284,2.702582597732544,0.0008892398327589035,-0.0009497988503426313,-0.00022065360099077225,0.0,0.0,0.0,0.0,0.0,0.0,-0.5687857000000001,0.61781895,10.267562550000001,0.10471975511965978,0.05235987755982989,-0.05235987755982989,-718.0,318.0,-403.0,1600,1600,1599,1599,0,0,0,0
1763969329.6907017,0.0,0.0,32.43,154.84,-0.06289318948984146,0.2160082906484604,0.9742956161499023,-0.01153348758816719,-3.091603994369507,-0.11785879731178284,2.702582597732544,0.0008892398327589035,-0.0009497988503426313,-0.00022065360099077225,0.0,0.0,0.0,0.0,0.0,0.0,-0.55897905,0.61781895,10.2577559,0.10471975511965978,0.05235987755982989,-0.05235987755982989,-718.0,318.0,-403.0,1600,1600,1599,1599,0,0,0,0
1763969329.724133,0.0,0.0,32.43,154.84,-0.06289318948984146,0.2160082906484604,0.9742956161499023,-0.01153348758816719,-3.0916237831115723,-0.11786584556102753,2.702570676803589,-0.00031824642792344093,-0.00040611298754811287,0.001322879339568317,0.0,0.0,0.0,0.0,0.0,0.0,-0.55897905,0.61781895,10.2577559,0.10471975511965978,0.05235987755982989,-0.05235987755982989,-718.0,318.0,-403.0,1600,1600,1599,1599,0,0,0,0
1763969329.7576218,0.0,0.0,32.43,154.84,-0.0628945380449295,0.2160145491361618,0.9742941856384277,-0.011522610671818256,-3.0916237831115723,-0.11786584556102753,2.702570676803589,-0.00031824642792344093,-0.00040611298754811287,0.001322879339568317,0.0,0.0,0.0,0.0,0.0,0.0,-0.55897905,0.61781895,10.2577559,0.10471975511965978,0.05235987755982989,-0.05235987755982989,-718.0,318.0,-403.0,1600,1600,1599,1599,0,0,0,0
1763969329.7910314,0.0,0.0,32.62,154.84,-0.0628945380449295,0.2160145491361618,0.9742941856384277,-0.011522610671818256,-3.0916237831115723,-0.11786584556102753,2.702570676803589,-0.00031824642792344093,-0.00040611298754811287,0.001322879339568317,0.0,0.0,0.0,0.0,0.0,0.0,-0.55897905,0.61781895,10.2577559,0.10471975511965978,0.05235987755982989,-0.05235987755982989,-718.0,318.0,-403.0,1600,1600,1599,1599,0,0,0,0
1763969329.8244257,0.0,0.0,32.62,154.84,-0.0628945380449295,0.2160145491361618,0.9742941856384277,-0.011522610671818256,-3.0914719104766846,-0.1178845688700676,2.7026119232177734,0.0011027450673282146,0.00017008977010846138,-0.00016080448403954506,0.0,0.0,0.0,0.0,0.0,0.0,-0.55897905,0.61781895,10.2577559,0.10471975511965978,0.05235987755982989,-0.05235987755982989,-718.0,318.0,-403.0,1600,1600,1599,1599,0,0,0,0
1763969329.857824,0.0,0.0,32.62,154.84,-0.06291979551315308,0.21598941087722778,0.974297285079956,-0.01159584429115057,-3.0914719104766846,-0.1178845688700676,2.7026119232177734,0.0011027450673282146,0.00017008977010846138,-0.00016080448403954506,0.0,0.0,0.0,0.0,0.0,0.0,-0.55897905,0.61781895,10.2577559,0.10471975511965978,0.05235987755982989,-0.05235987755982989,-718.0,318.0,-403.0,1600,1600,1599,1599,0,0,0,0
1763969329.8912463,0.0,0.0,32.53,154.84,-0.06291979551315308,0.21598941087722778,0.974297285079956,-0.01159584429115057,-3.0914719104766846,-0.1178845688700676,2.7026119232177734,0.0011027450673282146,0.00017008977010846138,-0.00016080448403954506,0.0,0.0,0.0,0.0,0.0,0.0,-0.55897905,0.61781895,10.2577559,0.10471975511965978,0.05235987755982989,-0.05235987755982989,-718.0,318.0,-403.0,1600,1600,1599,1599,0,0,0,0
1763969329.924652,0.0,0.0,32.53,154.84,-0.06291979551315308,0.21598941087722778,0.974297285079956,-0.01159584429115057,-3.091465950012207,-0.11789830774068832,2.7026185989379883,0.00043389061465859413,-6.162654608488083e-05,-0.00011991406790912151,0.0,0.0,0.0,0.0,0.0,0.0,-0.55897905,0.61781895,10.2577559,0.10471975511965978,0.05235987755982989,-0.05235987755982989,-718.0,318.0,-403.0,1600,1600,1599,1599,0,0,0,0
1763969329.9580462,0.0,0.0,32.53,154.84,-0.06292709708213806,0.2159857302904129,0.9742976427078247,-0.011597488075494766,-3.091465950012207,-0.11789830774068832,2.7026185989379883,0.00043389061465859413,-6.162654608488083e-05,-0.00011991406790912151,0.0,0.0,0.0,0.0,0.0,0.0,-0.55897905,0.61781895,10.2577559,0.10471975511965978,0.05235987755982989,-0.05235987755982989,-718.0,318.0,-403.0,1600,1600,1599,1599,0,0,0,0
1763969329.9913895,0.0,0.0,32.53,154.84,-0.06292709708213806,0.2159857302904129,0.9742976427078247,-0.011597488075494766,-3.091465950012207,-0.11789830774068832,2.7026185989379883,0.00043389061465859413,-6.162654608488083e-05,-0.00011991406790912151,0.0,0.0,0.0,0.0,0.0,0.0,-0.55897905,0.61781895,10.2577559,0.10471975511965978,0.05235987755982989,-0.05235987755982989,-718.0,318.0,-403.0,1600,1600,1599,1599,0,0,0,0
1763969330.0247827,0.0,0.0,32.53,154.84,-0.06292709708213806,0.2159857302904129,0.9742976427078247,-0.011597488075494766,-3.091465950012207,-0.11789830774068832,2.7026185989379883,0.00043389061465859413,-6.162654608488083e-05,-0.00011991406790912151,0.0,0.0,0.0,0.0,0.0,0.0,-0.55897905,0.61781895,10.2577559,0.10471975511965978,0.05235987755982989,-0.05235987755982989,-718.0,318.0,-403.0,1600,1600,1599,1599,0,0,0,0
1763969330.0581827,0.0,0.0,32.53,154.84,-0.06292709708213806,0.2159857302904129,0.9742976427078247,-0.011597488075494766,-3.091465950012207,-0.11789830774068832,2.7026185989379883,0.00043389061465859413,-6.162654608488083e-05,-0.00011991406790912151,0.0,0.0,0.0,0.0,0.0,0.0,-0.55897905,0.61781895,10.2577559,0.10471975511965978,0.05235987755982989,-0.05235987755982989,-718.0,318.0,-403.0,1600,1600,1599,1599,0,0,0,0
1763969330.091611,0.0,0.0,32.53,154.84,-0.06292709708213806,0.2159857302904129,0.9742976427078247,-0.011597488075494766,-3.091465950012207,-0.11789830774068832,2.7026185989379883,0.00043389061465859413,-6.162654608488083e-05,-0.00011991406790912151,0.0,0.0,0.0,0.0,0.0,0.0,-0.5687857000000001,0.61781895,10.2577559,0.08726646259971647,0.06981317007977318,-0.05235987755982989,-721.0,322.0,-409.0,1600,1600,1599,1599,0,0,0,0
1763969330.1250017,0.0,0.0,32.53,154.84,-0.06292709708213806,0.2159857302904129,0.9742976427078247,-0.011597488075494766,-3.091465950012207,-0.11789830774068832,2.7026185989379883,0.00043389061465859413,-6.162654608488083e-05,-0.00011991406790912151,0.0,0.0,0.0,0.0,0.0,0.0,-0.5687857000000001,0.61781895,10.2577559,0.08726646259971647,0.06981317007977318,-0.05235987755982989,-721.0,322.0,-409.0,1600,1600,1599,1599,0,0,0,0
1763969330.1584587,0.0,0.0,32.53,154.84,-0.06292709708213806,0.2159857302904129,0.9742976427078247,-0.011597488075494766,-3.091465950012207,-0.11789830774068832,2.7026185989379883,0.00043389061465859413,-6.162654608488083e-05,-0.00011991406790912151,0.0,0.0,0.0,0.0,0.0,0.0,-0.5687857000000001,0.6080123,10.2577559,0.12217304763960307,0.10471975511965978,-0.05235987755982989,-719.0,316.0,-400.0,1600,1600,1599,1599,0,0,0,0
1763969330.191884,0.0,0.0,32.53,154.84,-0.06292231380939484,0.2159784883260727,0.974299430847168,-0.011606678366661072,-3.091465950012207,-0.11789830774068832,2.7026185989379883,0.00043389061465859413,-6.162654608488083e-05,-0.00011991406790912151,0.0,0.0,0.0,0.0,0.0,0.0,-0.5687857000000001,0.6080123,10.2577559,0.12217304763960307,0.10471975511965978,-0.05235987755982989,-719.0,316.0,-400.0,1600,1600,1599,1599,0,0,0,0
1763969330.2253122,0.0,0.0,32.48,154.84,-0.06292231380939484,0.2159784883260727,0.974299430847168,-0.011606678366661072,-3.091465950012207,-0.11789830774068832,2.7026185989379883,0.00043389061465859413,-6.162654608488083e-05,-0.00011991406790912151,0.0,0.0,0.0,0.0,0.0,0.0,-0.5687857000000001,0.6080123,10.2577559,0.12217304763960307,0.10471975511965978,-0.05235987755982989,-719.0,316.0,-400.0,1600,1600,1599,1599,0,0,0,0
1763969330.2587264,0.0,0.0,32.48,154.85,-0.06292231380939484,0.2159784883260727,0.974299430847168,-0.011606678366661072,-3.091465950012207,-0.11789830774068832,2.7026185989379883,0.00043389061465859413,-6.162654608488083e-05,-0.00011991406790912151,0.0,0.0,0.0,0.0,0.0,0.0,-0.5687857000000001,0.6080123,10.2577559,0.12217304763960307,0.10471975511965978,-0.05235987755982989,-719.0,316.0,-400.0,1600,1600,1599,1599,0,0,0,0
1763969330.2948117,0.0,0.0,32.48,154.85,-0.06292231380939484,0.2159784883260727,0.974299430847168,-0.011606678366661072,-3.0913875102996826,-0.11784560233354568,2.7026751041412354,-0.0009489296935498714,0.0004188944585621357,5.8660050854086876e-05,0.0,0.0,0.0,0.0,0.0,0.0,-0.5687857000000001,0.6080123,10.2577559,0.12217304763960307,0.10471975511965978,-0.05235987755982989,-719.0,316.0,-400.0,1600,1600,1599,1599,0,0,0,0
1763969330.3282123,0.0,0.0,32.48,154.85,-0.0629095584154129,0.2159567028284073,0.9743046164512634,-0.011643211357295513,-3.0913875102996826,-0.11784560233354568,2.7026751041412354,-0.0009489296935498714,0.0004188944585621357,5.8660050854086876e-05,0.0,0.0,0.0,0.0,0.0,0.0,-0.5687857000000001,0.6080123,10.2577559,0.12217304763960307,0.10471975511965978,-0.05235987755982989,-719.0,316.0,-400.0,1600,1600,1599,1599,0,0,0,0
1763969330.3616068,0.0,0.0,32.57,154.85,-0.0629095584154129,0.2159567028284073,0.9743046164512634,-0.011643211357295513,-3.0913875102996826,-0.11784560233354568,2.7026751041412354,-0.0009489296935498714,0.0004188944585621357,5.8660050854086876e-05,0.0,0.0,0.0,0.0,0.0,0.0,-0.5687857000000001,0.6080123,10.2577559,0.12217304763960307,0.10471975511965978,-0.05235987755982989,-719.0,316.0,-400.0,1600,1600,1599,1599,0,0,0,0
1763969330.3949993,0.0,0.0,32.57,154.85,-0.0629095584154129,0.2159567028284073,0.9743046164512634,-0.011643211357295513,-3.0913875102996826,-0.11784560233354568,2.7026751041412354,-0.0009489296935498714,0.0004188944585621357,5.8660050854086876e-05,0.0,0.0,0.0,0.0,0.0,0.0,-0.5687857000000001,0.6080123,10.2577559,0.12217304763960307,0.10471975511965978,-0.05235987755982989,-719.0,316.0,-400.0,1600,1600,1599,1599,0,0,0,0
1763969330.4283915,0.0,0.0,32.57,154.85,-0.0629095584154129,0.2159567028284073,0.9743046164512634,-0.011643211357295513,-3.0913875102996826,-0.11784560233354568,2.7026751041412354,-0.0009489296935498714,0.0004188944585621357,5.8660050854086876e-05,0.0,0.0,0.0,0.0,0.0,0.0,-0.5687857000000001,0.61781895,10.2577559,0.06981317007977318,0.08726646259971647,-0.05235987755982989,-719.0,319.0,-405.0,1600,1600,1599,1599,0,0,0,0
1763969330.461781,0.0,0.0,32.57,154.85,-0.0629095584154129,0.2159567028284073,0.9743046164512634,-0.011643211357295513,-3.09137225151062,-0.11785463988780975,2.7026896476745605,0.0019222418777644634,0.0005522635765373707,-2.4086562916636467e-05,0.0,0.0,0.0,0.0,0.0,0.0,-0.5687857000000001,0.61781895,10.2577559,0.06981317007977318,0.08726646259971647,-0.05235987755982989,-719.0,319.0,-405.0,1600,1600,1599,1599,0,0,0,0
1763969330.4951735,0.0,0.0,32.57,154.85,-0.06291551887989044,0.21594886481761932,0.9743059277534485,-0.011650138534605503,-3.09137225151062,-0.11785463988780975,2.7026896476745605,0.0019222418777644634,0.0005522635765373707,-2.4086562916636467e-05,0.0,0.0,0.0,0.0,0.0,0.0,-0.5687857000000001,0.61781895,10.2577559,0.06981317007977318,0.08726646259971647,-0.05235987755982989,-719.0,319.0,-405.0,1600,1600,1599,1599,0,0,0,0
1763969330.5285645,0.0,0.0,32.57,154.85,-0.06291551887989044,0.21594886481761932,0.9743059277534485,-0.011650138534605503,-3.09137225151062,-0.11785463988780975,2.7026896476745605,0.0019222418777644634,0.0005522635765373707,-2.4086562916636467e-05,0.0,0.0,0.0,0.0,0.0,0.0,-0.5687857000000001,0.61781895,10.2577559,0.06981317007977318,0.08726646259971647,-0.05235987755982989,-719.0,319.0,-405.0,1600,1600,1599,1599,0,0,0,0
1763969330.5619664,0.0,0.0,32.57,154.85,-0.06291551887989044,0.21594886481761932,0.9743059277534485,-0.011650138534605503,-3.09137225151062,-0.11785463988780975,2.7026896476745605,0.0019222418777644634,0.0005522635765373707,-2.4086562916636467e-05,0.0,0.0,0.0,0.0,0.0,0.0,-0.5687857000000001,0.61781895,10.2577559,0.06981317007977318,0.08726646259971647,-0.05235987755982989,-719.0,319.0,-405.0,1600,1600,1599,1599,0,0,0,0
1763969330.5953572,0.0,0.0,32.57,154.85,-0.06291551887989044,0.21594886481761932,0.9743059277534485,-0.011650138534605503,-3.09137225151062,-0.11785463988780975,2.7026896476745605,0.0019222418777644634,0.0005522635765373707,-2.4086562916636467e-05,0.0,0.0,0.0,0.0,0.0,0.0,-0.57859235,0.61781895,10.2577559,0.12217304763960307,0.08726646259971647,-0.05235987755982989,-719.0,319.0,-405.0,1600,1600,1599,1599,0,0,0,0
1763969330.6287603,0.0,0.0,32.57,154.85,-0.06291551887989044,0.21594886481761932,0.9743059277534485,-0.011650138534605503,-3.091371536254883,-0.11789951473474503,2.7027151584625244,-0.00022832350805401802,0.001534762792289257,0.00036858581006526947,0.0,0.0,0.0,0.0,0.0,0.0,-0.57859235,0.61781895,10.2577559,0.12217304763960307,0.08726646259971647,-0.05235987755982989,-719.0,319.0,-405.0,1600,1600,1599,1599,0,0,0,0
1763969330.662157,0.0,0.0,32.57,154.85,-0.06293730437755585,0.21593569219112396,0.9743074178695679,-0.011646370403468609,-3.091371536254883,-0.11789951473474503,2.7027151584625244,-0.00022832350805401802,0.001534762792289257,0.00036858581006526947,0.0,0.0,0.0,0.0,0.0,0.0,-0.57859235,0.61781895,10.2577559,0.12217304763960307,0.08726646259971647,-0.05235987755982989,-719.0,319.0,-405.0,1600,1600,1599,1599,0,0,0,0
1763969330.6955574,0.0,0.0,32.57,154.85,-0.06293730437755585,0.21593569219112396,0.9743074178695679,-0.011646370403468609,-3.091371536254883,-0.11789951473474503,2.7027151584625244,-0.00022832350805401802,0.001534762792289257,0.00036858581006526947,0.0,0.0,0.0,0.0,0.0,0.0,-0.57859235,0.61781895,10.2577559,0.12217304763960307,0.08726646259971647,-0.05235987755982989,-719.0,319.0,-405.0,1600,1600,1599,1599,0,0,0,0
1763969330.7289507,0.0,0.0,32.57,154.85,-0.06293730437755585,0.21593569219112396,0.9743074178695679,-0.011646370403468609,-3.091371536254883,-0.11789951473474503,2.7027151584625244,-0.00022832350805401802,0.001534762792289257,0.00036858581006526947,0.0,0.0,0.0,0.0,0.0,0.0,-0.57859235,0.61781895,10.2577559,0.12217304763960307,0.08726646259971647,-0.05235987755982989,-719.0,319.0,-405.0,1600,1600,1599,1599,0,0,0,0
1763969330.76236,0.0,0.0,32.57,154.85,-0.06293730437755585,0.21593569219112396,0.9743074178695679,-0.011646370403468609,-3.091371536254883,-0.11789951473474503,2.7027151584625244,-0.00022832350805401802,0.001534762792289257,0.00036858581006526947,0.0,0.0,0.0,0.0,0.0,0.0,-0.5687857000000001,0.6080123,10.2577559,0.08726646259971647,0.10471975511965978,-0.03490658503988659,-719.0,319.0,-405.0,1600,1600,1599,1599,0,0,0,0
1763969330.795764,0.0,0.0,32.57,154.85,-0.06293730437755585,0.21593569219112396,0.9743074178695679,-0.011646370403468609,-3.0913708209991455,-0.11789178848266602,2.7026987075805664,-0.0007955660112202168,-0.0005795294418931007,0.001333080930635333,0.0,0.0,0.0,0.0,0.0,0.0,-0.5687857000000001,0.6080123,10.2577559,0.08726646259971647,0.10471975511965978,-0.03490658503988659,-719.0,319.0,-405.0,1600,1600,1599,1599,0,0,0,0
1763969330.8292754,0.0,0.0,32.57,154.85,-0.06293730437755585,0.21593569219112396,0.9743074178695679,-0.011646370403468609,-3.0913708209991455,-0.11789178848266602,2.7026987075805664,-0.0007955660112202168,-0.0005795294418931007,0.001333080930635333,0.0,0.0,0.0,0.0,0.0,0.0,-0.5687857000000001,0.6080123,10.2577559,0.08726646259971647,0.10471975511965978,-0.03490658503988659,-719.0,319.0,-405.0,1600,1600,1599,1599,0,0,0,0
1763969330.862693,0.0,0.0,32.57,154.85,-0.06293730437755585,0.21593569219112396,0.9743074178695679,-0.011646370403468609,-3.0913708209991455,-0.11789178848266602,2.7026987075805664,-0.0007955660112202168,-0.0005795294418931007,0.001333080930635333,0.0,0.0,0.0,0.0,0.0,0.0,-0.5687857000000001,0.6080123,10.2577559,0.08726646259971647,0.10471975511965978,-0.03490658503988659,-719.0,319.0,-405.0,1600,1600,1599,1599,0,0,0,0
1763969330.8960917,0.0,0.0,32.57,154.85,-0.06293730437755585,0.21593569219112396,0.9743074178695679,-0.011646370403468609,-3.0913708209991455,-0.11789178848266602,2.7026987075805664,-0.0007955660112202168,-0.0005795294418931007,0.001333080930635333,0.0,0.0,0.0,0.0,0.0,0.0,-0.5687857000000001,0.6080123,10.2577559,0.08726646259971647,0.10471975511965978,-0.03490658503988659,-719.0,319.0,-405.0,1600,1600,1599,1599,0,0,0,0
1763969330.9294841,0.0,0.0,32.57,154.85,-0.06293730437755585,0.21593569219112396,0.9743074178695679,-0.011646370403468609,-3.0913708209991455,-0.11789178848266602,2.7026987075805664,-0.0007955660112202168,-0.0005795294418931007,0.001333080930635333,0.0,0.0,0.0,0.0,0.0,0.0,-0.55897905,0.61781895,10.2577559,0.06981317007977318,0.06981317007977318,-0.017453292519943295,-721.0,324.0,-406.0,1600,1600,1599,1599,0,0,0,0
1763969330.9628758,0.0,0.0,32.57,154.85,-0.06293730437755585,0.21593569219112396,0.9743074178695679,-0.011646370403468609,-3.091372013092041,-0.11790844053030014,2.7026875019073486,-0.0006338711827993393,0.0008410783484578133,-0.0007146871648728848,0.0,0.0,0.0,0.0,0.0,0.0,-0.55897905,0.61781895,10.2577559,0.06981317007977318,0.06981317007977318,-0.017453292519943295,-721.0,324.0,-406.0,1600,1600,1599,1599,0,0,0,0
1763969330.996266,0.0,0.0,32.57,154.85,-0.06294175982475281,0.21594896912574768,0.9743042588233948,-0.011644340120255947,-3.091372013092041,-0.11790844053030014,2.7026875019073486,-0.0006338711827993393,0.0008410783484578133,-0.0007146871648728848,0.0,0.0,0.0,0.0,0.0,0.0,-0.55897905,0.61781895,10.2577559,0.06981317007977318,0.06981317007977318,-0.017453292519943295,-721.0,324.0,-406.0,1600,1600,1599,1599,0,0,0,0
1763969331.0296645,0.0,0.0,32.64,154.85,-0.06294175982475281,0.21594896912574768,0.9743042588233948,-0.011644340120255947,-3.091372013092041,-0.11790844053030014,2.7026875019073486,-0.0006338711827993393,0.0008410783484578133,-0.0007146871648728848,0.0,0.0,0.0,0.0,0.0,0.0,-0.55897905,0.61781895,10.2577559,0.06981317007977318,0.06981317007977318,-0.017453292519943295,-721.0,324.0,-406.0,1600,1600,1599,1599,0,0,0,0
1763969331.0630617,0.0,0.0,32.64,154.85,-0.06296558678150177,0.2159707248210907,0.9742976427078247,-0.011664400808513165,-3.091372013092041,-0.11790844053030014,2.7026875019073486,-0.0006338711827993393,0.0008410783484578133,-0.0007146871648728848,0.0,0.0,0.0,0.0,0.0,0.0,-0.55897905,0.61781895,10.2577559,0.06981317007977318,0.06981317007977318,-0.017453292519943295,-721.0,324.0,-406.0,1600,1600,1599,1599,0,0,0,0
1763969331.0964534,0.0,0.0,32.64,154.84,-0.06296558678150177,0.2159707248210907,0.9742976427078247,-0.011664400808513165,-3.091372013092041,-0.11790844053030014,2.7026875019073486,-0.0006338711827993393,0.0008410783484578133,-0.0007146871648728848,0.0,0.0,0.0,0.0,0.0,0.0,-0.55897905,0.61781895,10.2577559,0.06981317007977318,0.06981317007977318,-0.017453292519943295,-721.0,324.0,-406.0,1600,1600,1599,1599,0,0,0,0
1763969331.1298463,0.0,0.0,32.64,154.84,-0.06296558678150177,0.2159707248210907,0.9742976427078247,-0.011664400808513165,-3.091372013092041,-0.11790844053030014,2.7026875019073486,-0.0006338711827993393,0.0008410783484578133,-0.0007146871648728848,0.0,0.0,0.0,0.0,0.0,0.0,-0.55897905,0.61781895,10.2577559,0.06981317007977318,0.06981317007977318,-0.017453292519943295,-721.0,324.0,-406.0,1600,1600,1599,1599,0,0,0,0
1763969331.1632392,0.0,0.0,32.64,154.84,-0.06296558678150177,0.2159707248210907,0.9742976427078247,-0.011664400808513165,-3.091372013092041,-0.11790844053030014,2.7026875019073486,-0.0006338711827993393,0.0008410783484578133,-0.0007146871648728848,0.0,0.0,0.0,0.0,0.0,0.0,-0.57859235,0.61781895,10.2577559,0.08726646259971647,0.06981317007977318,-0.03490658503988659,-717.0,323.0,-401.0,1600,1600,1599,1599,0,0,0,0
1763969331.1966298,0.0,0.0,32.64,154.84,-0.06296558678150177,0.2159707248210907,0.9742976427078247,-0.011664400808513165,-3.091322898864746,-0.11792829632759094,2.702633857727051,-0.000307413749396801,3.255624324083328e-05,0.001344537828117609,0.0,0.0,0.0,0.0,0.0,0.0,-0.57859235,0.61781895,10.2577559,0.08726646259971647,0.06981317007977318,-0.03490658503988659,-717.0,323.0,-401.0,1600,1600,1599,1599,0,0,0,0
1763969331.230031,0.0,0.0,32.64,154.84,-0.0629570484161377,0.2159731388092041,0.9742976427078247,-0.01166446227580309,-3.091322898864746,-0.11792829632759094,2.702633857727051,-0.000307413749396801,3.255624324083328e-05,0.001344537828117609,0.0,0.0,0.0,0.0,0.0,0.0,-0.57859235,0.61781895,10.2577559,0.08726646259971647,0.06981317007977318,-0.03490658503988659,-717.0,323.0,-401.0,1600,1600,1599,1599,0,0,0,0
1763969331.2634256,0.0,0.0,32.54,154.84,-0.0629570484161377,0.2159731388092041,0.9742976427078247,-0.01166446227580309,-3.091322898864746,-0.11792829632759094,2.702633857727051,-0.000307413749396801,3.255624324083328e-05,0.001344537828117609,0.0,0.0,0.0,0.0,0.0,0.0,-0.57859235,0.61781895,10.2577559,0.08726646259971647,0.06981317007977318,-0.03490658503988659,-717.0,323.0,-401.0,1600,1600,1599,1599,0,0,0,0
1763969331.2968447,0.0,0.0,32.54,154.84,-0.0629570484161377,0.2159731388092041,0.9742976427078247,-0.01166446227580309,-3.091322898864746,-0.11792829632759094,2.702633857727051,-0.000307413749396801,3.255624324083328e-05,0.001344537828117609,0.0,0.0,0.0,0.0,0.0,0.0,-0.57859235,0.61781895,10.2577559,0.08726646259971647,0.06981317007977318,-0.03490658503988659,-717.0,323.0,-401.0,1600,1600,1599,1599,0,0,0,0
1763969331.3302402,0.0,0.0,32.54,154.84,-0.0629570484161377,0.2159731388092041,0.9742976427078247,-0.01166446227580309,-3.091322898864746,-0.11792829632759094,2.702633857727051,-0.000307413749396801,3.255624324083328e-05,0.001344537828117609,0.0,0.0,0.0,0.0,0.0,0.0,-0.5687857000000001,0.61781895,10.2577559,0.08726646259971647,0.06981317007977318,-0.017453292519943295,-716.0,319.0,-405.0,1600,1600,1599,1599,0,0,0,0
1763969331.3636408,0.0,0.0,32.54,154.84,-0.06295457482337952,0.21597793698310852,0.9742969274520874,-0.011656178161501884,-3.091322898864746,-0.11792829632759094,2.702633857727051,-0.000307413749396801,3.255624324083328e-05,0.001344537828117609,0.0,0.0,0.0,0.0,0.0,0.0,-0.5687857000000001,0.61781895,10.2577559,0.08726646259971647,0.06981317007977318,-0.017453292519943295,-716.0,319.0,-405.0,1600,1600,1599,1599,0,0,0,0
1763969331.3970335,0.0,0.0,32.54,154.84,-0.06295457482337952,0.21597793698310852,0.9742969274520874,-0.011656178161501884,-3.091322898864746,-0.11792829632759094,2.702633857727051,-0.000307413749396801,3.255624324083328e-05,0.001344537828117609,0.0,0.0,0.0,0.0,0.0,0.0,-0.5687857000000001,0.61781895,10.2577559,0.08726646259971647,0.06981317007977318,-0.017453292519943295,-716.0,319.0,-405.0,1600,1600,1599,1599,0,0,0,0
1763969331.4304273,0.0,0.0,32.54,154.84,-0.06295457482337952,0.21597793698310852,0.9742969274520874,-0.011656178161501884,-3.091322898864746,-0.11792829632759094,2.702633857727051,-0.000307413749396801,3.255624324083328e-05,0.001344537828117609,0.0,0.0,0.0,0.0,0.0,0.0,-0.5687857000000001,0.61781895,10.2577559,0.08726646259971647,0.06981317007977318,-0.017453292519943295,-716.0,319.0,-405.0,1600,1600,1599,1599,0,0,0,0
1763969331.4638321,0.0,0.0,32.54,154.84,-0.06295457482337952,0.21597793698310852,0.9742969274520874,-0.011656178161501884,-3.091322898864746,-0.11792829632759094,2.702633857727051,-0.000307413749396801,3.255624324083328e-05,0.001344537828117609,0.0,0.0,0.0,0.0,0.0,0.0,-0.5687857000000001,0.61781895,10.2577559,0.08726646259971647,0.06981317007977318,-0.017453292519943295,-716.0,319.0,-405.0,1600,1600,1599,1599,0,0,0,0
1763969331.4972236,0.0,0.0,32.54,154.84,-0.06295457482337952,0.21597793698310852,0.9742969274520874,-0.011656178161501884,-3.091322898864746,-0.11792829632759094,2.702633857727051,-0.000307413749396801,3.255624324083328e-05,0.001344537828117609,0.0,0.0,0.0,0.0,0.0,0.0,-0.5687857000000001,0.61781895,10.2577559,0.06981317007977318,0.06981317007977318,-0.05235987755982989,-716.0,319.0,-405.0,1600,1600,1599,1599,0,0,0,0
1763969331.5306456,0.0,0.0,32.54,154.84,-0.06295457482337952,0.21597793698310852,0.9742969274520874,-0.011656178161501884,-3.091322898864746,-0.11792829632759094,2.702633857727051,-0.000307413749396801,3.255624324083328e-05,0.001344537828117609,0.0,0.0,0.0,0.0,0.0,0.0,-0.5687857000000001,0.61781895,10.2577559,0.06981317007977318,0.06981317007977318,-0.05235987755982989,-716.0,319.0,-405.0,1600,1600,1599,1599,0,0,0,0
1763969331.5640771,0.0,0.0,32.54,154.84,-0.06295457482337952,0.21597793698310852,0.9742969274520874,-0.011656178161501884,-3.091357469558716,-0.11791844666004181,2.7026212215423584,-0.0016920026391744614,0.00016707321628928185,-0.0003222990781068802,0.0,0.0,0.0,0.0,0.0,0.0,-0.5687857000000001,0.61781895,10.2577559,0.06981317007977318,0.06981317007977318,-0.05235987755982989,-716.0,319.0,-405.0,1600,1600,1599,1599,0,0,0,0
1763969331.597519,0.0,0.0,32.54,154.84,-0.06295457482337952,0.21597793698310852,0.9742969274520874,-0.011656178161501884,-3.091357469558716,-0.11791844666004181,2.7026212215423584,-0.0016920026391744614,0.00016707321628928185,-0.0003222990781068802,0.0,0.0,0.0,0.0,0.0,0.0,-0.5687857000000001,0.6080123,10.2577559,0.05235987755982989,0.06981317007977318,-0.05235987755982989,-716.0,319.0,-405.0,1600,1600,1599,1599,0,0,0,0
1763969331.6309385,0.0,0.0,32.54,154.84,-0.06294857710599899,0.2159806787967682,0.9742967486381531,-0.011648215353488922,-3.091357469558716,-0.11791844666004181,2.7026212215423584,-0.0016920026391744614,0.00016707321628928185,-0.0003222990781068802,0.0,0.0,0.0,0.0,0.0,0.0,-0.5687857000000001,0.6080123,10.2577559,0.05235987755982989,0.06981317007977318,-0.05235987755982989,-716.0,319.0,-405.0,1600,1600,1599,1599,0,0,0,0
1763969331.664361,0.0,0.0,32.54,154.84,-0.06294857710599899,0.2159806787967682,0.9742967486381531,-0.011648215353488922,-3.091357469558716,-0.11791844666004181,2.7026212215423584,-0.0016920026391744614,0.00016707321628928185,-0.0003222990781068802,0.0,0.0,0.0,0.0,0.0,0.0,-0.5687857000000001,0.6080123,10.2577559,0.05235987755982989,0.06981317007977318,-0.05235987755982989,-716.0,319.0,-405.0,1600,1600,1599,1599,0,0,0,0
1763969331.698823,0.0,0.0,32.54,154.84,-0.06294857710599899,0.2159806787967682,0.9742967486381531,-0.011648215353488922,-3.0913689136505127,-0.11786023527383804,2.702831506729126,0.00033218180760741234,9.327009320259094e-05,0.0009591488633304834,0.0,0.0,0.0,0.0,0.0,0.0,-0.5687857000000001,0.6080123,10.2577559,0.05235987755982989,0.06981317007977318,-0.05235987755982989,-716.0,319.0,-405.0,1600,1600,1599,1599,0,0,0,0
1763969331.732351,0.0,0.0,32.54,154.84,-0.0629177913069725,0.2158796191215515,0.9743210673332214,-0.011655675247311592,-3.0913689136505127,-0.11786023527383804,2.702831506729126,0.00033218180760741234,9.327009320259094e-05,0.0009591488633304834,0.0,0.0,0.0,0.0,0.0,0.0,-0.5687857000000001,0.6080123,10.2577559,0.05235987755982989,0.06981317007977318,-0.05235987755982989,-716.0,319.0,-405.0,1600,1600,1599,1599,0,0,0,0
1763969331.7665875,0.0,0.0,32.52,154.86,-0.0629177913069725,0.2158796191215515,0.9743210673332214,-0.011655675247311592,-3.0913689136505127,-0.11786023527383804,2.702831506729126,0.00033218180760741234,9.327009320259094e-05,0.0009591488633304834,0.0,0.0,0.0,0.0,0.0,0.0,-0.5687857000000001,0.6080123,10.2577559,0.05235987755982989,0.06981317007977318,-0.05235987755982989,-716.0,319.0,-405.0,1600,1600,1599,1599,0,0,0,0
1763969331.8000143,0.0,0.0,32.52,154.86,-0.0629177913069725,0.2158796191215515,0.9743210673332214,-0.011655675247311592,-3.0913689136505127,-0.11786023527383804,2.702831506729126,0.00033218180760741234,9.327009320259094e-05,0.0009591488633304834,0.0,0.0,0.0,0.0,0.0,0.0,-0.5687857000000001,0.6080123,10.2577559,0.05235987755982989,0.06981317007977318,-0.05235987755982989,-716.0,319.0,-405.0,1600,1600,1599,1599,0,0,0,0
1763969331.8334162,0.0,0.0,32.52,154.86,-0.0629177913069725,0.2158796191215515,0.9743210673332214,-0.011655675247311592,-3.0913689136505127,-0.11786023527383804,2.702831506729126,0.00033218180760741234,9.327009320259094e-05,0.0009591488633304834,0.0,0.0,0.0,0.0,0.0,0.0,-0.5687857000000001,0.61781895,10.24794925,0.08726646259971647,0.06981317007977318,-0.03490658503988659,-716.0,317.0,-406.0,1600,1600,1599,1599,0,0,0,0
1763969331.8668172,0.0,0.0,32.52,154.86,-0.0629177913069725,0.2158796191215515,0.9743210673332214,-0.011655675247311592,-3.0913705825805664,-0.11785797029733658,2.7028253078460693,-6.427755579352379e-05,0.0007062857039272785,-3.955489955842495e-05,0.0,0.0,0.0,0.0,0.0,0.0,-0.5687857000000001,0.61781895,10.24794925,0.08726646259971647,0.06981317007977318,-0.03490658503988659,-716.0,317.0,-406.0,1600,1600,1599,1599,0,0,0,0
1763969331.9002159,0.0,0.0,32.52,154.86,-0.06291653215885162,0.21588271856307983,0.9743204116821289,-0.011654864065349102,-3.0913705825805664,-0.11785797029733658,2.7028253078460693,-6.427755579352379e-05,0.0007062857039272785,-3.955489955842495e-05,0.0,0.0,0.0,0.0,0.0,0.0,-0.5687857000000001,0.61781895,10.24794925,0.08726646259971647,0.06981317007977318,-0.03490658503988659,-716.0,317.0,-406.0,1600,1600,1599,1599,0,0,0,0
1763969331.9336157,0.0,0.0,32.52,154.86,-0.06291653215885162,0.21588271856307983,0.9743204116821289,-0.011654864065349102,-3.0913705825805664,-0.11785797029733658,2.7028253078460693,-6.427755579352379e-05,0.0007062857039272785,-3.955489955842495e-05,0.0,0.0,0.0,0.0,0.0,0.0,-0.5687857000000001,0.61781895,10.24794925,0.08726646259971647,0.06981317007977318,-0.03490658503988659,-716.0,317.0,-406.0,1600,1600,1599,1599,0,0,0,0
1763969331.9670134,0.0,0.0,32.52,154.86,-0.06291653215885162,0.21588271856307983,0.9743204116821289,-0.011654864065349102,-3.0913705825805664,-0.11785797029733658,2.7028253078460693,-6.427755579352379e-05,0.0007062857039272785,-3.955489955842495e-05,0.0,0.0,0.0,0.0,0.0,0.0,-0.5687857000000001,0.61781895,10.24794925,0.08726646259971647,0.06981317007977318,-0.03490658503988659,-716.0,317.0,-406.0,1600,1600,1599,1599,0,0,0,0
1763969332.000439,0.0,0.0,32.52,154.86,-0.06291653215885162,0.21588271856307983,0.9743204116821289,-0.011654864065349102,-3.0913705825805664,-0.11785797029733658,2.7028253078460693,-6.427755579352379e-05,0.0007062857039272785,-3.955489955842495e-05,0.0,0.0,0.0,0.0,0.0,0.0,-0.5687857000000001,0.61781895,10.2577559,0.08726646259971647,0.08726646259971647,-0.05235987755982989,-716.0,317.0,-406.0,1600,1600,1599,1599,0,0,0,0
1763969332.033839,0.0,0.0,32.52,154.86,-0.06291653215885162,0.21588271856307983,0.9743204116821289,-0.011654864065349102,-3.091364860534668,-0.11786001175642014,2.7028379440307617,0.0007006307132542133,-0.00019069528207182884,-2.5258632376790047e-05,0.0,0.0,0.0,0.0,0.0,0.0,-0.5687857000000001,0.61781895,10.2577559,0.08726646259971647,0.08726646259971647,-0.05235987755982989,-716.0,317.0,-406.0,1600,1600,1599,1599,0,0,0,0
1763969332.06724,0.0,0.0,32.52,154.86,-0.06291806697845459,0.21587637066841125,0.9743216633796692,-0.011657791212201118,-3.091364860534668,-0.11786001175642014,2.7028379440307617,0.0007006307132542133,-0.00019069528207182884,-2.5258632376790047e-05,0.0,0.0,0.0,0.0,0.0,0.0,-0.5687857000000001,0.61781895,10.2577559,0.08726646259971647,0.08726646259971647,-0.05235987755982989,-716.0,317.0,-406.0,1600,1600,1599,1599,0,0,0,0
1763969332.100641,0.0,0.0,32.56,154.86,-0.06291806697845459,0.21587637066841125,0.9743216633796692,-0.011657791212201118,-3.091364860534668,-0.11786001175642014,2.7028379440307617,0.0007006307132542133,-0.00019069528207182884,-2.5258632376790047e-05,0.0,0.0,0.0,0.0,0.0,0.0,-0.5687857000000001,0.61781895,10.2577559,0.08726646259971647,0.08726646259971647,-0.05235987755982989,-716.0,317.0,-406.0,1600,1600,1599,1599,0,0,0,0
1763969332.1340435,0.0,0.0,32.56,154.86,-0.06291806697845459,0.21587637066841125,0.9743216633796692,-0.011657791212201118,-3.091364860534668,-0.11786001175642014,2.7028379440307617,0.0007006307132542133,-0.00019069528207182884,-2.5258632376790047e-05,0.0,0.0,0.0,0.0,0.0,0.0,-0.5687857000000001,0.61781895,10.2577559,0.08726646259971647,0.08726646259971647,-0.05235987755982989,-716.0,317.0,-406.0,1600,1600,1599,1599,0,0,0,0
1763969332.167441,0.0,0.0,32.56,154.86,-0.06291806697845459,0.21587637066841125,0.9743216633796692,-0.011657791212201118,-3.091364860534668,-0.11786001175642014,2.7028379440307617,0.0007006307132542133,-0.00019069528207182884,-2.5258632376790047e-05,0.0,0.0,0.0,0.0,0.0,0.0,-0.57859235,0.6080123,10.2577559,0.10471975511965978,0.06981317007977318,-0.05235987755982989,-719.0,318.0,-400.0,1600,1600,1599,1599,0,0,0,0
1763969332.2008417,0.0,0.0,32.56,154.86,-0.06291806697845459,0.21587637066841125,0.9743216633796692,-0.011657791212201118,-3.09136962890625,-0.11783888936042786,2.702848196029663,-0.0014059357345104218,-0.00017526187002658844,0.00043338630348443985,0.0,0.0,0.0,0.0,0.0,0.0,-0.57859235,0.6080123,10.2577559,0.10471975511965978,0.06981317007977318,-0.05235987755982989,-719.0,318.0,-400.0,1600,1600,1599,1599,0,0,0,0
1763969332.2342432,0.0,0.0,32.56,154.86,-0.06290720403194427,0.21587194502353668,0.9743234515190125,-0.011658111587166786,-3.09136962890625,-0.11783888936042786,2.702848196029663,-0.0014059357345104218,-0.00017526187002658844,0.00043338630348443985,0.0,0.0,0.0,0.0,0.0,0.0,-0.57859235,0.6080123,10.2577559,0.10471975511965978,0.06981317007977318,-0.05235987755982989,-719.0,318.0,-400.0,1600,1600,1599,1599,0,0,0,0
1763969332.2676451,0.0,0.0,32.56,154.86,-0.06290720403194427,0.21587194502353668,0.9743234515190125,-0.011658111587166786,-3.09136962890625,-0.11783888936042786,2.702848196029663,-0.0014059357345104218,-0.00017526187002658844,0.00043338630348443985,0.0,0.0,0.0,0.0,0.0,0.0,-0.57859235,0.6080123,10.2577559,0.10471975511965978,0.06981317007977318,-0.05235987755982989,-719.0,318.0,-400.0,1600,1600,1599,1599,0,0,0,0
1763969332.3012447,0.0,0.0,32.56,154.86,-0.06290720403194427,0.21587194502353668,0.9743234515190125,-0.011658111587166786,-3.09136962890625,-0.11783888936042786,2.702848196029663,-0.0014059357345104218,-0.00017526187002658844,0.00043338630348443985,0.0,0.0,0.0,0.0,0.0,0.0,-0.57859235,0.6080123,10.2577559,0.10471975511965978,0.06981317007977318,-0.05235987755982989,-719.0,318.0,-400.0,1600,1600,1599,1599,0,0,0,0
1763969332.334647,0.0,0.0,32.56,154.86,-0.06290720403194427,0.21587194502353668,0.9743234515190125,-0.011658111587166786,-3.09136962890625,-0.11783888936042786,2.702848196029663,-0.0014059357345104218,-0.00017526187002658844,0.00043338630348443985,0.0,0.0,0.0,0.0,0.0,0.0,-0.5687857000000001,0.61781895,10.2577559,0.06981317007977318,0.06981317007977318,-0.03490658503988659,-719.0,318.0,-400.0,1600,1600,1599,1599,0,0,0,0
1763969332.3680499,0.0,0.0,32.56,154.86,-0.06290720403194427,0.21587194502353668,0.9743234515190125,-0.011658111587166786,-3.0913796424865723,-0.11781904846429825,2.7028582096099854,-0.0018156205769628286,-0.00018684938549995422,0.0007809740491211414,0.0,0.0,0.0,0.0,0.0,0.0,-0.5687857000000001,0.61781895,10.2577559,0.06981317007977318,0.06981317007977318,-0.03490658503988659,-719.0,318.0,-400.0,1600,1600,1599,1599,0,0,0,0
1763969332.4014523,0.0,0.0,32.56,154.86,-0.06289642304182053,0.21586768329143524,0.9743250608444214,-0.011655779555439949,-3.0913796424865723,-0.11781904846429825,2.7028582096099854,-0.0018156205769628286,-0.00018684938549995422,0.0007809740491211414,0.0,0.0,0.0,0.0,0.0,0.0,-0.5687857000000001,0.61781895,10.2577559,0.06981317007977318,0.06981317007977318,-0.03490658503988659,-719.0,318.0,-400.0,1600,1600,1599,1599,0,0,0,0
1763969332.434853,0.0,0.0,32.56,154.86,-0.06289642304182053,0.21586768329143524,0.9743250608444214,-0.011655779555439949,-3.0913796424865723,-0.11781904846429825,2.7028582096099854,-0.0018156205769628286,-0.00018684938549995422,0.0007809740491211414,0.0,0.0,0.0,0.0,0.0,0.0,-0.5687857000000001,0.61781895,10.2577559,0.06981317007977318,0.06981317007977318,-0.03490658503988659,-719.0,318.0,-400.0,1600,1600,1599,1599,0,0,0,0
1763969332.4682662,0.0,0.0,32.56,154.86,-0.06289642304182053,0.21586768329143524,0.9743250608444214,-0.011655779555439949,-3.0913796424865723,-0.11781904846429825,2.7028582096099854,-0.0018156205769628286,-0.00018684938549995422,0.0007809740491211414,0.0,0.0,0.0,0.0,0.0,0.0,-0.5687857000000001,0.61781895,10.2577559,0.06981317007977318,0.06981317007977318,-0.03490658503988659,-719.0,318.0,-400.0,1600,1600,1599,1599,0,0,0,0
1763969332.5016792,0.0,0.0,32.56,154.86,-0.06289642304182053,0.21586768329143524,0.9743250608444214,-0.011655779555439949,-3.0913796424865723,-0.11781904846429825,2.7028582096099854,-0.0018156205769628286,-0.00018684938549995422,0.0007809740491211414,0.0,0.0,0.0,0.0,0.0,0.0,-0.5687857000000001,0.61781895,10.2577559,0.08726646259971647,0.05235987755982989,-0.06981317007977318,-720.0,319.0,-399.0,1600,1600,1599,1599,0,0,0,0
1763969332.5350876,0.0,0.0,32.56,154.86,-0.06289642304182053,0.21586768329143524,0.9743250608444214,-0.011655779555439949,-3.091298818588257,-0.11780917644500732,2.7029623985290527,0.00017851125448942184,-0.0012317141517996788,-0.00046722753904759884,0.0,0.0,0.0,0.0,0.0,0.0,-0.5687857000000001,0.61781895,10.2577559,0.08726646259971647,0.05235987755982989,-0.06981317007977318,-720.0,319.0,-399.0,1600,1600,1599,1599,0,0,0,0
1763969332.5685234,0.0,0.0,32.56,154.86,-0.06289970129728317,0.21581463515758514,0.9743360877037048,-0.011699439026415348,-3.091298818588257,-0.11780917644500732,2.7029623985290527,0.00017851125448942184,-0.0012317141517996788,-0.00046722753904759884,0.0,0.0,0.0,0.0,0.0,0.0,-0.5687857000000001,0.61781895,10.2577559,0.08726646259971647,0.05235987755982989,-0.06981317007977318,-720.0,319.0,-399.0,1600,1600,1599,1599,0,0,0,0
1763969332.6019645,0.0,0.0,32.6,154.86,-0.06289970129728317,0.21581463515758514,0.9743360877037048,-0.011699439026415348,-3.091298818588257,-0.11780917644500732,2.7029623985290527,0.00017851125448942184,-0.0012317141517996788,-0.00046722753904759884,0.0,0.0,0.0,0.0,0.0,0.0,-0.5687857000000001,0.61781895,10.2577559,0.08726646259971647,0.05235987755982989,-0.06981317007977318,-720.0,319.0,-399.0,1600,1600,1599,1599,0,0,0,0
1763969332.6353927,0.0,0.0,32.6,154.86,-0.06289970129728317,0.21581463515758514,0.9743360877037048,-0.011699439026415348,-3.091299057006836,-0.1178136095404625,2.702958345413208,0.0007318742573261261,0.0006849751807749271,-8.990499190986156e-05,0.0,0.0,0.0,0.0,0.0,0.0,-0.5687857000000001,0.61781895,10.2577559,0.08726646259971647,0.05235987755982989,-0.06981317007977318,-720.0,319.0,-399.0,1600,1600,1599,1599,0,0,0,0
1763969332.6688044,0.0,0.0,32.6,154.86,-0.06290186941623688,0.21581651270389557,0.9743355512619019,-0.011698749847710133,-3.091299057006836,-0.1178136095404625,2.702958345413208,0.0007318742573261261,0.0006849751807749271,-8.990499190986156e-05,0.0,0.0,0.0,0.0,0.0,0.0,-0.5687857000000001,0.61781895,10.2577559,0.08726646259971647,0.05235987755982989,-0.06981317007977318,-720.0,319.0,-399.0,1600,1600,1599,1599,0,0,0,0
1763969332.7024446,0.0,0.0,32.6,154.86,-0.06290186941623688,0.21581651270389557,0.9743355512619019,-0.011698749847710133,-3.091299057006836,-0.1178136095404625,2.702958345413208,0.0007318742573261261,0.0006849751807749271,-8.990499190986156e-05,0.0,0.0,0.0,0.0,0.0,0.0,-0.5687857000000001,0.61781895,10.2577559,0.08726646259971647,0.05235987755982989,-0.06981317007977318,-720.0,319.0,-399.0,1600,1600,1599,1599,0,0,0,0
1763969332.7358618,0.0,0.0,32.6,154.86,-0.06290186941623688,0.21581651270389557,0.9743355512619019,-0.011698749847710133,-3.091299057006836,-0.1178136095404625,2.702958345413208,0.0007318742573261261,0.0006849751807749271,-8.990499190986156e-05,0.0,0.0,0.0,0.0,0.0,0.0,-0.5687857000000001,0.61781895,10.2577559,0.08726646259971647,0.05235987755982989,-0.06981317007977318,-720.0,319.0,-399.0,1600,1600,1599,1599,0,0,0,0
1763969332.7692773,0.0,0.0,32.6,154.86,-0.06290186941623688,0.21581651270389557,0.9743355512619019,-0.011698749847710133,-3.091299057006836,-0.1178136095404625,2.702958345413208,0.0007318742573261261,0.0006849751807749271,-8.990499190986156e-05,0.0,0.0,0.0,0.0,0.0,0.0,-0.5687857000000001,0.61781895,10.2577559,0.08726646259971647,0.05235987755982989,-0.06981317007977318,-720.0,319.0,-399.0,1600,1600,1599,1599,0,0,0,0
1763969332.8026874,0.0,0.0,32.6,154.86,-0.06290186941623688,0.21581651270389557,0.9743355512619019,-0.011698749847710133,-3.091299057006836,-0.1178136095404625,2.702958345413208,0.0007318742573261261,0.0006849751807749271,-8.990499190986156e-05,0.0,0.0,0.0,0.0,0.0,0.0,-0.55897905,0.6276256,10.2577559,0.10471975511965978,0.08726646259971647,-0.05235987755982989,-719.0,320.0,-400.0,1600,1600,1599,1599,0,0,0,0
1763969332.8361063,0.0,0.0,32.6,154.86,-0.06290186941623688,0.21581651270389557,0.9743355512619019,-0.011698749847710133,-3.0913026332855225,-0.11780979484319687,2.7029762268066406,-0.00035462062805891037,0.00023268163204193115,-0.0003601759672164917,0.0,0.0,0.0,0.0,0.0,0.0,-0.55897905,0.6276256,10.2577559,0.10471975511965978,0.08726646259971647,-0.05235987755982989,-719.0,320.0,-400.0,1600,1600,1599,1599,0,0,0,0
1763969332.8695097,0.0,0.0,32.6,154.86,-0.06289951503276825,0.2158079743385315,0.9743375778198242,-0.011697949841618538,-3.0913026332855225,-0.11780979484319687,2.7029762268066406,-0.00035462062805891037,0.00023268163204193115,-0.0003601759672164917,0.0,0.0,0.0,0.0,0.0,0.0,-0.55897905,0.6276256,10.2577559,0.10471975511965978,0.08726646259971647,-0.05235987755982989,-719.0,320.0,-400.0,1600,1600,1599,1599,0,0,0,0
1763969332.9029102,0.0,0.0,32.52,154.86,-0.06289951503276825,0.2158079743385315,0.9743375778198242,-0.011697949841618538,-3.0913026332855225,-0.11780979484319687,2.7029762268066406,-0.00035462062805891037,0.00023268163204193115,-0.0003601759672164917,0.0,0.0,0.0,0.0,0.0,0.0,-0.55897905,0.6276256,10.2577559,0.10471975511965978,0.08726646259971647,-0.05235987755982989,-719.0,320.0,-400.0,1600,1600,1599,1599,0,0,0,0
1763969332.9363136,0.0,0.0,32.52,154.86,-0.06289951503276825,0.2158079743385315,0.9743375778198242,-0.011697949841618538,-3.091295003890991,-0.1178092509508133,2.703026533126831,-0.00030757393687963486,-3.6465469747781754e-05,-0.0007190809119492769,0.0,0.0,0.0,0.0,0.0,0.0,-0.55897905,0.6276256,10.2577559,0.10471975511965978,0.08726646259971647,-0.05235987755982989,-719.0,320.0,-400.0,1600,1600,1599,1599,0,0,0,0
1763969332.969715,0.0,0.0,32.52,154.86,-0.06289978325366974,0.21578331291675568,0.974342942237854,-0.011703336611390114,-3.091295003890991,-0.1178092509508133,2.703026533126831,-0.00030757393687963486,-3.6465469747781754e-05,-0.0007190809119492769,0.0,0.0,0.0,0.0,0.0,0.0,-0.55897905,0.6276256,10.2577559,0.10471975511965978,0.08726646259971647,-0.05235987755982989,-719.0,320.0,-400.0,1600,1600,1599,1599,0,0,0,0
1763969333.0031188,0.0,0.0,32.52,154.87,-0.06289978325366974,0.21578331291675568,0.974342942237854,-0.011703336611390114,-3.091295003890991,-0.1178092509508133,2.703026533126831,-0.00030757393687963486,-3.6465469747781754e-05,-0.0007190809119492769,0.0,0.0,0.0,0.0,0.0,0.0,-0.55897905,0.6276256,10.2577559,0.10471975511965978,0.08726646259971647,-0.05235987755982989,-719.0,320.0,-400.0,1600,1600,1599,1599,0,0,0,0
1763969333.036526,0.0,0.0,32.52,154.87,-0.06289978325366974,0.21578331291675568,0.974342942237854,-0.011703336611390114,-3.091295003890991,-0.1178092509508133,2.703026533126831,-0.00030757393687963486,-3.6465469747781754e-05,-0.0007190809119492769,0.0,0.0,0.0,0.0,0.0,0.0,-0.55897905,0.6276256,10.2577559,0.10471975511965978,0.08726646259971647,-0.05235987755982989,-719.0,320.0,-400.0,1600,1600,1599,1599,0,0,0,0
1763969333.0699284,0.0,0.0,32.52,154.87,-0.06289978325366974,0.21578331291675568,0.974342942237854,-0.011703336611390114,-3.091295003890991,-0.1178092509508133,2.703026533126831,-0.00030757393687963486,-3.6465469747781754e-05,-0.0007190809119492769,0.0,0.0,0.0,0.0,0.0,0.0,-0.55897905,0.6276256,10.2577559,0.10471975511965978,0.08726646259971647,-0.05235987755982989,-719.0,320.0,-400.0,1600,1600,1599,1599,0,0,0,0
1763969333.1033306,0.0,0.0,32.52,154.87,-0.06289978325366974,0.21578331291675568,0.974342942237854,-0.011703336611390114,-3.091295003890991,-0.1178092509508133,2.703026533126831,-0.00030757393687963486,-3.6465469747781754e-05,-0.0007190809119492769,0.0,0.0,0.0,0.0,0.0,0.0,-0.5687857000000001,0.61781895,10.2577559,0.08726646259971647,0.06981317007977318,-0.05235987755982989,-727.0,316.0,-404.0,1600,1600,1599,1599,0,0,0,0
1763969333.1367316,0.0,0.0,32.52,154.87,-0.06289978325366974,0.21578331291675568,0.974342942237854,-0.011703336611390114,-3.091287612915039,-0.11782892793416977,2.703057050704956,0.00012702634558081627,0.0014471011236310005,-0.0009847276378422976,0.0,0.0,0.0,0.0,0.0,0.0,-0.5687857000000001,0.61781895,10.2577559,0.08726646259971647,0.06981317007977318,-0.05235987755982989,-727.0,316.0,-404.0,1600,1600,1599,1599,0,0,0,0
1763969333.170125,0.0,0.0,32.52,154.87,-0.06290999799966812,0.2157677561044693,0.9743457436561584,-0.01170580368489027,-3.091287612915039,-0.11782892793416977,2.703057050704956,0.00012702634558081627,0.0014471011236310005,-0.0009847276378422976,0.0,0.0,0.0,0.0,0.0,0.0,-0.5687857000000001,0.61781895,10.2577559,0.08726646259971647,0.06981317007977318,-0.05235987755982989,-727.0,316.0,-404.0,1600,1600,1599,1599,0,0,0,0
1763969333.2035182,0.0,0.0,32.52,154.87,-0.06290999799966812,0.2157677561044693,0.9743457436561584,-0.01170580368489027,-3.091287612915039,-0.11782892793416977,2.703057050704956,0.00012702634558081627,0.0014471011236310005,-0.0009847276378422976,0.0,0.0,0.0,0.0,0.0,0.0,-0.5687857000000001,0.61781895,10.2577559,0.08726646259971647,0.06981317007977318,-0.05235987755982989,-727.0,316.0,-404.0,1600,1600,1599,1599,0,0,0,0
1763969333.2369077,0.0,0.0,32.52,154.87,-0.06290999799966812,0.2157677561044693,0.9743457436561584,-0.01170580368489027,-3.091287612915039,-0.11782892793416977,2.703057050704956,0.00012702634558081627,0.0014471011236310005,-0.0009847276378422976,0.0,0.0,0.0,0.0,0.0,0.0,-0.5687857000000001,0.61781895,10.2577559,0.08726646259971647,0.06981317007977318,-0.05235987755982989,-727.0,316.0,-404.0,1600,1600,1599,1599,0,0,0,0
1763969333.270309,0.0,0.0,32.52,154.87,-0.06290999799966812,0.2157677561044693,0.9743457436561584,-0.01170580368489027,-3.091287612915039,-0.11782892793416977,2.703057050704956,0.00012702634558081627,0.0014471011236310005,-0.0009847276378422976,0.0,0.0,0.0,0.0,0.0,0.0,-0.5687857000000001,0.61781895,10.2577559,0.08726646259971647,0.10471975511965978,-0.06981317007977318,-727.0,316.0,-404.0,1600,1600,1599,1599,0,0,0,0
1763969333.3037012,0.0,0.0,32.52,154.87,-0.06290999799966812,0.2157677561044693,0.9743457436561584,-0.01170580368489027,-3.091341495513916,-0.11772819608449936,2.703105926513672,0.0009278650395572186,0.0006570275872945786,-0.0005092634819447994,0.0,0.0,0.0,0.0,0.0,0.0,-0.5687857000000001,0.61781895,10.2577559,0.08726646259971647,0.10471975511965978,-0.06981317007977318,-727.0,316.0,-404.0,1600,1600,1599,1599,0,0,0,0
1763969333.3370917,0.0,0.0,32.52,154.87,-0.06285487115383148,0.21574750542640686,0.9743539690971375,-0.011692100204527378,-3.091341495513916,-0.11772819608449936,2.703105926513672,0.0009278650395572186,0.0006570275872945786,-0.0005092634819447994,0.0,0.0,0.0,0.0,0.0,0.0,-0.5687857000000001,0.61781895,10.2577559,0.08726646259971647,0.10471975511965978,-0.06981317007977318,-727.0,316.0,-404.0,1600,1600,1599,1599,0,0,0,0
1763969333.3704839,0.0,0.0,32.53,154.87,-0.06285487115383148,0.21574750542640686,0.9743539690971375,-0.011692100204527378,-3.091341495513916,-0.11772819608449936,2.703105926513672,0.0009278650395572186,0.0006570275872945786,-0.0005092634819447994,0.0,0.0,0.0,0.0,0.0,0.0,-0.5687857000000001,0.61781895,10.2577559,0.08726646259971647,0.10471975511965978,-0.06981317007977318,-727.0,316.0,-404.0,1600,1600,1599,1599,0,0,0,0
1763969333.403882,0.0,0.0,32.53,154.87,-0.06285487115383148,0.21574750542640686,0.9743539690971375,-0.011692100204527378,-3.091341495513916,-0.11772819608449936,2.703105926513672,0.0009278650395572186,0.0006570275872945786,-0.0005092634819447994,0.0,0.0,0.0,0.0,0.0,0.0,-0.5687857000000001,0.61781895,10.2577559,0.08726646259971647,0.10471975511965978,-0.06981317007977318,-727.0,316.0,-404.0,1600,1600,1599,1599,0,0,0,0
1763969333.4372814,0.0,0.0,32.53,154.87,-0.06285487115383148,0.21574750542640686,0.9743539690971375,-0.011692100204527378,-3.091341495513916,-0.11772819608449936,2.703105926513672,0.0009278650395572186,0.0006570275872945786,-0.0005092634819447994,0.0,0.0,0.0,0.0,0.0,0.0,-0.5687857000000001,0.61781895,10.2577559,0.08726646259971647,0.10471975511965978,-0.06981317007977318,-727.0,316.0,-404.0,1600,1600,1599,1599,0,0,0,0
1763969333.470685,0.0,0.0,32.53,154.87,-0.06285487115383148,0.21574750542640686,0.9743539690971375,-0.011692100204527378,-3.091341495513916,-0.11772819608449936,2.703105926513672,0.0009278650395572186,0.0006570275872945786,-0.0005092634819447994,0.0,0.0,0.0,0.0,0.0,0.0,-0.5687857000000001,0.6276256,10.24794925,0.10471975511965978,0.08726646259971647,-0.05235987755982989,-719.0,316.0,-408.0,1600,1600,1599,1599,0,0,0,0
1763969333.5040789,0.0,0.0,32.53,154.87,-0.06285487115383148,0.21574750542640686,0.9743539690971375,-0.011692100204527378,-3.091327428817749,-0.11774302273988724,2.7031073570251465,0.0011868998408317566,0.0008748918771743774,0.00034513347782194614,0.0,0.0,0.0,0.0,0.0,0.0,-0.5687857000000001,0.6276256,10.24794925,0.10471975511965978,0.08726646259971647,-0.05235987755982989,-719.0,316.0,-408.0,1600,1600,1599,1599,0,0,0,0
1763969333.537485,0.0,0.0,32.53,154.87,-0.06286358088254929,0.21574613451957703,0.9743536114692688,-0.011697307229042053,-3.091327428817749,-0.11774302273988724,2.7031073570251465,0.0011868998408317566,0.0008748918771743774,0.00034513347782194614,0.0,0.0,0.0,0.0,0.0,0.0,-0.5687857000000001,0.6276256,10.24794925,0.10471975511965978,0.08726646259971647,-0.05235987755982989,-719.0,316.0,-408.0,1600,1600,1599,1599,0,0,0,0
1763969333.570883,0.0,0.0,32.53,154.87,-0.06286358088254929,0.21574613451957703,0.9743536114692688,-0.011697307229042053,-3.091327428817749,-0.11774302273988724,2.7031073570251465,0.0011868998408317566,0.0008748918771743774,0.00034513347782194614,0.0,0.0,0.0,0.0,0.0,0.0,-0.5687857000000001,0.6276256,10.24794925,0.10471975511965978,0.08726646259971647,-0.05235987755982989,-719.0,316.0,-408.0,1600,1600,1599,1599,0,0,0,0
1763969333.6042755,0.0,0.0,32.53,154.87,-0.06286358088254929,0.21574613451957703,0.9743536114692688,-0.011697307229042053,-3.091327428817749,-0.11774302273988724,2.7031073570251465,0.0011868998408317566,0.0008748918771743774,0.00034513347782194614,0.0,0.0,0.0,0.0,0.0,0.0,-0.5687857000000001,0.6276256,10.24794925,0.10471975511965978,0.08726646259971647,-0.05235987755982989,-719.0,316.0,-408.0,1600,1600,1599,1599,0,0,0,0
1763969333.6376762,0.0,0.0,32.53,154.87,-0.06286358088254929,0.21574613451957703,0.9743536114692688,-0.011697307229042053,-3.091327428817749,-0.11774302273988724,2.7031073570251465,0.0011868998408317566,0.0008748918771743774,0.00034513347782194614,0.0,0.0,0.0,0.0,0.0,0.0,-0.5687857000000001,0.6276256,10.24794925,0.10471975511965978,0.08726646259971647,-0.05235987755982989,-719.0,316.0,-408.0,1600,1600,1599,1599,0,0,0,0
1763969333.671072,0.0,0.0,32.53,154.87,-0.06286358088254929,0.21574613451957703,0.9743536114692688,-0.011697307229042053,-3.091327428817749,-0.11774302273988724,2.7031073570251465,0.0011868998408317566,0.0008748918771743774,0.00034513347782194614,0.0,0.0,0.0,0.0,0.0,0.0,-0.5687857000000001,0.6276256,10.24794925,0.10471975511965978,0.08726646259971647,-0.03490658503988659,-719.0,316.0,-408.0,1600,1600,1599,1599,0,0,0,0
1763969333.7044656,0.0,0.0,32.53,154.87,-0.06286358088254929,0.21574613451957703,0.9743536114692688,-0.011697307229042053,-3.091327428817749,-0.11774302273988724,2.7031073570251465,0.0011868998408317566,0.0008748918771743774,0.00034513347782194614,0.0,0.0,0.0,0.0,0.0,0.0,-0.5687857000000001,0.6276256,10.24794925,0.10471975511965978,0.08726646259971647,-0.03490658503988659,-719.0,316.0,-408.0,1600,1600,1599,1599,0,0,0,0
1763969333.7378612,0.0,0.0,32.53,154.87,-0.06286358088254929,0.21574613451957703,0.9743536114692688,-0.011697307229042053,-3.091327428817749,-0.11774302273988724,2.7031073570251465,0.0011868998408317566,0.0008748918771743774,0.00034513347782194614,0.0,0.0,0.0,0.0,0.0,0.0,-0.57859235,0.61781895,10.24794925,0.08726646259971647,0.08726646259971647,-0.03490658503988659,-719.0,316.0,-408.0,1600,1600,1599,1599,0,0,0,0
1763969333.771255,0.0,0.0,32.53,154.87,-0.06286358088254929,0.21574613451957703,0.9743536114692688,-0.011697307229042053,-3.091327428817749,-0.11774302273988724,2.7031073570251465,0.0011868998408317566,0.0008748918771743774,0.00034513347782194614,0.0,0.0,0.0,0.0,0.0,0.0,-0.57859235,0.61781895,10.24794925,0.08726646259971647,0.08726646259971647,-0.03490658503988659,-719.0,316.0,-408.0,1600,1600,1599,1599,0,0,0,0
1763969333.8046489,0.0,0.0,32.53,154.87,-0.06286358088254929,0.21574613451957703,0.9743536114692688,-0.011697307229042053,-3.091343402862549,-0.11773660033941269,2.7031426429748535,0.00048534898087382317,0.000335086602717638,0.0017857436323538423,0.0,0.0,0.0,0.0,0.0,0.0,-0.57859235,0.61781895,10.24794925,0.08726646259971647,0.08726646259971647,-0.03490658503988659,-719.0,316.0,-408.0,1600,1600,1599,1599,0,0,0,0
1763969333.8380458,0.0,0.0,32.53,154.87,-0.06285852193832397,0.21572956442832947,0.9743576645851135,-0.011691348627209663,-3.091343402862549,-0.11773660033941269,2.7031426429748535,0.00048534898087382317,0.000335086602717638,0.0017857436323538423,0.0,0.0,0.0,0.0,0.0,0.0,-0.57859235,0.61781895,10.24794925,0.08726646259971647,0.08726646259971647,-0.03490658503988659,-719.0,316.0,-408.0,1600,1600,1599,1599,0,0,0,0
1763969333.8714387,0.0,0.0,32.68,154.87,-0.06285852193832397,0.21572956442832947,0.9743576645851135,-0.011691348627209663,-3.091343402862549,-0.11773660033941269,2.7031426429748535,0.00048534898087382317,0.000335086602717638,0.0017857436323538423,0.0,0.0,0.0,0.0,0.0,0.0,-0.57859235,0.61781895,10.24794925,0.08726646259971647,0.08726646259971647,-0.03490658503988659,-719.0,316.0,-408.0,1600,1600,1599,1599,0,0,0,0
1763969333.9048383,0.0,0.0,32.68,154.87,-0.06285852193832397,0.21572956442832947,0.9743576645851135,-0.011691348627209663,-3.091343402862549,-0.11773660033941269,2.7031426429748535,0.00048534898087382317,0.000335086602717638,0.0017857436323538423,0.0,0.0,0.0,0.0,0.0,0.0,-0.57859235,0.61781895,10.24794925,0.08726646259971647,0.08726646259971647,-0.03490658503988659,-719.0,316.0,-408.0,1600,1600,1599,1599,0,0,0,0
1763969333.9382312,0.0,0.0,32.68,154.87,-0.06285852193832397,0.21572956442832947,0.9743576645851135,-0.011691348627209663,-3.091343402862549,-0.11773660033941269,2.7031426429748535,0.00048534898087382317,0.000335086602717638,0.0017857436323538423,0.0,0.0,0.0,0.0,0.0,0.0,-0.55897905,0.61781895,10.24794925,0.10471975511965978,0.06981317007977318,-0.017453292519943295,-710.0,321.0,-401.0,1600,1600,1599,1599,0,0,0,0
1763969333.9716222,0.0,0.0,32.68,154.87,-0.06285852193832397,0.21572956442832947,0.9743576645851135,-0.011691348627209663,-3.091273546218872,-0.11776022613048553,2.7032389640808105,-0.0013194638304412365,0.0003180229105055332,0.0005542079452425241,0.0,0.0,0.0,0.0,0.0,0.0,-0.55897905,0.61781895,10.24794925,0.10471975511965978,0.06981317007977318,-0.017453292519943295,-710.0,321.0,-401.0,1600,1600,1599,1599,0,0,0,0
1763969334.0050144,0.0,0.0,32.68,154.87,-0.06287697702646255,0.2156800478696823,0.974367082118988,-0.011725805699825287,-3.091273546218872,-0.11776022613048553,2.7032389640808105,-0.0013194638304412365,0.0003180229105055332,0.0005542079452425241,0.0,0.0,0.0,0.0,0.0,0.0,-0.55897905,0.61781895,10.24794925,0.10471975511965978,0.06981317007977318,-0.017453292519943295,-710.0,321.0,-401.0,1600,1600,1599,1599,0,0,0,0
1763969334.0384057,0.0,0.0,32.62,154.88,-0.06287697702646255,0.2156800478696823,0.974367082118988,-0.011725805699825287,-3.091273546218872,-0.11776022613048553,2.7032389640808105,-0.0013194638304412365,0.0003180229105055332,0.0005542079452425241,0.0,0.0,0.0,0.0,0.0,0.0,-0.55897905,0.61781895,10.24794925,0.10471975511965978,0.06981317007977318,-0.017453292519943295,-710.0,321.0,-401.0,1600,1600,1599,1599,0,0,0,0
1763969334.0718033,0.0,0.0,32.62,154.88,-0.06287697702646255,0.2156800478696823,0.974367082118988,-0.011725805699825287,-3.091273546218872,-0.11776022613048553,2.7032389640808105,-0.0013194638304412365,0.0003180229105055332,0.0005542079452425241,0.0,0.0,0.0,0.0,0.0,0.0,-0.55897905,0.61781895,10.24794925,0.10471975511965978,0.06981317007977318,-0.017453292519943295,-710.0,321.0,-401.0,1600,1600,1599,1599,0,0,0,0
1763969334.105194,0.0,0.0,32.62,154.88,-0.06287697702646255,0.2156800478696823,0.974367082118988,-0.011725805699825287,-3.091273546218872,-0.11776022613048553,2.7032389640808105,-0.0013194638304412365,0.0003180229105055332,0.0005542079452425241,0.0,0.0,0.0,0.0,0.0,0.0,-0.55897905,0.61781895,10.24794925,0.10471975511965978,0.06981317007977318,-0.017453292519943295,-710.0,321.0,-401.0,1600,1600,1599,1599,0,0,0,0
1763969334.1385977,0.0,0.0,32.62,154.88,-0.06287697702646255,0.2156800478696823,0.974367082118988,-0.011725805699825287,-3.091273546218872,-0.11776022613048553,2.7032389640808105,-0.0013194638304412365,0.0003180229105055332,0.0005542079452425241,0.0,0.0,0.0,0.0,0.0,0.0,-0.55897905,0.6080123,10.24794925,0.06981317007977318,0.06981317007977318,-0.03490658503988659,-712.0,320.0,-407.0,1600,1600,1599,1599,0,0,0,0
1763969334.1719913,0.0,0.0,32.62,154.88,-0.06287697702646255,0.2156800478696823,0.974367082118988,-0.011725805699825287,-3.0913212299346924,-0.1177791878581047,2.703263282775879,-0.011974615976214409,0.0036637024022638798,-0.003669268684461713,0.0,0.0,0.0,0.0,0.0,0.0,-0.55897905,0.6080123,10.24794925,0.06981317007977318,0.06981317007977318,-0.03490658503988659,-712.0,320.0,-407.0,1600,1600,1599,1599,0,0,0,0
1763969334.2053828,0.0,0.0,32.62,154.88,-0.06288092583417892,0.21566933393478394,0.974369466304779,-0.011701245792210102,-3.0913212299346924,-0.1177791878581047,2.703263282775879,-0.011974615976214409,0.0036637024022638798,-0.003669268684461713,0.0,0.0,0.0,0.0,0.0,0.0,-0.55897905,0.6080123,10.24794925,0.06981317007977318,0.06981317007977318,-0.03490658503988659,-712.0,320.0,-407.0,1600,1600,1599,1599,0,0,0,0
1763969334.238757,0.0,0.0,32.62,154.88,-0.06288092583417892,0.21566933393478394,0.974369466304779,-0.011701245792210102,-3.0913212299346924,-0.1177791878581047,2.703263282775879,-0.011974615976214409,0.0036637024022638798,-0.003669268684461713,0.0,0.0,0.0,0.0,0.0,0.0,-0.55897905,0.6080123,10.24794925,0.06981317007977318,0.06981317007977318,-0.03490658503988659,-712.0,320.0,-407.0,1600,1600,1599,1599,0,0,0,0
1763969334.2721465,0.0,0.0,32.62,154.88,-0.06288092583417892,0.21566933393478394,0.974369466304779,-0.011701245792210102,-3.0913212299346924,-0.1177791878581047,2.703263282775879,-0.011974615976214409,0.0036637024022638798,-0.003669268684461713,0.0,0.0,0.0,0.0,0.0,0.0,-0.55897905,0.6080123,10.24794925,0.06981317007977318,0.06981317007977318,-0.03490658503988659,-712.0,320.0,-407.0,1600,1600,1599,1599,0,0,0,0
1763969334.3055377,0.0,0.0,32.62,154.88,-0.06288092583417892,0.21566933393478394,0.974369466304779,-0.011701245792210102,-3.0912463665008545,-0.11783033609390259,2.7032816410064697,-0.004943852312862873,0.004350032191723585,-0.006563848815858364,0.0,0.0,0.0,0.0,0.0,0.0,-0.55897905,0.6080123,10.24794925,0.06981317007977318,0.06981317007977318,-0.03490658503988659,-712.0,320.0,-407.0,1600,1600,1599,1599,0,0,0,0
1763969334.3389273,0.0,0.0,32.62,154.88,-0.06288092583417892,0.21566933393478394,0.974369466304779,-0.011701245792210102,-3.0912463665008545,-0.11783033609390259,2.7032816410064697,-0.004943852312862873,0.004350032191723585,-0.006563848815858364,0.0,0.0,0.0,0.0,0.0,0.0,-0.57859235,0.61781895,10.2577559,0.0,0.13962634015954636,-0.15707963267948966,-715.0,320.0,-403.0,1600,1600,1599,1599,0,0,0,0
1763969334.3723166,0.0,0.0,32.62,154.88,-0.06291379034519196,0.2156570553779602,0.9743696451187134,-0.011732735671103,-3.0912463665008545,-0.11783033609390259,2.7032816410064697,-0.004943852312862873,0.004350032191723585,-0.006563848815858364,0.0,0.0,0.0,0.0,0.0,0.0,-0.57859235,0.61781895,10.2577559,0.0,0.13962634015954636,-0.15707963267948966,-715.0,320.0,-403.0,1600,1600,1599,1599,0,0,0,0
1763969334.4057066,0.0,0.0,32.62,154.88,-0.06291379034519196,0.2156570553779602,0.9743696451187134,-0.011732735671103,-3.0912463665008545,-0.11783033609390259,2.7032816410064697,-0.004943852312862873,0.004350032191723585,-0.006563848815858364,0.0,0.0,0.0,0.0,0.0,0.0,-0.57859235,0.61781895,10.2577559,0.0,0.13962634015954636,-0.15707963267948966,-715.0,320.0,-403.0,1600,1600,1599,1599,0,0,0,0
1763969334.4391031,0.0,0.0,32.62,154.88,-0.06291379034519196,0.2156570553779602,0.9743696451187134,-0.011732735671103,-3.0911941528320312,-0.11781385540962219,2.7032365798950195,0.004879619926214218,-0.00010446179658174515,0.00290190358646214,0.0,0.0,0.0,0.0,0.0,0.0,-0.57859235,0.61781895,10.2577559,0.0,0.13962634015954636,-0.15707963267948966,-715.0,320.0,-403.0,1600,1600,1599,1599,0,0,0,0
1763969334.4724958,0.0,0.0,32.62,154.88,-0.06291379034519196,0.2156570553779602,0.9743696451187134,-0.011732735671103,-3.0911941528320312,-0.11781385540962219,2.7032365798950195,0.004879619926214218,-0.00010446179658174515,0.00290190358646214,0.0,0.0,0.0,0.0,0.0,0.0,-0.57859235,0.61781895,10.2577559,0.0,0.13962634015954636,-0.15707963267948966,-715.0,320.0,-403.0,1600,1600,1599,1599,0,0,0,0
1763969334.5058882,0.0,0.0,32.62,154.88,-0.06291379034519196,0.2156570553779602,0.9743696451187134,-0.011732735671103,-3.0911941528320312,-0.11781385540962219,2.7032365798950195,0.004879619926214218,-0.00010446179658174515,0.00290190358646214,0.0,0.0,0.0,0.0,0.0,0.0,-0.55897905,0.6276256,10.2577559,0.17453292519943295,0.06981317007977318,0.0,-715.0,320.0,-403.0,1600,1600,1599,1599,0,0,0,0
1763969334.5392787,0.0,0.0,32.62,154.88,-0.06291165202856064,0.2156776785850525,0.9743649363517761,-0.011758535169064999,-3.0911941528320312,-0.11781385540962219,2.7032365798950195,0.004879619926214218,-0.00010446179658174515,0.00290190358646214,0.0,0.0,0.0,0.0,0.0,0.0,-0.55897905,0.6276256,10.2577559,0.17453292519943295,0.06981317007977318,0.0,-715.0,320.0,-403.0,1600,1600,1599,1599,0,0,0,0
1763969334.57268,0.0,0.0,32.63,154.88,-0.06291165202856064,0.2156776785850525,0.9743649363517761,-0.011758535169064999,-3.0911941528320312,-0.11781385540962219,2.7032365798950195,0.004879619926214218,-0.00010446179658174515,0.00290190358646214,0.0,0.0,0.0,0.0,0.0,0.0,-0.55897905,0.6276256,10.2577559,0.17453292519943295,0.06981317007977318,0.0,-715.0,320.0,-403.0,1600,1600,1599,1599,0,0,0,0
1763969334.6060765,0.0,0.0,32.63,154.88,-0.06291165202856064,0.2156776785850525,0.9743649363517761,-0.011758535169064999,-3.091214179992676,-0.11782535165548325,2.703244209289551,0.0004005800001323223,0.0005262726917862892,0.0006954681593924761,0.0,0.0,0.0,0.0,0.0,0.0,-0.55897905,0.6276256,10.2577559,0.17453292519943295,0.06981317007977318,0.0,-715.0,320.0,-403.0,1600,1600,1599,1599,0,0,0,0
1763969334.6394696,0.0,0.0,32.63,154.88,-0.06291504949331284,0.21567441523075104,0.9743655920028687,-0.011747787706553936,-3.091214179992676,-0.11782535165548325,2.703244209289551,0.0004005800001323223,0.0005262726917862892,0.0006954681593924761,0.0,0.0,0.0,0.0,0.0,0.0,-0.55897905,0.6276256,10.2577559,0.17453292519943295,0.06981317007977318,0.0,-715.0,320.0,-403.0,1600,1600,1599,1599,0,0,0,0
1763969334.672862,0.0,0.0,32.63,154.88,-0.06291504949331284,0.21567441523075104,0.9743655920028687,-0.011747787706553936,-3.091214179992676,-0.11782535165548325,2.703244209289551,0.0004005800001323223,0.0005262726917862892,0.0006954681593924761,0.0,0.0,0.0,0.0,0.0,0.0,-0.55897905,0.6276256,10.2577559,0.17453292519943295,0.06981317007977318,0.0,-715.0,320.0,-403.0,1600,1600,1599,1599,0,0,0,0
1763969334.70626,0.0,0.0,32.63,154.88,-0.06291504949331284,0.21567441523075104,0.9743655920028687,-0.011747787706553936,-3.091214179992676,-0.11782535165548325,2.703244209289551,0.0004005800001323223,0.0005262726917862892,0.0006954681593924761,0.0,0.0,0.0,0.0,0.0,0.0,-0.55897905,0.6276256,10.2577559,0.17453292519943295,0.06981317007977318,0.0,-715.0,320.0,-403.0,1600,1600,1599,1599,0,0,0,0
1763969334.7396638,0.0,0.0,32.63,154.88,-0.06291504949331284,0.21567441523075104,0.9743655920028687,-0.011747787706553936,-3.091214179992676,-0.11782535165548325,2.703244209289551,0.0004005800001323223,0.0005262726917862892,0.0006954681593924761,0.0,0.0,0.0,0.0,0.0,0.0,-0.5687857000000001,0.63743225,10.2577559,0.08726646259971647,0.08726646259971647,-0.03490658503988659,-715.0,320.0,-403.0,1600,1600,1599,1599,0,0,0,0
1763969334.7730587,0.0,0.0,32.63,154.88,-0.06291504949331284,0.21567441523075104,0.9743655920028687,-0.011747787706553936,-3.091230869293213,-0.11779795587062836,2.703268051147461,-0.0013511483557522297,0.00015564728528261185,-0.0032681419979780912,0.0,0.0,0.0,0.0,0.0,0.0,-0.5687857000000001,0.63743225,10.2577559,0.08726646259971647,0.08726646259971647,-0.03490658503988659,-715.0,320.0,-403.0,1600,1600,1599,1599,0,0,0,0
1763969334.8064668,0.0,0.0,32.63,154.88,-0.06291504949331284,0.21567441523075104,0.9743655920028687,-0.011747787706553936,-3.0912680625915527,-0.11774443089962006,2.703195333480835,-2.9916875064373016e-05,0.0007702442817389965,2.5464221835136414e-05,0.0,0.0,0.0,0.0,0.0,0.0,-0.5687857000000001,0.63743225,10.2577559,0.08726646259971647,0.08726646259971647,-0.03490658503988659,-715.0,320.0,-403.0,1600,1600,1599,1599,0,0,0,0
1763969334.8398633,0.0,0.0,32.63,154.88,-0.06287012994289398,0.21570134162902832,0.9743627309799194,-0.011728820390999317,-3.0912680625915527,-0.11774443089962006,2.703195333480835,-2.9916875064373016e-05,0.0007702442817389965,2.5464221835136414e-05,0.0,0.0,0.0,0.0,0.0,0.0,-0.5687857000000001,0.63743225,10.2577559,0.08726646259971647,0.08726646259971647,-0.03490658503988659,-715.0,320.0,-403.0,1600,1600,1599,1599,0,0,0,0
1763969334.8732612,0.0,0.0,32.66,154.88,-0.06287012994289398,0.21570134162902832,0.9743627309799194,-0.011728820390999317,-3.0912680625915527,-0.11774443089962006,2.703195333480835,-2.9916875064373016e-05,0.0007702442817389965,2.5464221835136414e-05,0.0,0.0,0.0,0.0,0.0,0.0,-0.5687857000000001,0.63743225,10.2577559,0.08726646259971647,0.08726646259971647,-0.03490658503988659,-715.0,320.0,-403.0,1600,1600,1599,1599,0,0,0,0
1763969334.9066525,0.0,0.0,32.66,154.88,-0.06287012994289398,0.21570134162902832,0.9743627309799194,-0.011728820390999317,-3.0912680625915527,-0.11774443089962006,2.703195333480835,-2.9916875064373016e-05,0.0007702442817389965,2.5464221835136414e-05,0.0,0.0,0.0,0.0,0.0,0.0,-0.5687857000000001,0.63743225,10.2577559,0.08726646259971647,0.08726646259971647,-0.03490658503988659,-715.0,320.0,-403.0,1600,1600,1599,1599,0,0,0,0
1763969334.9400647,0.0,0.0,32.66,154.88,-0.06287012994289398,0.21570134162902832,0.9743627309799194,-0.011728820390999317,-3.0912680625915527,-0.11774443089962006,2.703195333480835,-2.9916875064373016e-05,0.0007702442817389965,2.5464221835136414e-05,0.0,0.0,0.0,0.0,0.0,0.0,-0.5687857000000001,0.63743225,10.2577559,0.08726646259971647,0.08726646259971647,-0.03490658503988659,-715.0,320.0,-403.0,1600,1600,1599,1599,0,0,0,0
1763969334.9734604,0.0,0.0,32.66,154.88,-0.06287012994289398,0.21570134162902832,0.9743627309799194,-0.011728820390999317,-3.0912680625915527,-0.11774443089962006,2.703195333480835,-2.9916875064373016e-05,0.0007702442817389965,2.5464221835136414e-05,0.0,0.0,0.0,0.0,0.0,0.0,-0.55897905,0.61781895,10.2577559,0.08726646259971647,0.08726646259971647,-0.05235987755982989,-714.0,321.0,-405.0,1600,1600,1599,1599,0,0,0,0
1763969335.0068567,0.0,0.0,32.66,154.88,-0.06287012994289398,0.21570134162902832,0.9743627309799194,-0.011728820390999317,-3.091259479522705,-0.11774499714374542,2.703184127807617,-0.001212970819324255,5.071843042969704e-05,-0.0004999537486582994,0.0,0.0,0.0,0.0,0.0,0.0,-0.55897905,0.61781895,10.2577559,0.08726646259971647,0.08726646259971647,-0.05235987755982989,-714.0,321.0,-405.0,1600,1600,1599,1599,0,0,0,0
1763969335.0402563,0.0,0.0,32.66,154.88,-0.06287141144275665,0.21570651233196259,0.9743614196777344,-0.011732659302651882,-3.091259479522705,-0.11774499714374542,2.703184127807617,-0.001212970819324255,5.071843042969704e-05,-0.0004999537486582994,0.0,0.0,0.0,0.0,0.0,0.0,-0.55897905,0.61781895,10.2577559,0.08726646259971647,0.08726646259971647,-0.05235987755982989,-714.0,321.0,-405.0,1600,1600,1599,1599,0,0,0,0
1763969335.0736554,0.0,0.0,32.64,154.88,-0.06287141144275665,0.21570651233196259,0.9743614196777344,-0.011732659302651882,-3.091259479522705,-0.11774499714374542,2.703184127807617,-0.001212970819324255,5.071843042969704e-05,-0.0004999537486582994,0.0,0.0,0.0,0.0,0.0,0.0,-0.55897905,0.61781895,10.2577559,0.08726646259971647,0.08726646259971647,-0.05235987755982989,-714.0,321.0,-405.0,1600,1600,1599,1599,0,0,0,0
1763969335.107053,0.0,0.0,32.64,154.88,-0.06287141144275665,0.21570651233196259,0.9743614196777344,-0.011732659302651882,-3.091259479522705,-0.11774499714374542,2.703184127807617,-0.001212970819324255,5.071843042969704e-05,-0.0004999537486582994,0.0,0.0,0.0,0.0,0.0,0.0,-0.55897905,0.61781895,10.2577559,0.08726646259971647,0.08726646259971647,-0.05235987755982989,-714.0,321.0,-405.0,1600,1600,1599,1599,0,0,0,0
1763969335.1404495,0.0,0.0,32.64,154.88,-0.06287141144275665,0.21570651233196259,0.9743614196777344,-0.011732659302651882,-3.091259479522705,-0.11774499714374542,2.703184127807617,-0.001212970819324255,5.071843042969704e-05,-0.0004999537486582994,0.0,0.0,0.0,0.0,0.0,0.0,-0.55897905,0.61781895,10.2577559,0.08726646259971647,0.08726646259971647,-0.05235987755982989,-714.0,321.0,-405.0,1600,1600,1599,1599,0,0,0,0
1763969335.1738482,0.0,0.0,32.64,154.88,-0.06287141144275665,0.21570651233196259,0.9743614196777344,-0.011732659302651882,-3.091259479522705,-0.11774499714374542,2.703184127807617,-0.001212970819324255,5.071843042969704e-05,-0.0004999537486582994,0.0,0.0,0.0,0.0,0.0,0.0,-0.57859235,0.6276256,10.2577559,0.06981317007977318,0.06981317007977318,-0.05235987755982989,-716.0,320.0,-403.0,1600,1600,1599,1599,0,0,0,0
1763969335.207257,0.0,0.0,32.64,154.88,-0.06287141144275665,0.21570651233196259,0.9743614196777344,-0.011732659302651882,-3.0912561416625977,-0.11774288862943649,2.703202724456787,-0.0008030617609620094,-0.0005648946389555931,-0.0006188743282109499,0.0,0.0,0.0,0.0,0.0,0.0,-0.57859235,0.6276256,10.2577559,0.06981317007977318,0.06981317007977318,-0.05235987755982989,-716.0,320.0,-403.0,1600,1600,1599,1599,0,0,0,0
1763969335.2406514,0.0,0.0,32.64,154.88,-0.06287063658237457,0.2156974822282791,0.9743635654449463,-0.011735093779861927,-3.0912561416625977,-0.11774288862943649,2.703202724456787,-0.0008030617609620094,-0.0005648946389555931,-0.0006188743282109499,0.0,0.0,0.0,0.0,0.0,0.0,-0.57859235,0.6276256,10.2577559,0.06981317007977318,0.06981317007977318,-0.05235987755982989,-716.0,320.0,-403.0,1600,1600,1599,1599,0,0,0,0
1763969335.2740479,0.0,0.0,32.64,154.88,-0.06287063658237457,0.2156974822282791,0.9743635654449463,-0.011735093779861927,-3.0912561416625977,-0.11774288862943649,2.703202724456787,-0.0008030617609620094,-0.0005648946389555931,-0.0006188743282109499,0.0,0.0,0.0,0.0,0.0,0.0,-0.57859235,0.6276256,10.2577559,0.06981317007977318,0.06981317007977318,-0.05235987755982989,-716.0,320.0,-403.0,1600,1600,1599,1599,0,0,0,0
1763969335.3074415,0.0,0.0,32.64,154.88,-0.06287063658237457,0.2156974822282791,0.9743635654449463,-0.011735093779861927,-3.0912561416625977,-0.11774288862943649,2.703202724456787,-0.0008030617609620094,-0.0005648946389555931,-0.0006188743282109499,0.0,0.0,0.0,0.0,0.0,0.0,-0.57859235,0.6276256,10.2577559,0.06981317007977318,0.06981317007977318,-0.05235987755982989,-716.0,320.0,-403.0,1600,1600,1599,1599,0,0,0,0
1763969335.3408344,0.0,0.0,32.64,154.88,-0.06287063658237457,0.2156974822282791,0.9743635654449463,-0.011735093779861927,-3.0912561416625977,-0.11774288862943649,2.703202724456787,-0.0008030617609620094,-0.0005648946389555931,-0.0006188743282109499,0.0,0.0,0.0,0.0,0.0,0.0,-0.57859235,0.6276256,10.2577559,0.06981317007977318,0.06981317007977318,-0.05235987755982989,-716.0,320.0,-403.0,1600,1600,1599,1599,0,0,0,0
1763969335.3742328,0.0,0.0,32.64,154.88,-0.06287063658237457,0.2156974822282791,0.9743635654449463,-0.011735093779861927,-3.0912561416625977,-0.11774288862943649,2.703202724456787,-0.0008030617609620094,-0.0005648946389555931,-0.0006188743282109499,0.0,0.0,0.0,0.0,0.0,0.0,-0.588399,0.6276256,10.2577559,0.06981317007977318,0.06981317007977318,-0.05235987755982989,-716.0,320.0,-403.0,1600,1600,1599,1599,0,0,0,0
1763969335.4076293,0.0,0.0,32.64,154.88,-0.06287063658237457,0.2156974822282791,0.9743635654449463,-0.011735093779861927,-3.0914721488952637,-0.11761786043643951,2.7033114433288574,-0.001272400375455618,-0.00017854012548923492,-0.0006613004952669144,0.0,0.0,0.0,0.0,0.0,0.0,-0.588399,0.6276256,10.2577559,0.06981317007977318,0.06981317007977318,-0.05235987755982989,-716.0,320.0,-403.0,1600,1600,1599,1599,0,0,0,0
1763969335.4410245,0.0,0.0,32.64,154.88,-0.06278585642576218,0.21565359830856323,0.9743797183036804,-0.01164687518030405,-3.0914721488952637,-0.11761786043643951,2.7033114433288574,-0.001272400375455618,-0.00017854012548923492,-0.0006613004952669144,0.0,0.0,0.0,0.0,0.0,0.0,-0.588399,0.6276256,10.2577559,0.06981317007977318,0.06981317007977318,-0.05235987755982989,-716.0,320.0,-403.0,1600,1600,1599,1599,0,0,0,0
1763969335.4744203,0.0,0.0,32.67,154.88,-0.06278585642576218,0.21565359830856323,0.9743797183036804,-0.01164687518030405,-3.0914721488952637,-0.11761786043643951,2.7033114433288574,-0.001272400375455618,-0.00017854012548923492,-0.0006613004952669144,0.0,0.0,0.0,0.0,0.0,0.0,-0.588399,0.6276256,10.2577559,0.06981317007977318,0.06981317007977318,-0.05235987755982989,-716.0,320.0,-403.0,1600,1600,1599,1599,0,0,0,0
1763969335.5078187,0.0,0.0,32.67,154.88,-0.06278585642576218,0.21565359830856323,0.9743797183036804,-0.01164687518030405,-3.0914721488952637,-0.11761786043643951,2.7033114433288574,-0.001272400375455618,-0.00017854012548923492,-0.0006613004952669144,0.0,0.0,0.0,0.0,0.0,0.0,-0.588399,0.6276256,10.2577559,0.06981317007977318,0.06981317007977318,-0.05235987755982989,-716.0,320.0,-403.0,1600,1600,1599,1599,0,0,0,0
1763969335.5412123,0.0,0.0,32.67,154.88,-0.06278585642576218,0.21565359830856323,0.9743797183036804,-0.01164687518030405,-3.0914721488952637,-0.11761786043643951,2.7033114433288574,-0.001272400375455618,-0.00017854012548923492,-0.0006613004952669144,0.0,0.0,0.0,0.0,0.0,0.0,-0.588399,0.6276256,10.2577559,0.06981317007977318,0.06981317007977318,-0.05235987755982989,-716.0,320.0,-403.0,1600,1600,1599,1599,0,0,0,0
1763969335.5746186,0.0,0.0,32.67,154.88,-0.06278585642576218,0.21565359830856323,0.9743797183036804,-0.01164687518030405,-3.0914721488952637,-0.11761786043643951,2.7033114433288574,-0.001272400375455618,-0.00017854012548923492,-0.0006613004952669144,0.0,0.0,0.0,0.0,0.0,0.0,-0.55897905,0.6080123,10.2577559,0.06981317007977318,0.06981317007977318,-0.05235987755982989,-717.0,319.0,-404.0,1600,1600,1599,1599,0,0,0,0
1763969335.60802,0.0,0.0,32.67,154.88,-0.06278585642576218,0.21565359830856323,0.9743797183036804,-0.01164687518030405,-3.0914764404296875,-0.1176227480173111,2.7033026218414307,0.0004666433669626713,0.000651464331895113,0.0011328337714076042,0.0,0.0,0.0,0.0,0.0,0.0,-0.55897905,0.6080123,10.2577559,0.06981317007977318,0.06981317007977318,-0.05235987755982989,-717.0,319.0,-404.0,1600,1600,1599,1599,0,0,0,0
1763969335.641416,0.0,0.0,32.67,154.88,-0.06278781592845917,0.21565794944763184,0.9743787050247192,-0.011643958278000355,-3.0914764404296875,-0.1176227480173111,2.7033026218414307,0.0004666433669626713,0.000651464331895113,0.0011328337714076042,0.0,0.0,0.0,0.0,0.0,0.0,-0.55897905,0.6080123,10.2577559,0.06981317007977318,0.06981317007977318,-0.05235987755982989,-717.0,319.0,-404.0,1600,1600,1599,1599,0,0,0,0
1763969335.6748116,0.0,0.0,32.67,154.88,-0.06278781592845917,0.21565794944763184,0.9743787050247192,-0.011643958278000355,-3.0914764404296875,-0.1176227480173111,2.7033026218414307,0.0004666433669626713,0.000651464331895113,0.0011328337714076042,0.0,0.0,0.0,0.0,0.0,0.0,-0.55897905,0.6080123,10.2577559,0.06981317007977318,0.06981317007977318,-0.05235987755982989,-717.0,319.0,-404.0,1600,1600,1599,1599,0,0,0,0
1763969335.7082083,0.0,0.0,32.67,154.88,-0.06278781592845917,0.21565794944763184,0.9743787050247192,-0.011643958278000355,-3.0914764404296875,-0.1176227480173111,2.7033026218414307,0.0004666433669626713,0.000651464331895113,0.0011328337714076042,0.0,0.0,0.0,0.0,0.0,0.0,-0.55897905,0.6080123,10.2577559,0.06981317007977318,0.06981317007977318,-0.05235987755982989,-717.0,319.0,-404.0,1600,1600,1599,1599,0,0,0,0
1763969335.741605,0.0,0.0,32.67,154.88,-0.06278781592845917,0.21565794944763184,0.9743787050247192,-0.011643958278000355,-3.0914764404296875,-0.1176227480173111,2.7033026218414307,0.0004666433669626713,0.000651464331895113,0.0011328337714076042,0.0,0.0,0.0,0.0,0.0,0.0,-0.5687857000000001,0.6080123,10.2577559,0.08726646259971647,0.08726646259971647,-0.017453292519943295,-717.0,319.0,-404.0,1600,1600,1599,1599,0,0,0,0
1763969335.775011,0.0,0.0,32.67,154.88,-0.06278781592845917,0.21565794944763184,0.9743787050247192,-0.011643958278000355,-3.0914812088012695,-0.11762244254350662,2.703322410583496,-0.0014925296418368816,0.00038428930565714836,-0.0004038210026919842,0.0,0.0,0.0,0.0,0.0,0.0,-0.5687857000000001,0.6080123,10.2577559,0.08726646259971647,0.08726646259971647,-0.017453292519943295,-717.0,319.0,-404.0,1600,1600,1599,1599,0,0,0,0
1763969335.8084188,0.0,0.0,32.67,154.88,-0.06278705596923828,0.2156483680009842,0.9743808507919312,-0.011642341502010822,-3.0914812088012695,-0.11762244254350662,2.703322410583496,-0.0014925296418368816,0.00038428930565714836,-0.0004038210026919842,0.0,0.0,0.0,0.0,0.0,0.0,-0.5687857000000001,0.6080123,10.2577559,0.08726646259971647,0.08726646259971647,-0.017453292519943295,-717.0,319.0,-404.0,1600,1600,1599,1599,0,0,0,0
1763969335.8418245,0.0,0.0,32.46,154.88,-0.06278705596923828,0.2156483680009842,0.9743808507919312,-0.011642341502010822,-3.0914812088012695,-0.11762244254350662,2.703322410583496,-0.0014925296418368816,0.00038428930565714836,-0.0004038210026919842,0.0,0.0,0.0,0.0,0.0,0.0,-0.5687857000000001,0.6080123,10.2577559,0.08726646259971647,0.08726646259971647,-0.017453292519943295,-717.0,319.0,-404.0,1600,1600,1599,1599,0,0,0,0
1763969335.8752303,0.0,0.0,32.46,154.88,-0.06278705596923828,0.2156483680009842,0.9743808507919312,-0.011642341502010822,-3.0914812088012695,-0.11762244254350662,2.703322410583496,-0.0014925296418368816,0.00038428930565714836,-0.0004038210026919842,0.0,0.0,0.0,0.0,0.0,0.0,-0.5687857000000001,0.6080123,10.2577559,0.08726646259971647,0.08726646259971647,-0.017453292519943295,-717.0,319.0,-404.0,1600,1600,1599,1599,0,0,0,0
1763969335.9086356,0.0,0.0,32.46,154.88,-0.06278705596923828,0.2156483680009842,0.9743808507919312,-0.011642341502010822,-3.0914812088012695,-0.11762244254350662,2.703322410583496,-0.0014925296418368816,0.00038428930565714836,-0.0004038210026919842,0.0,0.0,0.0,0.0,0.0,0.0,-0.5687857000000001,0.61781895,10.2577559,0.06981317007977318,0.06981317007977318,-0.05235987755982989,-720.0,319.0,-398.0,1600,1600,1599,1599,0,0,0,0
1763969335.9420416,0.0,0.0,32.46,154.88,-0.06278705596923828,0.2156483680009842,0.9743808507919312,-0.011642341502010822,-3.0914506912231445,-0.11763597279787064,2.703325033187866,-0.0002845078706741333,-2.382928505539894e-05,0.0004907965194433928,0.0,0.0,0.0,0.0,0.0,0.0,-0.5687857000000001,0.61781895,10.2577559,0.06981317007977318,0.06981317007977318,-0.05235987755982989,-720.0,319.0,-398.0,1600,1600,1599,1599,0,0,0,0
1763969335.975449,0.0,0.0,32.46,154.88,-0.06279691308736801,0.2156459540128708,0.974380612373352,-0.011655832640826702,-3.0914506912231445,-0.11763597279787064,2.703325033187866,-0.0002845078706741333,-2.382928505539894e-05,0.0004907965194433928,0.0,0.0,0.0,0.0,0.0,0.0,-0.5687857000000001,0.61781895,10.2577559,0.06981317007977318,0.06981317007977318,-0.05235987755982989,-720.0,319.0,-398.0,1600,1600,1599,1599,0,0,0,0
1763969336.0088458,0.0,0.0,32.46,154.88,-0.06279691308736801,0.2156459540128708,0.974380612373352,-0.011655832640826702,-3.0914506912231445,-0.11763597279787064,2.703325033187866,-0.0002845078706741333,-2.382928505539894e-05,0.0004907965194433928,0.0,0.0,0.0,0.0,0.0,0.0,-0.5687857000000001,0.61781895,10.2577559,0.06981317007977318,0.06981317007977318,-0.05235987755982989,-720.0,319.0,-398.0,1600,1600,1599,1599,0,0,0,0
1763969336.042247,0.0,0.0,32.46,154.88,-0.06279691308736801,0.2156459540128708,0.974380612373352,-0.011655832640826702,-3.0914506912231445,-0.11763597279787064,2.703325033187866,-0.0002845078706741333,-2.382928505539894e-05,0.0004907965194433928,0.0,0.0,0.0,0.0,0.0,0.0,-0.5687857000000001,0.61781895,10.2577559,0.06981317007977318,0.06981317007977318,-0.05235987755982989,-720.0,319.0,-398.0,1600,1600,1599,1599,0,0,0,0
1763969336.075643,0.0,0.0,32.46,154.88,-0.06279691308736801,0.2156459540128708,0.974380612373352,-0.011655832640826702,-3.0914506912231445,-0.11763597279787064,2.703325033187866,-0.0002845078706741333,-2.382928505539894e-05,0.0004907965194433928,0.0,0.0,0.0,0.0,0.0,0.0,-0.5687857000000001,0.61781895,10.2577559,0.06981317007977318,0.06981317007977318,-0.05235987755982989,-720.0,319.0,-398.0,1600,1600,1599,1599,0,0,0,0
1763969336.1090372,0.0,0.0,32.46,154.88,-0.06279691308736801,0.2156459540128708,0.974380612373352,-0.011655832640826702,-3.0914506912231445,-0.11763597279787064,2.703325033187866,-0.0002845078706741333,-2.382928505539894e-05,0.0004907965194433928,0.0,0.0,0.0,0.0,0.0,0.0,-0.5687857000000001,0.61781895,10.2577559,0.08726646259971647,0.06981317007977318,-0.03490658503988659,-720.0,319.0,-398.0,1600,1600,1599,1599,0,0,0,0
1763969336.1424303,0.0,0.0,32.46,154.88,-0.06279691308736801,0.2156459540128708,0.974380612373352,-0.011655832640826702,-3.091449022293091,-0.11762435734272003,2.7033252716064453,-0.0015785126015543938,-6.535835564136505e-05,-0.00036571547389030457,0.0,0.0,0.0,0.0,0.0,0.0,-0.5687857000000001,0.61781895,10.2577559,0.08726646259971647,0.06981317007977318,-0.03490658503988659,-720.0,319.0,-398.0,1600,1600,1599,1599,0,0,0,0
1763969336.1758285,0.0,0.0,32.46,154.88,-0.06279143691062927,0.21564599871635437,0.9743809700012207,-0.011657914146780968,-3.091449022293091,-0.11762435734272003,2.7033252716064453,-0.0015785126015543938,-6.535835564136505e-05,-0.00036571547389030457,0.0,0.0,0.0,0.0,0.0,0.0,-0.5687857000000001,0.61781895,10.2577559,0.08726646259971647,0.06981317007977318,-0.03490658503988659,-720.0,319.0,-398.0,1600,1600,1599,1599,0,0,0,0
1763969336.209225,0.0,0.0,32.46,154.88,-0.06279143691062927,0.21564599871635437,0.9743809700012207,-0.011657914146780968,-3.091449022293091,-0.11762435734272003,2.7033252716064453,-0.0015785126015543938,-6.535835564136505e-05,-0.00036571547389030457,0.0,0.0,0.0,0.0,0.0,0.0,-0.5687857000000001,0.61781895,10.2577559,0.08726646259971647,0.06981317007977318,-0.03490658503988659,-720.0,319.0,-398.0,1600,1600,1599,1599,0,0,0,0
1763969336.242651,0.0,0.0,32.46,154.88,-0.06279143691062927,0.21564599871635437,0.9743809700012207,-0.011657914146780968,-3.091495990753174,-0.11762167513370514,2.703474283218384,-0.0006068367511034012,0.0015496606938540936,0.0008483564015477896,0.0,0.0,0.0,0.0,0.0,0.0,-0.5687857000000001,0.61781895,10.2577559,0.08726646259971647,0.06981317007977318,-0.03490658503988659,-720.0,319.0,-398.0,1600,1600,1599,1599,0,0,0,0
1763969336.2760563,0.0,0.0,32.46,154.88,-0.06278420984745026,0.2155749648809433,0.9743973016738892,-0.011639988049864769,-3.091495990753174,-0.11762167513370514,2.703474283218384,-0.0006068367511034012,0.0015496606938540936,0.0008483564015477896,0.0,0.0,0.0,0.0,0.0,0.0,-0.5687857000000001,0.61781895,10.2577559,0.08726646259971647,0.06981317007977318,-0.03490658503988659,-720.0,319.0,-398.0,1600,1600,1599,1599,0,0,0,0
1763969336.3094583,0.0,0.0,32.48,154.89,-0.06278420984745026,0.2155749648809433,0.9743973016738892,-0.011639988049864769,-3.091495990753174,-0.11762167513370514,2.703474283218384,-0.0006068367511034012,0.0015496606938540936,0.0008483564015477896,0.0,0.0,0.0,0.0,0.0,0.0,-0.5687857000000001,0.61781895,10.2577559,0.08726646259971647,0.06981317007977318,-0.03490658503988659,-720.0,319.0,-398.0,1600,1600,1599,1599,0,0,0,0
1763969336.3428566,0.0,0.0,32.48,154.89,-0.06278420984745026,0.2155749648809433,0.9743973016738892,-0.011639988049864769,-3.091495990753174,-0.11762167513370514,2.703474283218384,-0.0006068367511034012,0.0015496606938540936,0.0008483564015477896,0.0,0.0,0.0,0.0,0.0,0.0,-0.5687857000000001,0.61781895,10.2577559,0.08726646259971647,0.06981317007977318,-0.03490658503988659,-720.0,319.0,-398.0,1600,1600,1599,1599,0,0,0,0
1763969336.3762484,0.0,0.0,32.48,154.89,-0.06278420984745026,0.2155749648809433,0.9743973016738892,-0.011639988049864769,-3.091495990753174,-0.11762167513370514,2.703474283218384,-0.0006068367511034012,0.0015496606938540936,0.0008483564015477896,0.0,0.0,0.0,0.0,0.0,0.0,-0.5687857000000001,0.61781895,10.2577559,0.08726646259971647,0.06981317007977318,-0.03490658503988659,-720.0,319.0,-398.0,1600,1600,1599,1599,0,0,0,0
1763969336.40964,0.0,0.0,32.48,154.89,-0.06278420984745026,0.2155749648809433,0.9743973016738892,-0.011639988049864769,-3.091495990753174,-0.11762167513370514,2.703474283218384,-0.0006068367511034012,0.0015496606938540936,0.0008483564015477896,0.0,0.0,0.0,0.0,0.0,0.0,-0.5687857000000001,0.61781895,10.2577559,0.06981317007977318,0.10471975511965978,-0.03490658503988659,-719.0,318.0,-400.0,1600,1600,1599,1599,0,0,0,0
1763969336.4430323,0.0,0.0,32.48,154.89,-0.06278420984745026,0.2155749648809433,0.9743973016738892,-0.011639988049864769,-3.0914807319641113,-0.11762936413288116,2.7034878730773926,0.0015174276195466518,-0.0002956618554890156,0.00045037642121315,0.0,0.0,0.0,0.0,0.0,0.0,-0.5687857000000001,0.61781895,10.2577559,0.06981317007977318,0.10471975511965978,-0.03490658503988659,-719.0,318.0,-400.0,1600,1600,1599,1599,0,0,0,0
1763969336.4764433,0.0,0.0,32.48,154.89,-0.06278949975967407,0.2155677229166031,0.9743985533714294,-0.011646936647593975,-3.0914807319641113,-0.11762936413288116,2.7034878730773926,0.0015174276195466518,-0.0002956618554890156,0.00045037642121315,0.0,0.0,0.0,0.0,0.0,0.0,-0.5687857000000001,0.61781895,10.2577559,0.06981317007977318,0.10471975511965978,-0.03490658503988659,-719.0,318.0,-400.0,1600,1600,1599,1599,0,0,0,0
1763969336.5098476,0.0,0.0,32.48,154.89,-0.06278949975967407,0.2155677229166031,0.9743985533714294,-0.011646936647593975,-3.0914807319641113,-0.11762936413288116,2.7034878730773926,0.0015174276195466518,-0.0002956618554890156,0.00045037642121315,0.0,0.0,0.0,0.0,0.0,0.0,-0.5687857000000001,0.61781895,10.2577559,0.06981317007977318,0.10471975511965978,-0.03490658503988659,-719.0,318.0,-400.0,1600,1600,1599,1599,0,0,0,0
1763969336.543252,0.0,0.0,32.48,154.89,-0.06278949975967407,0.2155677229166031,0.9743985533714294,-0.011646936647593975,-3.0914807319641113,-0.11762936413288116,2.7034878730773926,0.0015174276195466518,-0.0002956618554890156,0.00045037642121315,0.0,0.0,0.0,0.0,0.0,0.0,-0.5687857000000001,0.61781895,10.2577559,0.06981317007977318,0.10471975511965978,-0.03490658503988659,-719.0,318.0,-400.0,1600,1600,1599,1599,0,0,0,0
1763969336.5766544,0.0,0.0,32.48,154.89,-0.06278949975967407,0.2155677229166031,0.9743985533714294,-0.011646936647593975,-3.0914807319641113,-0.11762936413288116,2.7034878730773926,0.0015174276195466518,-0.0002956618554890156,0.00045037642121315,0.0,0.0,0.0,0.0,0.0,0.0,-0.5687857000000001,0.61781895,10.2577559,0.06981317007977318,0.10471975511965978,-0.03490658503988659,-719.0,318.0,-400.0,1600,1600,1599,1599,0,0,0,0
1763969336.6100698,0.0,0.0,32.48,154.89,-0.06278949975967407,0.2155677229166031,0.9743985533714294,-0.011646936647593975,-3.0914807319641113,-0.11762936413288116,2.7034878730773926,0.0015174276195466518,-0.0002956618554890156,0.00045037642121315,0.0,0.0,0.0,0.0,0.0,0.0,-0.5687857000000001,0.61781895,10.267562550000001,0.12217304763960307,0.06981317007977318,-0.03490658503988659,-719.0,318.0,-400.0,1600,1600,1599,1599,0,0,0,0
1763969336.6434948,0.0,0.0,32.48,154.89,-0.06278949975967407,0.2155677229166031,0.9743985533714294,-0.011646936647593975,-3.0914864540100098,-0.11764233559370041,2.7035062313079834,-0.0004956913180649281,-2.3481901735067368e-05,-5.298200994729996e-05,0.0,0.0,0.0,0.0,0.0,0.0,-0.5687857000000001,0.61781895,10.267562550000001,0.12217304763960307,0.06981317007977318,-0.03490658503988659,-719.0,318.0,-400.0,1600,1600,1599,1599,0,0,0,0
1763969336.676969,0.0,0.0,32.48,154.89,-0.06279508769512177,0.2155587077140808,0.9744001626968384,-0.011643311008810997,-3.0914864540100098,-0.11764233559370041,2.7035062313079834,-0.0004956913180649281,-2.3481901735067368e-05,-5.298200994729996e-05,0.0,0.0,0.0,0.0,0.0,0.0,-0.5687857000000001,0.61781895,10.267562550000001,0.12217304763960307,0.06981317007977318,-0.03490658503988659,-719.0,318.0,-400.0,1600,1600,1599,1599,0,0,0,0
1763969336.7103763,0.0,0.0,32.48,154.89,-0.06279508769512177,0.2155587077140808,0.9744001626968384,-0.011643311008810997,-3.0914864540100098,-0.11764233559370041,2.7035062313079834,-0.0004956913180649281,-2.3481901735067368e-05,-5.298200994729996e-05,0.0,0.0,0.0,0.0,0.0,0.0,-0.5687857000000001,0.61781895,10.267562550000001,0.12217304763960307,0.06981317007977318,-0.03490658503988659,-719.0,318.0,-400.0,1600,1600,1599,1599,0,0,0,0
1763969336.743789,0.0,0.0,32.48,154.89,-0.06279508769512177,0.2155587077140808,0.9744001626968384,-0.011643311008810997,-3.0914864540100098,-0.11764233559370041,2.7035062313079834,-0.0004956913180649281,-2.3481901735067368e-05,-5.298200994729996e-05,0.0,0.0,0.0,0.0,0.0,0.0,-0.5687857000000001,0.61781895,10.267562550000001,0.12217304763960307,0.06981317007977318,-0.03490658503988659,-719.0,318.0,-400.0,1600,1600,1599,1599,0,0,0,0
1763969336.7771993,0.0,0.0,32.48,154.89,-0.06279508769512177,0.2155587077140808,0.9744001626968384,-0.011643311008810997,-3.0914864540100098,-0.11764233559370041,2.7035062313079834,-0.0004956913180649281,-2.3481901735067368e-05,-5.298200994729996e-05,0.0,0.0,0.0,0.0,0.0,0.0,-0.5687857000000001,0.61781895,10.267562550000001,0.12217304763960307,0.06981317007977318,-0.03490658503988659,-719.0,318.0,-400.0,1600,1600,1599,1599,0,0,0,0
1763969336.8106284,0.0,0.0,32.48,154.89,-0.06279508769512177,0.2155587077140808,0.9744001626968384,-0.011643311008810997,-3.0914864540100098,-0.11764233559370041,2.7035062313079834,-0.0004956913180649281,-2.3481901735067368e-05,-5.298200994729996e-05,0.0,0.0,0.0,0.0,0.0,0.0,-0.5687857000000001,0.61781895,10.2577559,0.08726646259971647,0.06981317007977318,-0.05235987755982989,-719.0,318.0,-400.0,1600,1600,1599,1599,0,0,0,0
1763969336.8440385,0.0,0.0,32.48,154.89,-0.06279508769512177,0.2155587077140808,0.9744001626968384,-0.011643311008810997,-3.091491937637329,-0.117644764482975,2.703511953353882,-0.0005762102082371712,0.0014436179772019386,-0.0002679775934666395,0.0,0.0,0.0,0.0,0.0,0.0,-0.5687857000000001,0.61781895,10.2577559,0.08726646259971647,0.06981317007977318,-0.05235987755982989,-719.0,318.0,-400.0,1600,1600,1599,1599,0,0,0,0
1763969336.877451,0.0,0.0,32.48,154.89,-0.06279564648866653,0.21555602550506592,0.9744007587432861,-0.011640571989119053,-3.091491937637329,-0.117644764482975,2.703511953353882,-0.0005762102082371712,0.0014436179772019386,-0.0002679775934666395,0.0,0.0,0.0,0.0,0.0,0.0,-0.5687857000000001,0.61781895,10.2577559,0.08726646259971647,0.06981317007977318,-0.05235987755982989,-719.0,318.0,-400.0,1600,1600,1599,1599,0,0,0,0
1763969336.9108577,0.0,0.0,32.51,154.89,-0.06279564648866653,0.21555602550506592,0.9744007587432861,-0.011640571989119053,-3.091491937637329,-0.117644764482975,2.703511953353882,-0.0005762102082371712,0.0014436179772019386,-0.0002679775934666395,0.0,0.0,0.0,0.0,0.0,0.0,-0.5687857000000001,0.61781895,10.2577559,0.08726646259971647,0.06981317007977318,-0.05235987755982989,-719.0,318.0,-400.0,1600,1600,1599,1599,0,0,0,0
1763969336.9443402,0.0,0.0,32.51,154.89,-0.06279564648866653,0.21555602550506592,0.9744007587432861,-0.011640571989119053,-3.091491937637329,-0.117644764482975,2.703511953353882,-0.0005762102082371712,0.0014436179772019386,-0.0002679775934666395,0.0,0.0,0.0,0.0,0.0,0.0,-0.5687857000000001,0.61781895,10.2577559,0.08726646259971647,0.06981317007977318,-0.05235987755982989,-719.0,318.0,-400.0,1600,1600,1599,1599,0,0,0,0
1763969336.9777482,0.0,0.0,32.51,154.89,-0.06279564648866653,0.21555602550506592,0.9744007587432861,-0.011640571989119053,-3.091491937637329,-0.117644764482975,2.703511953353882,-0.0005762102082371712,0.0014436179772019386,-0.0002679775934666395,0.0,0.0,0.0,0.0,0.0,0.0,-0.5687857000000001,0.61781895,10.2577559,0.08726646259971647,0.06981317007977318,-0.05235987755982989,-719.0,318.0,-400.0,1600,1600,1599,1599,0,0,0,0
1763969337.01115,0.0,0.0,32.51,154.89,-0.06279564648866653,0.21555602550506592,0.9744007587432861,-0.011640571989119053,-3.091491937637329,-0.117644764482975,2.703511953353882,-0.0005762102082371712,0.0014436179772019386,-0.0002679775934666395,0.0,0.0,0.0,0.0,0.0,0.0,-0.5687857000000001,0.61781895,10.2577559,0.06981317007977318,0.10471975511965978,-0.05235987755982989,-715.0,320.0,-406.0,1600,1600,1599,1599,0,0,0,0
1763969337.0445852,0.0,0.0,32.51,154.89,-0.06279564648866653,0.21555602550506592,0.9744007587432861,-0.011640571989119053,-3.091583251953125,-0.11770717799663544,2.7035467624664307,0.0006869700737297535,-0.00017951708287000656,0.0010979196522384882,0.0,0.0,0.0,0.0,0.0,0.0,-0.5687857000000001,0.61781895,10.2577559,0.06981317007977318,0.10471975511965978,-0.05235987755982989,-715.0,320.0,-406.0,1600,1600,1599,1599,0,0,0,0
1763969337.0779936,0.0,0.0,32.51,154.89,-0.06281600892543793,0.21554073691368103,0.974403440952301,-0.011590352281928062,-3.091583251953125,-0.11770717799663544,2.7035467624664307,0.0006869700737297535,-0.00017951708287000656,0.0010979196522384882,0.0,0.0,0.0,0.0,0.0,0.0,-0.5687857000000001,0.61781895,10.2577559,0.06981317007977318,0.10471975511965978,-0.05235987755982989,-715.0,320.0,-406.0,1600,1600,1599,1599,0,0,0,0
1763969337.1114035,0.0,0.0,32.43,154.9,-0.06281600892543793,0.21554073691368103,0.974403440952301,-0.011590352281928062,-3.091583251953125,-0.11770717799663544,2.7035467624664307,0.0006869700737297535,-0.00017951708287000656,0.0010979196522384882,0.0,0.0,0.0,0.0,0.0,0.0,-0.5687857000000001,0.61781895,10.2577559,0.06981317007977318,0.10471975511965978,-0.05235987755982989,-715.0,320.0,-406.0,1600,1600,1599,1599,0,0,0,0
1763969337.1448088,0.0,0.0,32.43,154.9,-0.06281600892543793,0.21554073691368103,0.974403440952301,-0.011590352281928062,-3.091583251953125,-0.11770717799663544,2.7035467624664307,0.0006869700737297535,-0.00017951708287000656,0.0010979196522384882,0.0,0.0,0.0,0.0,0.0,0.0,-0.5687857000000001,0.61781895,10.2577559,0.06981317007977318,0.10471975511965978,-0.05235987755982989,-715.0,320.0,-406.0,1600,1600,1599,1599,0,0,0,0
1763969337.1782174,0.0,0.0,32.43,154.9,-0.06281600892543793,0.21554073691368103,0.974403440952301,-0.011590352281928062,-3.091583251953125,-0.11770717799663544,2.7035467624664307,0.0006869700737297535,-0.00017951708287000656,0.0010979196522384882,0.0,0.0,0.0,0.0,0.0,0.0,-0.55897905,0.61781895,10.2577559,0.10471975511965978,0.06981317007977318,-0.017453292519943295,-714.0,321.0,-404.0,1600,1600,1599,1599,0,0,0,0
1763969337.2116284,0.0,0.0,32.43,154.9,-0.06281600892543793,0.21554073691368103,0.974403440952301,-0.011590352281928062,-3.0915708541870117,-0.11771272867918015,2.703531503677368,0.0016089300625026226,5.069887265563011e-05,0.00035312934778630733,0.0,0.0,0.0,0.0,0.0,0.0,-0.55897905,0.61781895,10.2577559,0.10471975511965978,0.06981317007977318,-0.017453292519943295,-714.0,321.0,-404.0,1600,1600,1599,1599,0,0,0,0
1763969337.245039,0.0,0.0,32.43,154.9,-0.06282013654708862,0.21554774045944214,0.9744015336036682,-0.011595316231250763,-3.0915708541870117,-0.11771272867918015,2.703531503677368,0.0016089300625026226,5.069887265563011e-05,0.00035312934778630733,0.0,0.0,0.0,0.0,0.0,0.0,-0.55897905,0.61781895,10.2577559,0.10471975511965978,0.06981317007977318,-0.017453292519943295,-714.0,321.0,-404.0,1600,1600,1599,1599,0,0,0,0
1763969337.2784498,0.0,0.0,32.43,154.9,-0.06282013654708862,0.21554774045944214,0.9744015336036682,-0.011595316231250763,-3.0915708541870117,-0.11771272867918015,2.703531503677368,0.0016089300625026226,5.069887265563011e-05,0.00035312934778630733,0.0,0.0,0.0,0.0,0.0,0.0,-0.55897905,0.61781895,10.2577559,0.10471975511965978,0.06981317007977318,-0.017453292519943295,-714.0,321.0,-404.0,1600,1600,1599,1599,0,0,0,0
1763969337.3118563,0.0,0.0,32.43,154.9,-0.06282013654708862,0.21554774045944214,0.9744015336036682,-0.011595316231250763,-3.0915708541870117,-0.11771272867918015,2.703531503677368,0.0016089300625026226,5.069887265563011e-05,0.00035312934778630733,0.0,0.0,0.0,0.0,0.0,0.0,-0.55897905,0.61781895,10.2577559,0.10471975511965978,0.06981317007977318,-0.017453292519943295,-714.0,321.0,-404.0,1600,1600,1599,1599,0,0,0,0
1763969337.3452618,0.0,0.0,32.43,154.9,-0.06282013654708862,0.21554774045944214,0.9744015336036682,-0.011595316231250763,-3.0915708541870117,-0.11771272867918015,2.703531503677368,0.0016089300625026226,5.069887265563011e-05,0.00035312934778630733,0.0,0.0,0.0,0.0,0.0,0.0,-0.55897905,0.61781895,10.2577559,0.12217304763960307,0.06981317007977318,-0.03490658503988659,-714.0,321.0,-404.0,1600,1600,1599,1599,0,0,0,0
1763969337.3786583,0.0,0.0,32.43,154.9,-0.06282013654708862,0.21554774045944214,0.9744015336036682,-0.011595316231250763,-3.0915842056274414,-0.11770924925804138,2.7035369873046875,-0.0011991807259619236,-0.0011463065166026354,-0.0006352805066853762,0.0,0.0,0.0,0.0,0.0,0.0,-0.55897905,0.61781895,10.2577559,0.12217304763960307,0.06981317007977318,-0.03490658503988659,-714.0,321.0,-404.0,1600,1600,1599,1599,0,0,0,0
1763969337.4120548,0.0,0.0,32.43,154.9,-0.06282013654708862,0.21554774045944214,0.9744015336036682,-0.011595316231250763,-3.0915842056274414,-0.11770924925804138,2.7035369873046875,-0.0011991807259619236,-0.0011463065166026354,-0.0006352805066853762,0.0,0.0,0.0,0.0,0.0,0.0,-0.55897905,0.61781895,10.2577559,0.12217304763960307,0.06981317007977318,-0.03490658503988659,-714.0,321.0,-404.0,1600,1600,1599,1599,0,0,0,0
1763969337.4454513,0.0,0.0,32.43,154.9,-0.06282013654708862,0.21554774045944214,0.9744015336036682,-0.011595316231250763,-3.0915842056274414,-0.11770924925804138,2.7035369873046875,-0.0011991807259619236,-0.0011463065166026354,-0.0006352805066853762,0.0,0.0,0.0,0.0,0.0,0.0,-0.55897905,0.61781895,10.2577559,0.12217304763960307,0.06981317007977318,-0.03490658503988659,-714.0,321.0,-404.0,1600,1600,1599,1599,0,0,0,0
1763969337.4788578,0.0,0.0,32.43,154.9,-0.06282013654708862,0.21554774045944214,0.9744015336036682,-0.011595316231250763,-3.0915842056274414,-0.11770924925804138,2.7035369873046875,-0.0011991807259619236,-0.0011463065166026354,-0.0006352805066853762,0.0,0.0,0.0,0.0,0.0,0.0,-0.55897905,0.61781895,10.2577559,0.12217304763960307,0.06981317007977318,-0.03490658503988659,-714.0,321.0,-404.0,1600,1600,1599,1599,0,0,0,0
1763969337.5122602,0.0,0.0,32.43,154.9,-0.06282013654708862,0.21554774045944214,0.9744015336036682,-0.011595316231250763,-3.0915842056274414,-0.11770924925804138,2.7035369873046875,-0.0011991807259619236,-0.0011463065166026354,-0.0006352805066853762,0.0,0.0,0.0,0.0,0.0,0.0,-0.55897905,0.61781895,10.2577559,0.12217304763960307,0.06981317007977318,-0.03490658503988659,-714.0,321.0,-404.0,1600,1600,1599,1599,0,0,0,0
1763969337.5456588,0.0,0.0,32.43,154.9,-0.06282013654708862,0.21554774045944214,0.9744015336036682,-0.011595316231250763,-3.0915842056274414,-0.11770924925804138,2.7035369873046875,-0.0011991807259619236,-0.0011463065166026354,-0.0006352805066853762,0.0,0.0,0.0,0.0,0.0,0.0,-0.5687857000000001,0.61781895,10.2577559,0.12217304763960307,0.08726646259971647,-0.03490658503988659,-714.0,322.0,-403.0,1600,1600,1599,1599,0,0,0,0
1763969337.5790567,0.0,0.0,32.43,154.9,-0.06282013654708862,0.21554774045944214,0.9744015336036682,-0.011595316231250763,-3.0915822982788086,-0.11773262917995453,2.703524112701416,-0.0020607926417142153,0.0005868151783943176,0.0002952227368950844,0.0,0.0,0.0,0.0,0.0,0.0,-0.5687857000000001,0.61781895,10.2577559,0.12217304763960307,0.08726646259971647,-0.03490658503988659,-714.0,322.0,-403.0,1600,1600,1599,1599,0,0,0,0
1763969337.6124551,0.0,0.0,32.43,154.9,-0.06282864511013031,0.21555134654045105,0.9744002819061279,-0.011587385088205338,-3.0915822982788086,-0.11773262917995453,2.703524112701416,-0.0020607926417142153,0.0005868151783943176,0.0002952227368950844,0.0,0.0,0.0,0.0,0.0,0.0,-0.5687857000000001,0.61781895,10.2577559,0.12217304763960307,0.08726646259971647,-0.03490658503988659,-714.0,322.0,-403.0,1600,1600,1599,1599,0,0,0,0
1763969337.6458523,0.0,0.0,32.4,154.9,-0.06282864511013031,0.21555134654045105,0.9744002819061279,-0.011587385088205338,-3.0915822982788086,-0.11773262917995453,2.703524112701416,-0.0020607926417142153,0.0005868151783943176,0.0002952227368950844,0.0,0.0,0.0,0.0,0.0,0.0,-0.5687857000000001,0.61781895,10.2577559,0.12217304763960307,0.08726646259971647,-0.03490658503988659,-714.0,322.0,-403.0,1600,1600,1599,1599,0,0,0,0
1763969337.6792488,0.0,0.0,32.4,154.9,-0.06282864511013031,0.21555134654045105,0.9744002819061279,-0.011587385088205338,-3.0915822982788086,-0.11773262917995453,2.703524112701416,-0.0020607926417142153,0.0005868151783943176,0.0002952227368950844,0.0,0.0,0.0,0.0,0.0,0.0,-0.5687857000000001,0.61781895,10.2577559,0.12217304763960307,0.08726646259971647,-0.03490658503988659,-714.0,322.0,-403.0,1600,1600,1599,1599,0,0,0,0
1763969337.7126455,0.0,0.0,32.4,154.9,-0.06282864511013031,0.21555134654045105,0.9744002819061279,-0.011587385088205338,-3.0915822982788086,-0.11773262917995453,2.703524112701416,-0.0020607926417142153,0.0005868151783943176,0.0002952227368950844,0.0,0.0,0.0,0.0,0.0,0.0,-0.5687857000000001,0.61781895,10.2577559,0.05235987755982989,0.08726646259971647,-0.03490658503988659,-714.0,322.0,-403.0,1600,1600,1599,1599,0,0,0,0
1763969337.7460423,0.0,0.0,32.4,154.9,-0.06282864511013031,0.21555134654045105,0.9744002819061279,-0.011587385088205338,-3.091585636138916,-0.11773326247930527,2.703505516052246,-0.0003301282413303852,0.0015896884724497795,0.0003323203418403864,0.0,0.0,0.0,0.0,0.0,0.0,-0.5687857000000001,0.61781895,10.2577559,0.05235987755982989,0.08726646259971647,-0.03490658503988659,-714.0,322.0,-403.0,1600,1600,1599,1599,0,0,0,0
1763969337.7794366,0.0,0.0,32.4,154.9,-0.06282871961593628,0.21556046605110168,0.9743982553482056,-0.011585154570639133,-3.091585636138916,-0.11773326247930527,2.703505516052246,-0.0003301282413303852,0.0015896884724497795,0.0003323203418403864,0.0,0.0,0.0,0.0,0.0,0.0,-0.5687857000000001,0.61781895,10.2577559,0.05235987755982989,0.08726646259971647,-0.03490658503988659,-714.0,322.0,-403.0,1600,1600,1599,1599,0,0,0,0
1763969337.8128357,0.0,0.0,32.4,154.89,-0.06282871961593628,0.21556046605110168,0.9743982553482056,-0.011585154570639133,-3.091585636138916,-0.11773326247930527,2.703505516052246,-0.0003301282413303852,0.0015896884724497795,0.0003323203418403864,0.0,0.0,0.0,0.0,0.0,0.0,-0.5687857000000001,0.61781895,10.2577559,0.05235987755982989,0.08726646259971647,-0.03490658503988659,-714.0,322.0,-403.0,1600,1600,1599,1599,0,0,0,0
1763969337.8462343,0.0,0.0,32.4,154.89,-0.06282871961593628,0.21556046605110168,0.9743982553482056,-0.011585154570639133,-3.091630220413208,-0.11765103787183762,2.7036631107330322,0.0005583488382399082,0.001200071070343256,-0.0004789205268025398,0.0,0.0,0.0,0.0,0.0,0.0,-0.5687857000000001,0.61781895,10.2577559,0.05235987755982989,0.08726646259971647,-0.03490658503988659,-714.0,322.0,-403.0,1600,1600,1599,1599,0,0,0,0
1763969337.8796287,0.0,0.0,32.4,154.89,-0.06278296560049057,0.2154865860939026,0.9744176268577576,-0.011577329598367214,-3.091630220413208,-0.11765103787183762,2.7036631107330322,0.0005583488382399082,0.001200071070343256,-0.0004789205268025398,0.0,0.0,0.0,0.0,0.0,0.0,-0.5687857000000001,0.61781895,10.2577559,0.05235987755982989,0.08726646259971647,-0.03490658503988659,-714.0,322.0,-403.0,1600,1600,1599,1599,0,0,0,0
1763969337.913031,0.0,0.0,32.48,154.9,-0.06278296560049057,0.2154865860939026,0.9744176268577576,-0.011577329598367214,-3.091630220413208,-0.11765103787183762,2.7036631107330322,0.0005583488382399082,0.001200071070343256,-0.0004789205268025398,0.0,0.0,0.0,0.0,0.0,0.0,-0.5687857000000001,0.61781895,10.2577559,0.05235987755982989,0.08726646259971647,-0.03490658503988659,-714.0,322.0,-403.0,1600,1600,1599,1599,0,0,0,0
1763969337.946433,0.0,0.0,32.48,154.9,-0.06278296560049057,0.2154865860939026,0.9744176268577576,-0.011577329598367214,-3.091630220413208,-0.11765103787183762,2.7036631107330322,0.0005583488382399082,0.001200071070343256,-0.0004789205268025398,0.0,0.0,0.0,0.0,0.0,0.0,-0.5687857000000001,0.61781895,10.2577559,0.05235987755982989,0.08726646259971647,-0.03490658503988659,-714.0,322.0,-403.0,1600,1600,1599,1599,0,0,0,0
1763969337.9798286,0.0,0.0,32.48,154.9,-0.06278296560049057,0.2154865860939026,0.9744176268577576,-0.011577329598367214,-3.091630220413208,-0.11765103787183762,2.7036631107330322,0.0005583488382399082,0.001200071070343256,-0.0004789205268025398,0.0,0.0,0.0,0.0,0.0,0.0,-0.5687857000000001,0.61781895,10.2577559,0.05235987755982989,0.08726646259971647,-0.03490658503988659,-714.0,322.0,-403.0,1600,1600,1599,1599,0,0,0,0
1763969338.0132258,0.0,0.0,32.48,154.9,-0.06278296560049057,0.2154865860939026,0.9744176268577576,-0.011577329598367214,-3.091630220413208,-0.11765103787183762,2.7036631107330322,0.0005583488382399082,0.001200071070343256,-0.0004789205268025398,0.0,0.0,0.0,0.0,0.0,0.0,-0.55897905,0.61781895,10.2577559,0.10471975511965978,0.08726646259971647,-0.05235987755982989,-717.0,320.0,-405.0,1600,1600,1599,1599,0,0,0,0
1763969338.0466297,0.0,0.0,32.48,154.9,-0.06278296560049057,0.2154865860939026,0.9744176268577576,-0.011577329598367214,-3.0916361808776855,-0.11765331774950027,2.7036564350128174,-0.0012653190642595291,-0.0008528470061719418,0.00021510105580091476,0.0,0.0,0.0,0.0,0.0,0.0,-0.55897905,0.61781895,10.2577559,0.10471975511965978,0.08726646259971647,-0.05235987755982989,-717.0,320.0,-405.0,1600,1600,1599,1599,0,0,0,0
1763969338.0800285,0.0,0.0,32.48,154.9,-0.06278346478939056,0.21549001336097717,0.9744169116020203,-0.01157392654567957,-3.0916361808776855,-0.11765331774950027,2.7036564350128174,-0.0012653190642595291,-0.0008528470061719418,0.00021510105580091476,0.0,0.0,0.0,0.0,0.0,0.0,-0.55897905,0.61781895,10.2577559,0.10471975511965978,0.08726646259971647,-0.05235987755982989,-717.0,320.0,-405.0,1600,1600,1599,1599,0,0,0,0
1763969338.1134255,0.0,0.0,32.48,154.9,-0.06278346478939056,0.21549001336097717,0.9744169116020203,-0.01157392654567957,-3.0916361808776855,-0.11765331774950027,2.7036564350128174,-0.0012653190642595291,-0.0008528470061719418,0.00021510105580091476,0.0,0.0,0.0,0.0,0.0,0.0,-0.55897905,0.61781895,10.2577559,0.10471975511965978,0.08726646259971647,-0.05235987755982989,-717.0,320.0,-405.0,1600,1600,1599,1599,0,0,0,0
1763969338.146832,0.0,0.0,32.48,154.9,-0.06278346478939056,0.21549001336097717,0.9744169116020203,-0.01157392654567957,-3.0916361808776855,-0.11765331774950027,2.7036564350128174,-0.0012653190642595291,-0.0008528470061719418,0.00021510105580091476,0.0,0.0,0.0,0.0,0.0,0.0,-0.55897905,0.61781895,10.2577559,0.10471975511965978,0.08726646259971647,-0.05235987755982989,-717.0,320.0,-405.0,1600,1600,1599,1599,0,0,0,0
1763969338.1802394,0.0,0.0,32.48,154.9,-0.06278346478939056,0.21549001336097717,0.9744169116020203,-0.01157392654567957,-3.0916361808776855,-0.11765331774950027,2.7036564350128174,-0.0012653190642595291,-0.0008528470061719418,0.00021510105580091476,0.0,0.0,0.0,0.0,0.0,0.0,-0.5687857000000001,0.61781895,10.2577559,0.06981317007977318,0.05235987755982989,-0.03490658503988659,-717.0,320.0,-405.0,1600,1600,1599,1599,0,0,0,0
1763969338.2136354,0.0,0.0,32.48,154.9,-0.06278346478939056,0.21549001336097717,0.9744169116020203,-0.01157392654567957,-3.09163761138916,-0.11764999479055405,2.703669548034668,-0.0005174353718757629,0.00011208886280655861,0.0010583950206637383,0.0,0.0,0.0,0.0,0.0,0.0,-0.5687857000000001,0.61781895,10.2577559,0.06981317007977318,0.05235987755982989,-0.03490658503988659,-717.0,320.0,-405.0,1600,1600,1599,1599,0,0,0,0
1763969338.247029,0.0,0.0,32.48,154.9,-0.06278162449598312,0.21548375487327576,0.9744184613227844,-0.0115740355104208,-3.09163761138916,-0.11764999479055405,2.703669548034668,-0.0005174353718757629,0.00011208886280655861,0.0010583950206637383,0.0,0.0,0.0,0.0,0.0,0.0,-0.5687857000000001,0.61781895,10.2577559,0.06981317007977318,0.05235987755982989,-0.03490658503988659,-717.0,320.0,-405.0,1600,1600,1599,1599,0,0,0,0
1763969338.2804482,0.0,0.0,32.49,154.9,-0.06278162449598312,0.21548375487327576,0.9744184613227844,-0.0115740355104208,-3.09163761138916,-0.11764999479055405,2.703669548034668,-0.0005174353718757629,0.00011208886280655861,0.0010583950206637383,0.0,0.0,0.0,0.0,0.0,0.0,-0.5687857000000001,0.61781895,10.2577559,0.06981317007977318,0.05235987755982989,-0.03490658503988659,-717.0,320.0,-405.0,1600,1600,1599,1599,0,0,0,0
1763969338.3138437,0.0,0.0,32.49,154.9,-0.06278162449598312,0.21548375487327576,0.9744184613227844,-0.0115740355104208,-3.09163761138916,-0.11764999479055405,2.703669548034668,-0.0005174353718757629,0.00011208886280655861,0.0010583950206637383,0.0,0.0,0.0,0.0,0.0,0.0,-0.5687857000000001,0.61781895,10.2577559,0.06981317007977318,0.05235987755982989,-0.03490658503988659,-717.0,320.0,-405.0,1600,1600,1599,1599,0,0,0,0
1763969338.3472369,0.0,0.0,32.49,154.9,-0.06278162449598312,0.21548375487327576,0.9744184613227844,-0.0115740355104208,-3.09163761138916,-0.11764999479055405,2.703669548034668,-0.0005174353718757629,0.00011208886280655861,0.0010583950206637383,0.0,0.0,0.0,0.0,0.0,0.0,-0.5687857000000001,0.61781895,10.2577559,0.08726646259971647,0.06981317007977318,-0.03490658503988659,-717.0,315.0,-405.0,1600,1600,1599,1599,0,0,0,0
1763969338.3806384,0.0,0.0,32.49,154.9,-0.06278162449598312,0.21548375487327576,0.9744184613227844,-0.0115740355104208,-3.0916361808776855,-0.11764626950025558,2.7036890983581543,-0.0001261611469089985,-0.0003920909948647022,-0.0005173156969249249,0.0,0.0,0.0,0.0,0.0,0.0,-0.5687857000000001,0.61781895,10.2577559,0.08726646259971647,0.06981317007977318,-0.03490658503988659,-717.0,315.0,-405.0,1600,1600,1599,1599,0,0,0,0
1763969338.414045,0.0,0.0,32.49,154.9,-0.06277983635663986,0.21547415852546692,0.9744206070899963,-0.011575688607990742,-3.0916361808776855,-0.11764626950025558,2.7036890983581543,-0.0001261611469089985,-0.0003920909948647022,-0.0005173156969249249,0.0,0.0,0.0,0.0,0.0,0.0,-0.5687857000000001,0.61781895,10.2577559,0.08726646259971647,0.06981317007977318,-0.03490658503988659,-717.0,315.0,-405.0,1600,1600,1599,1599,0,0,0,0
1763969338.447439,0.0,0.0,32.49,154.9,-0.06277983635663986,0.21547415852546692,0.9744206070899963,-0.011575688607990742,-3.0916361808776855,-0.11764626950025558,2.7036890983581543,-0.0001261611469089985,-0.0003920909948647022,-0.0005173156969249249,0.0,0.0,0.0,0.0,0.0,0.0,-0.5687857000000001,0.61781895,10.2577559,0.08726646259971647,0.06981317007977318,-0.03490658503988659,-717.0,315.0,-405.0,1600,1600,1599,1599,0,0,0,0
1763969338.4808416,0.0,0.0,32.49,154.9,-0.06277983635663986,0.21547415852546692,0.9744206070899963,-0.011575688607990742,-3.0916361808776855,-0.11764626950025558,2.7036890983581543,-0.0001261611469089985,-0.0003920909948647022,-0.0005173156969249249,0.0,0.0,0.0,0.0,0.0,0.0,-0.5687857000000001,0.61781895,10.2577559,0.08726646259971647,0.06981317007977318,-0.03490658503988659,-717.0,315.0,-405.0,1600,1600,1599,1599,0,0,0,0
1763969338.5142343,0.0,0.0,32.49,154.9,-0.06277983635663986,0.21547415852546692,0.9744206070899963,-0.011575688607990742,-3.0916361808776855,-0.11764626950025558,2.7036890983581543,-0.0001261611469089985,-0.0003920909948647022,-0.0005173156969249249,0.0,0.0,0.0,0.0,0.0,0.0,-0.5687857000000001,0.61781895,10.2577559,0.08726646259971647,0.06981317007977318,-0.03490658503988659,-717.0,315.0,-405.0,1600,1600,1599,1599,0,0,0,0
1763969338.5476477,0.0,0.0,32.49,154.9,-0.06277983635663986,0.21547415852546692,0.9744206070899963,-0.011575688607990742,-3.0916361808776855,-0.11764626950025558,2.7036890983581543,-0.0001261611469089985,-0.0003920909948647022,-0.0005173156969249249,0.0,0.0,0.0,0.0,0.0,0.0,-0.5687857000000001,0.61781895,10.2577559,0.08726646259971647,0.06981317007977318,-0.05235987755982989,-717.0,315.0,-405.0,1600,1600,1599,1599,0,0,0,0
1763969338.5810912,0.0,0.0,32.49,154.9,-0.06277983635663986,0.21547415852546692,0.9744206070899963,-0.011575688607990742,-3.0916497707366943,-0.1176455095410347,2.703707456588745,0.0010268227197229862,-0.0003363904543220997,-0.0008576053660362959,0.0,0.0,0.0,0.0,0.0,0.0,-0.5687857000000001,0.61781895,10.2577559,0.08726646259971647,0.06981317007977318,-0.05235987755982989,-717.0,315.0,-405.0,1600,1600,1599,1599,0,0,0,0
1763969338.6144888,0.0,0.0,32.49,154.9,-0.06277789920568466,0.21546570956707,0.9744227528572083,-0.011569734662771225,-3.0916497707366943,-0.1176455095410347,2.703707456588745,0.0010268227197229862,-0.0003363904543220997,-0.0008576053660362959,0.0,0.0,0.0,0.0,0.0,0.0,-0.5687857000000001,0.61781895,10.2577559,0.08726646259971647,0.06981317007977318,-0.05235987755982989,-717.0,315.0,-405.0,1600,1600,1599,1599,0,0,0,0
1763969338.647914,0.0,0.0,32.49,154.9,-0.06277789920568466,0.21546570956707,0.9744227528572083,-0.011569734662771225,-3.0916881561279297,-0.11780478805303574,2.703960418701172,-0.0009433627128601074,0.0009865560568869114,0.001134534482844174,0.0,0.0,0.0,0.0,0.0,0.0,-0.5687857000000001,0.61781895,10.2577559,0.08726646259971647,0.06981317007977318,-0.05235987755982989,-717.0,315.0,-405.0,1600,1600,1599,1599,0,0,0,0
1763969338.6814108,0.0,0.0,32.49,154.9,-0.06284985691308975,0.21534068882465363,0.9744460582733154,-0.011541614308953285,-3.0916881561279297,-0.11780478805303574,2.703960418701172,-0.0009433627128601074,0.0009865560568869114,0.001134534482844174,0.0,0.0,0.0,0.0,0.0,0.0,-0.5687857000000001,0.61781895,10.2577559,0.08726646259971647,0.06981317007977318,-0.05235987755982989,-717.0,315.0,-405.0,1600,1600,1599,1599,0,0,0,0
1763969338.7148147,0.0,0.0,32.57,154.92,-0.06284985691308975,0.21534068882465363,0.9744460582733154,-0.011541614308953285,-3.0916881561279297,-0.11780478805303574,2.703960418701172,-0.0009433627128601074,0.0009865560568869114,0.001134534482844174,0.0,0.0,0.0,0.0,0.0,0.0,-0.5687857000000001,0.61781895,10.2577559,0.08726646259971647,0.06981317007977318,-0.05235987755982989,-717.0,315.0,-405.0,1600,1600,1599,1599,0,0,0,0
1763969338.7482657,0.0,0.0,32.57,154.92,-0.06284985691308975,0.21534068882465363,0.9744460582733154,-0.011541614308953285,-3.0916881561279297,-0.11780478805303574,2.703960418701172,-0.0009433627128601074,0.0009865560568869114,0.001134534482844174,0.0,0.0,0.0,0.0,0.0,0.0,-0.5687857000000001,0.61781895,10.2577559,0.08726646259971647,0.06981317007977318,-0.05235987755982989,-717.0,315.0,-405.0,1600,1600,1599,1599,0,0,0,0
1763969338.7818775,0.0,0.0,32.57,154.92,-0.06284985691308975,0.21534068882465363,0.9744460582733154,-0.011541614308953285,-3.0916881561279297,-0.11780478805303574,2.703960418701172,-0.0009433627128601074,0.0009865560568869114,0.001134534482844174,0.0,0.0,0.0,0.0,0.0,0.0,-0.5687857000000001,0.6276256,10.2577559,0.06981317007977318,0.08726646259971647,-0.017453292519943295,-724.0,318.0,-402.0,1600,1600,1599,1599,0,0,0,0
1763969338.8153026,0.0,0.0,32.52,154.92,-0.06284985691308975,0.21534068882465363,0.9744460582733154,-0.011541614308953285,-3.0916881561279297,-0.11780478805303574,2.703960418701172,-0.0009433627128601074,0.0009865560568869114,0.001134534482844174,0.0,0.0,0.0,0.0,0.0,0.0,-0.5687857000000001,0.6276256,10.2577559,0.06981317007977318,0.08726646259971647,-0.017453292519943295,-724.0,318.0,-402.0,1600,1600,1599,1599,0,0,0,0
1763969338.848727,0.0,0.0,32.52,154.92,-0.06284985691308975,0.21534068882465363,0.9744460582733154,-0.011541614308953285,-3.091689109802246,-0.1178162470459938,2.703949213027954,0.0007986146956682205,0.0003446531482040882,5.2228569984436035e-05,0.0,0.0,0.0,0.0,0.0,0.0,-0.5687857000000001,0.6276256,10.2577559,0.06981317007977318,0.08726646259971647,-0.017453292519943295,-724.0,318.0,-402.0,1600,1600,1599,1599,0,0,0,0
1763969338.882151,0.0,0.0,32.52,154.92,-0.06284985691308975,0.21534068882465363,0.9744460582733154,-0.011541614308953285,-3.091689109802246,-0.1178162470459938,2.703949213027954,0.0007986146956682205,0.0003446531482040882,5.2228569984436035e-05,0.0,0.0,0.0,0.0,0.0,0.0,-0.5687857000000001,0.6276256,10.2577559,0.06981317007977318,0.08726646259971647,-0.017453292519943295,-724.0,318.0,-402.0,1600,1600,1599,1599,0,0,0,0
1763969338.9155645,0.0,0.0,32.52,154.92,-0.06284985691308975,0.21534068882465363,0.9744460582733154,-0.011541614308953285,-3.091689109802246,-0.1178162470459938,2.703949213027954,0.0007986146956682205,0.0003446531482040882,5.2228569984436035e-05,0.0,0.0,0.0,0.0,0.0,0.0,-0.5687857000000001,0.6276256,10.2577559,0.06981317007977318,0.08726646259971647,-0.017453292519943295,-724.0,318.0,-402.0,1600,1600,1599,1599,0,0,0,0
1763969338.949758,0.0,0.0,32.52,154.92,-0.06284985691308975,0.21534068882465363,0.9744460582733154,-0.011541614308953285,-3.091689109802246,-0.1178162470459938,2.703949213027954,0.0007986146956682205,0.0003446531482040882,5.2228569984436035e-05,0.0,0.0,0.0,0.0,0.0,0.0,-0.5687857000000001,0.6276256,10.2577559,0.06981317007977318,0.08726646259971647,-0.017453292519943295,-724.0,318.0,-402.0,1600,1600,1599,1599,0,0,0,0
1763969338.9831777,0.0,0.0,32.52,154.92,-0.06284623593091965,0.21534916758537292,0.9744444489479065,-0.011536406353116035,-3.091689109802246,-0.1178162470459938,2.703949213027954,0.0007986146956682205,0.0003446531482040882,5.2228569984436035e-05,0.0,0.0,0.0,0.0,0.0,0.0,-0.5687857000000001,0.6276256,10.2577559,0.06981317007977318,0.08726646259971647,-0.017453292519943295,-724.0,318.0,-402.0,1600,1600,1599,1599,0,0,0,0
1763969339.0165968,0.0,0.0,32.52,154.92,-0.06284623593091965,0.21534916758537292,0.9744444489479065,-0.011536406353116035,-3.091689109802246,-0.1178162470459938,2.703949213027954,0.0007986146956682205,0.0003446531482040882,5.2228569984436035e-05,0.0,0.0,0.0,0.0,0.0,0.0,-0.5687857000000001,0.61781895,10.2577559,0.05235987755982989,0.06981317007977318,-0.05235987755982989,-718.0,324.0,-402.0,1600,1600,1599,1599,0,0,0,0
1763969339.050033,0.0,0.0,32.52,154.92,-0.06284623593091965,0.21534916758537292,0.9744444489479065,-0.011536406353116035,-3.091689109802246,-0.1178162470459938,2.703949213027954,0.0007986146956682205,0.0003446531482040882,5.2228569984436035e-05,0.0,0.0,0.0,0.0,0.0,0.0,-0.5687857000000001,0.61781895,10.2577559,0.05235987755982989,0.06981317007977318,-0.05235987755982989,-718.0,324.0,-402.0,1600,1600,1599,1599,0,0,0,0
1763969339.0834439,0.0,0.0,32.52,154.92,-0.06284623593091965,0.21534916758537292,0.9744444489479065,-0.011536406353116035,-3.0916926860809326,-0.11778619140386581,2.703944683074951,-0.0003703255206346512,-0.00031123263761401176,-0.000808224780485034,0.0,0.0,0.0,0.0,0.0,0.0,-0.5687857000000001,0.61781895,10.2577559,0.05235987755982989,0.06981317007977318,-0.05235987755982989,-718.0,324.0,-402.0,1600,1600,1599,1599,0,0,0,0
1763969339.1169324,0.0,0.0,32.52,154.92,-0.06284623593091965,0.21534916758537292,0.9744444489479065,-0.011536406353116035,-3.0916926860809326,-0.11778619140386581,2.703944683074951,-0.0003703255206346512,-0.00031123263761401176,-0.000808224780485034,0.0,0.0,0.0,0.0,0.0,0.0,-0.5687857000000001,0.61781895,10.2577559,0.05235987755982989,0.06981317007977318,-0.05235987755982989,-718.0,324.0,-402.0,1600,1600,1599,1599,0,0,0,0
1763969339.1503518,0.0,0.0,32.52,154.92,-0.06284042447805405,0.21534885466098785,0.9744448661804199,-0.011540999636054039,-3.0916926860809326,-0.11778619140386581,2.703944683074951,-0.0003703255206346512,-0.00031123263761401176,-0.000808224780485034,0.0,0.0,0.0,0.0,0.0,0.0,-0.5687857000000001,0.61781895,10.2577559,0.05235987755982989,0.06981317007977318,-0.05235987755982989,-718.0,324.0,-402.0,1600,1600,1599,1599,0,0,0,0
1763969339.1837718,0.0,0.0,32.52,154.92,-0.06284042447805405,0.21534885466098785,0.9744448661804199,-0.011540999636054039,-3.0916926860809326,-0.11778619140386581,2.703944683074951,-0.0003703255206346512,-0.00031123263761401176,-0.000808224780485034,0.0,0.0,0.0,0.0,0.0,0.0,-0.5687857000000001,0.61781895,10.2577559,0.08726646259971647,0.06981317007977318,-0.05235987755982989,-718.0,324.0,-402.0,1600,1600,1599,1599,0,0,0,0
1763969339.21719,0.0,0.0,32.52,154.92,-0.06284042447805405,0.21534885466098785,0.9744448661804199,-0.011540999636054039,-3.0916926860809326,-0.11778619140386581,2.703944683074951,-0.0003703255206346512,-0.00031123263761401176,-0.000808224780485034,0.0,0.0,0.0,0.0,0.0,0.0,-0.5687857000000001,0.61781895,10.2577559,0.08726646259971647,0.06981317007977318,-0.05235987755982989,-718.0,324.0,-402.0,1600,1600,1599,1599,0,0,0,0
1763969339.2506142,0.0,0.0,32.52,154.92,-0.06284042447805405,0.21534885466098785,0.9744448661804199,-0.011540999636054039,-3.091708183288574,-0.11778672784566879,2.703939914703369,-0.0014942632988095284,0.0008866102434694767,0.0003282097168266773,0.0,0.0,0.0,0.0,0.0,0.0,-0.5687857000000001,0.61781895,10.2577559,0.08726646259971647,0.06981317007977318,-0.05235987755982989,-718.0,324.0,-402.0,1600,1600,1599,1599,0,0,0,0
1763969339.2840347,0.0,0.0,32.52,154.92,-0.06283905357122421,0.21535173058509827,0.9744443893432617,-0.011533250100910664,-3.091708183288574,-0.11778672784566879,2.703939914703369,-0.0014942632988095284,0.0008866102434694767,0.0003282097168266773,0.0,0.0,0.0,0.0,0.0,0.0,-0.5687857000000001,0.61781895,10.2577559,0.08726646259971647,0.06981317007977318,-0.05235987755982989,-718.0,324.0,-402.0,1600,1600,1599,1599,0,0,0,0
1763969339.3174517,0.0,0.0,32.59,154.92,-0.06283905357122421,0.21535173058509827,0.9744443893432617,-0.011533250100910664,-3.091708183288574,-0.11778672784566879,2.703939914703369,-0.0014942632988095284,0.0008866102434694767,0.0003282097168266773,0.0,0.0,0.0,0.0,0.0,0.0,-0.5687857000000001,0.61781895,10.2577559,0.08726646259971647,0.06981317007977318,-0.05235987755982989,-718.0,324.0,-402.0,1600,1600,1599,1599,0,0,0,0
1763969339.3508637,0.0,0.0,32.59,154.92,-0.06283905357122421,0.21535173058509827,0.9744443893432617,-0.011533250100910664,-3.091708183288574,-0.11778672784566879,2.703939914703369,-0.0014942632988095284,0.0008866102434694767,0.0003282097168266773,0.0,0.0,0.0,0.0,0.0,0.0,-0.5687857000000001,0.61781895,10.2577559,0.08726646259971647,0.06981317007977318,-0.05235987755982989,-718.0,324.0,-402.0,1600,1600,1599,1599,0,0,0,0
1763969339.38428,0.0,0.0,32.59,154.92,-0.06283905357122421,0.21535173058509827,0.9744443893432617,-0.011533250100910664,-3.091708183288574,-0.11778672784566879,2.703939914703369,-0.0014942632988095284,0.0008866102434694767,0.0003282097168266773,0.0,0.0,0.0,0.0,0.0,0.0,-0.55897905,0.6080123,10.24794925,0.06981317007977318,0.08726646259971647,-0.03490658503988659,-714.0,320.0,-406.0,1600,1600,1599,1599,0,0,0,0
1763969339.4176922,0.0,0.0,32.59,154.92,-0.06283905357122421,0.21535173058509827,0.9744443893432617,-0.011533250100910664,-3.091616153717041,-0.11765485256910324,2.703935146331787,-0.0004818988963961601,-0.00036819372326135635,7.836590521037579e-05,0.0,0.0,0.0,0.0,0.0,0.0,-0.55897905,0.6080123,10.24794925,0.06981317007977318,0.08726646259971647,-0.03490658503988659,-714.0,320.0,-406.0,1600,1600,1599,1599,0,0,0,0
1763969339.4511106,0.0,0.0,32.59,154.92,-0.06278475373983383,0.21535354852676392,0.9744467735290527,-0.011592256836593151,-3.091616153717041,-0.11765485256910324,2.703935146331787,-0.0004818988963961601,-0.00036819372326135635,7.836590521037579e-05,0.0,0.0,0.0,0.0,0.0,0.0,-0.55897905,0.6080123,10.24794925,0.06981317007977318,0.08726646259971647,-0.03490658503988659,-714.0,320.0,-406.0,1600,1600,1599,1599,0,0,0,0
1763969339.4846268,0.0,0.0,32.71,154.92,-0.06278475373983383,0.21535354852676392,0.9744467735290527,-0.011592256836593151,-3.091616153717041,-0.11765485256910324,2.703935146331787,-0.0004818988963961601,-0.00036819372326135635,7.836590521037579e-05,0.0,0.0,0.0,0.0,0.0,0.0,-0.55897905,0.6080123,10.24794925,0.06981317007977318,0.08726646259971647,-0.03490658503988659,-714.0,320.0,-406.0,1600,1600,1599,1599,0,0,0,0
1763969339.5180492,0.0,0.0,32.71,154.92,-0.06278475373983383,0.21535354852676392,0.9744467735290527,-0.011592256836593151,-3.091616153717041,-0.11765485256910324,2.703935146331787,-0.0004818988963961601,-0.00036819372326135635,7.836590521037579e-05,0.0,0.0,0.0,0.0,0.0,0.0,-0.55897905,0.6080123,10.24794925,0.06981317007977318,0.08726646259971647,-0.03490658503988659,-714.0,320.0,-406.0,1600,1600,1599,1599,0,0,0,0
1763969339.5514593,0.0,0.0,32.71,154.92,-0.06278475373983383,0.21535354852676392,0.9744467735290527,-0.011592256836593151,-3.091616153717041,-0.11765485256910324,2.703935146331787,-0.0004818988963961601,-0.00036819372326135635,7.836590521037579e-05,0.0,0.0,0.0,0.0,0.0,0.0,-0.55897905,0.6080123,10.24794925,0.06981317007977318,0.08726646259971647,-0.03490658503988659,-714.0,320.0,-406.0,1600,1600,1599,1599,0,0,0,0
1763969339.5848784,0.0,0.0,32.71,154.92,-0.06278475373983383,0.21535354852676392,0.9744467735290527,-0.011592256836593151,-3.091616153717041,-0.11765485256910324,2.703935146331787,-0.0004818988963961601,-0.00036819372326135635,7.836590521037579e-05,0.0,0.0,0.0,0.0,0.0,0.0,-0.55897905,0.6080123,10.2577559,0.08726646259971647,0.06981317007977318,-0.03490658503988659,-718.0,322.0,-396.0,1600,1600,1599,1599,0,0,0,0
1763969339.6183004,0.0,0.0,32.71,154.92,-0.06278475373983383,0.21535354852676392,0.9744467735290527,-0.011592256836593151,-3.091620445251465,-0.11766637861728668,2.7039146423339844,0.00023183831945061684,0.00010969489812850952,-0.0003222809173166752,0.0,0.0,0.0,0.0,0.0,0.0,-0.55897905,0.6080123,10.2577559,0.08726646259971647,0.06981317007977318,-0.03490658503988659,-718.0,322.0,-396.0,1600,1600,1599,1599,0,0,0,0
1763969339.651716,0.0,0.0,32.71,154.92,-0.06279000639915466,0.21536342799663544,0.9744442701339722,-0.011588231660425663,-3.091620445251465,-0.11766637861728668,2.7039146423339844,0.00023183831945061684,0.00010969489812850952,-0.0003222809173166752,0.0,0.0,0.0,0.0,0.0,0.0,-0.55897905,0.6080123,10.2577559,0.08726646259971647,0.06981317007977318,-0.03490658503988659,-718.0,322.0,-396.0,1600,1600,1599,1599,0,0,0,0
1763969339.6851304,0.0,0.0,32.71,154.92,-0.06279000639915466,0.21536342799663544,0.9744442701339722,-0.011588231660425663,-3.091620445251465,-0.11766637861728668,2.7039146423339844,0.00023183831945061684,0.00010969489812850952,-0.0003222809173166752,0.0,0.0,0.0,0.0,0.0,0.0,-0.55897905,0.6080123,10.2577559,0.08726646259971647,0.06981317007977318,-0.03490658503988659,-718.0,322.0,-396.0,1600,1600,1599,1599,0,0,0,0
1763969339.7185457,0.0,0.0,32.71,154.92,-0.06279000639915466,0.21536342799663544,0.9744442701339722,-0.011588231660425663,-3.091620445251465,-0.11766637861728668,2.7039146423339844,0.00023183831945061684,0.00010969489812850952,-0.0003222809173166752,0.0,0.0,0.0,0.0,0.0,0.0,-0.55897905,0.6080123,10.2577559,0.08726646259971647,0.06981317007977318,-0.03490658503988659,-718.0,322.0,-396.0,1600,1600,1599,1599,0,0,0,0
1763969339.7519453,0.0,0.0,32.71,154.92,-0.06279000639915466,0.21536342799663544,0.9744442701339722,-0.011588231660425663,-3.091620445251465,-0.11766637861728668,2.7039146423339844,0.00023183831945061684,0.00010969489812850952,-0.0003222809173166752,0.0,0.0,0.0,0.0,0.0,0.0,-0.5687857000000001,0.6276256,10.24794925,0.08726646259971647,0.06981317007977318,-0.05235987755982989,-718.0,322.0,-396.0,1600,1600,1599,1599,0,0,0,0
1763969339.785342,0.0,0.0,32.71,154.92,-0.06279000639915466,0.21536342799663544,0.9744442701339722,-0.011588231660425663,-3.0916223526000977,-0.1176605075597763,2.703895092010498,0.0003098505549132824,-0.0007230804767459631,0.00011833920143544674,0.0,0.0,0.0,0.0,0.0,0.0,-0.5687857000000001,0.6276256,10.24794925,0.08726646259971647,0.06981317007977318,-0.05235987755982989,-718.0,322.0,-396.0,1600,1600,1599,1599,0,0,0,0
1763969339.8187435,0.0,0.0,32.71,154.92,-0.06279000639915466,0.21536342799663544,0.9744442701339722,-0.011588231660425663,-3.0916223526000977,-0.1176605075597763,2.703895092010498,0.0003098505549132824,-0.0007230804767459631,0.00011833920143544674,0.0,0.0,0.0,0.0,0.0,0.0,-0.5687857000000001,0.6276256,10.24794925,0.08726646259971647,0.06981317007977318,-0.05235987755982989,-718.0,322.0,-396.0,1600,1600,1599,1599,0,0,0,0
1763969339.8521633,0.0,0.0,32.71,154.92,-0.06278707087039948,0.21537311375141144,0.9744424223899841,-0.011587386950850487,-3.0916223526000977,-0.1176605075597763,2.703895092010498,0.0003098505549132824,-0.0007230804767459631,0.00011833920143544674,0.0,0.0,0.0,0.0,0.0,0.0,-0.5687857000000001,0.6276256,10.24794925,0.08726646259971647,0.06981317007977318,-0.05235987755982989,-718.0,322.0,-396.0,1600,1600,1599,1599,0,0,0,0
1763969339.8855796,0.0,0.0,32.71,154.92,-0.06278707087039948,0.21537311375141144,0.9744424223899841,-0.011587386950850487,-3.0916223526000977,-0.1176605075597763,2.703895092010498,0.0003098505549132824,-0.0007230804767459631,0.00011833920143544674,0.0,0.0,0.0,0.0,0.0,0.0,-0.57859235,0.61781895,10.2577559,0.08726646259971647,0.05235987755982989,-0.03490658503988659,-719.0,326.0,-403.0,1600,1600,1599,1599,0,0,0,0
1763969339.918974,0.0,0.0,32.47,154.92,-0.06278707087039948,0.21537311375141144,0.9744424223899841,-0.011587386950850487,-3.0916223526000977,-0.1176605075597763,2.703895092010498,0.0003098505549132824,-0.0007230804767459631,0.00011833920143544674,0.0,0.0,0.0,0.0,0.0,0.0,-0.57859235,0.61781895,10.2577559,0.08726646259971647,0.05235987755982989,-0.03490658503988659,-719.0,326.0,-403.0,1600,1600,1599,1599,0,0,0,0
1763969339.9523768,0.0,0.0,32.47,154.92,-0.06278707087039948,0.21537311375141144,0.9744424223899841,-0.011587386950850487,-3.0916168689727783,-0.11765030771493912,2.7038660049438477,-0.000611273106187582,-0.0010306481271982193,-0.00012103281915187836,0.0,0.0,0.0,0.0,0.0,0.0,-0.57859235,0.61781895,10.2577559,0.08726646259971647,0.05235987755982989,-0.03490658503988659,-719.0,326.0,-403.0,1600,1600,1599,1599,0,0,0,0
1763969339.985773,0.0,0.0,32.47,154.92,-0.06278284639120102,0.21538740396499634,0.9744395017623901,-0.011590192094445229,-3.0916168689727783,-0.11765030771493912,2.7038660049438477,-0.000611273106187582,-0.0010306481271982193,-0.00012103281915187836,0.0,0.0,0.0,0.0,0.0,0.0,-0.57859235,0.61781895,10.2577559,0.08726646259971647,0.05235987755982989,-0.03490658503988659,-719.0,326.0,-403.0,1600,1600,1599,1599,0,0,0,0
1763969340.0191658,0.0,0.0,32.47,154.92,-0.06278284639120102,0.21538740396499634,0.9744395017623901,-0.011590192094445229,-3.0916168689727783,-0.11765030771493912,2.7038660049438477,-0.000611273106187582,-0.0010306481271982193,-0.00012103281915187836,0.0,0.0,0.0,0.0,0.0,0.0,-0.57859235,0.61781895,10.2577559,0.08726646259971647,0.05235987755982989,-0.03490658503988659,-719.0,326.0,-403.0,1600,1600,1599,1599,0,0,0,0
1763969340.052563,0.0,0.0,32.47,154.92,-0.06278284639120102,0.21538740396499634,0.9744395017623901,-0.011590192094445229,-3.0916168689727783,-0.11765030771493912,2.7038660049438477,-0.000611273106187582,-0.0010306481271982193,-0.00012103281915187836,0.0,0.0,0.0,0.0,0.0,0.0,-0.57859235,0.61781895,10.2577559,0.08726646259971647,0.05235987755982989,-0.03490658503988659,-719.0,326.0,-403.0,1600,1600,1599,1599,0,0,0,0
1763969340.0859628,0.0,0.0,32.47,154.92,-0.06278284639120102,0.21538740396499634,0.9744395017623901,-0.011590192094445229,-3.0916590690612793,-0.11759568005800247,2.703911066055298,-0.0010042688809335232,-5.106953904032707e-05,0.0007062971126288176,0.0,0.0,0.0,0.0,0.0,0.0,-0.57859235,0.61781895,10.2577559,0.08726646259971647,0.05235987755982989,-0.03490658503988659,-719.0,326.0,-403.0,1600,1600,1599,1599,0,0,0,0
1763969340.1193793,0.0,0.0,32.47,154.92,-0.06278284639120102,0.21538740396499634,0.9744395017623901,-0.011590192094445229,-3.0916590690612793,-0.11759568005800247,2.703911066055298,-0.0010042688809335232,-5.106953904032707e-05,0.0007062971126288176,0.0,0.0,0.0,0.0,0.0,0.0,-0.57859235,0.61781895,10.2577559,0.08726646259971647,0.05235987755982989,-0.03490658503988659,-719.0,326.0,-403.0,1600,1600,1599,1599,0,0,0,0
1763969340.1527772,0.0,0.0,32.47,154.92,-0.06275146454572678,0.21536771953105927,0.9744459986686707,-0.011577059514820576,-3.0916590690612793,-0.11759568005800247,2.703911066055298,-0.0010042688809335232,-5.106953904032707e-05,0.0007062971126288176,0.0,0.0,0.0,0.0,0.0,0.0,-0.57859235,0.61781895,10.2577559,0.08726646259971647,0.05235987755982989,-0.03490658503988659,-719.0,326.0,-403.0,1600,1600,1599,1599,0,0,0,0
1763969340.1861775,0.0,0.0,32.47,154.92,-0.06275146454572678,0.21536771953105927,0.9744459986686707,-0.011577059514820576,-3.0916590690612793,-0.11759568005800247,2.703911066055298,-0.0010042688809335232,-5.106953904032707e-05,0.0007062971126288176,0.0,0.0,0.0,0.0,0.0,0.0,-0.5687857000000001,0.61781895,10.2577559,0.06981317007977318,0.06981317007977318,-0.03490658503988659,-711.0,322.0,-401.0,1600,1600,1599,1599,0,0,0,0
1763969340.2195792,0.0,0.0,32.6,154.92,-0.06275146454572678,0.21536771953105927,0.9744459986686707,-0.011577059514820576,-3.0916590690612793,-0.11759568005800247,2.703911066055298,-0.0010042688809335232,-5.106953904032707e-05,0.0007062971126288176,0.0,0.0,0.0,0.0,0.0,0.0,-0.5687857000000001,0.61781895,10.2577559,0.06981317007977318,0.06981317007977318,-0.03490658503988659,-711.0,322.0,-401.0,1600,1600,1599,1599,0,0,0,0
1763969340.2529728,0.0,0.0,32.6,154.92,-0.06275146454572678,0.21536771953105927,0.9744459986686707,-0.011577059514820576,-3.0916590690612793,-0.11759568005800247,2.703911066055298,-0.0010042688809335232,-5.106953904032707e-05,0.0007062971126288176,0.0,0.0,0.0,0.0,0.0,0.0,-0.5687857000000001,0.61781895,10.2577559,0.06981317007977318,0.06981317007977318,-0.03490658503988659,-711.0,322.0,-401.0,1600,1600,1599,1599,0,0,0,0
1763969340.2863667,0.0,0.0,32.6,154.92,-0.06275146454572678,0.21536771953105927,0.9744459986686707,-0.011577059514820576,-3.0916590690612793,-0.11759568005800247,2.703911066055298,-0.0010042688809335232,-5.106953904032707e-05,0.0007062971126288176,0.0,0.0,0.0,0.0,0.0,0.0,-0.5687857000000001,0.61781895,10.2577559,0.10471975511965978,0.08726646259971647,-0.017453292519943295,-716.0,323.0,-401.0,1600,1600,1599,1599,0,0,0,0
1763969340.3197603,0.0,0.0,32.6,154.92,-0.06275146454572678,0.21536771953105927,0.9744459986686707,-0.011577059514820576,-3.091648578643799,-0.11758402734994888,2.7038869857788086,0.0010992861352860928,-0.001250572968274355,-6.454461254179478e-05,0.0,0.0,0.0,0.0,0.0,0.0,-0.5687857000000001,0.61781895,10.2577559,0.10471975511965978,0.08726646259971647,-0.017453292519943295,-716.0,323.0,-401.0,1600,1600,1599,1599,0,0,0,0
1763969340.353153,0.0,0.0,32.6,154.92,-0.06275146454572678,0.21536771953105927,0.9744459986686707,-0.011577059514820576,-3.091648578643799,-0.11758402734994888,2.7038869857788086,0.0010992861352860928,-0.001250572968274355,-6.454461254179478e-05,0.0,0.0,0.0,0.0,0.0,0.0,-0.5687857000000001,0.61781895,10.2577559,0.10471975511965978,0.08726646259971647,-0.017453292519943295,-716.0,323.0,-401.0,1600,1600,1599,1599,0,0,0,0
1763969340.3865607,0.0,0.0,32.6,154.92,-0.062747061252594,0.21537929773330688,0.9744436144828796,-0.011582711711525917,-3.091648578643799,-0.11758402734994888,2.7038869857788086,0.0010992861352860928,-0.001250572968274355,-6.454461254179478e-05,0.0,0.0,0.0,0.0,0.0,0.0,-0.5687857000000001,0.61781895,10.2577559,0.10471975511965978,0.08726646259971647,-0.017453292519943295,-716.0,323.0,-401.0,1600,1600,1599,1599,0,0,0,0
1763969340.4199803,0.0,0.0,32.6,154.92,-0.062747061252594,0.21537929773330688,0.9744436144828796,-0.011582711711525917,-3.091648578643799,-0.11758402734994888,2.7038869857788086,0.0010992861352860928,-0.001250572968274355,-6.454461254179478e-05,0.0,0.0,0.0,0.0,0.0,0.0,-0.5687857000000001,0.61781895,10.2577559,0.10471975511965978,0.05235987755982989,-0.05235987755982989,-716.0,323.0,-401.0,1600,1600,1599,1599,0,0,0,0
1763969340.453379,0.0,0.0,32.5,154.92,-0.062747061252594,0.21537929773330688,0.9744436144828796,-0.011582711711525917,-3.091648578643799,-0.11758402734994888,2.7038869857788086,0.0010992861352860928,-0.001250572968274355,-6.454461254179478e-05,0.0,0.0,0.0,0.0,0.0,0.0,-0.5687857000000001,0.61781895,10.2577559,0.10471975511965978,0.05235987755982989,-0.05235987755982989,-716.0,323.0,-401.0,1600,1600,1599,1599,0,0,0,0
1763969340.4867804,0.0,0.0,32.5,154.92,-0.062747061252594,0.21537929773330688,0.9744436144828796,-0.011582711711525917,-3.091648578643799,-0.11758402734994888,2.7038869857788086,0.0010992861352860928,-0.001250572968274355,-6.454461254179478e-05,0.0,0.0,0.0,0.0,0.0,0.0,-0.5687857000000001,0.61781895,10.2577559,0.10471975511965978,0.05235987755982989,-0.05235987755982989,-716.0,323.0,-401.0,1600,1600,1599,1599,0,0,0,0
1763969340.5201752,0.0,0.0,32.5,154.92,-0.062747061252594,0.21537929773330688,0.9744436144828796,-0.011582711711525917,-3.09162974357605,-0.11759422719478607,2.703878402709961,0.0016714828088879585,0.00023588864132761955,-0.0002914587967097759,0.0,0.0,0.0,0.0,0.0,0.0,-0.5687857000000001,0.61781895,10.2577559,0.10471975511965978,0.05235987755982989,-0.05235987755982989,-716.0,323.0,-401.0,1600,1600,1599,1599,0,0,0,0
1763969340.5535758,0.0,0.0,32.5,154.92,-0.062747061252594,0.21537929773330688,0.9744436144828796,-0.011582711711525917,-3.09162974357605,-0.11759422719478607,2.703878402709961,0.0016714828088879585,0.00023588864132761955,-0.0002914587967097759,0.0,0.0,0.0,0.0,0.0,0.0,-0.5687857000000001,0.61781895,10.2577559,0.10471975511965978,0.05235987755982989,-0.05235987755982989,-716.0,323.0,-401.0,1600,1600,1599,1599,0,0,0,0
1763969340.5869777,0.0,0.0,32.5,154.92,-0.062747061252594,0.21537929773330688,0.9744436144828796,-0.011582711711525917,-3.09162974357605,-0.11759422719478607,2.703878402709961,0.0016714828088879585,0.00023588864132761955,-0.0002914587967097759,0.0,0.0,0.0,0.0,0.0,0.0,-0.5687857000000001,0.61781895,10.2577559,0.10471975511965978,0.05235987755982989,-0.05235987755982989,-716.0,323.0,-401.0,1600,1600,1599,1599,0,0,0,0
1763969340.6203732,0.0,0.0,32.5,154.92,-0.062747061252594,0.21537929773330688,0.9744436144828796,-0.011582711711525917,-3.09162974357605,-0.11759422719478607,2.703878402709961,0.0016714828088879585,0.00023588864132761955,-0.0002914587967097759,0.0,0.0,0.0,0.0,0.0,0.0,-0.5687857000000001,0.61781895,10.2577559,0.10471975511965978,0.05235987755982989,-0.05235987755982989,-716.0,323.0,-401.0,1600,1600,1599,1599,0,0,0,0
1763969340.6537707,0.0,0.0,32.5,154.92,-0.062747061252594,0.21537929773330688,0.9744436144828796,-0.011582711711525917,-3.09162974357605,-0.11759422719478607,2.703878402709961,0.0016714828088879585,0.00023588864132761955,-0.0002914587967097759,0.0,0.0,0.0,0.0,0.0,0.0,-0.55897905,0.61781895,10.24794925,0.08726646259971647,0.06981317007977318,-0.03490658503988659,-720.0,316.0,-402.0,1600,1600,1599,1599,0,0,0,0
1763969340.6871643,0.0,0.0,32.5,154.92,-0.062747061252594,0.21537929773330688,0.9744436144828796,-0.011582711711525917,-3.09162974357605,-0.11759422719478607,2.703878402709961,0.0016714828088879585,0.00023588864132761955,-0.0002914587967097759,0.0,0.0,0.0,0.0,0.0,0.0,-0.55897905,0.61781895,10.24794925,0.08726646259971647,0.06981317007977318,-0.03490658503988659,-720.0,316.0,-402.0,1600,1600,1599,1599,0,0,0,0
1763969340.7205575,0.0,0.0,32.5,154.92,-0.062747061252594,0.21537929773330688,0.9744436144828796,-0.011582711711525917,-3.0916571617126465,-0.11758323758840561,2.7039144039154053,-0.0007704836316406727,0.000386284664273262,-0.0005310794804245234,0.0,0.0,0.0,0.0,0.0,0.0,-0.55897905,0.61781895,10.24794925,0.08726646259971647,0.06981317007977318,-0.03490658503988659,-720.0,316.0,-402.0,1600,1600,1599,1599,0,0,0,0
1763969340.753952,0.0,0.0,32.5,154.92,-0.062747061252594,0.21537929773330688,0.9744436144828796,-0.011582711711525917,-3.0916571617126465,-0.11758323758840561,2.7039144039154053,-0.0007704836316406727,0.000386284664273262,-0.0005310794804245234,0.0,0.0,0.0,0.0,0.0,0.0,-0.5687857000000001,0.61781895,10.24794925,0.06981317007977318,0.06981317007977318,-0.05235987755982989,-720.0,316.0,-402.0,1600,1600,1599,1599,0,0,0,0
1763969340.787345,0.0,0.0,32.5,154.92,-0.062745600938797,0.21536627411842346,0.9744465947151184,-0.011579494923353195,-3.0916571617126465,-0.11758323758840561,2.7039144039154053,-0.0007704836316406727,0.000386284664273262,-0.0005310794804245234,0.0,0.0,0.0,0.0,0.0,0.0,-0.5687857000000001,0.61781895,10.24794925,0.06981317007977318,0.06981317007977318,-0.05235987755982989,-720.0,316.0,-402.0,1600,1600,1599,1599,0,0,0,0
1763969340.8207633,0.0,0.0,32.42,154.92,-0.062745600938797,0.21536627411842346,0.9744465947151184,-0.011579494923353195,-3.0916571617126465,-0.11758323758840561,2.7039144039154053,-0.0007704836316406727,0.000386284664273262,-0.0005310794804245234,0.0,0.0,0.0,0.0,0.0,0.0,-0.5687857000000001,0.61781895,10.24794925,0.06981317007977318,0.06981317007977318,-0.05235987755982989,-720.0,316.0,-402.0,1600,1600,1599,1599,0,0,0,0
1763969340.8541694,0.0,0.0,32.42,154.92,-0.062745600938797,0.21536627411842346,0.9744465947151184,-0.011579494923353195,-3.09169602394104,-0.1175454705953598,2.703974962234497,0.0013276874087750912,-0.0009223911911249161,-0.0007724647875875235,0.0,0.0,0.0,0.0,0.0,0.0,-0.5687857000000001,0.61781895,10.24794925,0.06981317007977318,0.06981317007977318,-0.05235987755982989,-720.0,316.0,-402.0,1600,1600,1599,1599,0,0,0,0
1763969340.887564,0.0,0.0,32.42,154.92,-0.06272266060113907,0.21533870697021484,0.9744543433189392,-0.011566479690372944,-3.09169602394104,-0.1175454705953598,2.703974962234497,0.0013276874087750912,-0.0009223911911249161,-0.0007724647875875235,0.0,0.0,0.0,0.0,0.0,0.0,-0.5687857000000001,0.61781895,10.24794925,0.06981317007977318,0.06981317007977318,-0.05235987755982989,-720.0,316.0,-402.0,1600,1600,1599,1599,0,0,0,0
1763969340.920981,0.0,0.0,32.65,154.92,-0.06272266060113907,0.21533870697021484,0.9744543433189392,-0.011566479690372944,-3.09169602394104,-0.1175454705953598,2.703974962234497,0.0013276874087750912,-0.0009223911911249161,-0.0007724647875875235,0.0,0.0,0.0,0.0,0.0,0.0,-0.5687857000000001,0.61781895,10.24794925,0.06981317007977318,0.06981317007977318,-0.05235987755982989,-720.0,316.0,-402.0,1600,1600,1599,1599,0,0,0,0
1763969340.9543822,0.0,0.0,32.65,154.92,-0.06272266060113907,0.21533870697021484,0.9744543433189392,-0.011566479690372944,-3.0917181968688965,-0.11752954870462418,2.7040061950683594,-0.0005870983004570007,-0.0006387513130903244,-0.0002583793830126524,0.0,0.0,0.0,0.0,0.0,0.0,-0.5687857000000001,0.61781895,10.24794925,0.06981317007977318,0.06981317007977318,-0.05235987755982989,-720.0,316.0,-402.0,1600,1600,1599,1599,0,0,0,0
1763969340.9877746,0.0,0.0,32.65,154.92,-0.06272266060113907,0.21533870697021484,0.9744543433189392,-0.011566479690372944,-3.0917181968688965,-0.11752954870462418,2.7040061950683594,-0.0005870983004570007,-0.0006387513130903244,-0.0002583793830126524,0.0,0.0,0.0,0.0,0.0,0.0,-0.5687857000000001,0.61781895,10.24794925,0.06981317007977318,0.06981317007977318,-0.05235987755982989,-720.0,316.0,-402.0,1600,1600,1599,1599,0,0,0,0
1763969341.0211656,0.0,0.0,32.65,154.92,-0.06271234899759293,0.21532443165779114,0.9744582772254944,-0.011558441445231438,-3.0917181968688965,-0.11752954870462418,2.7040061950683594,-0.0005870983004570007,-0.0006387513130903244,-0.0002583793830126524,0.0,0.0,0.0,0.0,0.0,0.0,-0.5687857000000001,0.61781895,10.24794925,0.06981317007977318,0.06981317007977318,-0.05235987755982989,-720.0,316.0,-402.0,1600,1600,1599,1599,0,0,0,0
1763969341.0545611,0.0,0.0,32.43,154.92,-0.06271234899759293,0.21532443165779114,0.9744582772254944,-0.011558441445231438,-3.0917181968688965,-0.11752954870462418,2.7040061950683594,-0.0005870983004570007,-0.0006387513130903244,-0.0002583793830126524,0.0,0.0,0.0,0.0,0.0,0.0,-0.5687857000000001,0.61781895,10.24794925,0.06981317007977318,0.06981317007977318,-0.05235987755982989,-720.0,316.0,-402.0,1600,1600,1599,1599,0,0,0,0
1763969341.0879827,0.0,0.0,32.43,154.92,-0.06271234899759293,0.21532443165779114,0.9744582772254944,-0.011558441445231438,-3.0917181968688965,-0.11752954870462418,2.7040061950683594,-0.0005870983004570007,-0.0006387513130903244,-0.0002583793830126524,0.0,0.0,0.0,0.0,0.0,0.0,-0.5687857000000001,0.61781895,10.2577559,0.06981317007977318,0.05235987755982989,-0.05235987755982989,-720.0,319.0,-401.0,1600,1600,1599,1599,0,0,0,0
1763969341.1213844,0.0,0.0,32.43,154.92,-0.06271234899759293,0.21532443165779114,0.9744582772254944,-0.011558441445231438,-3.0917367935180664,-0.11753451079130173,2.704000473022461,0.001056143082678318,0.0020363065414130688,0.0006387631874531507,0.0,0.0,0.0,0.0,0.0,0.0,-0.5687857000000001,0.61781895,10.2577559,0.06981317007977318,0.05235987755982989,-0.05235987755982989,-720.0,319.0,-401.0,1600,1600,1599,1599,0,0,0,0
1763969341.154784,0.0,0.0,32.43,154.92,-0.06271280348300934,0.21532770991325378,0.9744576215744019,-0.011548667214810848,-3.0917367935180664,-0.11753451079130173,2.704000473022461,0.001056143082678318,0.0020363065414130688,0.0006387631874531507,0.0,0.0,0.0,0.0,0.0,0.0,-0.5687857000000001,0.61781895,10.2577559,0.06981317007977318,0.05235987755982989,-0.05235987755982989,-720.0,319.0,-401.0,1600,1600,1599,1599,0,0,0,0
1763969341.18818,0.0,0.0,32.43,154.92,-0.06271280348300934,0.21532770991325378,0.9744576215744019,-0.011548667214810848,-3.0917367935180664,-0.11753451079130173,2.704000473022461,0.001056143082678318,0.0020363065414130688,0.0006387631874531507,0.0,0.0,0.0,0.0,0.0,0.0,-0.5687857000000001,0.61781895,10.2577559,0.06981317007977318,0.05235987755982989,-0.05235987755982989,-720.0,319.0,-401.0,1600,1600,1599,1599,0,0,0,0
1763969341.221569,0.0,0.0,32.43,154.92,-0.06271280348300934,0.21532770991325378,0.9744576215744019,-0.011548667214810848,-3.0917367935180664,-0.11753451079130173,2.704000473022461,0.001056143082678318,0.0020363065414130688,0.0006387631874531507,0.0,0.0,0.0,0.0,0.0,0.0,-0.5687857000000001,0.61781895,10.2577559,0.06981317007977318,0.05235987755982989,-0.05235987755982989,-720.0,319.0,-401.0,1600,1600,1599,1599,0,0,0,0
1763969341.2549708,0.0,0.0,32.43,154.92,-0.06271280348300934,0.21532770991325378,0.9744576215744019,-0.011548667214810848,-3.0917367935180664,-0.11753451079130173,2.704000473022461,0.001056143082678318,0.0020363065414130688,0.0006387631874531507,0.0,0.0,0.0,0.0,0.0,0.0,-0.5687857000000001,0.61781895,10.2577559,0.06981317007977318,0.05235987755982989,-0.05235987755982989,-720.0,319.0,-401.0,1600,1600,1599,1599,0,0,0,0
1763969341.288362,0.0,0.0,32.43,154.92,-0.06271280348300934,0.21532770991325378,0.9744576215744019,-0.011548667214810848,-3.0917367935180664,-0.11753451079130173,2.704000473022461,0.001056143082678318,0.0020363065414130688,0.0006387631874531507,0.0,0.0,0.0,0.0,0.0,0.0,-0.53936575,0.61781895,10.2577559,0.10471975511965978,0.10471975511965978,-0.03490658503988659,-720.0,319.0,-401.0,1600,1600,1599,1599,0,0,0,0
1763969341.3217516,0.0,0.0,32.43,154.92,-0.06271280348300934,0.21532770991325378,0.9744576215744019,-0.011548667214810848,-3.0917351245880127,-0.11754078418016434,2.7039997577667236,-0.008099826984107494,-0.0017794908490031958,-0.003655248088762164,0.0,0.0,0.0,0.0,0.0,0.0,-0.53936575,0.61781895,10.2577559,0.10471975511965978,0.10471975511965978,-0.03490658503988659,-720.0,319.0,-401.0,1600,1600,1599,1599,0,0,0,0
1763969341.3551428,0.0,0.0,32.43,154.92,-0.062716044485569,0.21532796323299408,0.9744573831558228,-0.011548752896487713,-3.0917351245880127,-0.11754078418016434,2.7039997577667236,-0.008099826984107494,-0.0017794908490031958,-0.003655248088762164,0.0,0.0,0.0,0.0,0.0,0.0,-0.53936575,0.61781895,10.2577559,0.10471975511965978,0.10471975511965978,-0.03490658503988659,-720.0,319.0,-401.0,1600,1600,1599,1599,0,0,0,0
1763969341.3885527,0.0,0.0,32.43,154.92,-0.062716044485569,0.21532796323299408,0.9744573831558228,-0.011548752896487713,-3.0917351245880127,-0.11754078418016434,2.7039997577667236,-0.008099826984107494,-0.0017794908490031958,-0.003655248088762164,0.0,0.0,0.0,0.0,0.0,0.0,-0.53936575,0.61781895,10.2577559,0.10471975511965978,0.10471975511965978,-0.03490658503988659,-720.0,319.0,-401.0,1600,1600,1599,1599,0,0,0,0
1763969341.4219568,0.0,0.0,32.43,154.92,-0.062716044485569,0.21532796323299408,0.9744573831558228,-0.011548752896487713,-3.0917351245880127,-0.11754078418016434,2.7039997577667236,-0.008099826984107494,-0.0017794908490031958,-0.003655248088762164,0.0,0.0,0.0,0.0,0.0,0.0,-0.53936575,0.61781895,10.2577559,0.10471975511965978,0.10471975511965978,-0.03490658503988659,-720.0,319.0,-401.0,1600,1600,1599,1599,0,0,0,0
1763969341.4553514,0.0,0.0,32.43,154.92,-0.062716044485569,0.21532796323299408,0.9744573831558228,-0.011548752896487713,-3.0917351245880127,-0.11754078418016434,2.7039997577667236,-0.008099826984107494,-0.0017794908490031958,-0.003655248088762164,0.0,0.0,0.0,0.0,0.0,0.0,-0.53936575,0.61781895,10.2577559,0.10471975511965978,0.10471975511965978,-0.03490658503988659,-720.0,319.0,-401.0,1600,1600,1599,1599,0,0,0,0
1763969341.4887526,0.0,0.0,32.43,154.92,-0.062716044485569,0.21532796323299408,0.9744573831558228,-0.011548752896487713,-3.0917351245880127,-0.11754078418016434,2.7039997577667236,-0.008099826984107494,-0.0017794908490031958,-0.003655248088762164,0.0,0.0,0.0,0.0,0.0,0.0,-0.55897905,0.59820565,10.2577559,-0.03490658503988659,0.03490658503988659,-0.10471975511965978,-720.0,319.0,-401.0,1600,1600,1599,1599,0,0,0,0
1763969341.522173,0.0,0.0,32.43,154.92,-0.06272587925195694,0.21533527970314026,0.9744549989700317,-0.011562176048755646,-3.0917351245880127,-0.11754078418016434,2.7039997577667236,-0.008099826984107494,-0.0017794908490031958,-0.003655248088762164,0.0,0.0,0.0,0.0,0.0,0.0,-0.55897905,0.59820565,10.2577559,-0.03490658503988659,0.03490658503988659,-0.10471975511965978,-720.0,319.0,-401.0,1600,1600,1599,1599,0,0,0,0
1763969341.5555718,0.0,0.0,32.45,154.92,-0.06272587925195694,0.21533527970314026,0.9744549989700317,-0.011562176048755646,-3.0917351245880127,-0.11754078418016434,2.7039997577667236,-0.008099826984107494,-0.0017794908490031958,-0.003655248088762164,0.0,0.0,0.0,0.0,0.0,0.0,-0.55897905,0.59820565,10.2577559,-0.03490658503988659,0.03490658503988659,-0.10471975511965978,-720.0,319.0,-401.0,1600,1600,1599,1599,0,0,0,0
1763969341.5889645,0.0,0.0,32.45,154.92,-0.06272587925195694,0.21533527970314026,0.9744549989700317,-0.011562176048755646,-3.0917351245880127,-0.11754078418016434,2.7039997577667236,-0.008099826984107494,-0.0017794908490031958,-0.003655248088762164,0.0,0.0,0.0,0.0,0.0,0.0,-0.55897905,0.59820565,10.2577559,-0.03490658503988659,0.03490658503988659,-0.10471975511965978,-720.0,319.0,-401.0,1600,1600,1599,1599,0,0,0,0
1763969341.6223667,0.0,0.0,32.45,154.92,-0.06272587925195694,0.21533527970314026,0.9744549989700317,-0.011562176048755646,-3.0917351245880127,-0.11754078418016434,2.7039997577667236,-0.008099826984107494,-0.0017794908490031958,-0.003655248088762164,0.0,0.0,0.0,0.0,0.0,0.0,-0.59820565,0.59820565,10.24794925,0.19198621771937624,0.0,0.0,-718.0,320.0,-403.0,1600,1600,1599,1599,0,0,0,0
1763969341.655766,0.0,0.0,32.45,154.92,-0.06272587925195694,0.21533527970314026,0.9744549989700317,-0.011562176048755646,-3.0917105674743652,-0.11755308508872986,2.704010009765625,0.0011134268715977669,-4.0906015783548355e-05,-0.0008294563740491867,0.0,0.0,0.0,0.0,0.0,0.0,-0.59820565,0.59820565,10.24794925,0.19198621771937624,0.0,0.0,-718.0,320.0,-403.0,1600,1600,1599,1599,0,0,0,0
1763969341.6891937,0.0,0.0,32.45,154.92,-0.06272460520267487,0.2153218686580658,0.9744580388069153,-0.01155967079102993,-3.0917105674743652,-0.11755308508872986,2.704010009765625,0.0011134268715977669,-4.0906015783548355e-05,-0.0008294563740491867,0.0,0.0,0.0,0.0,0.0,0.0,-0.59820565,0.59820565,10.24794925,0.19198621771937624,0.0,0.0,-718.0,320.0,-403.0,1600,1600,1599,1599,0,0,0,0
1763969341.7225995,0.0,0.0,32.55,154.92,-0.06272460520267487,0.2153218686580658,0.9744580388069153,-0.01155967079102993,-3.0917105674743652,-0.11755308508872986,2.704010009765625,0.0011134268715977669,-4.0906015783548355e-05,-0.0008294563740491867,0.0,0.0,0.0,0.0,0.0,0.0,-0.59820565,0.59820565,10.24794925,0.19198621771937624,0.0,0.0,-718.0,320.0,-403.0,1600,1600,1599,1599,0,0,0,0
1763969341.7560182,0.0,0.0,32.55,154.92,-0.06272460520267487,0.2153218686580658,0.9744580388069153,-0.01155967079102993,-3.0917105674743652,-0.11755308508872986,2.704010009765625,0.0011134268715977669,-4.0906015783548355e-05,-0.0008294563740491867,0.0,0.0,0.0,0.0,0.0,0.0,-0.59820565,0.59820565,10.24794925,0.19198621771937624,0.0,0.0,-718.0,320.0,-403.0,1600,1600,1599,1599,0,0,0,0
1763969341.789416,0.0,0.0,32.55,154.92,-0.06272460520267487,0.2153218686580658,0.9744580388069153,-0.01155967079102993,-3.0917105674743652,-0.11755308508872986,2.704010009765625,0.0011134268715977669,-4.0906015783548355e-05,-0.0008294563740491867,0.0,0.0,0.0,0.0,0.0,0.0,-0.5687857000000001,0.61781895,10.2577559,0.10471975511965978,0.06981317007977318,-0.05235987755982989,-714.0,318.0,-402.0,1600,1600,1599,1599,0,0,0,0
1763969341.822817,0.0,0.0,32.55,154.92,-0.06272460520267487,0.2153218686580658,0.9744580388069153,-0.01155967079102993,-3.0917105674743652,-0.11755308508872986,2.704010009765625,0.0011134268715977669,-4.0906015783548355e-05,-0.0008294563740491867,0.0,0.0,0.0,0.0,0.0,0.0,-0.5687857000000001,0.61781895,10.2577559,0.10471975511965978,0.06981317007977318,-0.05235987755982989,-714.0,318.0,-402.0,1600,1600,1599,1599,0,0,0,0
1763969341.8562121,0.0,0.0,32.55,154.92,-0.06272460520267487,0.2153218686580658,0.9744580388069153,-0.01155967079102993,-3.0917105674743652,-0.1175563782453537,2.7040212154388428,-0.0012207464314997196,0.000666747335344553,-0.0006845185998827219,0.0,0.0,0.0,0.0,0.0,0.0,-0.5687857000000001,0.61781895,10.2577559,0.10471975511965978,0.06981317007977318,-0.05235987755982989,-714.0,318.0,-402.0,1600,1600,1599,1599,0,0,0,0
1763969341.8896146,0.0,0.0,32.55,154.92,-0.06272614747285843,0.21531639993190765,0.974459171295166,-0.011559677310287952,-3.0917105674743652,-0.1175563782453537,2.7040212154388428,-0.0012207464314997196,0.000666747335344553,-0.0006845185998827219,0.0,0.0,0.0,0.0,0.0,0.0,-0.5687857000000001,0.61781895,10.2577559,0.10471975511965978,0.06981317007977318,-0.05235987755982989,-714.0,318.0,-402.0,1600,1600,1599,1599,0,0,0,0
1763969341.9230087,0.0,0.0,32.55,154.92,-0.06272614747285843,0.21531639993190765,0.974459171295166,-0.011559677310287952,-3.0917105674743652,-0.1175563782453537,2.7040212154388428,-0.0012207464314997196,0.000666747335344553,-0.0006845185998827219,0.0,0.0,0.0,0.0,0.0,0.0,-0.5687857000000001,0.61781895,10.2577559,0.10471975511965978,0.06981317007977318,-0.05235987755982989,-714.0,318.0,-402.0,1600,1600,1599,1599,0,0,0,0
1763969341.9564013,0.0,0.0,32.55,154.92,-0.06272614747285843,0.21531639993190765,0.974459171295166,-0.011559677310287952,-3.0917105674743652,-0.1175563782453537,2.7040212154388428,-0.0012207464314997196,0.000666747335344553,-0.0006845185998827219,0.0,0.0,0.0,0.0,0.0,0.0,-0.5687857000000001,0.6276256,10.2577559,0.06981317007977318,0.08726646259971647,-0.05235987755982989,-714.0,318.0,-402.0,1600,1600,1599,1599,0,0,0,0
1763969341.9897943,0.0,0.0,32.55,154.92,-0.06271836161613464,0.21531857550144196,0.974459171295166,-0.011562246829271317,-3.0917105674743652,-0.1175563782453537,2.7040212154388428,-0.0012207464314997196,0.000666747335344553,-0.0006845185998827219,0.0,0.0,0.0,0.0,0.0,0.0,-0.5687857000000001,0.6276256,10.2577559,0.06981317007977318,0.08726646259971647,-0.05235987755982989,-714.0,318.0,-402.0,1600,1600,1599,1599,0,0,0,0
1763969342.0231857,0.0,0.0,32.44,154.92,-0.06271836161613464,0.21531857550144196,0.974459171295166,-0.011562246829271317,-3.0917105674743652,-0.1175563782453537,2.7040212154388428,-0.0012207464314997196,0.000666747335344553,-0.0006845185998827219,0.0,0.0,0.0,0.0,0.0,0.0,-0.5687857000000001,0.6276256,10.2577559,0.06981317007977318,0.08726646259971647,-0.05235987755982989,-714.0,318.0,-402.0,1600,1600,1599,1599,0,0,0,0
1763969342.0565827,0.0,0.0,32.44,154.92,-0.06271836161613464,0.21531857550144196,0.974459171295166,-0.011562246829271317,-3.0917105674743652,-0.1175563782453537,2.7040212154388428,-0.0012207464314997196,0.000666747335344553,-0.0006845185998827219,0.0,0.0,0.0,0.0,0.0,0.0,-0.5687857000000001,0.6276256,10.2577559,0.06981317007977318,0.08726646259971647,-0.05235987755982989,-714.0,318.0,-402.0,1600,1600,1599,1599,0,0,0,0
1763969342.089979,0.0,0.0,32.44,154.92,-0.06271836161613464,0.21531857550144196,0.974459171295166,-0.011562246829271317,-3.0917105674743652,-0.1175563782453537,2.7040212154388428,-0.0012207464314997196,0.000666747335344553,-0.0006845185998827219,0.0,0.0,0.0,0.0,0.0,0.0,-0.5687857000000001,0.6276256,10.2577559,0.06981317007977318,0.08726646259971647,-0.05235987755982989,-714.0,318.0,-402.0,1600,1600,1599,1599,0,0,0,0
1763969342.1233718,0.0,0.0,32.44,154.92,-0.06271836161613464,0.21531857550144196,0.974459171295166,-0.011562246829271317,-3.0917105674743652,-0.1175563782453537,2.7040212154388428,-0.0012207464314997196,0.000666747335344553,-0.0006845185998827219,0.0,0.0,0.0,0.0,0.0,0.0,-0.5687857000000001,0.6276256,10.2577559,0.08726646259971647,0.05235987755982989,-0.05235987755982989,-720.0,321.0,-402.0,1600,1600,1599,1599,0,0,0,0
1763969342.1567638,0.0,0.0,32.44,154.92,-0.06271836161613464,0.21531857550144196,0.974459171295166,-0.011562246829271317,-3.0917105674743652,-0.1175563782453537,2.7040212154388428,-0.0012207464314997196,0.000666747335344553,-0.0006845185998827219,0.0,0.0,0.0,0.0,0.0,0.0,-0.5687857000000001,0.6276256,10.2577559,0.08726646259971647,0.05235987755982989,-0.05235987755982989,-720.0,321.0,-402.0,1600,1600,1599,1599,0,0,0,0
1763969342.1901584,0.0,0.0,32.44,154.92,-0.06271836161613464,0.21531857550144196,0.974459171295166,-0.011562246829271317,-3.0917224884033203,-0.11750692129135132,2.7040035724639893,8.654780685901642e-05,-0.001679363427683711,0.0010660281404852867,0.0,0.0,0.0,0.0,0.0,0.0,-0.5687857000000001,0.6276256,10.2577559,0.08726646259971647,0.05235987755982989,-0.05235987755982989,-720.0,321.0,-402.0,1600,1600,1599,1599,0,0,0,0
1763969342.2235525,0.0,0.0,32.44,154.92,-0.06271836161613464,0.21531857550144196,0.974459171295166,-0.011562246829271317,-3.0917224884033203,-0.11750692129135132,2.7040035724639893,8.654780685901642e-05,-0.001679363427683711,0.0010660281404852867,0.0,0.0,0.0,0.0,0.0,0.0,-0.57859235,0.61781895,10.2577559,0.08726646259971647,0.03490658503988659,-0.03490658503988659,-720.0,321.0,-402.0,1600,1600,1599,1599,0,0,0,0
1763969342.2569528,0.0,0.0,32.44,154.92,-0.06270090490579605,0.21532629430294037,0.9744585752487183,-0.011558757163584232,-3.0917224884033203,-0.11750692129135132,2.7040035724639893,8.654780685901642e-05,-0.001679363427683711,0.0010660281404852867,0.0,0.0,0.0,0.0,0.0,0.0,-0.57859235,0.61781895,10.2577559,0.08726646259971647,0.03490658503988659,-0.03490658503988659,-720.0,321.0,-402.0,1600,1600,1599,1599,0,0,0,0
1763969342.2903473,0.0,0.0,32.44,154.92,-0.06270090490579605,0.21532629430294037,0.9744585752487183,-0.011558757163584232,-3.0917224884033203,-0.11750692129135132,2.7040035724639893,8.654780685901642e-05,-0.001679363427683711,0.0010660281404852867,0.0,0.0,0.0,0.0,0.0,0.0,-0.57859235,0.61781895,10.2577559,0.08726646259971647,0.03490658503988659,-0.03490658503988659,-720.0,321.0,-402.0,1600,1600,1599,1599,0,0,0,0
1763969342.3237393,0.0,0.0,32.44,154.92,-0.06270090490579605,0.21532629430294037,0.9744585752487183,-0.011558757163584232,-3.091740846633911,-0.11747340857982635,2.7040116786956787,-0.00098838796839118,-0.0012800325639545918,-0.001212744740769267,0.0,0.0,0.0,0.0,0.0,0.0,-0.57859235,0.61781895,10.2577559,0.08726646259971647,0.03490658503988659,-0.03490658503988659,-720.0,321.0,-402.0,1600,1600,1599,1599,0,0,0,0
1763969342.3571413,0.0,0.0,32.44,154.92,-0.06268253922462463,0.21532347798347473,0.9744605422019958,-0.011553644202649593,-3.091740846633911,-0.11747340857982635,2.7040116786956787,-0.00098838796839118,-0.0012800325639545918,-0.001212744740769267,0.0,0.0,0.0,0.0,0.0,0.0,-0.57859235,0.61781895,10.2577559,0.08726646259971647,0.03490658503988659,-0.03490658503988659,-720.0,321.0,-402.0,1600,1600,1599,1599,0,0,0,0
1763969342.3905349,0.0,0.0,32.44,154.92,-0.06268253922462463,0.21532347798347473,0.9744605422019958,-0.011553644202649593,-3.091740846633911,-0.11747340857982635,2.7040116786956787,-0.00098838796839118,-0.0012800325639545918,-0.001212744740769267,0.0,0.0,0.0,0.0,0.0,0.0,-0.57859235,0.61781895,10.2577559,0.08726646259971647,0.03490658503988659,-0.03490658503988659,-720.0,321.0,-402.0,1600,1600,1599,1599,0,0,0,0
1763969342.4239373,0.0,0.0,32.44,154.92,-0.06268253922462463,0.21532347798347473,0.9744605422019958,-0.011553644202649593,-3.091740846633911,-0.11747340857982635,2.7040116786956787,-0.00098838796839118,-0.0012800325639545918,-0.001212744740769267,0.0,0.0,0.0,0.0,0.0,0.0,-0.57859235,0.61781895,10.2577559,0.08726646259971647,0.03490658503988659,-0.03490658503988659,-720.0,321.0,-402.0,1600,1600,1599,1599,0,0,0,0
1763969342.4573336,0.0,0.0,32.44,154.92,-0.06268253922462463,0.21532347798347473,0.9744605422019958,-0.011553644202649593,-3.091740846633911,-0.11747340857982635,2.7040116786956787,-0.00098838796839118,-0.0012800325639545918,-0.001212744740769267,0.0,0.0,0.0,0.0,0.0,0.0,-0.57859235,0.6276256,10.2577559,0.06981317007977318,0.05235987755982989,-0.06981317007977318,-720.0,321.0,-402.0,1600,1600,1599,1599,0,0,0,0
1763969342.4907384,0.0,0.0,32.44,154.92,-0.06268253922462463,0.21532347798347473,0.9744605422019958,-0.011553644202649593,-3.0916812419891357,-0.11738747358322144,2.7039036750793457,-7.216492667794228e-05,0.0003404156304895878,0.0009240920189768076,0.0,0.0,0.0,0.0,0.0,0.0,-0.57859235,0.6276256,10.2577559,0.06981317007977318,0.05235987755982989,-0.06981317007977318,-720.0,321.0,-402.0,1600,1600,1599,1599,0,0,0,0
1763969342.524133,0.0,0.0,32.44,154.92,-0.06264772266149521,0.21537594497203827,0.9744507670402527,-0.011588647961616516,-3.0916812419891357,-0.11738747358322144,2.7039036750793457,-7.216492667794228e-05,0.0003404156304895878,0.0009240920189768076,0.0,0.0,0.0,0.0,0.0,0.0,-0.57859235,0.6276256,10.2577559,0.06981317007977318,0.05235987755982989,-0.06981317007977318,-720.0,321.0,-402.0,1600,1600,1599,1599,0,0,0,0
1763969342.5575264,0.0,0.0,32.51,154.92,-0.06264772266149521,0.21537594497203827,0.9744507670402527,-0.011588647961616516,-3.0916812419891357,-0.11738747358322144,2.7039036750793457,-7.216492667794228e-05,0.0003404156304895878,0.0009240920189768076,0.0,0.0,0.0,0.0,0.0,0.0,-0.57859235,0.6276256,10.2577559,0.06981317007977318,0.05235987755982989,-0.06981317007977318,-720.0,321.0,-402.0,1600,1600,1599,1599,0,0,0,0
1763969342.5909176,0.0,0.0,32.51,154.92,-0.06264772266149521,0.21537594497203827,0.9744507670402527,-0.011588647961616516,-3.0916812419891357,-0.11738747358322144,2.7039036750793457,-7.216492667794228e-05,0.0003404156304895878,0.0009240920189768076,0.0,0.0,0.0,0.0,0.0,0.0,-0.57859235,0.6276256,10.2577559,0.06981317007977318,0.05235987755982989,-0.06981317007977318,-720.0,321.0,-402.0,1600,1600,1599,1599,0,0,0,0
1763969342.6243358,0.0,0.0,32.51,154.92,-0.06264772266149521,0.21537594497203827,0.9744507670402527,-0.011588647961616516,-3.0916812419891357,-0.11738747358322144,2.7039036750793457,-7.216492667794228e-05,0.0003404156304895878,0.0009240920189768076,0.0,0.0,0.0,0.0,0.0,0.0,-0.5687857000000001,0.6276256,10.2577559,0.08726646259971647,0.06981317007977318,-0.03490658503988659,-716.0,325.0,-401.0,1600,1600,1599,1599,0,0,0,0
1763969342.657781,0.0,0.0,32.51,154.92,-0.06264772266149521,0.21537594497203827,0.9744507670402527,-0.011588647961616516,-3.0916907787323,-0.11737992614507675,2.7038919925689697,-0.0018455877434462309,-0.00035557104274630547,-0.00018650153651833534,0.0,0.0,0.0,0.0,0.0,0.0,-0.5687857000000001,0.6276256,10.2577559,0.08726646259971647,0.06981317007977318,-0.03490658503988659,-716.0,325.0,-401.0,1600,1600,1599,1599,0,0,0,0
1763969342.6911793,0.0,0.0,32.51,154.92,-0.06264310330152512,0.21538202464580536,0.9744497537612915,-0.0115845100954175,-3.0916907787323,-0.11737992614507675,2.7038919925689697,-0.0018455877434462309,-0.00035557104274630547,-0.00018650153651833534,0.0,0.0,0.0,0.0,0.0,0.0,-0.5687857000000001,0.6276256,10.2577559,0.08726646259971647,0.06981317007977318,-0.03490658503988659,-716.0,325.0,-401.0,1600,1600,1599,1599,0,0,0,0
1763969342.724574,0.0,0.0,32.47,154.92,-0.06264310330152512,0.21538202464580536,0.9744497537612915,-0.0115845100954175,-3.0916907787323,-0.11737992614507675,2.7038919925689697,-0.0018455877434462309,-0.00035557104274630547,-0.00018650153651833534,0.0,0.0,0.0,0.0,0.0,0.0,-0.5687857000000001,0.6276256,10.2577559,0.08726646259971647,0.06981317007977318,-0.03490658503988659,-716.0,325.0,-401.0,1600,1600,1599,1599,0,0,0,0
1763969342.7579665,0.0,0.0,32.47,154.92,-0.06264310330152512,0.21538202464580536,0.9744497537612915,-0.0115845100954175,-3.0916907787323,-0.11737992614507675,2.7038919925689697,-0.0018455877434462309,-0.00035557104274630547,-0.00018650153651833534,0.0,0.0,0.0,0.0,0.0,0.0,-0.5687857000000001,0.6276256,10.2577559,0.08726646259971647,0.06981317007977318,-0.03490658503988659,-716.0,325.0,-401.0,1600,1600,1599,1599,0,0,0,0
1763969342.79136,0.0,0.0,32.47,154.92,-0.06264310330152512,0.21538202464580536,0.9744497537612915,-0.0115845100954175,-3.0916907787323,-0.11737992614507675,2.7038919925689697,-0.0018455877434462309,-0.00035557104274630547,-0.00018650153651833534,0.0,0.0,0.0,0.0,0.0,0.0,-0.57859235,0.63743225,10.2577559,0.05235987755982989,0.06981317007977318,-0.05235987755982989,-719.0,322.0,-402.0,1600,1600,1599,1599,0,0,0,0
1763969342.8247523,0.0,0.0,32.47,154.92,-0.06264310330152512,0.21538202464580536,0.9744497537612915,-0.0115845100954175,-3.0916988849639893,-0.11734916269779205,2.7038886547088623,-0.002171978121623397,-0.0003792443312704563,-0.0003087795339524746,0.0,0.0,0.0,0.0,0.0,0.0,-0.57859235,0.63743225,10.2577559,0.05235987755982989,0.06981317007977318,-0.05235987755982989,-719.0,322.0,-402.0,1600,1600,1599,1599,0,0,0,0
1763969342.8581536,0.0,0.0,32.47,154.92,-0.06262727826833725,0.21538445353507996,0.9744502305984497,-0.011583847925066948,-3.0916988849639893,-0.11734916269779205,2.7038886547088623,-0.002171978121623397,-0.0003792443312704563,-0.0003087795339524746,0.0,0.0,0.0,0.0,0.0,0.0,-0.57859235,0.63743225,10.2577559,0.05235987755982989,0.06981317007977318,-0.05235987755982989,-719.0,322.0,-402.0,1600,1600,1599,1599,0,0,0,0
1763969342.89155,0.0,0.0,32.47,154.92,-0.06262727826833725,0.21538445353507996,0.9744502305984497,-0.011583847925066948,-3.0916988849639893,-0.11734916269779205,2.7038886547088623,-0.002171978121623397,-0.0003792443312704563,-0.0003087795339524746,0.0,0.0,0.0,0.0,0.0,0.0,-0.57859235,0.63743225,10.2577559,0.05235987755982989,0.06981317007977318,-0.05235987755982989,-719.0,322.0,-402.0,1600,1600,1599,1599,0,0,0,0
1763969342.9249506,0.0,0.0,32.47,154.92,-0.06262727826833725,0.21538445353507996,0.9744502305984497,-0.011583847925066948,-3.0916988849639893,-0.11734916269779205,2.7038886547088623,-0.002171978121623397,-0.0003792443312704563,-0.0003087795339524746,0.0,0.0,0.0,0.0,0.0,0.0,-0.57859235,0.63743225,10.2577559,0.05235987755982989,0.06981317007977318,-0.05235987755982989,-719.0,322.0,-402.0,1600,1600,1599,1599,0,0,0,0
1763969342.958353,0.0,0.0,32.47,154.92,-0.06262727826833725,0.21538445353507996,0.9744502305984497,-0.011583847925066948,-3.0916988849639893,-0.11734916269779205,2.7038886547088623,-0.002171978121623397,-0.0003792443312704563,-0.0003087795339524746,0.0,0.0,0.0,0.0,0.0,0.0,-0.59820565,0.6276256,10.267562550000001,0.05235987755982989,0.06981317007977318,-0.05235987755982989,-719.0,322.0,-402.0,1600,1600,1599,1599,0,0,0,0
1763969342.9917676,0.0,0.0,32.47,154.92,-0.06262727826833725,0.21538445353507996,0.9744502305984497,-0.011583847925066948,-3.0917389392852783,-0.11730937659740448,2.703911781311035,-0.0009039486758410931,-0.000284343957901001,0.0002420803066343069,0.0,0.0,0.0,0.0,0.0,0.0,-0.59820565,0.6276256,10.267562550000001,0.05235987755982989,0.06981317007977318,-0.05235987755982989,-719.0,322.0,-402.0,1600,1600,1599,1599,0,0,0,0
1763969343.0251682,0.0,0.0,32.47,154.92,-0.06260345131158829,0.21537524461746216,0.9744539260864258,-0.01156932208687067,-3.0917389392852783,-0.11730937659740448,2.703911781311035,-0.0009039486758410931,-0.000284343957901001,0.0002420803066343069,0.0,0.0,0.0,0.0,0.0,0.0,-0.59820565,0.6276256,10.267562550000001,0.05235987755982989,0.06981317007977318,-0.05235987755982989,-719.0,322.0,-402.0,1600,1600,1599,1599,0,0,0,0
1763969343.0585685,0.0,0.0,32.47,154.92,-0.06260345131158829,0.21537524461746216,0.9744539260864258,-0.01156932208687067,-3.0917389392852783,-0.11730937659740448,2.703911781311035,-0.0009039486758410931,-0.000284343957901001,0.0002420803066343069,0.0,0.0,0.0,0.0,0.0,0.0,-0.59820565,0.6276256,10.267562550000001,0.05235987755982989,0.06981317007977318,-0.05235987755982989,-719.0,322.0,-402.0,1600,1600,1599,1599,0,0,0,0
1763969343.091964,0.0,0.0,32.47,154.92,-0.06260345131158829,0.21537524461746216,0.9744539260864258,-0.01156932208687067,-3.0917389392852783,-0.11730937659740448,2.703911781311035,-0.0009039486758410931,-0.000284343957901001,0.0002420803066343069,0.0,0.0,0.0,0.0,0.0,0.0,-0.59820565,0.6276256,10.267562550000001,0.05235987755982989,0.06981317007977318,-0.05235987755982989,-719.0,322.0,-402.0,1600,1600,1599,1599,0,0,0,0
1763969343.125358,0.0,0.0,32.47,154.92,-0.06260345131158829,0.21537524461746216,0.9744539260864258,-0.01156932208687067,-3.0917389392852783,-0.11730937659740448,2.703911781311035,-0.0009039486758410931,-0.000284343957901001,0.0002420803066343069,0.0,0.0,0.0,0.0,0.0,0.0,-0.59820565,0.6276256,10.267562550000001,0.05235987755982989,0.06981317007977318,-0.05235987755982989,-719.0,322.0,-402.0,1600,1600,1599,1599,0,0,0,0
1763969343.1587656,0.0,0.0,32.47,154.92,-0.06260345131158829,0.21537524461746216,0.9744539260864258,-0.01156932208687067,-3.0917389392852783,-0.11730937659740448,2.703911781311035,-0.0009039486758410931,-0.000284343957901001,0.0002420803066343069,0.0,0.0,0.0,0.0,0.0,0.0,-0.5687857000000001,0.6080123,10.2577559,0.06981317007977318,0.06981317007977318,-0.03490658503988659,-719.0,322.0,-402.0,1600,1600,1599,1599,0,0,0,0
1763969343.1921594,0.0,0.0,32.47,154.92,-0.06260345131158829,0.21537524461746216,0.9744539260864258,-0.01156932208687067,-3.0917434692382812,-0.11729299277067184,2.703914165496826,0.0010654549114406109,-0.0002371249720454216,-0.0008564398158341646,0.0,0.0,0.0,0.0,0.0,0.0,-0.5687857000000001,0.6080123,10.2577559,0.06981317007977318,0.06981317007977318,-0.03490658503988659,-719.0,322.0,-402.0,1600,1600,1599,1599,0,0,0,0
1763969343.2255545,0.0,0.0,32.47,154.92,-0.06259497255086899,0.21537448465824127,0.9744546413421631,-0.01156897284090519,-3.0917434692382812,-0.11729299277067184,2.703914165496826,0.0010654549114406109,-0.0002371249720454216,-0.0008564398158341646,0.0,0.0,0.0,0.0,0.0,0.0,-0.5687857000000001,0.6080123,10.2577559,0.06981317007977318,0.06981317007977318,-0.03490658503988659,-719.0,322.0,-402.0,1600,1600,1599,1599,0,0,0,0
1763969343.2589457,0.0,0.0,32.47,154.92,-0.06259497255086899,0.21537448465824127,0.9744546413421631,-0.01156897284090519,-3.0917434692382812,-0.11729299277067184,2.703914165496826,0.0010654549114406109,-0.0002371249720454216,-0.0008564398158341646,0.0,0.0,0.0,0.0,0.0,0.0,-0.5687857000000001,0.6080123,10.2577559,0.06981317007977318,0.06981317007977318,-0.03490658503988659,-719.0,322.0,-402.0,1600,1600,1599,1599,0,0,0,0
1763969343.2923467,0.0,0.0,32.47,154.92,-0.06259497255086899,0.21537448465824127,0.9744546413421631,-0.01156897284090519,-3.0917434692382812,-0.11729299277067184,2.703914165496826,0.0010654549114406109,-0.0002371249720454216,-0.0008564398158341646,0.0,0.0,0.0,0.0,0.0,0.0,-0.5687857000000001,0.6080123,10.2577559,0.06981317007977318,0.06981317007977318,-0.03490658503988659,-719.0,322.0,-402.0,1600,1600,1599,1599,0,0,0,0
1763969343.3257422,0.0,0.0,32.47,154.92,-0.06259497255086899,0.21537448465824127,0.9744546413421631,-0.01156897284090519,-3.0917434692382812,-0.11729299277067184,2.703914165496826,0.0010654549114406109,-0.0002371249720454216,-0.0008564398158341646,0.0,0.0,0.0,0.0,0.0,0.0,-0.5687857000000001,0.6080123,10.2577559,0.06981317007977318,0.06981317007977318,-0.03490658503988659,-719.0,322.0,-402.0,1600,1600,1599,1599,0,0,0,0
1763969343.3591332,0.0,0.0,32.47,154.92,-0.06259497255086899,0.21537448465824127,0.9744546413421631,-0.01156897284090519,-3.0917434692382812,-0.11729299277067184,2.703914165496826,0.0010654549114406109,-0.0002371249720454216,-0.0008564398158341646,0.0,0.0,0.0,0.0,0.0,0.0,-0.5295591,0.59820565,10.2577559,0.10471975511965978,0.06981317007977318,-0.05235987755982989,-713.0,321.0,-402.0,1600,1600,1599,1599,0,0,0,0
1763969343.3925242,0.0,0.0,32.47,154.92,-0.06259497255086899,0.21537448465824127,0.9744546413421631,-0.01156897284090519,-3.0917367935180664,-0.117279052734375,2.7039666175842285,-0.0010239980183541775,-0.0005813227035105228,-0.0011813684832304716,0.0,0.0,0.0,0.0,0.0,0.0,-0.5295591,0.59820565,10.2577559,0.10471975511965978,0.06981317007977318,-0.05235987755982989,-713.0,321.0,-402.0,1600,1600,1599,1599,0,0,0,0
1763969343.4259207,0.0,0.0,32.47,154.92,-0.06258860230445862,0.2153489887714386,0.9744606018066406,-0.011575412936508656,-3.0917367935180664,-0.117279052734375,2.7039666175842285,-0.0010239980183541775,-0.0005813227035105228,-0.0011813684832304716,0.0,0.0,0.0,0.0,0.0,0.0,-0.5295591,0.59820565,10.2577559,0.10471975511965978,0.06981317007977318,-0.05235987755982989,-713.0,321.0,-402.0,1600,1600,1599,1599,0,0,0,0
1763969343.459313,0.0,0.0,32.43,154.92,-0.06258860230445862,0.2153489887714386,0.9744606018066406,-0.011575412936508656,-3.0917367935180664,-0.117279052734375,2.7039666175842285,-0.0010239980183541775,-0.0005813227035105228,-0.0011813684832304716,0.0,0.0,0.0,0.0,0.0,0.0,-0.5295591,0.59820565,10.2577559,0.10471975511965978,0.06981317007977318,-0.05235987755982989,-713.0,321.0,-402.0,1600,1600,1599,1599,0,0,0,0
1763969343.4927063,0.0,0.0,32.43,154.92,-0.06258860230445862,0.2153489887714386,0.9744606018066406,-0.011575412936508656,-3.0917367935180664,-0.117279052734375,2.7039666175842285,-0.0010239980183541775,-0.0005813227035105228,-0.0011813684832304716,0.0,0.0,0.0,0.0,0.0,0.0,-0.5295591,0.59820565,10.2577559,0.10471975511965978,0.06981317007977318,-0.05235987755982989,-713.0,321.0,-402.0,1600,1600,1599,1599,0,0,0,0
1763969343.5260985,0.0,0.0,32.43,154.92,-0.06258860230445862,0.2153489887714386,0.9744606018066406,-0.011575412936508656,-3.0917367935180664,-0.117279052734375,2.7039666175842285,-0.0010239980183541775,-0.0005813227035105228,-0.0011813684832304716,0.0,0.0,0.0,0.0,0.0,0.0,-0.5295591,0.59820565,10.2577559,0.10471975511965978,0.06981317007977318,-0.05235987755982989,-713.0,321.0,-402.0,1600,1600,1599,1599,0,0,0,0
1763969343.5595007,0.0,0.0,32.43,154.92,-0.06258860230445862,0.2153489887714386,0.9744606018066406,-0.011575412936508656,-3.0917367935180664,-0.117279052734375,2.7039666175842285,-0.0010239980183541775,-0.0005813227035105228,-0.0011813684832304716,0.0,0.0,0.0,0.0,0.0,0.0,-0.57859235,0.61781895,10.2577559,0.06981317007977318,0.05235987755982989,-0.06981317007977318,-715.0,320.0,-405.0,1600,1600,1599,1599,0,0,0,0
1763969343.5928936,0.0,0.0,32.43,154.92,-0.06258860230445862,0.2153489887714386,0.9744606018066406,-0.011575412936508656,-3.0917418003082275,-0.11727440357208252,2.703946113586426,-0.0007890481501817703,8.769147098064423e-05,0.0011291508562862873,0.0,0.0,0.0,0.0,0.0,0.0,-0.57859235,0.61781895,10.2577559,0.06981317007977318,0.05235987755982989,-0.06981317007977318,-715.0,320.0,-405.0,1600,1600,1599,1599,0,0,0,0
1763969343.6262865,0.0,0.0,32.43,154.92,-0.06258860230445862,0.2153489887714386,0.9744606018066406,-0.011575412936508656,-3.0917418003082275,-0.11727440357208252,2.703946113586426,-0.0007890481501817703,8.769147098064423e-05,0.0011291508562862873,0.0,0.0,0.0,0.0,0.0,0.0,-0.57859235,0.61781895,10.2577559,0.06981317007977318,0.05235987755982989,-0.06981317007977318,-715.0,320.0,-405.0,1600,1600,1599,1599,0,0,0,0
1763969343.6596792,0.0,0.0,32.43,154.92,-0.06258860230445862,0.2153489887714386,0.9744606018066406,-0.011575412936508656,-3.0917418003082275,-0.11727440357208252,2.703946113586426,-0.0007890481501817703,8.769147098064423e-05,0.0011291508562862873,0.0,0.0,0.0,0.0,0.0,0.0,-0.57859235,0.61781895,10.2577559,0.06981317007977318,0.05235987755982989,-0.06981317007977318,-715.0,320.0,-405.0,1600,1600,1599,1599,0,0,0,0
1763969343.693072,0.0,0.0,32.43,154.92,-0.06258860230445862,0.2153489887714386,0.9744606018066406,-0.011575412936508656,-3.0917418003082275,-0.11727440357208252,2.703946113586426,-0.0007890481501817703,8.769147098064423e-05,0.0011291508562862873,0.0,0.0,0.0,0.0,0.0,0.0,-0.57859235,0.61781895,10.2577559,0.06981317007977318,0.05235987755982989,-0.06981317007977318,-715.0,320.0,-405.0,1600,1600,1599,1599,0,0,0,0
1763969343.7264643,0.0,0.0,32.43,154.92,-0.06258860230445862,0.2153489887714386,0.9744606018066406,-0.011575412936508656,-3.0917422771453857,-0.11727171391248703,2.703932285308838,0.0008011786267161369,-8.79061408340931e-05,-0.00016437144950032234,0.0,0.0,0.0,0.0,0.0,0.0,-0.57859235,0.61781895,10.2577559,0.06981317007977318,0.05235987755982989,-0.06981317007977318,-715.0,320.0,-405.0,1600,1600,1599,1599,0,0,0,0
1763969343.7598555,0.0,0.0,32.43,154.92,-0.06258464604616165,0.2153659611940384,0.9744572043418884,-0.011572504416108131,-3.0917422771453857,-0.11727171391248703,2.703932285308838,0.0008011786267161369,-8.79061408340931e-05,-0.00016437144950032234,0.0,0.0,0.0,0.0,0.0,0.0,-0.57859235,0.61781895,10.2577559,0.06981317007977318,0.05235987755982989,-0.06981317007977318,-715.0,320.0,-405.0,1600,1600,1599,1599,0,0,0,0
1763969343.7932556,0.0,0.0,32.43,154.92,-0.06258464604616165,0.2153659611940384,0.9744572043418884,-0.011572504416108131,-3.0917422771453857,-0.11727171391248703,2.703932285308838,0.0008011786267161369,-8.79061408340931e-05,-0.00016437144950032234,0.0,0.0,0.0,0.0,0.0,0.0,-0.57859235,0.61781895,10.2577559,0.06981317007977318,0.05235987755982989,-0.06981317007977318,-715.0,320.0,-405.0,1600,1600,1599,1599,0,0,0,0
1763969343.8266518,0.0,0.0,32.43,154.92,-0.06258464604616165,0.2153659611940384,0.9744572043418884,-0.011572504416108131,-3.0917422771453857,-0.11727171391248703,2.703932285308838,0.0008011786267161369,-8.79061408340931e-05,-0.00016437144950032234,0.0,0.0,0.0,0.0,0.0,0.0,-0.57859235,0.61781895,10.2577559,0.06981317007977318,0.05235987755982989,-0.06981317007977318,-715.0,320.0,-405.0,1600,1600,1599,1599,0,0,0,0
1763969343.8600476,0.0,0.0,32.43,154.92,-0.06258464604616165,0.2153659611940384,0.9744572043418884,-0.011572504416108131,-3.0917422771453857,-0.11727171391248703,2.703932285308838,0.0008011786267161369,-8.79061408340931e-05,-0.00016437144950032234,0.0,0.0,0.0,0.0,0.0,0.0,-0.53936575,0.59820565,10.2577559,0.10471975511965978,0.06981317007977318,-0.05235987755982989,-715.0,320.0,-405.0,1600,1600,1599,1599,0,0,0,0
1763969343.893447,0.0,0.0,32.43,154.92,-0.06258464604616165,0.2153659611940384,0.9744572043418884,-0.011572504416108131,-3.0917422771453857,-0.11727171391248703,2.703932285308838,0.0008011786267161369,-8.79061408340931e-05,-0.00016437144950032234,0.0,0.0,0.0,0.0,0.0,0.0,-0.53936575,0.59820565,10.2577559,0.10471975511965978,0.06981317007977318,-0.05235987755982989,-715.0,320.0,-405.0,1600,1600,1599,1599,0,0,0,0
1763969343.9268515,0.0,0.0,32.43,154.92,-0.06258464604616165,0.2153659611940384,0.9744572043418884,-0.011572504416108131,-3.0917422771453857,-0.11727171391248703,2.703932285308838,0.0008011786267161369,-8.79061408340931e-05,-0.00016437144950032234,0.0,0.0,0.0,0.0,0.0,0.0,-0.5687857000000001,0.6080123,10.2577559,0.08726646259971647,0.06981317007977318,-0.03490658503988659,-723.0,319.0,-404.0,1600,1600,1599,1599,0,0,0,0
1763969343.9602575,0.0,0.0,32.43,154.92,-0.06259609758853912,0.21537341177463531,0.9744546413421631,-0.011585993692278862,-3.0917422771453857,-0.11727171391248703,2.703932285308838,0.0008011786267161369,-8.79061408340931e-05,-0.00016437144950032234,0.0,0.0,0.0,0.0,0.0,0.0,-0.5687857000000001,0.6080123,10.2577559,0.08726646259971647,0.06981317007977318,-0.03490658503988659,-723.0,319.0,-404.0,1600,1600,1599,1599,0,0,0,0
1763969343.993667,0.0,0.0,32.52,154.92,-0.06259609758853912,0.21537341177463531,0.9744546413421631,-0.011585993692278862,-3.0917422771453857,-0.11727171391248703,2.703932285308838,0.0008011786267161369,-8.79061408340931e-05,-0.00016437144950032234,0.0,0.0,0.0,0.0,0.0,0.0,-0.5687857000000001,0.6080123,10.2577559,0.08726646259971647,0.06981317007977318,-0.03490658503988659,-723.0,319.0,-404.0,1600,1600,1599,1599,0,0,0,0
1763969344.0270662,0.0,0.0,32.52,154.92,-0.06259609758853912,0.21537341177463531,0.9744546413421631,-0.011585993692278862,-3.0916836261749268,-0.11731544137001038,2.7039260864257812,0.00012936582788825035,0.0012397505342960358,-0.00022303801961243153,0.0,0.0,0.0,0.0,0.0,0.0,-0.5687857000000001,0.6080123,10.2577559,0.08726646259971647,0.06981317007977318,-0.03490658503988659,-723.0,319.0,-404.0,1600,1600,1599,1599,0,0,0,0
1763969344.0604672,0.0,0.0,32.52,154.92,-0.06261228770017624,0.2153664529323578,0.9744549989700317,-0.011596135795116425,-3.0916836261749268,-0.11731544137001038,2.7039260864257812,0.00012936582788825035,0.0012397505342960358,-0.00022303801961243153,0.0,0.0,0.0,0.0,0.0,0.0,-0.5687857000000001,0.6080123,10.2577559,0.08726646259971647,0.06981317007977318,-0.03490658503988659,-723.0,319.0,-404.0,1600,1600,1599,1599,0,0,0,0
1763969344.093865,0.0,0.0,32.52,154.92,-0.06261228770017624,0.2153664529323578,0.9744549989700317,-0.011596135795116425,-3.0916836261749268,-0.11731544137001038,2.7039260864257812,0.00012936582788825035,0.0012397505342960358,-0.00022303801961243153,0.0,0.0,0.0,0.0,0.0,0.0,-0.5687857000000001,0.6080123,10.2577559,0.08726646259971647,0.06981317007977318,-0.03490658503988659,-723.0,319.0,-404.0,1600,1600,1599,1599,0,0,0,0
1763969344.1272602,0.0,0.0,32.52,154.92,-0.06261228770017624,0.2153664529323578,0.9744549989700317,-0.011596135795116425,-3.0916836261749268,-0.11731544137001038,2.7039260864257812,0.00012936582788825035,0.0012397505342960358,-0.00022303801961243153,0.0,0.0,0.0,0.0,0.0,0.0,-0.5687857000000001,0.6080123,10.2577559,0.08726646259971647,0.06981317007977318,-0.03490658503988659,-723.0,319.0,-404.0,1600,1600,1599,1599,0,0,0,0
1763969344.1606717,0.0,0.0,32.52,154.92,-0.06261228770017624,0.2153664529323578,0.9744549989700317,-0.011596135795116425,-3.0916836261749268,-0.11731544137001038,2.7039260864257812,0.00012936582788825035,0.0012397505342960358,-0.00022303801961243153,0.0,0.0,0.0,0.0,0.0,0.0,-0.57859235,0.6276256,10.2577559,0.08726646259971647,0.08726646259971647,-0.05235987755982989,-723.0,319.0,-404.0,1600,1600,1599,1599,0,0,0,0
1763969344.1940677,0.0,0.0,32.52,154.92,-0.06261228770017624,0.2153664529323578,0.9744549989700317,-0.011596135795116425,-3.0916645526885986,-0.11735362559556961,2.703993797302246,0.0001539359800517559,-0.00035249628126621246,0.0009416742250323296,0.0,0.0,0.0,0.0,0.0,0.0,-0.57859235,0.6276256,10.2577559,0.08726646259971647,0.08726646259971647,-0.05235987755982989,-723.0,319.0,-404.0,1600,1600,1599,1599,0,0,0,0
1763969344.2274652,0.0,0.0,32.52,154.92,-0.06261228770017624,0.2153664529323578,0.9744549989700317,-0.011596135795116425,-3.0916645526885986,-0.11735362559556961,2.703993797302246,0.0001539359800517559,-0.00035249628126621246,0.0009416742250323296,0.0,0.0,0.0,0.0,0.0,0.0,-0.57859235,0.6276256,10.2577559,0.08726646259971647,0.08726646259971647,-0.05235987755982989,-723.0,319.0,-404.0,1600,1600,1599,1599,0,0,0,0
1763969344.2608619,0.0,0.0,32.52,154.92,-0.06261228770017624,0.2153664529323578,0.9744549989700317,-0.011596135795116425,-3.0916645526885986,-0.11735362559556961,2.703993797302246,0.0001539359800517559,-0.00035249628126621246,0.0009416742250323296,0.0,0.0,0.0,0.0,0.0,0.0,-0.57859235,0.61781895,10.2577559,0.08726646259971647,0.06981317007977318,-0.03490658503988659,-719.0,317.0,-398.0,1600,1600,1599,1599,0,0,0,0
1763969344.2942722,0.0,0.0,32.52,154.92,-0.06263252347707748,0.21533215045928955,0.9744611382484436,-0.011603308841586113,-3.0916645526885986,-0.11735362559556961,2.703993797302246,0.0001539359800517559,-0.00035249628126621246,0.0009416742250323296,0.0,0.0,0.0,0.0,0.0,0.0,-0.57859235,0.61781895,10.2577559,0.08726646259971647,0.06981317007977318,-0.03490658503988659,-719.0,317.0,-398.0,1600,1600,1599,1599,0,0,0,0
1763969344.3276927,0.0,0.0,32.44,154.92,-0.06263252347707748,0.21533215045928955,0.9744611382484436,-0.011603308841586113,-3.0916645526885986,-0.11735362559556961,2.703993797302246,0.0001539359800517559,-0.00035249628126621246,0.0009416742250323296,0.0,0.0,0.0,0.0,0.0,0.0,-0.57859235,0.61781895,10.2577559,0.08726646259971647,0.06981317007977318,-0.03490658503988659,-719.0,317.0,-398.0,1600,1600,1599,1599,0,0,0,0
1763969344.361095,0.0,0.0,32.44,154.92,-0.06263252347707748,0.21533215045928955,0.9744611382484436,-0.011603308841586113,-3.0916600227355957,-0.1173539012670517,2.7040176391601562,0.0011367485858500004,0.0016952026635408401,-0.0010221663396805525,0.0,0.0,0.0,0.0,0.0,0.0,-0.57859235,0.61781895,10.2577559,0.08726646259971647,0.06981317007977318,-0.03490658503988659,-719.0,317.0,-398.0,1600,1600,1599,1599,0,0,0,0
1763969344.3944907,0.0,0.0,32.44,154.92,-0.06263301521539688,0.21532033383846283,0.974463701248169,-0.011606289073824883,-3.0916600227355957,-0.1173539012670517,2.7040176391601562,0.0011367485858500004,0.0016952026635408401,-0.0010221663396805525,0.0,0.0,0.0,0.0,0.0,0.0,-0.57859235,0.61781895,10.2577559,0.08726646259971647,0.06981317007977318,-0.03490658503988659,-719.0,317.0,-398.0,1600,1600,1599,1599,0,0,0,0
1763969344.427889,0.0,0.0,32.38,154.92,-0.06263301521539688,0.21532033383846283,0.974463701248169,-0.011606289073824883,-3.0916600227355957,-0.1173539012670517,2.7040176391601562,0.0011367485858500004,0.0016952026635408401,-0.0010221663396805525,0.0,0.0,0.0,0.0,0.0,0.0,-0.57859235,0.61781895,10.2577559,0.08726646259971647,0.06981317007977318,-0.03490658503988659,-719.0,317.0,-398.0,1600,1600,1599,1599,0,0,0,0
1763969344.4612966,0.0,0.0,32.38,154.92,-0.06263301521539688,0.21532033383846283,0.974463701248169,-0.011606289073824883,-3.0916600227355957,-0.1173539012670517,2.7040176391601562,0.0011367485858500004,0.0016952026635408401,-0.0010221663396805525,0.0,0.0,0.0,0.0,0.0,0.0,-0.57859235,0.61781895,10.2577559,0.08726646259971647,0.06981317007977318,-0.03490658503988659,-719.0,317.0,-398.0,1600,1600,1599,1599,0,0,0,0
1763969344.4947162,0.0,0.0,32.38,154.92,-0.06263301521539688,0.21532033383846283,0.974463701248169,-0.011606289073824883,-3.0916600227355957,-0.1173539012670517,2.7040176391601562,0.0011367485858500004,0.0016952026635408401,-0.0010221663396805525,0.0,0.0,0.0,0.0,0.0,0.0,-0.57859235,0.61781895,10.2577559,0.10471975511965978,0.10471975511965978,-0.06981317007977318,-719.0,317.0,-398.0,1600,1600,1599,1599,0,0,0,0
1763969344.5280917,0.0,0.0,32.38,154.92,-0.06263301521539688,0.21532033383846283,0.974463701248169,-0.011606289073824883,-3.0916788578033447,-0.11736961454153061,2.704033374786377,-7.470324635505676e-05,0.00011962931603193283,-0.0009393326472491026,0.0,0.0,0.0,0.0,0.0,0.0,-0.57859235,0.61781895,10.2577559,0.10471975511965978,0.10471975511965978,-0.06981317007977318,-719.0,317.0,-398.0,1600,1600,1599,1599,0,0,0,0
1763969344.561503,0.0,0.0,32.38,154.92,-0.06263301521539688,0.21532033383846283,0.974463701248169,-0.011606289073824883,-3.0916788578033447,-0.11736961454153061,2.704033374786377,-7.470324635505676e-05,0.00011962931603193283,-0.0009393326472491026,0.0,0.0,0.0,0.0,0.0,0.0,-0.57859235,0.61781895,10.2577559,0.10471975511965978,0.10471975511965978,-0.06981317007977318,-719.0,317.0,-398.0,1600,1600,1599,1599,0,0,0,0
1763969344.5949829,0.0,0.0,32.38,154.92,-0.06263301521539688,0.21532033383846283,0.974463701248169,-0.011606289073824883,-3.0916788578033447,-0.11736961454153061,2.704033374786377,-7.470324635505676e-05,0.00011962931603193283,-0.0009393326472491026,0.0,0.0,0.0,0.0,0.0,0.0,-0.55897905,0.6080123,10.2577559,0.08726646259971647,0.06981317007977318,-0.06981317007977318,-719.0,317.0,-398.0,1600,1600,1599,1599,0,0,0,0
1763969344.6283832,0.0,0.0,32.38,154.92,-0.0626385435461998,0.21531295776367188,0.9744651317596436,-0.01159588247537613,-3.0916788578033447,-0.11736961454153061,2.704033374786377,-7.470324635505676e-05,0.00011962931603193283,-0.0009393326472491026,0.0,0.0,0.0,0.0,0.0,0.0,-0.55897905,0.6080123,10.2577559,0.08726646259971647,0.06981317007977318,-0.06981317007977318,-719.0,317.0,-398.0,1600,1600,1599,1599,0,0,0,0
1763969344.6617846,0.0,0.0,32.38,154.92,-0.0626385435461998,0.21531295776367188,0.9744651317596436,-0.01159588247537613,-3.0916788578033447,-0.11736961454153061,2.704033374786377,-7.470324635505676e-05,0.00011962931603193283,-0.0009393326472491026,0.0,0.0,0.0,0.0,0.0,0.0,-0.55897905,0.6080123,10.2577559,0.08726646259971647,0.06981317007977318,-0.06981317007977318,-719.0,317.0,-398.0,1600,1600,1599,1599,0,0,0,0
1763969344.6951864,0.0,0.0,32.38,154.92,-0.0626385435461998,0.21531295776367188,0.9744651317596436,-0.01159588247537613,-3.0916829109191895,-0.11734793335199356,2.7040257453918457,-0.00016231974586844444,-0.00016033882275223732,-0.00038994266651570797,0.0,0.0,0.0,0.0,0.0,0.0,-0.55897905,0.6080123,10.2577559,0.08726646259971647,0.06981317007977318,-0.06981317007977318,-719.0,317.0,-398.0,1600,1600,1599,1599,0,0,0,0
1763969344.7285848,0.0,0.0,32.38,154.92,-0.06262760609388351,0.21531715989112854,0.9744649529457092,-0.01159604825079441,-3.0916829109191895,-0.11734793335199356,2.7040257453918457,-0.00016231974586844444,-0.00016033882275223732,-0.00038994266651570797,0.0,0.0,0.0,0.0,0.0,0.0,-0.55897905,0.6080123,10.2577559,0.08726646259971647,0.06981317007977318,-0.06981317007977318,-719.0,317.0,-398.0,1600,1600,1599,1599,0,0,0,0
1763969344.7619855,0.0,0.0,32.38,154.92,-0.06262760609388351,0.21531715989112854,0.9744649529457092,-0.01159604825079441,-3.0916829109191895,-0.11734793335199356,2.7040257453918457,-0.00016231974586844444,-0.00016033882275223732,-0.00038994266651570797,0.0,0.0,0.0,0.0,0.0,0.0,-0.55897905,0.6080123,10.2577559,0.08726646259971647,0.06981317007977318,-0.06981317007977318,-719.0,317.0,-398.0,1600,1600,1599,1599,0,0,0,0
1763969344.7953851,0.0,0.0,32.38,154.92,-0.06262760609388351,0.21531715989112854,0.9744649529457092,-0.01159604825079441,-3.0916829109191895,-0.11734793335199356,2.7040257453918457,-0.00016231974586844444,-0.00016033882275223732,-0.00038994266651570797,0.0,0.0,0.0,0.0,0.0,0.0,-0.55897905,0.6080123,10.2577559,0.08726646259971647,0.06981317007977318,-0.06981317007977318,-719.0,317.0,-398.0,1600,1600,1599,1599,0,0,0,0
1763969344.8287833,0.0,0.0,32.38,154.92,-0.06262760609388351,0.21531715989112854,0.9744649529457092,-0.01159604825079441,-3.0916829109191895,-0.11734793335199356,2.7040257453918457,-0.00016231974586844444,-0.00016033882275223732,-0.00038994266651570797,0.0,0.0,0.0,0.0,0.0,0.0,-0.5687857000000001,0.61781895,10.2577559,0.08726646259971647,0.06981317007977318,-0.05235987755982989,-719.0,317.0,-398.0,1600,1600,1599,1599,0,0,0,0
1763969344.8621979,0.0,0.0,32.38,154.92,-0.06262760609388351,0.21531715989112854,0.9744649529457092,-0.01159604825079441,-3.09169340133667,-0.11732743680477142,2.7039976119995117,-2.4178065359592438e-05,-0.0011782946530729532,0.0009973389096558094,0.0,0.0,0.0,0.0,0.0,0.0,-0.5687857000000001,0.61781895,10.2577559,0.08726646259971647,0.06981317007977318,-0.05235987755982989,-719.0,317.0,-398.0,1600,1600,1599,1599,0,0,0,0
1763969344.8956096,0.0,0.0,32.38,154.92,-0.06261664628982544,0.21533165872097015,0.9744624495506287,-0.011592217721045017,-3.09169340133667,-0.11732743680477142,2.7039976119995117,-2.4178065359592438e-05,-0.0011782946530729532,0.0009973389096558094,0.0,0.0,0.0,0.0,0.0,0.0,-0.5687857000000001,0.61781895,10.2577559,0.08726646259971647,0.06981317007977318,-0.05235987755982989,-719.0,317.0,-398.0,1600,1600,1599,1599,0,0,0,0
1763969344.9290063,0.0,0.0,32.54,154.92,-0.06261664628982544,0.21533165872097015,0.9744624495506287,-0.011592217721045017,-3.09169340133667,-0.11732743680477142,2.7039976119995117,-2.4178065359592438e-05,-0.0011782946530729532,0.0009973389096558094,0.0,0.0,0.0,0.0,0.0,0.0,-0.5687857000000001,0.61781895,10.2577559,0.08726646259971647,0.06981317007977318,-0.05235987755982989,-719.0,317.0,-398.0,1600,1600,1599,1599,0,0,0,0
1763969344.9624052,0.0,0.0,32.54,154.92,-0.06261664628982544,0.21533165872097015,0.9744624495506287,-0.011592217721045017,-3.09169340133667,-0.11732743680477142,2.7039976119995117,-2.4178065359592438e-05,-0.0011782946530729532,0.0009973389096558094,0.0,0.0,0.0,0.0,0.0,0.0,-0.5687857000000001,0.61781895,10.2577559,0.08726646259971647,0.06981317007977318,-0.05235987755982989,-719.0,317.0,-398.0,1600,1600,1599,1599,0,0,0,0
1763969344.9958203,0.0,0.0,32.54,154.92,-0.06261664628982544,0.21533165872097015,0.9744624495506287,-0.011592217721045017,-3.09169340133667,-0.11732743680477142,2.7039976119995117,-2.4178065359592438e-05,-0.0011782946530729532,0.0009973389096558094,0.0,0.0,0.0,0.0,0.0,0.0,-0.5687857000000001,0.61781895,10.2577559,0.08726646259971647,0.06981317007977318,-0.05235987755982989,-719.0,317.0,-398.0,1600,1600,1599,1599,0,0,0,0
1763969345.0292313,0.0,0.0,32.54,154.92,-0.06261664628982544,0.21533165872097015,0.9744624495506287,-0.011592217721045017,-3.09169340133667,-0.11732743680477142,2.7039976119995117,-2.4178065359592438e-05,-0.0011782946530729532,0.0009973389096558094,0.0,0.0,0.0,0.0,0.0,0.0,-0.5687857000000001,0.61781895,10.2577559,0.08726646259971647,0.05235987755982989,-0.03490658503988659,-717.0,322.0,-405.0,1600,1600,1599,1599,0,0,0,0
1763969345.062635,0.0,0.0,32.54,154.92,-0.06261664628982544,0.21533165872097015,0.9744624495506287,-0.011592217721045017,-3.0916526317596436,-0.11723949760198593,2.703920364379883,0.0011139791458845139,0.0005847830325365067,0.0005905788857489824,0.0,0.0,0.0,0.0,0.0,0.0,-0.5687857000000001,0.61781895,10.2577559,0.08726646259971647,0.05235987755982989,-0.03490658503988659,-717.0,322.0,-405.0,1600,1600,1599,1599,0,0,0,0
1763969345.0960371,0.0,0.0,32.54,154.92,-0.06257866322994232,0.2153695970773697,0.9744561910629272,-0.011619278229773045,-3.0916526317596436,-0.11723949760198593,2.703920364379883,0.0011139791458845139,0.0005847830325365067,0.0005905788857489824,0.0,0.0,0.0,0.0,0.0,0.0,-0.5687857000000001,0.61781895,10.2577559,0.08726646259971647,0.05235987755982989,-0.03490658503988659,-717.0,322.0,-405.0,1600,1600,1599,1599,0,0,0,0
1763969345.1294386,0.0,0.0,32.54,154.92,-0.06257866322994232,0.2153695970773697,0.9744561910629272,-0.011619278229773045,-3.0916526317596436,-0.11723949760198593,2.703920364379883,0.0011139791458845139,0.0005847830325365067,0.0005905788857489824,0.0,0.0,0.0,0.0,0.0,0.0,-0.5687857000000001,0.61781895,10.2577559,0.08726646259971647,0.05235987755982989,-0.03490658503988659,-717.0,322.0,-405.0,1600,1600,1599,1599,0,0,0,0
1763969345.1629124,0.0,0.0,32.44,154.92,-0.06257866322994232,0.2153695970773697,0.9744561910629272,-0.011619278229773045,-3.0916526317596436,-0.11723949760198593,2.703920364379883,0.0011139791458845139,0.0005847830325365067,0.0005905788857489824,0.0,0.0,0.0,0.0,0.0,0.0,-0.5687857000000001,0.61781895,10.2577559,0.08726646259971647,0.05235987755982989,-0.03490658503988659,-717.0,322.0,-405.0,1600,1600,1599,1599,0,0,0,0
1763969345.1963181,0.0,0.0,32.44,154.92,-0.06257866322994232,0.2153695970773697,0.9744561910629272,-0.011619278229773045,-3.0916526317596436,-0.11723949760198593,2.703920364379883,0.0011139791458845139,0.0005847830325365067,0.0005905788857489824,0.0,0.0,0.0,0.0,0.0,0.0,-0.5687857000000001,0.6080123,10.24794925,0.10471975511965978,0.08726646259971647,-0.03490658503988659,-717.0,320.0,-401.0,1600,1600,1599,1599,0,0,0,0
1763969345.2297237,0.0,0.0,32.44,154.92,-0.06257866322994232,0.2153695970773697,0.9744561910629272,-0.011619278229773045,-3.0916337966918945,-0.11726326495409012,2.7039248943328857,-0.0003816969692707062,0.0003874069079756737,-0.0005552337970584631,0.0,0.0,0.0,0.0,0.0,0.0,-0.5687857000000001,0.6080123,10.24794925,0.10471975511965978,0.08726646259971647,-0.03490658503988659,-717.0,320.0,-401.0,1600,1600,1599,1599,0,0,0,0
1763969345.2631216,0.0,0.0,32.44,154.92,-0.06257866322994232,0.2153695970773697,0.9744561910629272,-0.011619278229773045,-3.0916337966918945,-0.11726326495409012,2.7039248943328857,-0.0003816969692707062,0.0003874069079756737,-0.0005552337970584631,0.0,0.0,0.0,0.0,0.0,0.0,-0.5687857000000001,0.6080123,10.24794925,0.10471975511965978,0.08726646259971647,-0.03490658503988659,-717.0,320.0,-401.0,1600,1600,1599,1599,0,0,0,0
1763969345.2965174,0.0,0.0,32.44,154.92,-0.06259223818778992,0.21536637842655182,0.9744558334350586,-0.011626052670180798,-3.0916337966918945,-0.11726326495409012,2.7039248943328857,-0.0003816969692707062,0.0003874069079756737,-0.0005552337970584631,0.0,0.0,0.0,0.0,0.0,0.0,-0.5687857000000001,0.6080123,10.24794925,0.10471975511965978,0.08726646259971647,-0.03490658503988659,-717.0,320.0,-401.0,1600,1600,1599,1599,0,0,0,0
1763969345.3299146,0.0,0.0,32.44,154.92,-0.06259223818778992,0.21536637842655182,0.9744558334350586,-0.011626052670180798,-3.0916337966918945,-0.11726326495409012,2.7039248943328857,-0.0003816969692707062,0.0003874069079756737,-0.0005552337970584631,0.0,0.0,0.0,0.0,0.0,0.0,-0.5687857000000001,0.6080123,10.24794925,0.10471975511965978,0.08726646259971647,-0.03490658503988659,-717.0,320.0,-401.0,1600,1600,1599,1599,0,0,0,0
1763969345.3633158,0.0,0.0,32.44,154.92,-0.06259223818778992,0.21536637842655182,0.9744558334350586,-0.011626052670180798,-3.0916337966918945,-0.11726326495409012,2.7039248943328857,-0.0003816969692707062,0.0003874069079756737,-0.0005552337970584631,0.0,0.0,0.0,0.0,0.0,0.0,-0.55897905,0.61781895,10.2577559,0.08726646259971647,0.06981317007977318,-0.05235987755982989,-717.0,320.0,-401.0,1600,1600,1599,1599,0,0,0,0
1763969345.3967137,0.0,0.0,32.44,154.92,-0.06259223818778992,0.21536637842655182,0.9744558334350586,-0.011626052670180798,-3.0916330814361572,-0.1172683835029602,2.7039318084716797,0.000520793255418539,-0.00011802790686488152,-0.000950054032728076,0.0,0.0,0.0,0.0,0.0,0.0,-0.55897905,0.61781895,10.2577559,0.08726646259971647,0.06981317007977318,-0.05235987755982989,-717.0,320.0,-401.0,1600,1600,1599,1599,0,0,0,0
1763969345.4301107,0.0,0.0,32.44,154.92,-0.06259223818778992,0.21536637842655182,0.9744558334350586,-0.011626052670180798,-3.0916330814361572,-0.1172683835029602,2.7039318084716797,0.000520793255418539,-0.00011802790686488152,-0.000950054032728076,0.0,0.0,0.0,0.0,0.0,0.0,-0.55897905,0.61781895,10.2577559,0.08726646259971647,0.06981317007977318,-0.05235987755982989,-717.0,320.0,-401.0,1600,1600,1599,1599,0,0,0,0
1763969345.4635105,0.0,0.0,32.44,154.92,-0.06259223818778992,0.21536637842655182,0.9744558334350586,-0.011626052670180798,-3.0916330814361572,-0.1172683835029602,2.7039318084716797,0.000520793255418539,-0.00011802790686488152,-0.000950054032728076,0.0,0.0,0.0,0.0,0.0,0.0,-0.55897905,0.61781895,10.2577559,0.08726646259971647,0.06981317007977318,-0.05235987755982989,-717.0,320.0,-401.0,1600,1600,1599,1599,0,0,0,0
1763969345.496907,0.0,0.0,32.44,154.92,-0.06259223818778992,0.21536637842655182,0.9744558334350586,-0.011626052670180798,-3.0916330814361572,-0.1172683835029602,2.7039318084716797,0.000520793255418539,-0.00011802790686488152,-0.000950054032728076,0.0,0.0,0.0,0.0,0.0,0.0,-0.55897905,0.61781895,10.2577559,0.08726646259971647,0.06981317007977318,-0.05235987755982989,-717.0,320.0,-401.0,1600,1600,1599,1599,0,0,0,0
1763969345.530304,0.0,0.0,32.44,154.92,-0.06259223818778992,0.21536637842655182,0.9744558334350586,-0.011626052670180798,-3.0916085243225098,-0.11729732900857925,2.7039408683776855,-0.0012318659573793411,-0.0008083255961537361,0.0004569778684526682,0.0,0.0,0.0,0.0,0.0,0.0,-0.55897905,0.61781895,10.2577559,0.08726646259971647,0.06981317007977318,-0.05235987755982989,-717.0,320.0,-401.0,1600,1600,1599,1599,0,0,0,0
1763969345.5637023,0.0,0.0,32.44,154.92,-0.06261145323514938,0.21535718441009521,0.9744566082954407,-0.011635158210992813,-3.0916085243225098,-0.11729732900857925,2.7039408683776855,-0.0012318659573793411,-0.0008083255961537361,0.0004569778684526682,0.0,0.0,0.0,0.0,0.0,0.0,-0.55897905,0.61781895,10.2577559,0.08726646259971647,0.06981317007977318,-0.05235987755982989,-717.0,320.0,-401.0,1600,1600,1599,1599,0,0,0,0
1763969345.5971072,0.0,0.0,32.45,154.92,-0.06261145323514938,0.21535718441009521,0.9744566082954407,-0.011635158210992813,-3.0916085243225098,-0.11729732900857925,2.7039408683776855,-0.0012318659573793411,-0.0008083255961537361,0.0004569778684526682,0.0,0.0,0.0,0.0,0.0,0.0,-0.55897905,0.61781895,10.2577559,0.08726646259971647,0.06981317007977318,-0.05235987755982989,-717.0,320.0,-401.0,1600,1600,1599,1599,0,0,0,0
1763969345.630506,0.0,0.0,32.45,154.92,-0.06261145323514938,0.21535718441009521,0.9744566082954407,-0.011635158210992813,-3.0916316509246826,-0.11724749207496643,2.7039880752563477,-0.0013908464461565018,-0.0019648787565529346,0.0008698329329490662,0.0,0.0,0.0,0.0,0.0,0.0,-0.55897905,0.61781895,10.2577559,0.08726646259971647,0.06981317007977318,-0.05235987755982989,-717.0,320.0,-401.0,1600,1600,1599,1599,0,0,0,0
1763969345.6639063,0.0,0.0,32.45,154.92,-0.06258441507816315,0.21533574163913727,0.974463164806366,-0.011630792170763016,-3.0916316509246826,-0.11724749207496643,2.7039880752563477,-0.0013908464461565018,-0.0019648787565529346,0.0008698329329490662,0.0,0.0,0.0,0.0,0.0,0.0,-0.55897905,0.61781895,10.2577559,0.08726646259971647,0.06981317007977318,-0.05235987755982989,-717.0,320.0,-401.0,1600,1600,1599,1599,0,0,0,0
1763969345.6973035,0.0,0.0,32.45,154.92,-0.06258441507816315,0.21533574163913727,0.974463164806366,-0.011630792170763016,-3.0916316509246826,-0.11724749207496643,2.7039880752563477,-0.0013908464461565018,-0.0019648787565529346,0.0008698329329490662,0.0,0.0,0.0,0.0,0.0,0.0,-0.55897905,0.61781895,10.2577559,0.08726646259971647,0.06981317007977318,-0.05235987755982989,-717.0,320.0,-401.0,1600,1600,1599,1599,0,0,0,0
1763969345.7307005,0.0,0.0,32.45,154.92,-0.06258441507816315,0.21533574163913727,0.974463164806366,-0.011630792170763016,-3.0915842056274414,-0.11720914393663406,2.7039451599121094,0.0012818514369428158,0.0008371826261281967,-0.0002278229221701622,0.0,0.0,0.0,0.0,0.0,0.0,-0.55897905,0.61781895,10.2577559,0.08726646259971647,0.06981317007977318,-0.05235987755982989,-717.0,320.0,-401.0,1600,1600,1599,1599,0,0,0,0
1763969345.7640998,0.0,0.0,32.45,154.92,-0.06257109344005585,0.21535590291023254,0.9744592308998108,-0.011656709015369415,-3.0915842056274414,-0.11720914393663406,2.7039451599121094,0.0012818514369428158,0.0008371826261281967,-0.0002278229221701622,0.0,0.0,0.0,0.0,0.0,0.0,-0.55897905,0.61781895,10.2577559,0.08726646259971647,0.06981317007977318,-0.05235987755982989,-717.0,320.0,-401.0,1600,1600,1599,1599,0,0,0,0
1763969345.7975354,0.0,0.0,32.59,154.92,-0.06257109344005585,0.21535590291023254,0.9744592308998108,-0.011656709015369415,-3.0915842056274414,-0.11720914393663406,2.7039451599121094,0.0012818514369428158,0.0008371826261281967,-0.0002278229221701622,0.0,0.0,0.0,0.0,0.0,0.0,-0.55897905,0.61781895,10.2577559,0.08726646259971647,0.06981317007977318,-0.05235987755982989,-717.0,320.0,-401.0,1600,1600,1599,1599,0,0,0,0
1763969345.83096,0.0,0.0,32.59,154.92,-0.06257109344005585,0.21535590291023254,0.9744592308998108,-0.011656709015369415,-3.0915842056274414,-0.11720914393663406,2.7039451599121094,0.0012818514369428158,0.0008371826261281967,-0.0002278229221701622,0.0,0.0,0.0,0.0,0.0,0.0,-0.55897905,0.61781895,10.2577559,0.08726646259971647,0.06981317007977318,-0.05235987755982989,-717.0,320.0,-401.0,1600,1600,1599,1599,0,0,0,0
1763969345.8643577,0.0,0.0,32.59,154.92,-0.06257109344005585,0.21535590291023254,0.9744592308998108,-0.011656709015369415,-3.0915842056274414,-0.11720914393663406,2.7039451599121094,0.0012818514369428158,0.0008371826261281967,-0.0002278229221701622,0.0,0.0,0.0,0.0,0.0,0.0,-0.55897905,0.61781895,10.2577559,0.08726646259971647,0.06981317007977318,-0.05235987755982989,-717.0,320.0,-401.0,1600,1600,1599,1599,0,0,0,0
1763969345.8977532,0.0,0.0,32.59,154.92,-0.06257109344005585,0.21535590291023254,0.9744592308998108,-0.011656709015369415,-3.0915842056274414,-0.11720914393663406,2.7039451599121094,0.0012818514369428158,0.0008371826261281967,-0.0002278229221701622,0.0,0.0,0.0,0.0,0.0,0.0,-0.59820565,0.61781895,10.2577559,0.10471975511965978,0.08726646259971647,-0.05235987755982989,-717.0,319.0,-399.0,1600,1600,1599,1599,0,0,0,0
1763969345.9311507,0.0,0.0,32.59,154.92,-0.06257109344005585,0.21535590291023254,0.9744592308998108,-0.011656709015369415,-3.0915894508361816,-0.11722709983587265,2.7039546966552734,-0.0004981369711458683,-0.00032916245982050896,-0.0010292383376508951,0.0,0.0,0.0,0.0,0.0,0.0,-0.59820565,0.61781895,10.2577559,0.10471975511965978,0.08726646259971647,-0.05235987755982989,-717.0,319.0,-399.0,1600,1600,1599,1599,0,0,0,0
1763969345.9645524,0.0,0.0,32.59,154.92,-0.0625792145729065,0.21535111963748932,0.9744598865509033,-0.011652533896267414,-3.0915894508361816,-0.11722709983587265,2.7039546966552734,-0.0004981369711458683,-0.00032916245982050896,-0.0010292383376508951,0.0,0.0,0.0,0.0,0.0,0.0,-0.59820565,0.61781895,10.2577559,0.10471975511965978,0.08726646259971647,-0.05235987755982989,-717.0,319.0,-399.0,1600,1600,1599,1599,0,0,0,0
1763969345.998054,0.0,0.0,32.59,154.92,-0.0625792145729065,0.21535111963748932,0.9744598865509033,-0.011652533896267414,-3.0915894508361816,-0.11722709983587265,2.7039546966552734,-0.0004981369711458683,-0.00032916245982050896,-0.0010292383376508951,0.0,0.0,0.0,0.0,0.0,0.0,-0.59820565,0.61781895,10.2577559,0.10471975511965978,0.08726646259971647,-0.05235987755982989,-717.0,319.0,-399.0,1600,1600,1599,1599,0,0,0,0
1763969346.0314515,0.0,0.0,32.59,154.92,-0.0625792145729065,0.21535111963748932,0.9744598865509033,-0.011652533896267414,-3.0915894508361816,-0.11722709983587265,2.7039546966552734,-0.0004981369711458683,-0.00032916245982050896,-0.0010292383376508951,0.0,0.0,0.0,0.0,0.0,0.0,-0.59820565,0.61781895,10.2577559,0.10471975511965978,0.08726646259971647,-0.05235987755982989,-717.0,319.0,-399.0,1600,1600,1599,1599,0,0,0,0
1763969346.0648692,0.0,0.0,32.59,154.92,-0.0625792145729065,0.21535111963748932,0.9744598865509033,-0.011652533896267414,-3.0915894508361816,-0.11722709983587265,2.7039546966552734,-0.0004981369711458683,-0.00032916245982050896,-0.0010292383376508951,0.0,0.0,0.0,0.0,0.0,0.0,-0.59820565,0.61781895,10.2577559,0.10471975511965978,0.08726646259971647,-0.05235987755982989,-717.0,319.0,-399.0,1600,1600,1599,1599,0,0,0,0
1763969346.0982704,0.0,0.0,32.59,154.92,-0.0625792145729065,0.21535111963748932,0.9744598865509033,-0.011652533896267414,-3.0915894508361816,-0.11722709983587265,2.7039546966552734,-0.0004981369711458683,-0.00032916245982050896,-0.0010292383376508951,0.0,0.0,0.0,0.0,0.0,0.0,-0.57859235,0.6472389000000001,10.267562550000001,0.08726646259971647,0.06981317007977318,-0.06981317007977318,-717.0,319.0,-399.0,1600,1600,1599,1599,0,0,0,0
1763969346.131693,0.0,0.0,32.59,154.92,-0.0625792145729065,0.21535111963748932,0.9744598865509033,-0.011652533896267414,-3.0916030406951904,-0.11719951033592224,2.703972578048706,0.0010723932646214962,-0.0008045942522585392,-2.1078623831272125e-05,0.0,0.0,0.0,0.0,0.0,0.0,-0.57859235,0.6472389000000001,10.267562550000001,0.08726646259971647,0.06981317007977318,-0.06981317007977318,-717.0,319.0,-399.0,1600,1600,1599,1599,0,0,0,0
1763969346.1650972,0.0,0.0,32.59,154.92,-0.06256421655416489,0.2153434008359909,0.9744625091552734,-0.011649423278868198,-3.0916030406951904,-0.11719951033592224,2.703972578048706,0.0010723932646214962,-0.0008045942522585392,-2.1078623831272125e-05,0.0,0.0,0.0,0.0,0.0,0.0,-0.57859235,0.6472389000000001,10.267562550000001,0.08726646259971647,0.06981317007977318,-0.06981317007977318,-717.0,319.0,-399.0,1600,1600,1599,1599,0,0,0,0
1763969346.1984928,0.0,0.0,32.53,154.92,-0.06256421655416489,0.2153434008359909,0.9744625091552734,-0.011649423278868198,-3.0916030406951904,-0.11719951033592224,2.703972578048706,0.0010723932646214962,-0.0008045942522585392,-2.1078623831272125e-05,0.0,0.0,0.0,0.0,0.0,0.0,-0.57859235,0.6472389000000001,10.267562550000001,0.08726646259971647,0.06981317007977318,-0.06981317007977318,-717.0,319.0,-399.0,1600,1600,1599,1599,0,0,0,0
1763969346.231886,0.0,0.0,32.53,154.92,-0.06256421655416489,0.2153434008359909,0.9744625091552734,-0.011649423278868198,-3.0916030406951904,-0.11719951033592224,2.703972578048706,0.0010723932646214962,-0.0008045942522585392,-2.1078623831272125e-05,0.0,0.0,0.0,0.0,0.0,0.0,-0.57859235,0.6472389000000001,10.267562550000001,0.08726646259971647,0.06981317007977318,-0.06981317007977318,-717.0,319.0,-399.0,1600,1600,1599,1599,0,0,0,0
1763969346.2652874,0.0,0.0,32.53,154.92,-0.06256421655416489,0.2153434008359909,0.9744625091552734,-0.011649423278868198,-3.0916030406951904,-0.11719951033592224,2.703972578048706,0.0010723932646214962,-0.0008045942522585392,-2.1078623831272125e-05,0.0,0.0,0.0,0.0,0.0,0.0,-0.57859235,0.6276256,10.2577559,0.10471975511965978,0.05235987755982989,-0.05235987755982989,-722.0,320.0,-404.0,1600,1600,1599,1599,0,0,0,0
1763969346.2986867,0.0,0.0,32.53,154.92,-0.06256421655416489,0.2153434008359909,0.9744625091552734,-0.011649423278868198,-3.0916030406951904,-0.11719951033592224,2.703972578048706,0.0010723932646214962,-0.0008045942522585392,-2.1078623831272125e-05,0.0,0.0,0.0,0.0,0.0,0.0,-0.57859235,0.6276256,10.2577559,0.10471975511965978,0.05235987755982989,-0.05235987755982989,-722.0,320.0,-404.0,1600,1600,1599,1599,0,0,0,0
1763969346.3320863,0.0,0.0,32.53,154.92,-0.06256421655416489,0.2153434008359909,0.9744625091552734,-0.011649423278868198,-3.0916030406951904,-0.11719951033592224,2.703972578048706,0.0010723932646214962,-0.0008045942522585392,-2.1078623831272125e-05,0.0,0.0,0.0,0.0,0.0,0.0,-0.5687857000000001,0.59820565,10.24794925,0.06981317007977318,0.06981317007977318,-0.03490658503988659,-722.0,320.0,-404.0,1600,1600,1599,1599,0,0,0,0
1763969346.36548,0.0,0.0,32.53,154.92,-0.06255240738391876,0.21534015238285065,0.9744641780853271,-0.01163584552705288,-3.0916030406951904,-0.11719951033592224,2.703972578048706,0.0010723932646214962,-0.0008045942522585392,-2.1078623831272125e-05,0.0,0.0,0.0,0.0,0.0,0.0,-0.5687857000000001,0.59820565,10.24794925,0.06981317007977318,0.06981317007977318,-0.03490658503988659,-722.0,320.0,-404.0,1600,1600,1599,1599,0,0,0,0
1763969346.398876,0.0,0.0,32.53,154.92,-0.06255240738391876,0.21534015238285065,0.9744641780853271,-0.01163584552705288,-3.0916030406951904,-0.11719951033592224,2.703972578048706,0.0010723932646214962,-0.0008045942522585392,-2.1078623831272125e-05,0.0,0.0,0.0,0.0,0.0,0.0,-0.5687857000000001,0.59820565,10.24794925,0.06981317007977318,0.06981317007977318,-0.03490658503988659,-722.0,320.0,-404.0,1600,1600,1599,1599,0,0,0,0
1763969346.4322734,0.0,0.0,32.53,154.92,-0.06255240738391876,0.21534015238285065,0.9744641780853271,-0.01163584552705288,-3.091635227203369,-0.11717782914638519,2.703989028930664,-5.235336720943451e-05,-0.0007400540634989738,-0.0005212323740124702,0.0,0.0,0.0,0.0,0.0,0.0,-0.5687857000000001,0.59820565,10.24794925,0.06981317007977318,0.06981317007977318,-0.03490658503988659,-722.0,320.0,-404.0,1600,1600,1599,1599,0,0,0,0
1763969346.4656692,0.0,0.0,32.53,154.92,-0.06255240738391876,0.21534015238285065,0.9744641780853271,-0.01163584552705288,-3.091635227203369,-0.11717782914638519,2.703989028930664,-5.235336720943451e-05,-0.0007400540634989738,-0.0005212323740124702,0.0,0.0,0.0,0.0,0.0,0.0,-0.5687857000000001,0.59820565,10.24794925,0.06981317007977318,0.06981317007977318,-0.03490658503988659,-722.0,320.0,-404.0,1600,1600,1599,1599,0,0,0,0
1763969346.499076,0.0,0.0,32.53,154.92,-0.06255240738391876,0.21534015238285065,0.9744641780853271,-0.01163584552705288,-3.091635227203369,-0.11717782914638519,2.703989028930664,-5.235336720943451e-05,-0.0007400540634989738,-0.0005212323740124702,0.0,0.0,0.0,0.0,0.0,0.0,-0.5687857000000001,0.59820565,10.24794925,0.06981317007977318,0.06981317007977318,-0.03490658503988659,-722.0,320.0,-404.0,1600,1600,1599,1599,0,0,0,0
1763969346.5324821,0.0,0.0,32.53,154.92,-0.06255240738391876,0.21534015238285065,0.9744641780853271,-0.01163584552705288,-3.091635227203369,-0.11717782914638519,2.703989028930664,-5.235336720943451e-05,-0.0007400540634989738,-0.0005212323740124702,0.0,0.0,0.0,0.0,0.0,0.0,-0.5687857000000001,0.59820565,10.24794925,0.06981317007977318,0.06981317007977318,-0.03490658503988659,-722.0,320.0,-404.0,1600,1600,1599,1599,0,0,0,0
1763969346.56589,0.0,0.0,32.53,154.92,-0.06255240738391876,0.21534015238285065,0.9744641780853271,-0.01163584552705288,-3.0916213989257812,-0.11718127131462097,2.7039716243743896,8.538225665688515e-05,-0.0007200289983302355,0.001404206152074039,0.0,0.0,0.0,0.0,0.0,0.0,-0.5687857000000001,0.59820565,10.24794925,0.06981317007977318,0.06981317007977318,-0.03490658503988659,-722.0,320.0,-404.0,1600,1600,1599,1599,0,0,0,0
1763969346.5992959,0.0,0.0,32.53,154.92,-0.06255240738391876,0.21534015238285065,0.9744641780853271,-0.01163584552705288,-3.0915472507476807,-0.11719957739114761,2.7039241790771484,0.0021673557348549366,0.0002874685451388359,-0.000457514775916934,0.0,0.0,0.0,0.0,0.0,0.0,-0.5687857000000001,0.59820565,10.24794925,0.06981317007977318,0.06981317007977318,-0.03490658503988659,-722.0,320.0,-404.0,1600,1600,1599,1599,0,0,0,0
1763969346.6327064,0.0,0.0,32.53,154.92,-0.06257052719593048,0.21536511182785034,0.9744570851325989,-0.011675131507217884,-3.0915472507476807,-0.11719957739114761,2.7039241790771484,0.0021673557348549366,0.0002874685451388359,-0.000457514775916934,0.0,0.0,0.0,0.0,0.0,0.0,-0.5687857000000001,0.59820565,10.24794925,0.06981317007977318,0.06981317007977318,-0.03490658503988659,-722.0,320.0,-404.0,1600,1600,1599,1599,0,0,0,0
1763969346.6661167,0.0,0.0,32.46,154.92,-0.06257052719593048,0.21536511182785034,0.9744570851325989,-0.011675131507217884,-3.0915472507476807,-0.11719957739114761,2.7039241790771484,0.0021673557348549366,0.0002874685451388359,-0.000457514775916934,0.0,0.0,0.0,0.0,0.0,0.0,-0.5687857000000001,0.59820565,10.24794925,0.06981317007977318,0.06981317007977318,-0.03490658503988659,-722.0,320.0,-404.0,1600,1600,1599,1599,0,0,0,0
1763969346.6995225,0.0,0.0,32.46,154.92,-0.06257052719593048,0.21536511182785034,0.9744570851325989,-0.011675131507217884,-3.0915472507476807,-0.11719957739114761,2.7039241790771484,0.0021673557348549366,0.0002874685451388359,-0.000457514775916934,0.0,0.0,0.0,0.0,0.0,0.0,-0.5687857000000001,0.59820565,10.24794925,0.06981317007977318,0.06981317007977318,-0.03490658503988659,-722.0,320.0,-404.0,1600,1600,1599,1599,0,0,0,0
1763969346.7329264,0.0,0.0,32.46,154.92,-0.06257052719593048,0.21536511182785034,0.9744570851325989,-0.011675131507217884,-3.0915472507476807,-0.11719957739114761,2.7039241790771484,0.0021673557348549366,0.0002874685451388359,-0.000457514775916934,0.0,0.0,0.0,0.0,0.0,0.0,-0.5687857000000001,0.59820565,10.24794925,0.06981317007977318,0.06981317007977318,-0.03490658503988659,-722.0,320.0,-404.0,1600,1600,1599,1599,0,0,0,0
1763969346.766334,0.0,0.0,32.46,154.92,-0.06257052719593048,0.21536511182785034,0.9744570851325989,-0.011675131507217884,-3.0915472507476807,-0.11719957739114761,2.7039241790771484,0.0021673557348549366,0.0002874685451388359,-0.000457514775916934,0.0,0.0,0.0,0.0,0.0,0.0,-0.55897905,0.61781895,10.2577559,0.12217304763960307,0.06981317007977318,-0.05235987755982989,-715.0,318.0,-403.0,1600,1600,1599,1599,0,0,0,0
1763969346.7997456,0.0,0.0,32.46,154.92,-0.06257052719593048,0.21536511182785034,0.9744570851325989,-0.011675131507217884,-3.0915145874023438,-0.11721199005842209,2.703923463821411,0.0005720071494579315,-0.0012691263109445572,0.000604875385761261,0.0,0.0,0.0,0.0,0.0,0.0,-0.55897905,0.61781895,10.2577559,0.12217304763960307,0.06981317007977318,-0.05235987755982989,-715.0,318.0,-403.0,1600,1600,1599,1599,0,0,0,0
1763969346.8331523,0.0,0.0,32.46,154.92,-0.06258008629083633,0.2153642475605011,0.9744564294815063,-0.011689640581607819,-3.0915145874023438,-0.11721199005842209,2.703923463821411,0.0005720071494579315,-0.0012691263109445572,0.000604875385761261,0.0,0.0,0.0,0.0,0.0,0.0,-0.55897905,0.61781895,10.2577559,0.12217304763960307,0.06981317007977318,-0.05235987755982989,-715.0,318.0,-403.0,1600,1600,1599,1599,0,0,0,0
1763969346.8665645,0.0,0.0,32.46,154.92,-0.06258008629083633,0.2153642475605011,0.9744564294815063,-0.011689640581607819,-3.0915145874023438,-0.11721199005842209,2.703923463821411,0.0005720071494579315,-0.0012691263109445572,0.000604875385761261,0.0,0.0,0.0,0.0,0.0,0.0,-0.55897905,0.61781895,10.2577559,0.12217304763960307,0.06981317007977318,-0.05235987755982989,-715.0,318.0,-403.0,1600,1600,1599,1599,0,0,0,0
1763969346.8999925,0.0,0.0,32.46,154.92,-0.06258008629083633,0.2153642475605011,0.9744564294815063,-0.011689640581607819,-3.0915145874023438,-0.11721199005842209,2.703923463821411,0.0005720071494579315,-0.0012691263109445572,0.000604875385761261,0.0,0.0,0.0,0.0,0.0,0.0,-0.55897905,0.61781895,10.2577559,0.12217304763960307,0.06981317007977318,-0.05235987755982989,-715.0,318.0,-403.0,1600,1600,1599,1599,0,0,0,0
1763969346.93341,0.0,0.0,32.46,154.92,-0.06258008629083633,0.2153642475605011,0.9744564294815063,-0.011689640581607819,-3.0915145874023438,-0.11721199005842209,2.703923463821411,0.0005720071494579315,-0.0012691263109445572,0.000604875385761261,0.0,0.0,0.0,0.0,0.0,0.0,-0.57859235,0.6276256,10.267562550000001,0.10471975511965978,0.05235987755982989,-0.03490658503988659,-715.0,318.0,-403.0,1600,1600,1599,1599,0,0,0,0
1763969346.966824,0.0,0.0,32.46,154.92,-0.06258008629083633,0.2153642475605011,0.9744564294815063,-0.011689640581607819,-3.0915114879608154,-0.11721093207597733,2.703918933868408,-0.00014662696048617363,-0.0008399148937314749,-8.330075070261955e-05,0.0,0.0,0.0,0.0,0.0,0.0,-0.57859235,0.6276256,10.267562550000001,0.10471975511965978,0.05235987755982989,-0.03490658503988659,-715.0,318.0,-403.0,1600,1600,1599,1599,0,0,0,0
1763969347.0002367,0.0,0.0,32.46,154.92,-0.06257995218038559,0.21536633372306824,0.9744559526443481,-0.011691180057823658,-3.0915114879608154,-0.11721093207597733,2.703918933868408,-0.00014662696048617363,-0.0008399148937314749,-8.330075070261955e-05,0.0,0.0,0.0,0.0,0.0,0.0,-0.57859235,0.6276256,10.267562550000001,0.10471975511965978,0.05235987755982989,-0.03490658503988659,-715.0,318.0,-403.0,1600,1600,1599,1599,0,0,0,0
1763969347.0336535,0.0,0.0,32.5,154.92,-0.06257995218038559,0.21536633372306824,0.9744559526443481,-0.011691180057823658,-3.0915114879608154,-0.11721093207597733,2.703918933868408,-0.00014662696048617363,-0.0008399148937314749,-8.330075070261955e-05,0.0,0.0,0.0,0.0,0.0,0.0,-0.57859235,0.6276256,10.267562550000001,0.10471975511965978,0.05235987755982989,-0.03490658503988659,-715.0,318.0,-403.0,1600,1600,1599,1599,0,0,0,0
1763969347.0670702,0.0,0.0,32.5,154.92,-0.06257995218038559,0.21536633372306824,0.9744559526443481,-0.011691180057823658,-3.0915114879608154,-0.11721093207597733,2.703918933868408,-0.00014662696048617363,-0.0008399148937314749,-8.330075070261955e-05,0.0,0.0,0.0,0.0,0.0,0.0,-0.57859235,0.6276256,10.267562550000001,0.10471975511965978,0.05235987755982989,-0.03490658503988659,-715.0,318.0,-403.0,1600,1600,1599,1599,0,0,0,0
1763969347.100516,0.0,0.0,32.5,154.92,-0.06257995218038559,0.21536633372306824,0.9744559526443481,-0.011691180057823658,-3.0915114879608154,-0.11721093207597733,2.703918933868408,-0.00014662696048617363,-0.0008399148937314749,-8.330075070261955e-05,0.0,0.0,0.0,0.0,0.0,0.0,-0.57859235,0.6276256,10.2577559,0.08726646259971647,0.05235987755982989,-0.05235987755982989,-721.0,322.0,-400.0,1600,1600,1599,1599,0,0,0,0
1763969347.1339247,0.0,0.0,32.5,154.92,-0.06257995218038559,0.21536633372306824,0.9744559526443481,-0.011691180057823658,-3.0915114879608154,-0.11721093207597733,2.703918933868408,-0.00014662696048617363,-0.0008399148937314749,-8.330075070261955e-05,0.0,0.0,0.0,0.0,0.0,0.0,-0.57859235,0.6276256,10.2577559,0.08726646259971647,0.05235987755982989,-0.05235987755982989,-721.0,322.0,-400.0,1600,1600,1599,1599,0,0,0,0
1763969347.167329,0.0,0.0,32.5,154.92,-0.06257995218038559,0.21536633372306824,0.9744559526443481,-0.011691180057823658,-3.0915253162384033,-0.11720471829175949,2.7039287090301514,0.0001986948773264885,0.0004455749876797199,-0.0008283776696771383,0.0,0.0,0.0,0.0,0.0,0.0,-0.57859235,0.6276256,10.2577559,0.08726646259971647,0.05235987755982989,-0.05235987755982989,-721.0,322.0,-400.0,1600,1600,1599,1599,0,0,0,0
1763969347.200763,0.0,0.0,32.5,154.92,-0.06257995218038559,0.21536633372306824,0.9744559526443481,-0.011691180057823658,-3.0915253162384033,-0.11720471829175949,2.7039287090301514,0.0001986948773264885,0.0004455749876797199,-0.0008283776696771383,0.0,0.0,0.0,0.0,0.0,0.0,-0.55897905,0.61781895,10.2577559,0.08726646259971647,0.08726646259971647,-0.05235987755982989,-721.0,322.0,-400.0,1600,1600,1599,1599,0,0,0,0
1763969347.2341657,0.0,0.0,32.5,154.92,-0.06257536262273788,0.21536213159561157,0.9744572043418884,-0.011685380712151527,-3.0915253162384033,-0.11720471829175949,2.7039287090301514,0.0001986948773264885,0.0004455749876797199,-0.0008283776696771383,0.0,0.0,0.0,0.0,0.0,0.0,-0.55897905,0.61781895,10.2577559,0.08726646259971647,0.08726646259971647,-0.05235987755982989,-721.0,322.0,-400.0,1600,1600,1599,1599,0,0,0,0
1763969347.2675738,0.0,0.0,32.5,154.92,-0.06257536262273788,0.21536213159561157,0.9744572043418884,-0.011685380712151527,-3.0915253162384033,-0.11720471829175949,2.7039287090301514,0.0001986948773264885,0.0004455749876797199,-0.0008283776696771383,0.0,0.0,0.0,0.0,0.0,0.0,-0.55897905,0.61781895,10.2577559,0.08726646259971647,0.08726646259971647,-0.05235987755982989,-721.0,322.0,-400.0,1600,1600,1599,1599,0,0,0,0
1763969347.3010132,0.0,0.0,32.5,154.92,-0.06257536262273788,0.21536213159561157,0.9744572043418884,-0.011685380712151527,-3.0915145874023438,-0.11720894277095795,2.7039175033569336,0.0004260656423866749,-0.0007411434780806303,0.0005553427617996931,0.0,0.0,0.0,0.0,0.0,0.0,-0.55897905,0.61781895,10.2577559,0.08726646259971647,0.08726646259971647,-0.05235987755982989,-721.0,322.0,-400.0,1600,1600,1599,1599,0,0,0,0
1763969347.3344193,0.0,0.0,32.5,154.92,-0.06257863342761993,0.21536719799041748,0.9744558930397034,-0.01168975979089737,-3.0915145874023438,-0.11720894277095795,2.7039175033569336,0.0004260656423866749,-0.0007411434780806303,0.0005553427617996931,0.0,0.0,0.0,0.0,0.0,0.0,-0.55897905,0.61781895,10.2577559,0.08726646259971647,0.08726646259971647,-0.05235987755982989,-721.0,322.0,-400.0,1600,1600,1599,1599,0,0,0,0
1763969347.3678253,0.0,0.0,32.5,154.92,-0.06257863342761993,0.21536719799041748,0.9744558930397034,-0.01168975979089737,-3.0915145874023438,-0.11720894277095795,2.7039175033569336,0.0004260656423866749,-0.0007411434780806303,0.0005553427617996931,0.0,0.0,0.0,0.0,0.0,0.0,-0.55897905,0.61781895,10.2577559,0.08726646259971647,0.08726646259971647,-0.05235987755982989,-721.0,322.0,-400.0,1600,1600,1599,1599,0,0,0,0
1763969347.4012582,0.0,0.0,32.5,154.92,-0.06257863342761993,0.21536719799041748,0.9744558930397034,-0.01168975979089737,-3.091494560241699,-0.11716210097074509,2.7040319442749023,-0.002252457896247506,-0.0007093069143593311,-0.00040941336192190647,0.0,0.0,0.0,0.0,0.0,0.0,-0.55897905,0.61781895,10.2577559,0.08726646259971647,0.08726646259971647,-0.05235987755982989,-721.0,322.0,-400.0,1600,1600,1599,1599,0,0,0,0
1763969347.4346642,0.0,0.0,32.5,154.92,-0.06255730986595154,0.2153116911649704,0.9744692444801331,-0.01170820090919733,-3.091494560241699,-0.11716210097074509,2.7040319442749023,-0.002252457896247506,-0.0007093069143593311,-0.00040941336192190647,0.0,0.0,0.0,0.0,0.0,0.0,-0.55897905,0.61781895,10.2577559,0.08726646259971647,0.08726646259971647,-0.05235987755982989,-721.0,322.0,-400.0,1600,1600,1599,1599,0,0,0,0
1763969347.468067,0.0,0.0,32.5,154.92,-0.06255730986595154,0.2153116911649704,0.9744692444801331,-0.01170820090919733,-3.091494560241699,-0.11716210097074509,2.7040319442749023,-0.002252457896247506,-0.0007093069143593311,-0.00040941336192190647,0.0,0.0,0.0,0.0,0.0,0.0,-0.55897905,0.61781895,10.2577559,0.08726646259971647,0.08726646259971647,-0.05235987755982989,-721.0,322.0,-400.0,1600,1600,1599,1599,0,0,0,0
1763969347.5014837,0.0,0.0,32.68,154.92,-0.06255730986595154,0.2153116911649704,0.9744692444801331,-0.01170820090919733,-3.091494560241699,-0.11716210097074509,2.7040319442749023,-0.002252457896247506,-0.0007093069143593311,-0.00040941336192190647,0.0,0.0,0.0,0.0,0.0,0.0,-0.55897905,0.61781895,10.2577559,0.08726646259971647,0.08726646259971647,-0.05235987755982989,-721.0,322.0,-400.0,1600,1600,1599,1599,0,0,0,0
1763969347.5349002,0.0,0.0,32.68,154.92,-0.06255730986595154,0.2153116911649704,0.9744692444801331,-0.01170820090919733,-3.091494560241699,-0.11716210097074509,2.7040319442749023,-0.002252457896247506,-0.0007093069143593311,-0.00040941336192190647,0.0,0.0,0.0,0.0,0.0,0.0,-0.5687857000000001,0.61781895,10.2577559,0.05235987755982989,0.05235987755982989,-0.05235987755982989,-719.0,314.0,-407.0,1600,1600,1599,1599,0,0,0,0
1763969347.5682995,0.0,0.0,32.68,154.92,-0.06255730986595154,0.2153116911649704,0.9744692444801331,-0.01170820090919733,-3.091508388519287,-0.11715012043714523,2.704054594039917,0.0003429073840379715,0.0016163885593414307,-0.0003058218862861395,0.0,0.0,0.0,0.0,0.0,0.0,-0.5687857000000001,0.61781895,10.2577559,0.05235987755982989,0.05235987755982989,-0.05235987755982989,-719.0,314.0,-407.0,1600,1600,1599,1599,0,0,0,0
1763969347.601722,0.0,0.0,32.68,154.92,-0.06254985183477402,0.21530131995677948,0.9744721055030823,-0.011703475378453732,-3.091508388519287,-0.11715012043714523,2.704054594039917,0.0003429073840379715,0.0016163885593414307,-0.0003058218862861395,0.0,0.0,0.0,0.0,0.0,0.0,-0.5687857000000001,0.61781895,10.2577559,0.05235987755982989,0.05235987755982989,-0.05235987755982989,-719.0,314.0,-407.0,1600,1600,1599,1599,0,0,0,0
1763969347.635117,0.0,0.0,32.63,154.93,-0.06254985183477402,0.21530131995677948,0.9744721055030823,-0.011703475378453732,-3.091508388519287,-0.11715012043714523,2.704054594039917,0.0003429073840379715,0.0016163885593414307,-0.0003058218862861395,0.0,0.0,0.0,0.0,0.0,0.0,-0.5687857000000001,0.61781895,10.2577559,0.05235987755982989,0.05235987755982989,-0.05235987755982989,-719.0,314.0,-407.0,1600,1600,1599,1599,0,0,0,0
1763969347.6685174,0.0,0.0,32.63,154.93,-0.06254985183477402,0.21530131995677948,0.9744721055030823,-0.011703475378453732,-3.091508388519287,-0.11715012043714523,2.704054594039917,0.0003429073840379715,0.0016163885593414307,-0.0003058218862861395,0.0,0.0,0.0,0.0,0.0,0.0,-0.5687857000000001,0.61781895,10.2577559,0.05235987755982989,0.05235987755982989,-0.05235987755982989,-719.0,314.0,-407.0,1600,1600,1599,1599,0,0,0,0
1763969347.701923,0.0,0.0,32.63,154.93,-0.06254985183477402,0.21530131995677948,0.9744721055030823,-0.011703475378453732,-3.091508388519287,-0.11715012043714523,2.704054594039917,0.0003429073840379715,0.0016163885593414307,-0.0003058218862861395,0.0,0.0,0.0,0.0,0.0,0.0,-0.53936575,0.588399,10.267562550000001,0.08726646259971647,0.10471975511965978,-0.05235987755982989,-719.0,318.0,-401.0,1600,1600,1599,1599,0,0,0,0
1763969347.7353268,0.0,0.0,32.63,154.93,-0.06254985183477402,0.21530131995677948,0.9744721055030823,-0.011703475378453732,-3.0914926528930664,-0.11716458946466446,2.704057455062866,0.00018508778885006905,-0.0004875939339399338,0.0005602503661066294,0.0,0.0,0.0,0.0,0.0,0.0,-0.53936575,0.588399,10.267562550000001,0.08726646259971647,0.10471975511965978,-0.05235987755982989,-719.0,318.0,-401.0,1600,1600,1599,1599,0,0,0,0
1763969347.76873,0.0,0.0,32.63,154.93,-0.06255858391523361,0.21529917418956757,0.974471926689148,-0.011709718964993954,-3.0914926528930664,-0.11716458946466446,2.704057455062866,0.00018508778885006905,-0.0004875939339399338,0.0005602503661066294,0.0,0.0,0.0,0.0,0.0,0.0,-0.53936575,0.588399,10.267562550000001,0.08726646259971647,0.10471975511965978,-0.05235987755982989,-719.0,318.0,-401.0,1600,1600,1599,1599,0,0,0,0
1763969347.8021343,0.0,0.0,32.63,154.93,-0.06255858391523361,0.21529917418956757,0.974471926689148,-0.011709718964993954,-3.0914926528930664,-0.11716458946466446,2.704057455062866,0.00018508778885006905,-0.0004875939339399338,0.0005602503661066294,0.0,0.0,0.0,0.0,0.0,0.0,-0.53936575,0.588399,10.267562550000001,0.08726646259971647,0.10471975511965978,-0.05235987755982989,-719.0,318.0,-401.0,1600,1600,1599,1599,0,0,0,0
1763969347.835532,0.0,0.0,32.63,154.93,-0.06255858391523361,0.21529917418956757,0.974471926689148,-0.011709718964993954,-3.0914926528930664,-0.11716458946466446,2.704057455062866,0.00018508778885006905,-0.0004875939339399338,0.0005602503661066294,0.0,0.0,0.0,0.0,0.0,0.0,-0.53936575,0.588399,10.267562550000001,0.08726646259971647,0.10471975511965978,-0.05235987755982989,-719.0,318.0,-401.0,1600,1600,1599,1599,0,0,0,0
1763969347.8689342,0.0,0.0,32.63,154.93,-0.06255858391523361,0.21529917418956757,0.974471926689148,-0.011709718964993954,-3.0914926528930664,-0.11716458946466446,2.704057455062866,0.00018508778885006905,-0.0004875939339399338,0.0005602503661066294,0.0,0.0,0.0,0.0,0.0,0.0,-0.5491724,0.59820565,10.267562550000001,0.08726646259971647,0.06981317007977318,-0.03490658503988659,-719.0,318.0,-401.0,1600,1600,1599,1599,0,0,0,0
1763969347.9023418,0.0,0.0,32.63,154.93,-0.06255858391523361,0.21529917418956757,0.974471926689148,-0.011709718964993954,-3.0914857387542725,-0.11718282848596573,2.7040600776672363,-0.0014591827057301998,-0.0009807492606341839,-0.0004127742722630501,0.0,0.0,0.0,0.0,0.0,0.0,-0.5491724,0.59820565,10.267562550000001,0.08726646259971647,0.06981317007977318,-0.03490658503988659,-719.0,318.0,-401.0,1600,1600,1599,1599,0,0,0,0
1763969347.935746,0.0,0.0,32.63,154.93,-0.06256820261478424,0.2152974009513855,0.9744716882705688,-0.01171117089688778,-3.0914857387542725,-0.11718282848596573,2.7040600776672363,-0.0014591827057301998,-0.0009807492606341839,-0.0004127742722630501,0.0,0.0,0.0,0.0,0.0,0.0,-0.5491724,0.59820565,10.267562550000001,0.08726646259971647,0.06981317007977318,-0.03490658503988659,-719.0,318.0,-401.0,1600,1600,1599,1599,0,0,0,0
1763969347.969144,0.0,0.0,32.63,154.93,-0.06256820261478424,0.2152974009513855,0.9744716882705688,-0.01171117089688778,-3.0914857387542725,-0.11718282848596573,2.7040600776672363,-0.0014591827057301998,-0.0009807492606341839,-0.0004127742722630501,0.0,0.0,0.0,0.0,0.0,0.0,-0.5491724,0.59820565,10.267562550000001,0.08726646259971647,0.06981317007977318,-0.03490658503988659,-719.0,318.0,-401.0,1600,1600,1599,1599,0,0,0,0
1763969348.0025563,0.0,0.0,32.63,154.93,-0.06256820261478424,0.2152974009513855,0.9744716882705688,-0.01171117089688778,-3.0913875102996826,-0.1172514408826828,2.7040255069732666,0.0006521889008581638,0.0014096866361796856,-0.0013650062028318644,0.0,0.0,0.0,0.0,0.0,0.0,-0.5491724,0.59820565,10.267562550000001,0.08726646259971647,0.06981317007977318,-0.03490658503988659,-719.0,318.0,-401.0,1600,1600,1599,1599,0,0,0,0
1763969348.0359857,0.0,0.0,32.63,154.93,-0.0626123771071434,0.21530984342098236,0.9744656682014465,-0.011750483885407448,-3.0913875102996826,-0.1172514408826828,2.7040255069732666,0.0006521889008581638,0.0014096866361796856,-0.0013650062028318644,0.0,0.0,0.0,0.0,0.0,0.0,-0.5491724,0.59820565,10.267562550000001,0.08726646259971647,0.06981317007977318,-0.03490658503988659,-719.0,318.0,-401.0,1600,1600,1599,1599,0,0,0,0
1763969348.0693917,0.0,0.0,32.64,154.92,-0.0626123771071434,0.21530984342098236,0.9744656682014465,-0.011750483885407448,-3.0913875102996826,-0.1172514408826828,2.7040255069732666,0.0006521889008581638,0.0014096866361796856,-0.0013650062028318644,0.0,0.0,0.0,0.0,0.0,0.0,-0.5491724,0.59820565,10.267562550000001,0.08726646259971647,0.06981317007977318,-0.03490658503988659,-719.0,318.0,-401.0,1600,1600,1599,1599,0,0,0,0
1763969348.102794,0.0,0.0,32.64,154.92,-0.0626123771071434,0.21530984342098236,0.9744656682014465,-0.011750483885407448,-3.0913875102996826,-0.1172514408826828,2.7040255069732666,0.0006521889008581638,0.0014096866361796856,-0.0013650062028318644,0.0,0.0,0.0,0.0,0.0,0.0,-0.5491724,0.59820565,10.267562550000001,0.08726646259971647,0.06981317007977318,-0.03490658503988659,-719.0,318.0,-401.0,1600,1600,1599,1599,0,0,0,0
1763969348.1361918,0.0,0.0,32.64,154.92,-0.0626123771071434,0.21530984342098236,0.9744656682014465,-0.011750483885407448,-3.0913875102996826,-0.1172514408826828,2.7040255069732666,0.0006521889008581638,0.0014096866361796856,-0.0013650062028318644,0.0,0.0,0.0,0.0,0.0,0.0,-0.5491724,0.59820565,10.267562550000001,0.08726646259971647,0.06981317007977318,-0.03490658503988659,-719.0,318.0,-401.0,1600,1600,1599,1599,0,0,0,0
1763969348.1696014,0.0,0.0,32.64,154.92,-0.0626123771071434,0.21530984342098236,0.9744656682014465,-0.011750483885407448,-3.0913875102996826,-0.1172514408826828,2.7040255069732666,0.0006521889008581638,0.0014096866361796856,-0.0013650062028318644,0.0,0.0,0.0,0.0,0.0,0.0,-0.5491724,0.6080123,10.2577559,0.10471975511965978,0.08726646259971647,-0.06981317007977318,-721.0,320.0,-402.0,1600,1600,1599,1599,0,0,0,0
1763969348.203033,0.0,0.0,32.64,154.92,-0.0626123771071434,0.21530984342098236,0.9744656682014465,-0.011750483885407448,-3.091357946395874,-0.11725272238254547,2.704005241394043,-5.6257471442222595e-05,0.0011559072881937027,0.001381655572913587,0.0,0.0,0.0,0.0,0.0,0.0,-0.5491724,0.6080123,10.2577559,0.10471975511965978,0.08726646259971647,-0.06981317007977318,-721.0,320.0,-402.0,1600,1600,1599,1599,0,0,0,0
1763969348.236432,0.0,0.0,32.64,154.92,-0.06261629611253738,0.21531881392002106,0.9744632244110107,-0.011764115653932095,-3.091357946395874,-0.11725272238254547,2.704005241394043,-5.6257471442222595e-05,0.0011559072881937027,0.001381655572913587,0.0,0.0,0.0,0.0,0.0,0.0,-0.5491724,0.6080123,10.2577559,0.10471975511965978,0.08726646259971647,-0.06981317007977318,-721.0,320.0,-402.0,1600,1600,1599,1599,0,0,0,0
1763969348.2698328,0.0,0.0,32.64,154.92,-0.06261629611253738,0.21531881392002106,0.9744632244110107,-0.011764115653932095,-3.091357946395874,-0.11725272238254547,2.704005241394043,-5.6257471442222595e-05,0.0011559072881937027,0.001381655572913587,0.0,0.0,0.0,0.0,0.0,0.0,-0.5491724,0.6080123,10.2577559,0.10471975511965978,0.08726646259971647,-0.06981317007977318,-721.0,320.0,-402.0,1600,1600,1599,1599,0,0,0,0
1763969348.3032541,0.0,0.0,32.64,154.92,-0.06261629611253738,0.21531881392002106,0.9744632244110107,-0.011764115653932095,-3.091357946395874,-0.11725272238254547,2.704005241394043,-5.6257471442222595e-05,0.0011559072881937027,0.001381655572913587,0.0,0.0,0.0,0.0,0.0,0.0,-0.55897905,0.6080123,10.2577559,0.08726646259971647,0.08726646259971647,-0.017453292519943295,-721.0,320.0,-402.0,1600,1600,1599,1599,0,0,0,0
1763969348.3366585,0.0,0.0,32.64,154.92,-0.06261629611253738,0.21531881392002106,0.9744632244110107,-0.011764115653932095,-3.091357946395874,-0.11725272238254547,2.704005241394043,-5.6257471442222595e-05,0.0011559072881937027,0.001381655572913587,0.0,0.0,0.0,0.0,0.0,0.0,-0.55897905,0.6080123,10.2577559,0.08726646259971647,0.08726646259971647,-0.017453292519943295,-721.0,320.0,-402.0,1600,1600,1599,1599,0,0,0,0
1763969348.3700593,0.0,0.0,32.64,154.92,-0.06261629611253738,0.21531881392002106,0.9744632244110107,-0.011764115653932095,-3.0913376808166504,-0.11726991832256317,2.7040250301361084,0.000415789894759655,0.000913009513169527,-0.0007883780635893345,0.0,0.0,0.0,0.0,0.0,0.0,-0.55897905,0.6080123,10.2577559,0.08726646259971647,0.08726646259971647,-0.017453292519943295,-721.0,320.0,-402.0,1600,1600,1599,1599,0,0,0,0
1763969348.4034662,0.0,0.0,32.64,154.92,-0.06262671947479248,0.21530821919441223,0.9744648337364197,-0.011772679165005684,-3.0913376808166504,-0.11726991832256317,2.7040250301361084,0.000415789894759655,0.000913009513169527,-0.0007883780635893345,0.0,0.0,0.0,0.0,0.0,0.0,-0.55897905,0.6080123,10.2577559,0.08726646259971647,0.08726646259971647,-0.017453292519943295,-721.0,320.0,-402.0,1600,1600,1599,1599,0,0,0,0
1763969348.4368672,0.0,0.0,32.64,154.92,-0.06262671947479248,0.21530821919441223,0.9744648337364197,-0.011772679165005684,-3.0913376808166504,-0.11726991832256317,2.7040250301361084,0.000415789894759655,0.000913009513169527,-0.0007883780635893345,0.0,0.0,0.0,0.0,0.0,0.0,-0.55897905,0.6080123,10.2577559,0.08726646259971647,0.08726646259971647,-0.017453292519943295,-721.0,320.0,-402.0,1600,1600,1599,1599,0,0,0,0
1763969348.4702666,0.0,0.0,32.64,154.92,-0.06262671947479248,0.21530821919441223,0.9744648337364197,-0.011772679165005684,-3.0913376808166504,-0.11726991832256317,2.7040250301361084,0.000415789894759655,0.000913009513169527,-0.0007883780635893345,0.0,0.0,0.0,0.0,0.0,0.0,-0.55897905,0.6080123,10.2577559,0.08726646259971647,0.08726646259971647,-0.017453292519943295,-721.0,320.0,-402.0,1600,1600,1599,1599,0,0,0,0
1763969348.5036783,0.0,0.0,32.64,154.92,-0.06262671947479248,0.21530821919441223,0.9744648337364197,-0.011772679165005684,-3.0913376808166504,-0.11726991832256317,2.7040250301361084,0.000415789894759655,0.000913009513169527,-0.0007883780635893345,0.0,0.0,0.0,0.0,0.0,0.0,-0.5687857000000001,0.61781895,10.267562550000001,0.08726646259971647,0.08726646259971647,-0.05235987755982989,-724.0,319.0,-402.0,1600,1600,1599,1599,0,0,0,0
1763969348.5370739,0.0,0.0,32.64,154.92,-0.06262671947479248,0.21530821919441223,0.9744648337364197,-0.011772679165005684,-3.0913376808166504,-0.11726991832256317,2.7040250301361084,0.000415789894759655,0.000913009513169527,-0.0007883780635893345,0.0,0.0,0.0,0.0,0.0,0.0,-0.5687857000000001,0.61781895,10.267562550000001,0.08726646259971647,0.08726646259971647,-0.05235987755982989,-724.0,319.0,-402.0,1600,1600,1599,1599,0,0,0,0
1763969348.5704794,0.0,0.0,32.64,154.92,-0.06262671947479248,0.21530821919441223,0.9744648337364197,-0.011772679165005684,-3.0913219451904297,-0.11727430671453476,2.704044818878174,0.0006196023896336555,-0.0009436833206564188,-0.00133412959985435,0.0,0.0,0.0,0.0,0.0,0.0,-0.5687857000000001,0.61781895,10.267562550000001,0.08726646259971647,0.08726646259971647,-0.05235987755982989,-724.0,319.0,-402.0,1600,1600,1599,1599,0,0,0,0
1763969348.6038852,0.0,0.0,32.64,154.92,-0.06263044476509094,0.21529801189899445,0.9744666814804077,-0.011780550703406334,-3.0913219451904297,-0.11727430671453476,2.704044818878174,0.0006196023896336555,-0.0009436833206564188,-0.00133412959985435,0.0,0.0,0.0,0.0,0.0,0.0,-0.5687857000000001,0.61781895,10.267562550000001,0.08726646259971647,0.08726646259971647,-0.05235987755982989,-724.0,319.0,-402.0,1600,1600,1599,1599,0,0,0,0
1763969348.6373937,0.0,0.0,32.64,154.93,-0.06263044476509094,0.21529801189899445,0.9744666814804077,-0.011780550703406334,-3.0913219451904297,-0.11727430671453476,2.704044818878174,0.0006196023896336555,-0.0009436833206564188,-0.00133412959985435,0.0,0.0,0.0,0.0,0.0,0.0,-0.5687857000000001,0.61781895,10.267562550000001,0.08726646259971647,0.08726646259971647,-0.05235987755982989,-724.0,319.0,-402.0,1600,1600,1599,1599,0,0,0,0
1763969348.6707997,0.0,0.0,32.64,154.93,-0.06263044476509094,0.21529801189899445,0.9744666814804077,-0.011780550703406334,-3.0913219451904297,-0.11727430671453476,2.704044818878174,0.0006196023896336555,-0.0009436833206564188,-0.00133412959985435,0.0,0.0,0.0,0.0,0.0,0.0,-0.5687857000000001,0.61781895,10.267562550000001,0.08726646259971647,0.08726646259971647,-0.05235987755982989,-724.0,319.0,-402.0,1600,1600,1599,1599,0,0,0,0
1763969348.7042334,0.0,0.0,32.64,154.93,-0.06263044476509094,0.21529801189899445,0.9744666814804077,-0.011780550703406334,-3.0913219451904297,-0.11727430671453476,2.704044818878174,0.0006196023896336555,-0.0009436833206564188,-0.00133412959985435,0.0,0.0,0.0,0.0,0.0,0.0,-0.57859235,0.61781895,10.2577559,0.10471975511965978,0.05235987755982989,-0.06981317007977318,-724.0,319.0,-402.0,1600,1600,1599,1599,0,0,0,0
1763969348.737631,0.0,0.0,32.64,154.93,-0.06262586265802383,0.21529076993465424,0.9744686484336853,-0.011778682470321655,-3.0913219451904297,-0.11727430671453476,2.704044818878174,0.0006196023896336555,-0.0009436833206564188,-0.00133412959985435,0.0,0.0,0.0,0.0,0.0,0.0,-0.57859235,0.61781895,10.2577559,0.10471975511965978,0.05235987755982989,-0.06981317007977318,-724.0,319.0,-402.0,1600,1600,1599,1599,0,0,0,0
1763969348.771026,0.0,0.0,32.64,154.93,-0.06262586265802383,0.21529076993465424,0.9744686484336853,-0.011778682470321655,-3.0913219451904297,-0.11727430671453476,2.704044818878174,0.0006196023896336555,-0.0009436833206564188,-0.00133412959985435,0.0,0.0,0.0,0.0,0.0,0.0,-0.57859235,0.61781895,10.2577559,0.10471975511965978,0.05235987755982989,-0.06981317007977318,-724.0,319.0,-402.0,1600,1600,1599,1599,0,0,0,0
1763969348.8044472,0.0,0.0,32.64,154.93,-0.06262586265802383,0.21529076993465424,0.9744686484336853,-0.011778682470321655,-3.0913219451904297,-0.11727430671453476,2.704044818878174,0.0006196023896336555,-0.0009436833206564188,-0.00133412959985435,0.0,0.0,0.0,0.0,0.0,0.0,-0.57859235,0.61781895,10.2577559,0.10471975511965978,0.05235987755982989,-0.06981317007977318,-724.0,319.0,-402.0,1600,1600,1599,1599,0,0,0,0
1763969348.8378448,0.0,0.0,32.64,154.93,-0.06255149841308594,0.2153123915195465,0.9744691848754883,-0.011736053042113781,-3.0913219451904297,-0.11727430671453476,2.704044818878174,0.0006196023896336555,-0.0009436833206564188,-0.00133412959985435,0.0,0.0,0.0,0.0,0.0,0.0,-0.57859235,0.61781895,10.2577559,0.10471975511965978,0.05235987755982989,-0.06981317007977318,-724.0,319.0,-402.0,1600,1600,1599,1599,0,0,0,0
1763969348.8712459,0.0,0.0,32.71,154.92,-0.06255149841308594,0.2153123915195465,0.9744691848754883,-0.011736053042113781,-3.0913219451904297,-0.11727430671453476,2.704044818878174,0.0006196023896336555,-0.0009436833206564188,-0.00133412959985435,0.0,0.0,0.0,0.0,0.0,0.0,-0.57859235,0.61781895,10.2577559,0.10471975511965978,0.05235987755982989,-0.06981317007977318,-724.0,319.0,-402.0,1600,1600,1599,1599,0,0,0,0
1763969348.9046664,0.0,0.0,32.71,154.92,-0.06255149841308594,0.2153123915195465,0.9744691848754883,-0.011736053042113781,-3.0914297103881836,-0.11716249585151672,2.704056739807129,0.002000381238758564,0.000684728380292654,-0.001246115891262889,0.0,0.0,0.0,0.0,0.0,0.0,-0.57859235,0.61781895,10.2577559,0.10471975511965978,0.05235987755982989,-0.06981317007977318,-724.0,319.0,-402.0,1600,1600,1599,1599,0,0,0,0
1763969348.9380765,0.0,0.0,32.71,154.92,-0.06256433576345444,0.2152976244688034,0.9744715690612793,-0.011740543879568577,-3.0914297103881836,-0.11716249585151672,2.704056739807129,0.002000381238758564,0.000684728380292654,-0.001246115891262889,0.0,0.0,0.0,0.0,0.0,0.0,-0.57859235,0.61781895,10.2577559,0.10471975511965978,0.05235987755982989,-0.06981317007977318,-724.0,319.0,-402.0,1600,1600,1599,1599,0,0,0,0
1763969348.9714754,0.0,0.0,32.71,154.93,-0.06256433576345444,0.2152976244688034,0.9744715690612793,-0.011740543879568577,-3.0914297103881836,-0.11716249585151672,2.704056739807129,0.002000381238758564,0.000684728380292654,-0.001246115891262889,0.0,0.0,0.0,0.0,0.0,0.0,-0.57859235,0.61781895,10.2577559,0.10471975511965978,0.05235987755982989,-0.06981317007977318,-724.0,319.0,-402.0,1600,1600,1599,1599,0,0,0,0
1763969349.0049016,0.0,0.0,32.71,154.93,-0.06256433576345444,0.2152976244688034,0.9744715690612793,-0.011740543879568577,-3.0913941860198975,-0.11719503998756409,2.7040531635284424,0.0019905399531126022,0.0011082617565989494,0.00046021188609302044,0.0,0.0,0.0,0.0,0.0,0.0,-0.57859235,0.61781895,10.2577559,0.10471975511965978,0.05235987755982989,-0.06981317007977318,-724.0,319.0,-402.0,1600,1600,1599,1599,0,0,0,0
1763969349.0383255,0.0,0.0,32.71,154.93,-0.0625840276479721,0.21529759466648102,0.9744700193405151,-0.011754213832318783,-3.0913941860198975,-0.11719503998756409,2.7040531635284424,0.0019905399531126022,0.0011082617565989494,0.00046021188609302044,0.0,0.0,0.0,0.0,0.0,0.0,-0.57859235,0.61781895,10.2577559,0.10471975511965978,0.05235987755982989,-0.06981317007977318,-724.0,319.0,-402.0,1600,1600,1599,1599,0,0,0,0
1763969349.07177,0.0,0.0,32.71,154.93,-0.0625840276479721,0.21529759466648102,0.9744700193405151,-0.011754213832318783,-3.0913941860198975,-0.11719503998756409,2.7040531635284424,0.0019905399531126022,0.0011082617565989494,0.00046021188609302044,0.0,0.0,0.0,0.0,0.0,0.0,-0.57859235,0.61781895,10.2577559,0.10471975511965978,0.05235987755982989,-0.06981317007977318,-724.0,319.0,-402.0,1600,1600,1599,1599,0,0,0,0
1763969349.1052186,0.0,0.0,32.53,154.93,-0.0625840276479721,0.21529759466648102,0.9744700193405151,-0.011754213832318783,-3.0913941860198975,-0.11719503998756409,2.7040531635284424,0.0019905399531126022,0.0011082617565989494,0.00046021188609302044,0.0,0.0,0.0,0.0,0.0,0.0,-0.57859235,0.61781895,10.2577559,0.10471975511965978,0.05235987755982989,-0.06981317007977318,-724.0,319.0,-402.0,1600,1600,1599,1599,0,0,0,0
1763969349.138634,0.0,0.0,32.53,154.93,-0.0625840276479721,0.21529759466648102,0.9744700193405151,-0.011754213832318783,-3.0913941860198975,-0.11719503998756409,2.7040531635284424,0.0019905399531126022,0.0011082617565989494,0.00046021188609302044,0.0,0.0,0.0,0.0,0.0,0.0,-0.5491724,0.6080123,10.2577559,0.12217304763960307,0.08726646259971647,-0.03490658503988659,-720.0,317.0,-402.0,1600,1600,1599,1599,0,0,0,0
1763969349.1720395,0.0,0.0,32.53,154.93,-0.0625840276479721,0.21529759466648102,0.9744700193405151,-0.011754213832318783,-3.091355562210083,-0.11724603921175003,2.7040610313415527,0.001387744676321745,0.001786449458450079,-2.3218337446451187e-05,0.0,0.0,0.0,0.0,0.0,0.0,-0.5491724,0.6080123,10.2577559,0.12217304763960307,0.08726646259971647,-0.03490658503988659,-720.0,317.0,-402.0,1600,1600,1599,1599,0,0,0,0
1763969349.2054384,0.0,0.0,32.53,154.93,-0.06261296570301056,0.21529166400432587,0.9744693636894226,-0.011767711490392685,-3.091355562210083,-0.11724603921175003,2.7040610313415527,0.001387744676321745,0.001786449458450079,-2.3218337446451187e-05,0.0,0.0,0.0,0.0,0.0,0.0,-0.5491724,0.6080123,10.2577559,0.12217304763960307,0.08726646259971647,-0.03490658503988659,-720.0,317.0,-402.0,1600,1600,1599,1599,0,0,0,0
1763969349.2388356,0.0,0.0,32.53,154.93,-0.06261296570301056,0.21529166400432587,0.9744693636894226,-0.011767711490392685,-3.091355562210083,-0.11724603921175003,2.7040610313415527,0.001387744676321745,0.001786449458450079,-2.3218337446451187e-05,0.0,0.0,0.0,0.0,0.0,0.0,-0.5491724,0.6080123,10.2577559,0.12217304763960307,0.08726646259971647,-0.03490658503988659,-720.0,317.0,-402.0,1600,1600,1599,1599,0,0,0,0
1763969349.2722368,0.0,0.0,32.53,154.93,-0.06261296570301056,0.21529166400432587,0.9744693636894226,-0.011767711490392685,-3.091355562210083,-0.11724603921175003,2.7040610313415527,0.001387744676321745,0.001786449458450079,-2.3218337446451187e-05,0.0,0.0,0.0,0.0,0.0,0.0,-0.5491724,0.6080123,10.2577559,0.12217304763960307,0.08726646259971647,-0.03490658503988659,-720.0,317.0,-402.0,1600,1600,1599,1599,0,0,0,0
1763969349.3056328,0.0,0.0,32.53,154.93,-0.06261296570301056,0.21529166400432587,0.9744693636894226,-0.011767711490392685,-3.091355562210083,-0.11724603921175003,2.7040610313415527,0.001387744676321745,0.001786449458450079,-2.3218337446451187e-05,0.0,0.0,0.0,0.0,0.0,0.0,-0.5491724,0.61781895,10.2577559,0.10471975511965978,0.10471975511965978,-0.05235987755982989,-720.0,317.0,-402.0,1600,1600,1599,1599,0,0,0,0
1763969349.3390293,0.0,0.0,32.53,154.93,-0.06261296570301056,0.21529166400432587,0.9744693636894226,-0.011767711490392685,-3.0911648273468018,-0.11738232523202896,2.703993320465088,0.0009327903389930725,-0.0005027502775192261,0.00046337652020156384,0.0,0.0,0.0,0.0,0.0,0.0,-0.5491724,0.61781895,10.2577559,0.10471975511965978,0.10471975511965978,-0.05235987755982989,-720.0,317.0,-402.0,1600,1600,1599,1599,0,0,0,0
1763969349.3724244,0.0,0.0,32.53,154.93,-0.06261296570301056,0.21529166400432587,0.9744693636894226,-0.011767711490392685,-3.0911648273468018,-0.11738232523202896,2.703993320465088,0.0009327903389930725,-0.0005027502775192261,0.00046337652020156384,0.0,0.0,0.0,0.0,0.0,0.0,-0.5491724,0.61781895,10.2577559,0.10471975511965978,0.10471975511965978,-0.05235987755982989,-720.0,317.0,-402.0,1600,1600,1599,1599,0,0,0,0
1763969349.4058218,0.0,0.0,32.53,154.93,-0.06270023435354233,0.21531617641448975,0.9744574427604675,-0.01184367947280407,-3.0911648273468018,-0.11738232523202896,2.703993320465088,0.0009327903389930725,-0.0005027502775192261,0.00046337652020156384,0.0,0.0,0.0,0.0,0.0,0.0,-0.5491724,0.61781895,10.2577559,0.10471975511965978,0.10471975511965978,-0.05235987755982989,-720.0,317.0,-402.0,1600,1600,1599,1599,0,0,0,0
1763969349.439219,0.0,0.0,32.53,154.93,-0.06270023435354233,0.21531617641448975,0.9744574427604675,-0.01184367947280407,-3.0911648273468018,-0.11738232523202896,2.703993320465088,0.0009327903389930725,-0.0005027502775192261,0.00046337652020156384,0.0,0.0,0.0,0.0,0.0,0.0,-0.57859235,0.61781895,10.2577559,0.10471975511965978,0.06981317007977318,-0.03490658503988659,-716.0,318.0,-403.0,1600,1600,1599,1599,0,0,0,0
1763969349.4726183,0.0,0.0,32.31,154.92,-0.06270023435354233,0.21531617641448975,0.9744574427604675,-0.01184367947280407,-3.0911648273468018,-0.11738232523202896,2.703993320465088,0.0009327903389930725,-0.0005027502775192261,0.00046337652020156384,0.0,0.0,0.0,0.0,0.0,0.0,-0.57859235,0.61781895,10.2577559,0.10471975511965978,0.06981317007977318,-0.03490658503988659,-716.0,318.0,-403.0,1600,1600,1599,1599,0,0,0,0
1763969349.5060163,0.0,0.0,32.31,154.92,-0.06270023435354233,0.21531617641448975,0.9744574427604675,-0.01184367947280407,-3.0911648273468018,-0.11738232523202896,2.703993320465088,0.0009327903389930725,-0.0005027502775192261,0.00046337652020156384,0.0,0.0,0.0,0.0,0.0,0.0,-0.57859235,0.61781895,10.2577559,0.10471975511965978,0.06981317007977318,-0.03490658503988659,-716.0,318.0,-403.0,1600,1600,1599,1599,0,0,0,0
1763969349.5394218,0.0,0.0,32.31,154.92,-0.06270023435354233,0.21531617641448975,0.9744574427604675,-0.01184367947280407,-3.0911946296691895,-0.11736726015806198,2.7040092945098877,-0.00023805443197488785,-0.0009166221134364605,-0.0012695079203695059,0.0,0.0,0.0,0.0,0.0,0.0,-0.57859235,0.61781895,10.2577559,0.10471975511965978,0.06981317007977318,-0.03490658503988659,-716.0,318.0,-403.0,1600,1600,1599,1599,0,0,0,0
1763969349.573675,0.0,0.0,32.31,154.92,-0.06270023435354233,0.21531617641448975,0.9744574427604675,-0.01184367947280407,-3.0911946296691895,-0.11736726015806198,2.7040092945098877,-0.00023805443197488785,-0.0009166221134364605,-0.0012695079203695059,0.0,0.0,0.0,0.0,0.0,0.0,-0.5687857000000001,0.61781895,10.2577559,0.08726646259971647,0.05235987755982989,-0.06981317007977318,-713.0,318.0,-401.0,1600,1600,1599,1599,0,0,0,0
1763969349.6070793,0.0,0.0,32.31,154.92,-0.06268961727619171,0.21530957520008087,0.974459707736969,-0.0118313729763031,-3.0911946296691895,-0.11736726015806198,2.7040092945098877,-0.00023805443197488785,-0.0009166221134364605,-0.0012695079203695059,0.0,0.0,0.0,0.0,0.0,0.0,-0.5687857000000001,0.61781895,10.2577559,0.08726646259971647,0.05235987755982989,-0.06981317007977318,-713.0,318.0,-401.0,1600,1600,1599,1599,0,0,0,0
1763969349.6405046,0.0,0.0,32.64,154.92,-0.06268961727619171,0.21530957520008087,0.974459707736969,-0.0118313729763031,-3.0911946296691895,-0.11736726015806198,2.7040092945098877,-0.00023805443197488785,-0.0009166221134364605,-0.0012695079203695059,0.0,0.0,0.0,0.0,0.0,0.0,-0.5687857000000001,0.61781895,10.2577559,0.08726646259971647,0.05235987755982989,-0.06981317007977318,-713.0,318.0,-401.0,1600,1600,1599,1599,0,0,0,0
1763969349.6739068,0.0,0.0,32.64,154.92,-0.06268961727619171,0.21530957520008087,0.974459707736969,-0.0118313729763031,-3.0911946296691895,-0.11736726015806198,2.7040092945098877,-0.00023805443197488785,-0.0009166221134364605,-0.0012695079203695059,0.0,0.0,0.0,0.0,0.0,0.0,-0.5687857000000001,0.61781895,10.2577559,0.08726646259971647,0.05235987755982989,-0.06981317007977318,-713.0,318.0,-401.0,1600,1600,1599,1599,0,0,0,0
1763969349.7073088,0.0,0.0,32.64,154.92,-0.06268961727619171,0.21530957520008087,0.974459707736969,-0.0118313729763031,-3.091205596923828,-0.11736828088760376,2.7040133476257324,0.00014607515186071396,-0.0004510306753218174,4.508765414357185e-06,0.0,0.0,0.0,0.0,0.0,0.0,-0.5687857000000001,0.61781895,10.2577559,0.08726646259971647,0.05235987755982989,-0.06981317007977318,-713.0,318.0,-401.0,1600,1600,1599,1599,0,0,0,0
1763969349.7407076,0.0,0.0,32.64,154.92,-0.06268961727619171,0.21530957520008087,0.974459707736969,-0.0118313729763031,-3.091205596923828,-0.11736828088760376,2.7040133476257324,0.00014607515186071396,-0.0004510306753218174,4.508765414357185e-06,0.0,0.0,0.0,0.0,0.0,0.0,-0.5687857000000001,0.61781895,10.2577559,0.08726646259971647,0.05235987755982989,-0.06981317007977318,-713.0,318.0,-401.0,1600,1600,1599,1599,0,0,0,0
1763969349.7741017,0.0,0.0,32.64,154.92,-0.06268961727619171,0.21530957520008087,0.974459707736969,-0.0118313729763031,-3.091205596923828,-0.11736828088760376,2.7040133476257324,0.00014607515186071396,-0.0004510306753218174,4.508765414357185e-06,0.0,0.0,0.0,0.0,0.0,0.0,-0.5687857000000001,0.61781895,10.2577559,0.08726646259971647,0.05235987755982989,-0.06981317007977318,-713.0,318.0,-401.0,1600,1600,1599,1599,0,0,0,0
1763969349.8075016,0.0,0.0,32.64,154.92,-0.06268961727619171,0.21530957520008087,0.974459707736969,-0.0118313729763031,-3.091205596923828,-0.11736828088760376,2.7040133476257324,0.00014607515186071396,-0.0004510306753218174,4.508765414357185e-06,0.0,0.0,0.0,0.0,0.0,0.0,-0.5687857000000001,0.61781895,10.2577559,0.08726646259971647,0.05235987755982989,-0.06981317007977318,-713.0,318.0,-401.0,1600,1600,1599,1599,0,0,0,0
1763969349.8409092,0.0,0.0,32.64,154.92,-0.06268961727619171,0.21530957520008087,0.974459707736969,-0.0118313729763031,-3.091205596923828,-0.11736828088760376,2.7040133476257324,0.00014607515186071396,-0.0004510306753218174,4.508765414357185e-06,0.0,0.0,0.0,0.0,0.0,0.0,-0.55897905,0.6080123,10.2577559,0.10471975511965978,0.06981317007977318,-0.05235987755982989,-713.0,318.0,-401.0,1600,1600,1599,1599,0,0,0,0
1763969349.8743117,0.0,0.0,32.64,154.92,-0.06268961727619171,0.21530957520008087,0.974459707736969,-0.0118313729763031,-3.091205596923828,-0.11736828088760376,2.7040133476257324,0.00014607515186071396,-0.0004510306753218174,4.508765414357185e-06,0.0,0.0,0.0,0.0,0.0,0.0,-0.55897905,0.6080123,10.2577559,0.10471975511965978,0.06981317007977318,-0.05235987755982989,-713.0,318.0,-401.0,1600,1600,1599,1599,0,0,0,0
1763969349.9077206,0.0,0.0,32.64,154.92,-0.06268961727619171,0.21530957520008087,0.974459707736969,-0.0118313729763031,-3.0912046432495117,-0.11740650981664658,2.7040419578552246,0.0007969415746629238,0.0007641231641173363,-0.001227641711011529,0.0,0.0,0.0,0.0,0.0,0.0,-0.55897905,0.6080123,10.2577559,0.10471975511965978,0.06981317007977318,-0.05235987755982989,-713.0,318.0,-401.0,1600,1600,1599,1599,0,0,0,0
1763969349.9411173,0.0,0.0,32.64,154.92,-0.06268961727619171,0.21530957520008087,0.974459707736969,-0.0118313729763031,-3.0912046432495117,-0.11740650981664658,2.7040419578552246,0.0007969415746629238,0.0007641231641173363,-0.001227641711011529,0.0,0.0,0.0,0.0,0.0,0.0,-0.55897905,0.6080123,10.2577559,0.10471975511965978,0.06981317007977318,-0.05235987755982989,-713.0,318.0,-401.0,1600,1600,1599,1599,0,0,0,0
1763969349.974523,0.0,0.0,32.64,154.92,-0.06270745396614075,0.2152932584285736,0.9744622707366943,-0.011823233217000961,-3.0912046432495117,-0.11740650981664658,2.7040419578552246,0.0007969415746629238,0.0007641231641173363,-0.001227641711011529,0.0,0.0,0.0,0.0,0.0,0.0,-0.55897905,0.6080123,10.2577559,0.10471975511965978,0.06981317007977318,-0.05235987755982989,-713.0,318.0,-401.0,1600,1600,1599,1599,0,0,0,0
1763969350.0079305,0.0,0.0,32.64,154.92,-0.06270745396614075,0.2152932584285736,0.9744622707366943,-0.011823233217000961,-3.0912046432495117,-0.11740650981664658,2.7040419578552246,0.0007969415746629238,0.0007641231641173363,-0.001227641711011529,0.0,0.0,0.0,0.0,0.0,0.0,-0.55897905,0.6080123,10.267562550000001,0.10471975511965978,0.08726646259971647,-0.06981317007977318,-721.0,320.0,-401.0,1600,1600,1599,1599,0,0,0,0
1763969350.0413537,0.0,0.0,32.6,154.93,-0.06270745396614075,0.2152932584285736,0.9744622707366943,-0.011823233217000961,-3.0912046432495117,-0.11740650981664658,2.7040419578552246,0.0007969415746629238,0.0007641231641173363,-0.001227641711011529,0.0,0.0,0.0,0.0,0.0,0.0,-0.55897905,0.6080123,10.267562550000001,0.10471975511965978,0.08726646259971647,-0.06981317007977318,-721.0,320.0,-401.0,1600,1600,1599,1599,0,0,0,0
1763969350.0747626,0.0,0.0,32.6,154.93,-0.06270745396614075,0.2152932584285736,0.9744622707366943,-0.011823233217000961,-3.09122896194458,-0.11752301454544067,2.704153537750244,0.00041775312274694443,-7.411744445562363e-05,-0.001427647890523076,0.0,0.0,0.0,0.0,0.0,0.0,-0.55897905,0.6080123,10.267562550000001,0.10471975511965978,0.08726646259971647,-0.06981317007977318,-721.0,320.0,-401.0,1600,1600,1599,1599,0,0,0,0
1763969350.1081913,0.0,0.0,32.6,154.93,-0.06276091188192368,0.21523740887641907,0.9744714498519897,-0.011802193708717823,-3.09122896194458,-0.11752301454544067,2.704153537750244,0.00041775312274694443,-7.411744445562363e-05,-0.001427647890523076,0.0,0.0,0.0,0.0,0.0,0.0,-0.55897905,0.6080123,10.267562550000001,0.10471975511965978,0.08726646259971647,-0.06981317007977318,-721.0,320.0,-401.0,1600,1600,1599,1599,0,0,0,0
1763969350.1415966,0.0,0.0,32.62,154.93,-0.06276091188192368,0.21523740887641907,0.9744714498519897,-0.011802193708717823,-3.09122896194458,-0.11752301454544067,2.704153537750244,0.00041775312274694443,-7.411744445562363e-05,-0.001427647890523076,0.0,0.0,0.0,0.0,0.0,0.0,-0.55897905,0.6080123,10.267562550000001,0.10471975511965978,0.08726646259971647,-0.06981317007977318,-721.0,320.0,-401.0,1600,1600,1599,1599,0,0,0,0
1763969350.174996,0.0,0.0,32.62,154.93,-0.06276091188192368,0.21523740887641907,0.9744714498519897,-0.011802193708717823,-3.09122896194458,-0.11752301454544067,2.704153537750244,0.00041775312274694443,-7.411744445562363e-05,-0.001427647890523076,0.0,0.0,0.0,0.0,0.0,0.0,-0.55897905,0.6080123,10.267562550000001,0.10471975511965978,0.08726646259971647,-0.06981317007977318,-721.0,320.0,-401.0,1600,1600,1599,1599,0,0,0,0
1763969350.2084153,0.0,0.0,32.62,154.93,-0.06276091188192368,0.21523740887641907,0.9744714498519897,-0.011802193708717823,-3.091235876083374,-0.1175372451543808,2.7041707038879395,0.00034641800448298454,0.0008849208243191242,-0.001482899533584714,0.0,0.0,0.0,0.0,0.0,0.0,-0.55897905,0.6080123,10.267562550000001,0.10471975511965978,0.08726646259971647,-0.06981317007977318,-721.0,320.0,-401.0,1600,1600,1599,1599,0,0,0,0
1763969350.2418222,0.0,0.0,32.62,154.93,-0.06276091188192368,0.21523740887641907,0.9744714498519897,-0.011802193708717823,-3.091235876083374,-0.1175372451543808,2.7041707038879395,0.00034641800448298454,0.0008849208243191242,-0.001482899533584714,0.0,0.0,0.0,0.0,0.0,0.0,-0.55897905,0.6080123,10.267562550000001,0.10471975511965978,0.08726646259971647,-0.06981317007977318,-721.0,320.0,-401.0,1600,1600,1599,1599,0,0,0,0
1763969350.2752206,0.0,0.0,32.62,154.93,-0.06276091188192368,0.21523740887641907,0.9744714498519897,-0.011802193708717823,-3.091235876083374,-0.1175372451543808,2.7041707038879395,0.00034641800448298454,0.0008849208243191242,-0.001482899533584714,0.0,0.0,0.0,0.0,0.0,0.0,-0.55897905,0.6080123,10.267562550000001,0.10471975511965978,0.08726646259971647,-0.06981317007977318,-721.0,320.0,-401.0,1600,1600,1599,1599,0,0,0,0
1763969350.3086295,0.0,0.0,32.62,154.93,-0.06276091188192368,0.21523740887641907,0.9744714498519897,-0.011802193708717823,-3.091247797012329,-0.11752281337976456,2.704179048538208,0.001211528666317463,0.0004368256777524948,0.0003110456746071577,0.0,0.0,0.0,0.0,0.0,0.0,-0.55897905,0.6080123,10.267562550000001,0.10471975511965978,0.08726646259971647,-0.06981317007977318,-721.0,320.0,-401.0,1600,1600,1599,1599,0,0,0,0
1763969350.342024,0.0,0.0,32.62,154.93,-0.06276091188192368,0.21523740887641907,0.9744714498519897,-0.011802193708717823,-3.091247797012329,-0.11752281337976456,2.704179048538208,0.001211528666317463,0.0004368256777524948,0.0003110456746071577,0.0,0.0,0.0,0.0,0.0,0.0,-0.55897905,0.6080123,10.267562550000001,0.10471975511965978,0.08726646259971647,-0.06981317007977318,-721.0,320.0,-401.0,1600,1600,1599,1599,0,0,0,0
1763969350.3754215,0.0,0.0,32.62,154.93,-0.06276091188192368,0.21523740887641907,0.9744714498519897,-0.011802193708717823,-3.091247797012329,-0.11752281337976456,2.704179048538208,0.001211528666317463,0.0004368256777524948,0.0003110456746071577,0.0,0.0,0.0,0.0,0.0,0.0,-0.5687857000000001,0.6080123,10.2577559,0.10471975511965978,0.06981317007977318,-0.03490658503988659,-719.0,318.0,-406.0,1600,1600,1599,1599,0,0,0,0
1763969350.4088256,0.0,0.0,32.62,154.93,-0.06275861710309982,0.21522559225559235,0.9744743704795837,-0.011793759651482105,-3.091247797012329,-0.11752281337976456,2.704179048538208,0.001211528666317463,0.0004368256777524948,0.0003110456746071577,0.0,0.0,0.0,0.0,0.0,0.0,-0.5687857000000001,0.6080123,10.2577559,0.10471975511965978,0.06981317007977318,-0.03490658503988659,-719.0,318.0,-406.0,1600,1600,1599,1599,0,0,0,0
1763969350.4422197,0.0,0.0,32.62,154.93,-0.06275861710309982,0.21522559225559235,0.9744743704795837,-0.011793759651482105,-3.0912365913391113,-0.11752133071422577,2.704171657562256,-0.0006827688775956631,-0.0006278161890804768,-0.0011311003472656012,0.0,0.0,0.0,0.0,0.0,0.0,-0.5687857000000001,0.6080123,10.2577559,0.10471975511965978,0.06981317007977318,-0.03490658503988659,-719.0,318.0,-406.0,1600,1600,1599,1599,0,0,0,0
1763969350.475617,0.0,0.0,32.62,154.93,-0.06275861710309982,0.21522559225559235,0.9744743704795837,-0.011793759651482105,-3.0912365913391113,-0.11752133071422577,2.704171657562256,-0.0006827688775956631,-0.0006278161890804768,-0.0011311003472656012,0.0,0.0,0.0,0.0,0.0,0.0,-0.5687857000000001,0.6080123,10.2577559,0.10471975511965978,0.06981317007977318,-0.03490658503988659,-719.0,318.0,-406.0,1600,1600,1599,1599,0,0,0,0
1763969350.5090227,0.0,0.0,32.62,154.93,-0.0627591535449028,0.2152288556098938,0.9744734764099121,-0.011799188330769539,-3.0912365913391113,-0.11752133071422577,2.704171657562256,-0.0006827688775956631,-0.0006278161890804768,-0.0011311003472656012,0.0,0.0,0.0,0.0,0.0,0.0,-0.5687857000000001,0.6080123,10.2577559,0.10471975511965978,0.06981317007977318,-0.03490658503988659,-719.0,318.0,-406.0,1600,1600,1599,1599,0,0,0,0
1763969350.542418,0.0,0.0,32.62,154.93,-0.0627591535449028,0.2152288556098938,0.9744734764099121,-0.011799188330769539,-3.0912365913391113,-0.11752133071422577,2.704171657562256,-0.0006827688775956631,-0.0006278161890804768,-0.0011311003472656012,0.0,0.0,0.0,0.0,0.0,0.0,-0.5687857000000001,0.61781895,10.2577559,0.06981317007977318,0.05235987755982989,-0.06981317007977318,-719.0,318.0,-406.0,1600,1600,1599,1599,0,0,0,0
1763969350.5758133,0.0,0.0,32.51,154.93,-0.0627591535449028,0.2152288556098938,0.9744734764099121,-0.011799188330769539,-3.0912365913391113,-0.11752133071422577,2.704171657562256,-0.0006827688775956631,-0.0006278161890804768,-0.0011311003472656012,0.0,0.0,0.0,0.0,0.0,0.0,-0.5687857000000001,0.61781895,10.2577559,0.06981317007977318,0.05235987755982989,-0.06981317007977318,-719.0,318.0,-406.0,1600,1600,1599,1599,0,0,0,0
1763969350.6092274,0.0,0.0,32.51,154.93,-0.0627591535449028,0.2152288556098938,0.9744734764099121,-0.011799188330769539,-3.091230869293213,-0.11751560866832733,2.704190969467163,-5.3676310926675797e-05,-0.0002085268497467041,-0.00016424572095274925,0.0,0.0,0.0,0.0,0.0,0.0,-0.5687857000000001,0.61781895,10.2577559,0.06981317007977318,0.05235987755982989,-0.06981317007977318,-719.0,318.0,-406.0,1600,1600,1599,1599,0,0,0,0
1763969350.642631,0.0,0.0,32.51,154.93,-0.06275688111782074,0.2152194082736969,0.9744756817817688,-0.011803227476775646,-3.091230869293213,-0.11751560866832733,2.704190969467163,-5.3676310926675797e-05,-0.0002085268497467041,-0.00016424572095274925,0.0,0.0,0.0,0.0,0.0,0.0,-0.5687857000000001,0.61781895,10.2577559,0.06981317007977318,0.05235987755982989,-0.06981317007977318,-719.0,318.0,-406.0,1600,1600,1599,1599,0,0,0,0
1763969350.6760292,0.0,0.0,32.51,154.93,-0.06275688111782074,0.2152194082736969,0.9744756817817688,-0.011803227476775646,-3.091230869293213,-0.11751560866832733,2.704190969467163,-5.3676310926675797e-05,-0.0002085268497467041,-0.00016424572095274925,0.0,0.0,0.0,0.0,0.0,0.0,-0.5687857000000001,0.61781895,10.2577559,0.06981317007977318,0.05235987755982989,-0.06981317007977318,-719.0,318.0,-406.0,1600,1600,1599,1599,0,0,0,0
1763969350.7094362,0.0,0.0,32.51,154.93,-0.06275688111782074,0.2152194082736969,0.9744756817817688,-0.011803227476775646,-3.091230869293213,-0.11751560866832733,2.704190969467163,-5.3676310926675797e-05,-0.0002085268497467041,-0.00016424572095274925,0.0,0.0,0.0,0.0,0.0,0.0,-0.5687857000000001,0.61781895,10.2577559,0.06981317007977318,0.05235987755982989,-0.06981317007977318,-719.0,318.0,-406.0,1600,1600,1599,1599,0,0,0,0
1763969350.742842,0.0,0.0,32.51,154.93,-0.06275688111782074,0.2152194082736969,0.9744756817817688,-0.011803227476775646,-3.091230869293213,-0.11751560866832733,2.704190969467163,-5.3676310926675797e-05,-0.0002085268497467041,-0.00016424572095274925,0.0,0.0,0.0,0.0,0.0,0.0,-0.5687857000000001,0.61781895,10.2577559,0.06981317007977318,0.05235987755982989,-0.06981317007977318,-719.0,318.0,-406.0,1600,1600,1599,1599,0,0,0,0
1763969350.7762394,0.0,0.0,32.51,154.93,-0.06275688111782074,0.2152194082736969,0.9744756817817688,-0.011803227476775646,-3.091217279434204,-0.11751193553209305,2.704200506210327,0.0008110534399747849,0.0008557434193789959,-0.0011168268974870443,0.0,0.0,0.0,0.0,0.0,0.0,-0.5687857000000001,0.61781895,10.2577559,0.06981317007977318,0.05235987755982989,-0.06981317007977318,-719.0,318.0,-406.0,1600,1600,1599,1599,0,0,0,0
1763969350.809647,0.0,0.0,32.51,154.93,-0.0627564862370491,0.21521444618701935,0.97447669506073,-0.011810551397502422,-3.091217279434204,-0.11751193553209305,2.704200506210327,0.0008110534399747849,0.0008557434193789959,-0.0011168268974870443,0.0,0.0,0.0,0.0,0.0,0.0,-0.5687857000000001,0.61781895,10.2577559,0.06981317007977318,0.05235987755982989,-0.06981317007977318,-719.0,318.0,-406.0,1600,1600,1599,1599,0,0,0,0
1763969350.8430552,0.0,0.0,32.51,154.93,-0.0627564862370491,0.21521444618701935,0.97447669506073,-0.011810551397502422,-3.091217279434204,-0.11751193553209305,2.704200506210327,0.0008110534399747849,0.0008557434193789959,-0.0011168268974870443,0.0,0.0,0.0,0.0,0.0,0.0,-0.5687857000000001,0.61781895,10.2577559,0.06981317007977318,0.05235987755982989,-0.06981317007977318,-719.0,318.0,-406.0,1600,1600,1599,1599,0,0,0,0
1763969350.876455,0.0,0.0,32.51,154.93,-0.0627564862370491,0.21521444618701935,0.97447669506073,-0.011810551397502422,-3.0912301540374756,-0.11749564856290817,2.7042553424835205,0.0013825693167746067,-0.0002360786311328411,0.0005301311612129211,0.0,0.0,0.0,0.0,0.0,0.0,-0.5687857000000001,0.61781895,10.2577559,0.06981317007977318,0.05235987755982989,-0.06981317007977318,-719.0,318.0,-406.0,1600,1600,1599,1599,0,0,0,0
1763969350.909864,0.0,0.0,32.51,154.93,-0.06274685263633728,0.21518836915493011,0.9744831323623657,-0.011807800270617008,-3.0912301540374756,-0.11749564856290817,2.7042553424835205,0.0013825693167746067,-0.0002360786311328411,0.0005301311612129211,0.0,0.0,0.0,0.0,0.0,0.0,-0.5687857000000001,0.61781895,10.2577559,0.06981317007977318,0.05235987755982989,-0.06981317007977318,-719.0,318.0,-406.0,1600,1600,1599,1599,0,0,0,0
1763969350.9432714,0.0,0.0,32.51,154.93,-0.06274685263633728,0.21518836915493011,0.9744831323623657,-0.011807800270617008,-3.0912301540374756,-0.11749564856290817,2.7042553424835205,0.0013825693167746067,-0.0002360786311328411,0.0005301311612129211,0.0,0.0,0.0,0.0,0.0,0.0,-0.5687857000000001,0.6276256,10.2577559,0.10471975511965978,0.06981317007977318,-0.03490658503988659,-718.0,328.0,-403.0,1600,1600,1599,1599,0,0,0,0
1763969350.9766765,0.0,0.0,32.46,154.94,-0.06274685263633728,0.21518836915493011,0.9744831323623657,-0.011807800270617008,-3.0912301540374756,-0.11749564856290817,2.7042553424835205,0.0013825693167746067,-0.0002360786311328411,0.0005301311612129211,0.0,0.0,0.0,0.0,0.0,0.0,-0.5687857000000001,0.6276256,10.2577559,0.10471975511965978,0.06981317007977318,-0.03490658503988659,-718.0,328.0,-403.0,1600,1600,1599,1599,0,0,0,0
1763969351.010078,0.0,0.0,32.46,154.94,-0.06274685263633728,0.21518836915493011,0.9744831323623657,-0.011807800270617008,-3.0912301540374756,-0.11749564856290817,2.7042553424835205,0.0013825693167746067,-0.0002360786311328411,0.0005301311612129211,0.0,0.0,0.0,0.0,0.0,0.0,-0.5687857000000001,0.6276256,10.2577559,0.10471975511965978,0.06981317007977318,-0.03490658503988659,-718.0,328.0,-403.0,1600,1600,1599,1599,0,0,0,0
1763969351.0434806,0.0,0.0,32.46,154.94,-0.06274685263633728,0.21518836915493011,0.9744831323623657,-0.011807800270617008,-3.091233253479004,-0.1174936443567276,2.704258680343628,-0.00043002888560295105,0.00038173049688339233,-0.0002951838541775942,0.0,0.0,0.0,0.0,0.0,0.0,-0.5687857000000001,0.6276256,10.2577559,0.10471975511965978,0.06981317007977318,-0.03490658503988659,-718.0,328.0,-403.0,1600,1600,1599,1599,0,0,0,0
1763969351.0768795,0.0,0.0,32.46,154.94,-0.06274552643299103,0.21518689393997192,0.9744836091995239,-0.011806605383753777,-3.091233253479004,-0.1174936443567276,2.704258680343628,-0.00043002888560295105,0.00038173049688339233,-0.0002951838541775942,0.0,0.0,0.0,0.0,0.0,0.0,-0.5687857000000001,0.6276256,10.2577559,0.10471975511965978,0.06981317007977318,-0.03490658503988659,-718.0,328.0,-403.0,1600,1600,1599,1599,0,0,0,0
1763969351.1102834,0.0,0.0,32.43,154.94,-0.06274552643299103,0.21518689393997192,0.9744836091995239,-0.011806605383753777,-3.091233253479004,-0.1174936443567276,2.704258680343628,-0.00043002888560295105,0.00038173049688339233,-0.0002951838541775942,0.0,0.0,0.0,0.0,0.0,0.0,-0.5687857000000001,0.6276256,10.2577559,0.10471975511965978,0.06981317007977318,-0.03490658503988659,-718.0,328.0,-403.0,1600,1600,1599,1599,0,0,0,0
1763969351.1436822,0.0,0.0,32.43,154.94,-0.06274552643299103,0.21518689393997192,0.9744836091995239,-0.011806605383753777,-3.091233253479004,-0.1174936443567276,2.704258680343628,-0.00043002888560295105,0.00038173049688339233,-0.0002951838541775942,0.0,0.0,0.0,0.0,0.0,0.0,-0.5687857000000001,0.61781895,10.2577559,0.08726646259971647,0.06981317007977318,-0.05235987755982989,-719.0,319.0,-406.0,1600,1600,1599,1599,0,0,0,0
1763969351.1770823,0.0,0.0,32.43,154.94,-0.06274552643299103,0.21518689393997192,0.9744836091995239,-0.011806605383753777,-3.091261863708496,-0.11749543994665146,2.7042670249938965,0.0002942858263850212,0.0006567700766026974,-0.001123558497056365,0.0,0.0,0.0,0.0,0.0,0.0,-0.5687857000000001,0.61781895,10.2577559,0.08726646259971647,0.06981317007977318,-0.05235987755982989,-719.0,319.0,-406.0,1600,1600,1599,1599,0,0,0,0
1763969351.2104893,0.0,0.0,32.43,154.94,-0.06274325400590897,0.2151837795972824,0.9744845628738403,-0.011792635545134544,-3.091261863708496,-0.11749543994665146,2.7042670249938965,0.0002942858263850212,0.0006567700766026974,-0.001123558497056365,0.0,0.0,0.0,0.0,0.0,0.0,-0.5687857000000001,0.61781895,10.2577559,0.08726646259971647,0.06981317007977318,-0.05235987755982989,-719.0,319.0,-406.0,1600,1600,1599,1599,0,0,0,0
1763969351.2438874,0.0,0.0,32.43,154.94,-0.06274325400590897,0.2151837795972824,0.9744845628738403,-0.011792635545134544,-3.091261863708496,-0.11749543994665146,2.7042670249938965,0.0002942858263850212,0.0006567700766026974,-0.001123558497056365,0.0,0.0,0.0,0.0,0.0,0.0,-0.5687857000000001,0.61781895,10.2577559,0.08726646259971647,0.06981317007977318,-0.05235987755982989,-719.0,319.0,-406.0,1600,1600,1599,1599,0,0,0,0
1763969351.2772944,0.0,0.0,32.43,154.94,-0.06274325400590897,0.2151837795972824,0.9744845628738403,-0.011792635545134544,-3.091261863708496,-0.11749543994665146,2.7042670249938965,0.0002942858263850212,0.0006567700766026974,-0.001123558497056365,0.0,0.0,0.0,0.0,0.0,0.0,-0.5687857000000001,0.61781895,10.2577559,0.08726646259971647,0.06981317007977318,-0.05235987755982989,-719.0,319.0,-406.0,1600,1600,1599,1599,0,0,0,0
1763969351.3107085,0.0,0.0,32.43,154.94,-0.06274325400590897,0.2151837795972824,0.9744845628738403,-0.011792635545134544,-3.091261863708496,-0.11749543994665146,2.7042670249938965,0.0002942858263850212,0.0006567700766026974,-0.001123558497056365,0.0,0.0,0.0,0.0,0.0,0.0,-0.55897905,0.61781895,10.24794925,0.08726646259971647,0.08726646259971647,-0.06981317007977318,-719.0,319.0,-406.0,1600,1600,1599,1599,0,0,0,0
1763969351.3441148,0.0,0.0,32.43,154.94,-0.06274325400590897,0.2151837795972824,0.9744845628738403,-0.011792635545134544,-3.0912528038024902,-0.11749887466430664,2.7042675018310547,0.0010378588922321796,0.0010569104924798012,0.0005180933512747288,0.0,0.0,0.0,0.0,0.0,0.0,-0.55897905,0.61781895,10.24794925,0.08726646259971647,0.08726646259971647,-0.06981317007977318,-719.0,319.0,-406.0,1600,1600,1599,1599,0,0,0,0
1763969351.377512,0.0,0.0,32.43,154.94,-0.06274589896202087,0.2151831090450287,0.9744844436645508,-0.011796689592301846,-3.0912528038024902,-0.11749887466430664,2.7042675018310547,0.0010378588922321796,0.0010569104924798012,0.0005180933512747288,0.0,0.0,0.0,0.0,0.0,0.0,-0.55897905,0.61781895,10.24794925,0.08726646259971647,0.08726646259971647,-0.06981317007977318,-719.0,319.0,-406.0,1600,1600,1599,1599,0,0,0,0
1763969351.4109077,0.0,0.0,32.43,154.94,-0.06274589896202087,0.2151831090450287,0.9744844436645508,-0.011796689592301846,-3.0912528038024902,-0.11749887466430664,2.7042675018310547,0.0010378588922321796,0.0010569104924798012,0.0005180933512747288,0.0,0.0,0.0,0.0,0.0,0.0,-0.55897905,0.61781895,10.24794925,0.08726646259971647,0.08726646259971647,-0.06981317007977318,-719.0,319.0,-406.0,1600,1600,1599,1599,0,0,0,0
1763969351.4443045,0.0,0.0,32.43,154.94,-0.06274589896202087,0.2151831090450287,0.9744844436645508,-0.011796689592301846,-3.0912528038024902,-0.11749887466430664,2.7042675018310547,0.0010378588922321796,0.0010569104924798012,0.0005180933512747288,0.0,0.0,0.0,0.0,0.0,0.0,-0.55897905,0.61781895,10.24794925,0.08726646259971647,0.08726646259971647,-0.06981317007977318,-719.0,319.0,-406.0,1600,1600,1599,1599,0,0,0,0
1763969351.4777045,0.0,0.0,32.43,154.94,-0.06274589896202087,0.2151831090450287,0.9744844436645508,-0.011796689592301846,-3.0912528038024902,-0.11749887466430664,2.7042675018310547,0.0010378588922321796,0.0010569104924798012,0.0005180933512747288,0.0,0.0,0.0,0.0,0.0,0.0,-0.55897905,0.61781895,10.2577559,0.10471975511965978,0.08726646259971647,-0.03490658503988659,-719.0,319.0,-406.0,1600,1600,1599,1599,0,0,0,0
1763969351.5111103,0.0,0.0,32.43,154.94,-0.06274589896202087,0.2151831090450287,0.9744844436645508,-0.011796689592301846,-3.091238498687744,-0.11749569326639175,2.7042548656463623,0.0011152531951665878,0.0002420344389975071,0.0006087829824537039,0.0,0.0,0.0,0.0,0.0,0.0,-0.55897905,0.61781895,10.2577559,0.10471975511965978,0.08726646259971647,-0.03490658503988659,-719.0,319.0,-406.0,1600,1600,1599,1599,0,0,0,0
1763969351.5445094,0.0,0.0,32.43,154.94,-0.06274598091840744,0.2151889055967331,0.974483072757721,-0.011803691275417805,-3.091238498687744,-0.11749569326639175,2.7042548656463623,0.0011152531951665878,0.0002420344389975071,0.0006087829824537039,0.0,0.0,0.0,0.0,0.0,0.0,-0.55897905,0.61781895,10.2577559,0.10471975511965978,0.08726646259971647,-0.03490658503988659,-719.0,319.0,-406.0,1600,1600,1599,1599,0,0,0,0
1763969351.577912,0.0,0.0,32.43,154.94,-0.06274598091840744,0.2151889055967331,0.974483072757721,-0.011803691275417805,-3.091238498687744,-0.11749569326639175,2.7042548656463623,0.0011152531951665878,0.0002420344389975071,0.0006087829824537039,0.0,0.0,0.0,0.0,0.0,0.0,-0.55897905,0.61781895,10.2577559,0.10471975511965978,0.08726646259971647,-0.03490658503988659,-719.0,319.0,-406.0,1600,1600,1599,1599,0,0,0,0
1763969351.6113083,0.0,0.0,32.43,154.94,-0.06274598091840744,0.2151889055967331,0.974483072757721,-0.011803691275417805,-3.091238498687744,-0.11749569326639175,2.7042548656463623,0.0011152531951665878,0.0002420344389975071,0.0006087829824537039,0.0,0.0,0.0,0.0,0.0,0.0,-0.5687857000000001,0.6276256,10.24794925,0.10471975511965978,0.06981317007977318,-0.03490658503988659,-716.0,322.0,-404.0,1600,1600,1599,1599,0,0,0,0
1763969351.6447196,0.0,0.0,32.58,154.94,-0.06274598091840744,0.2151889055967331,0.974483072757721,-0.011803691275417805,-3.091238498687744,-0.11749569326639175,2.7042548656463623,0.0011152531951665878,0.0002420344389975071,0.0006087829824537039,0.0,0.0,0.0,0.0,0.0,0.0,-0.5687857000000001,0.6276256,10.24794925,0.10471975511965978,0.06981317007977318,-0.03490658503988659,-716.0,322.0,-404.0,1600,1600,1599,1599,0,0,0,0
1763969351.6781204,0.0,0.0,32.58,154.94,-0.06274598091840744,0.2151889055967331,0.974483072757721,-0.011803691275417805,-3.091236114501953,-0.11751093715429306,2.704245090484619,0.0009462232701480389,0.000849840696901083,-0.0007011189591139555,0.0,0.0,0.0,0.0,0.0,0.0,-0.5687857000000001,0.6276256,10.24794925,0.10471975511965978,0.06981317007977318,-0.03490658503988659,-716.0,322.0,-404.0,1600,1600,1599,1599,0,0,0,0
1763969351.7115166,0.0,0.0,32.58,154.94,-0.06274598091840744,0.2151889055967331,0.974483072757721,-0.011803691275417805,-3.0912389755249023,-0.11747536808252335,2.7041380405426025,0.0018372433260083199,0.0003436654806137085,0.00026531447656452656,0.0,0.0,0.0,0.0,0.0,0.0,-0.5687857000000001,0.6276256,10.24794925,0.10471975511965978,0.06981317007977318,-0.03490658503988659,-716.0,322.0,-404.0,1600,1600,1599,1599,0,0,0,0
1763969351.7449129,0.0,0.0,32.58,154.94,-0.06273671984672546,0.21524621546268463,0.9744710326194763,-0.011802015826106071,-3.0912389755249023,-0.11747536808252335,2.7041380405426025,0.0018372433260083199,0.0003436654806137085,0.00026531447656452656,0.0,0.0,0.0,0.0,0.0,0.0,-0.5687857000000001,0.6276256,10.24794925,0.10471975511965978,0.06981317007977318,-0.03490658503988659,-716.0,322.0,-404.0,1600,1600,1599,1599,0,0,0,0
1763969351.7783105,0.0,0.0,32.51,154.93,-0.06273671984672546,0.21524621546268463,0.9744710326194763,-0.011802015826106071,-3.0912389755249023,-0.11747536808252335,2.7041380405426025,0.0018372433260083199,0.0003436654806137085,0.00026531447656452656,0.0,0.0,0.0,0.0,0.0,0.0,-0.5687857000000001,0.6276256,10.24794925,0.10471975511965978,0.06981317007977318,-0.03490658503988659,-716.0,322.0,-404.0,1600,1600,1599,1599,0,0,0,0
1763969351.8117056,0.0,0.0,32.51,154.93,-0.06273671984672546,0.21524621546268463,0.9744710326194763,-0.011802015826106071,-3.0912389755249023,-0.11747536808252335,2.7041380405426025,0.0018372433260083199,0.0003436654806137085,0.00026531447656452656,0.0,0.0,0.0,0.0,0.0,0.0,-0.5687857000000001,0.6276256,10.24794925,0.10471975511965978,0.06981317007977318,-0.03490658503988659,-716.0,322.0,-404.0,1600,1600,1599,1599,0,0,0,0
1763969351.8451033,0.0,0.0,32.51,154.93,-0.06273671984672546,0.21524621546268463,0.9744710326194763,-0.011802015826106071,-3.0912389755249023,-0.11747536808252335,2.7041380405426025,0.0018372433260083199,0.0003436654806137085,0.00026531447656452656,0.0,0.0,0.0,0.0,0.0,0.0,-0.5687857000000001,0.6276256,10.24794925,0.10471975511965978,0.06981317007977318,-0.03490658503988659,-716.0,322.0,-404.0,1600,1600,1599,1599,0,0,0,0
1763969351.8785014,0.0,0.0,32.51,154.93,-0.06273671984672546,0.21524621546268463,0.9744710326194763,-0.011802015826106071,-3.0912389755249023,-0.11747536808252335,2.7041380405426025,0.0018372433260083199,0.0003436654806137085,0.00026531447656452656,0.0,0.0,0.0,0.0,0.0,0.0,-0.55897905,0.61781895,10.2577559,0.12217304763960307,0.06981317007977318,-0.03490658503988659,-721.0,320.0,-405.0,1600,1600,1599,1599,0,0,0,0
1763969351.9119089,0.0,0.0,32.51,154.93,-0.06273671984672546,0.21524621546268463,0.9744710326194763,-0.011802015826106071,-3.091221570968628,-0.11749856919050217,2.7041397094726562,-0.0014713997952640057,-0.00024494295939803123,-0.0003382058348506689,0.0,0.0,0.0,0.0,0.0,0.0,-0.55897905,0.61781895,10.2577559,0.12217304763960307,0.06981317007977318,-0.03490658503988659,-721.0,320.0,-405.0,1600,1600,1599,1599,0,0,0,0
1763969351.9453154,0.0,0.0,32.51,154.93,-0.06274986267089844,0.21524445712566376,0.9744705557823181,-0.01180792786180973,-3.091221570968628,-0.11749856919050217,2.7041397094726562,-0.0014713997952640057,-0.00024494295939803123,-0.0003382058348506689,0.0,0.0,0.0,0.0,0.0,0.0,-0.55897905,0.61781895,10.2577559,0.12217304763960307,0.06981317007977318,-0.03490658503988659,-721.0,320.0,-405.0,1600,1600,1599,1599,0,0,0,0
1763969351.9787157,0.0,0.0,32.62,154.93,-0.06274986267089844,0.21524445712566376,0.9744705557823181,-0.01180792786180973,-3.091221570968628,-0.11749856919050217,2.7041397094726562,-0.0014713997952640057,-0.00024494295939803123,-0.0003382058348506689,0.0,0.0,0.0,0.0,0.0,0.0,-0.55897905,0.61781895,10.2577559,0.12217304763960307,0.06981317007977318,-0.03490658503988659,-721.0,320.0,-405.0,1600,1600,1599,1599,0,0,0,0
1763969352.0121138,0.0,0.0,32.62,154.93,-0.06274986267089844,0.21524445712566376,0.9744705557823181,-0.01180792786180973,-3.091221570968628,-0.11749856919050217,2.7041397094726562,-0.0014713997952640057,-0.00024494295939803123,-0.0003382058348506689,0.0,0.0,0.0,0.0,0.0,0.0,-0.55897905,0.61781895,10.2577559,0.12217304763960307,0.06981317007977318,-0.03490658503988659,-721.0,320.0,-405.0,1600,1600,1599,1599,0,0,0,0
1763969352.0455492,0.0,0.0,32.62,154.93,-0.06274986267089844,0.21524445712566376,0.9744705557823181,-0.01180792786180973,-3.091221570968628,-0.11749856919050217,2.7041397094726562,-0.0014713997952640057,-0.00024494295939803123,-0.0003382058348506689,0.0,0.0,0.0,0.0,0.0,0.0,-0.55897905,0.61781895,10.2577559,0.12217304763960307,0.06981317007977318,-0.03490658503988659,-721.0,320.0,-405.0,1600,1600,1599,1599,0,0,0,0
1763969352.0789573,0.0,0.0,32.62,154.93,-0.06274986267089844,0.21524445712566376,0.9744705557823181,-0.01180792786180973,-3.091221570968628,-0.11749856919050217,2.7041397094726562,-0.0014713997952640057,-0.00024494295939803123,-0.0003382058348506689,0.0,0.0,0.0,0.0,0.0,0.0,-0.5687857000000001,0.6080123,10.2577559,0.06981317007977318,0.06981317007977318,-0.05235987755982989,-715.0,325.0,-403.0,1600,1600,1599,1599,0,0,0,0
1763969352.1123736,0.0,0.0,32.62,154.93,-0.06274986267089844,0.21524445712566376,0.9744705557823181,-0.01180792786180973,-3.091228485107422,-0.1175023764371872,2.704111337661743,-0.0009394902735948563,0.0006384518928825855,0.00046033249236643314,0.0,0.0,0.0,0.0,0.0,0.0,-0.5687857000000001,0.6080123,10.2577559,0.06981317007977318,0.06981317007977318,-0.05235987755982989,-715.0,325.0,-403.0,1600,1600,1599,1599,0,0,0,0
1763969352.1457803,0.0,0.0,32.62,154.93,-0.0627511590719223,0.2152584195137024,0.974467396736145,-0.01180333737283945,-3.091228485107422,-0.1175023764371872,2.704111337661743,-0.0009394902735948563,0.0006384518928825855,0.00046033249236643314,0.0,0.0,0.0,0.0,0.0,0.0,-0.5687857000000001,0.6080123,10.2577559,0.06981317007977318,0.06981317007977318,-0.05235987755982989,-715.0,325.0,-403.0,1600,1600,1599,1599,0,0,0,0
1763969352.1791873,0.0,0.0,32.62,154.93,-0.0627511590719223,0.2152584195137024,0.974467396736145,-0.01180333737283945,-3.091228485107422,-0.1175023764371872,2.704111337661743,-0.0009394902735948563,0.0006384518928825855,0.00046033249236643314,0.0,0.0,0.0,0.0,0.0,0.0,-0.5687857000000001,0.6080123,10.2577559,0.06981317007977318,0.06981317007977318,-0.05235987755982989,-715.0,325.0,-403.0,1600,1600,1599,1599,0,0,0,0
1763969352.2125955,0.0,0.0,32.62,154.93,-0.0627511590719223,0.2152584195137024,0.974467396736145,-0.01180333737283945,-3.091228485107422,-0.1175023764371872,2.704111337661743,-0.0009394902735948563,0.0006384518928825855,0.00046033249236643314,0.0,0.0,0.0,0.0,0.0,0.0,-0.57859235,0.61781895,10.24794925,0.06981317007977318,0.08726646259971647,-0.03490658503988659,-715.0,325.0,-403.0,1600,1600,1599,1599,0,0,0,0
1763969352.2460022,0.0,0.0,32.62,154.93,-0.0627511590719223,0.2152584195137024,0.974467396736145,-0.01180333737283945,-3.091228485107422,-0.1175023764371872,2.704111337661743,-0.0009394902735948563,0.0006384518928825855,0.00046033249236643314,0.0,0.0,0.0,0.0,0.0,0.0,-0.57859235,0.61781895,10.24794925,0.06981317007977318,0.08726646259971647,-0.03490658503988659,-715.0,325.0,-403.0,1600,1600,1599,1599,0,0,0,0
1763969352.2794092,0.0,0.0,32.62,154.93,-0.0627511590719223,0.2152584195137024,0.974467396736145,-0.01180333737283945,-3.0912387371063232,-0.11749716103076935,2.7040817737579346,-0.00177481840364635,0.00026308465749025345,0.00028435932472348213,0.0,0.0,0.0,0.0,0.0,0.0,-0.57859235,0.61781895,10.24794925,0.06981317007977318,0.08726646259971647,-0.03490658503988659,-715.0,325.0,-403.0,1600,1600,1599,1599,0,0,0,0
1763969352.312816,0.0,0.0,32.62,154.93,-0.06274767965078354,0.21527321636676788,0.974464476108551,-0.011797907762229443,-3.0912387371063232,-0.11749716103076935,2.7040817737579346,-0.00177481840364635,0.00026308465749025345,0.00028435932472348213,0.0,0.0,0.0,0.0,0.0,0.0,-0.57859235,0.61781895,10.24794925,0.06981317007977318,0.08726646259971647,-0.03490658503988659,-715.0,325.0,-403.0,1600,1600,1599,1599,0,0,0,0
1763969352.3462222,0.0,0.0,32.62,154.93,-0.06274767965078354,0.21527321636676788,0.974464476108551,-0.011797907762229443,-3.0912387371063232,-0.11749716103076935,2.7040817737579346,-0.00177481840364635,0.00026308465749025345,0.00028435932472348213,0.0,0.0,0.0,0.0,0.0,0.0,-0.57859235,0.61781895,10.24794925,0.06981317007977318,0.08726646259971647,-0.03490658503988659,-715.0,325.0,-403.0,1600,1600,1599,1599,0,0,0,0
1763969352.3796287,0.0,0.0,32.62,154.93,-0.06274767965078354,0.21527321636676788,0.974464476108551,-0.011797907762229443,-3.0912387371063232,-0.11749716103076935,2.7040817737579346,-0.00177481840364635,0.00026308465749025345,0.00028435932472348213,0.0,0.0,0.0,0.0,0.0,0.0,-0.57859235,0.61781895,10.24794925,0.06981317007977318,0.08726646259971647,-0.03490658503988659,-715.0,325.0,-403.0,1600,1600,1599,1599,0,0,0,0
1763969352.4130356,0.0,0.0,32.62,154.93,-0.06274767965078354,0.21527321636676788,0.974464476108551,-0.011797907762229443,-3.0912387371063232,-0.11749716103076935,2.7040817737579346,-0.00177481840364635,0.00026308465749025345,0.00028435932472348213,0.0,0.0,0.0,0.0,0.0,0.0,-0.5687857000000001,0.61781895,10.24794925,0.05235987755982989,0.06981317007977318,-0.03490658503988659,-715.0,325.0,-403.0,1600,1600,1599,1599,0,0,0,0
1763969352.4465578,0.0,0.0,32.62,154.93,-0.06274767965078354,0.21527321636676788,0.974464476108551,-0.011797907762229443,-3.091214656829834,-0.11748197674751282,2.7040648460388184,-0.00135102029889822,-0.00247255084104836,-0.0007811835967004299,0.0,0.0,0.0,0.0,0.0,0.0,-0.5687857000000001,0.61781895,10.24794925,0.05235987755982989,0.06981317007977318,-0.03490658503988659,-715.0,325.0,-403.0,1600,1600,1599,1599,0,0,0,0
1763969352.4799643,0.0,0.0,32.56,154.93,-0.06274767965078354,0.21527321636676788,0.974464476108551,-0.011797907762229443,-3.091214656829834,-0.11748197674751282,2.7040648460388184,-0.00135102029889822,-0.00247255084104836,-0.0007811835967004299,0.0,0.0,0.0,0.0,0.0,0.0,-0.5687857000000001,0.61781895,10.24794925,0.05235987755982989,0.06981317007977318,-0.03490658503988659,-715.0,325.0,-403.0,1600,1600,1599,1599,0,0,0,0
1763969352.513369,0.0,0.0,32.56,154.93,-0.06274767965078354,0.21527321636676788,0.974464476108551,-0.011797907762229443,-3.091204881668091,-0.11754270642995834,2.7039992809295654,0.0002460656687617302,-0.0005183955654501915,-0.00042091612704098225,0.0,0.0,0.0,0.0,0.0,0.0,-0.5687857000000001,0.61781895,10.24794925,0.05235987755982989,0.06981317007977318,-0.03490658503988659,-715.0,325.0,-403.0,1600,1600,1599,1599,0,0,0,0
1763969352.5467725,0.0,0.0,32.56,154.93,-0.06277399510145187,0.2153114676475525,0.9744541645050049,-0.0118069127202034,-3.091204881668091,-0.11754270642995834,2.7039992809295654,0.0002460656687617302,-0.0005183955654501915,-0.00042091612704098225,0.0,0.0,0.0,0.0,0.0,0.0,-0.5687857000000001,0.61781895,10.24794925,0.05235987755982989,0.06981317007977318,-0.03490658503988659,-715.0,325.0,-403.0,1600,1600,1599,1599,0,0,0,0
1763969352.5801694,0.0,0.0,32.5,154.92,-0.06277399510145187,0.2153114676475525,0.9744541645050049,-0.0118069127202034,-3.091204881668091,-0.11754270642995834,2.7039992809295654,0.0002460656687617302,-0.0005183955654501915,-0.00042091612704098225,0.0,0.0,0.0,0.0,0.0,0.0,-0.5687857000000001,0.61781895,10.24794925,0.05235987755982989,0.06981317007977318,-0.03490658503988659,-715.0,325.0,-403.0,1600,1600,1599,1599,0,0,0,0
1763969352.6135762,0.0,0.0,32.5,154.92,-0.06277399510145187,0.2153114676475525,0.9744541645050049,-0.0118069127202034,-3.091204881668091,-0.11754270642995834,2.7039992809295654,0.0002460656687617302,-0.0005183955654501915,-0.00042091612704098225,0.0,0.0,0.0,0.0,0.0,0.0,-0.5687857000000001,0.61781895,10.24794925,0.05235987755982989,0.06981317007977318,-0.03490658503988659,-715.0,325.0,-403.0,1600,1600,1599,1599,0,0,0,0
1763969352.6469827,0.0,0.0,32.5,154.92,-0.06277399510145187,0.2153114676475525,0.9744541645050049,-0.0118069127202034,-3.091204881668091,-0.11754270642995834,2.7039992809295654,0.0002460656687617302,-0.0005183955654501915,-0.00042091612704098225,0.0,0.0,0.0,0.0,0.0,0.0,-0.5687857000000001,0.61781895,10.24794925,0.08726646259971647,0.06981317007977318,-0.05235987755982989,-717.0,322.0,-403.0,1600,1600,1599,1599,0,0,0,0
1763969352.6803877,0.0,0.0,32.5,154.92,-0.06277399510145187,0.2153114676475525,0.9744541645050049,-0.0118069127202034,-3.091204881668091,-0.11754270642995834,2.7039992809295654,0.0002460656687617302,-0.0005183955654501915,-0.00042091612704098225,0.0,0.0,0.0,0.0,0.0,0.0,-0.5687857000000001,0.61781895,10.24794925,0.08726646259971647,0.06981317007977318,-0.05235987755982989,-717.0,322.0,-403.0,1600,1600,1599,1599,0,0,0,0
1763969352.7137957,0.0,0.0,32.5,154.92,-0.06277399510145187,0.2153114676475525,0.9744541645050049,-0.0118069127202034,-3.091204881668091,-0.11754270642995834,2.7039992809295654,0.0002460656687617302,-0.0005183955654501915,-0.00042091612704098225,0.0,0.0,0.0,0.0,0.0,0.0,-0.5687857000000001,0.61781895,10.24794925,0.08726646259971647,0.08726646259971647,-0.05235987755982989,-717.0,322.0,-403.0,1600,1600,1599,1599,0,0,0,0
1763969352.747201,0.0,0.0,32.5,154.92,-0.06277962028980255,0.21531952917575836,0.9744521379470825,-0.011804766952991486,-3.091204881668091,-0.11754270642995834,2.7039992809295654,0.0002460656687617302,-0.0005183955654501915,-0.00042091612704098225,0.0,0.0,0.0,0.0,0.0,0.0,-0.5687857000000001,0.61781895,10.24794925,0.08726646259971647,0.08726646259971647,-0.05235987755982989,-717.0,322.0,-403.0,1600,1600,1599,1599,0,0,0,0
1763969352.7806072,0.0,0.0,32.5,154.92,-0.06277962028980255,0.21531952917575836,0.9744521379470825,-0.011804766952991486,-3.091204881668091,-0.11754270642995834,2.7039992809295654,0.0002460656687617302,-0.0005183955654501915,-0.00042091612704098225,0.0,0.0,0.0,0.0,0.0,0.0,-0.5687857000000001,0.61781895,10.24794925,0.08726646259971647,0.08726646259971647,-0.05235987755982989,-717.0,322.0,-403.0,1600,1600,1599,1599,0,0,0,0
1763969352.8140118,0.0,0.0,32.5,154.92,-0.06277962028980255,0.21531952917575836,0.9744521379470825,-0.011804766952991486,-3.091216564178467,-0.11754503846168518,2.7039897441864014,-7.73225910961628e-05,-0.0004598265513777733,0.00024762237444519997,0.0,0.0,0.0,0.0,0.0,0.0,-0.5687857000000001,0.61781895,10.24794925,0.08726646259971647,0.08726646259971647,-0.05235987755982989,-717.0,322.0,-403.0,1600,1600,1599,1599,0,0,0,0
1763969352.8474164,0.0,0.0,32.5,154.92,-0.06277962028980255,0.21531952917575836,0.9744521379470825,-0.011804766952991486,-3.091216564178467,-0.11754503846168518,2.7039897441864014,-7.73225910961628e-05,-0.0004598265513777733,0.00024762237444519997,0.0,0.0,0.0,0.0,0.0,0.0,-0.5687857000000001,0.61781895,10.24794925,0.08726646259971647,0.08726646259971647,-0.05235987755982989,-717.0,322.0,-403.0,1600,1600,1599,1599,0,0,0,0
1763969352.8808236,0.0,0.0,32.5,154.92,-0.06277962028980255,0.21531952917575836,0.9744521379470825,-0.011804766952991486,-3.091216564178467,-0.11754503846168518,2.7039897441864014,-7.73225910961628e-05,-0.0004598265513777733,0.00024762237444519997,0.0,0.0,0.0,0.0,0.0,0.0,-0.5687857000000001,0.61781895,10.24794925,0.08726646259971647,0.08726646259971647,-0.05235987755982989,-717.0,322.0,-403.0,1600,1600,1599,1599,0,0,0,0
1763969352.9142268,0.0,0.0,32.5,154.92,-0.06277962028980255,0.21531952917575836,0.9744521379470825,-0.011804766952991486,-3.091216564178467,-0.11754503846168518,2.7039897441864014,-7.73225910961628e-05,-0.0004598265513777733,0.00024762237444519997,0.0,0.0,0.0,0.0,0.0,0.0,-0.5687857000000001,0.61781895,10.24794925,0.08726646259971647,0.08726646259971647,-0.05235987755982989,-717.0,322.0,-403.0,1600,1600,1599,1599,0,0,0,0
1763969352.9476411,0.0,0.0,32.5,154.92,-0.06277962028980255,0.21531952917575836,0.9744521379470825,-0.011804766952991486,-3.091200828552246,-0.11754240095615387,2.703949213027954,0.0009104893542826176,0.0007422314956784248,-0.00033577694557607174,0.0,0.0,0.0,0.0,0.0,0.0,-0.5687857000000001,0.61781895,10.24794925,0.08726646259971647,0.08726646259971647,-0.05235987755982989,-717.0,322.0,-403.0,1600,1600,1599,1599,0,0,0,0
1763969352.9810467,0.0,0.0,32.5,154.92,-0.06277456134557724,0.21533572673797607,0.9744488000869751,-0.011807307600975037,-3.091200828552246,-0.11754240095615387,2.703949213027954,0.0009104893542826176,0.0007422314956784248,-0.00033577694557607174,0.0,0.0,0.0,0.0,0.0,0.0,-0.5687857000000001,0.61781895,10.24794925,0.08726646259971647,0.08726646259971647,-0.05235987755982989,-717.0,322.0,-403.0,1600,1600,1599,1599,0,0,0,0
1763969353.0144422,0.0,0.0,32.61,154.92,-0.06277456134557724,0.21533572673797607,0.9744488000869751,-0.011807307600975037,-3.091200828552246,-0.11754240095615387,2.703949213027954,0.0009104893542826176,0.0007422314956784248,-0.00033577694557607174,0.0,0.0,0.0,0.0,0.0,0.0,-0.5687857000000001,0.61781895,10.24794925,0.08726646259971647,0.08726646259971647,-0.05235987755982989,-717.0,322.0,-403.0,1600,1600,1599,1599,0,0,0,0
1763969353.0478458,0.0,0.0,32.61,154.92,-0.06277456134557724,0.21533572673797607,0.9744488000869751,-0.011807307600975037,-3.091200828552246,-0.11754240095615387,2.703949213027954,0.0009104893542826176,0.0007422314956784248,-0.00033577694557607174,0.0,0.0,0.0,0.0,0.0,0.0,-0.5687857000000001,0.61781895,10.24794925,0.08726646259971647,0.08726646259971647,-0.05235987755982989,-717.0,322.0,-403.0,1600,1600,1599,1599,0,0,0,0
1763969353.0812464,0.0,0.0,32.61,154.92,-0.06277456134557724,0.21533572673797607,0.9744488000869751,-0.011807307600975037,-3.091200828552246,-0.11754240095615387,2.703949213027954,0.0009104893542826176,0.0007422314956784248,-0.00033577694557607174,0.0,0.0,0.0,0.0,0.0,0.0,-0.5687857000000001,0.61781895,10.2577559,0.10471975511965978,0.08726646259971647,-0.05235987755982989,-716.0,324.0,-401.0,1600,1600,1599,1599,0,0,0,0
1763969353.1146598,0.0,0.0,32.61,154.92,-0.06277456134557724,0.21533572673797607,0.9744488000869751,-0.011807307600975037,-3.0912652015686035,-0.11758191883563995,2.703989028930664,0.000591612420976162,0.0004762653261423111,-0.00038828980177640915,0.0,0.0,0.0,0.0,0.0,0.0,-0.5687857000000001,0.61781895,10.2577559,0.10471975511965978,0.08726646259971647,-0.05235987755982989,-716.0,324.0,-401.0,1600,1600,1599,1599,0,0,0,0
1763969353.1480868,0.0,0.0,32.61,154.92,-0.06278665363788605,0.21531769633293152,0.9744524359703064,-0.011772895231842995,-3.0912652015686035,-0.11758191883563995,2.703989028930664,0.000591612420976162,0.0004762653261423111,-0.00038828980177640915,0.0,0.0,0.0,0.0,0.0,0.0,-0.5687857000000001,0.61781895,10.2577559,0.10471975511965978,0.08726646259971647,-0.05235987755982989,-716.0,324.0,-401.0,1600,1600,1599,1599,0,0,0,0
1763969353.1815114,0.0,0.0,32.69,154.92,-0.06278665363788605,0.21531769633293152,0.9744524359703064,-0.011772895231842995,-3.0912652015686035,-0.11758191883563995,2.703989028930664,0.000591612420976162,0.0004762653261423111,-0.00038828980177640915,0.0,0.0,0.0,0.0,0.0,0.0,-0.5687857000000001,0.61781895,10.2577559,0.10471975511965978,0.08726646259971647,-0.05235987755982989,-716.0,324.0,-401.0,1600,1600,1599,1599,0,0,0,0
1763969353.2150073,0.0,0.0,32.69,154.92,-0.06278665363788605,0.21531769633293152,0.9744524359703064,-0.011772895231842995,-3.091273784637451,-0.11758308112621307,2.703986167907715,9.192852303385735e-05,-0.0015796050429344177,-0.0004042615182697773,0.0,0.0,0.0,0.0,0.0,0.0,-0.5687857000000001,0.61781895,10.2577559,0.10471975511965978,0.08726646259971647,-0.05235987755982989,-716.0,324.0,-401.0,1600,1600,1599,1599,0,0,0,0
1763969353.2484279,0.0,0.0,32.69,154.92,-0.06278631836175919,0.21531929075717926,0.9744521975517273,-0.011768524535000324,-3.091273784637451,-0.11758308112621307,2.703986167907715,9.192852303385735e-05,-0.0015796050429344177,-0.0004042615182697773,0.0,0.0,0.0,0.0,0.0,0.0,-0.5687857000000001,0.61781895,10.2577559,0.10471975511965978,0.08726646259971647,-0.05235987755982989,-716.0,324.0,-401.0,1600,1600,1599,1599,0,0,0,0
1763969353.2818625,0.0,0.0,32.55,154.92,-0.06278631836175919,0.21531929075717926,0.9744521975517273,-0.011768524535000324,-3.091273784637451,-0.11758308112621307,2.703986167907715,9.192852303385735e-05,-0.0015796050429344177,-0.0004042615182697773,0.0,0.0,0.0,0.0,0.0,0.0,-0.5687857000000001,0.61781895,10.2577559,0.10471975511965978,0.08726646259971647,-0.05235987755982989,-716.0,324.0,-401.0,1600,1600,1599,1599,0,0,0,0
1763969353.3152776,0.0,0.0,32.55,154.92,-0.06278631836175919,0.21531929075717926,0.9744521975517273,-0.011768524535000324,-3.091273784637451,-0.11758308112621307,2.703986167907715,9.192852303385735e-05,-0.0015796050429344177,-0.0004042615182697773,0.0,0.0,0.0,0.0,0.0,0.0,-0.5687857000000001,0.61781895,10.2577559,0.10471975511965978,0.08726646259971647,-0.05235987755982989,-716.0,324.0,-401.0,1600,1600,1599,1599,0,0,0,0
1763969353.3527696,0.0,0.0,32.55,154.92,-0.06278631836175919,0.21531929075717926,0.9744521975517273,-0.011768524535000324,-3.091273784637451,-0.11758308112621307,2.703986167907715,9.192852303385735e-05,-0.0015796050429344177,-0.0004042615182697773,0.0,0.0,0.0,0.0,0.0,0.0,-0.5687857000000001,0.61781895,10.24794925,0.08726646259971647,0.05235987755982989,-0.05235987755982989,-715.0,321.0,-400.0,1600,1600,1599,1599,0,0,0,0
1763969353.3821042,0.0,0.0,32.55,154.92,-0.06278631836175919,0.21531929075717926,0.9744521975517273,-0.011768524535000324,-3.091294765472412,-0.11758086830377579,2.703986406326294,-0.0006251619197428226,-4.491070285439491e-05,6.255693733692169e-05,0.0,0.0,0.0,0.0,0.0,0.0,-0.5687857000000001,0.61781895,10.24794925,0.08726646259971647,0.05235987755982989,-0.05235987755982989,-715.0,321.0,-400.0,1600,1600,1599,1599,0,0,0,0
1763969353.4155097,0.0,0.0,32.55,154.92,-0.06278298795223236,0.21531988680362701,0.9744523763656616,-0.011758578009903431,-3.091294765472412,-0.11758086830377579,2.703986406326294,-0.0006251619197428226,-4.491070285439491e-05,6.255693733692169e-05,0.0,0.0,0.0,0.0,0.0,0.0,-0.5687857000000001,0.61781895,10.24794925,0.08726646259971647,0.05235987755982989,-0.05235987755982989,-715.0,321.0,-400.0,1600,1600,1599,1599,0,0,0,0
1763969353.4489133,0.0,0.0,32.55,154.92,-0.06278298795223236,0.21531988680362701,0.9744523763656616,-0.011758578009903431,-3.091294765472412,-0.11758086830377579,2.703986406326294,-0.0006251619197428226,-4.491070285439491e-05,6.255693733692169e-05,0.0,0.0,0.0,0.0,0.0,0.0,-0.5687857000000001,0.61781895,10.24794925,0.08726646259971647,0.05235987755982989,-0.05235987755982989,-715.0,321.0,-400.0,1600,1600,1599,1599,0,0,0,0
1763969353.4823203,0.0,0.0,32.55,154.92,-0.06278298795223236,0.21531988680362701,0.9744523763656616,-0.011758578009903431,-3.091294765472412,-0.11758086830377579,2.703986406326294,-0.0006251619197428226,-4.491070285439491e-05,6.255693733692169e-05,0.0,0.0,0.0,0.0,0.0,0.0,-0.5687857000000001,0.61781895,10.24794925,0.08726646259971647,0.05235987755982989,-0.05235987755982989,-715.0,321.0,-400.0,1600,1600,1599,1599,0,0,0,0
1763969353.5157268,0.0,0.0,32.55,154.92,-0.06278298795223236,0.21531988680362701,0.9744523763656616,-0.011758578009903431,-3.091294765472412,-0.11758086830377579,2.703986406326294,-0.0006251619197428226,-4.491070285439491e-05,6.255693733692169e-05,0.0,0.0,0.0,0.0,0.0,0.0,-0.5687857000000001,0.6080123,10.24794925,0.06981317007977318,0.06981317007977318,-0.05235987755982989,-715.0,321.0,-400.0,1600,1600,1599,1599,0,0,0,0
1763969353.549131,0.0,0.0,32.55,154.92,-0.06278298795223236,0.21531988680362701,0.9744523763656616,-0.011758578009903431,-3.091296672821045,-0.11759490519762039,2.7039954662323,-4.345085471868515e-05,0.0005321511998772621,-0.0005841266829520464,0.0,0.0,0.0,0.0,0.0,0.0,-0.5687857000000001,0.6080123,10.24794925,0.06981317007977318,0.06981317007977318,-0.05235987755982989,-715.0,321.0,-400.0,1600,1600,1599,1599,0,0,0,0
1763969353.582538,0.0,0.0,32.55,154.92,-0.06278956681489944,0.21531525254249573,0.9744530320167542,-0.011756413616240025,-3.091296672821045,-0.11759490519762039,2.7039954662323,-4.345085471868515e-05,0.0005321511998772621,-0.0005841266829520464,0.0,0.0,0.0,0.0,0.0,0.0,-0.5687857000000001,0.6080123,10.24794925,0.06981317007977318,0.06981317007977318,-0.05235987755982989,-715.0,321.0,-400.0,1600,1600,1599,1599,0,0,0,0
1763969353.6159449,0.0,0.0,32.48,154.92,-0.06278956681489944,0.21531525254249573,0.9744530320167542,-0.011756413616240025,-3.091296672821045,-0.11759490519762039,2.7039954662323,-4.345085471868515e-05,0.0005321511998772621,-0.0005841266829520464,0.0,0.0,0.0,0.0,0.0,0.0,-0.5687857000000001,0.6080123,10.24794925,0.06981317007977318,0.06981317007977318,-0.05235987755982989,-715.0,321.0,-400.0,1600,1600,1599,1599,0,0,0,0
1763969353.6493268,0.0,0.0,32.48,154.92,-0.06278956681489944,0.21531525254249573,0.9744530320167542,-0.011756413616240025,-3.091296672821045,-0.11759490519762039,2.7039954662323,-4.345085471868515e-05,0.0005321511998772621,-0.0005841266829520464,0.0,0.0,0.0,0.0,0.0,0.0,-0.5687857000000001,0.6080123,10.24794925,0.06981317007977318,0.06981317007977318,-0.05235987755982989,-715.0,321.0,-400.0,1600,1600,1599,1599,0,0,0,0
1763969353.682735,0.0,0.0,32.48,154.92,-0.06278956681489944,0.21531525254249573,0.9744530320167542,-0.011756413616240025,-3.091296672821045,-0.11759490519762039,2.7039954662323,-4.345085471868515e-05,0.0005321511998772621,-0.0005841266829520464,0.0,0.0,0.0,0.0,0.0,0.0,-0.5687857000000001,0.6080123,10.24794925,0.06981317007977318,0.06981317007977318,-0.05235987755982989,-715.0,321.0,-400.0,1600,1600,1599,1599,0,0,0,0
1763969353.716151,0.0,0.0,32.48,154.92,-0.06278956681489944,0.21531525254249573,0.9744530320167542,-0.011756413616240025,-3.091296672821045,-0.11759490519762039,2.7039954662323,-4.345085471868515e-05,0.0005321511998772621,-0.0005841266829520464,0.0,0.0,0.0,0.0,0.0,0.0,-0.55897905,0.61781895,10.24794925,0.08726646259971647,0.08726646259971647,-0.05235987755982989,-719.0,320.0,-400.0,1600,1600,1599,1599,0,0,0,0
1763969353.7495794,0.0,0.0,32.48,154.92,-0.06278956681489944,0.21531525254249573,0.9744530320167542,-0.011756413616240025,-3.091275453567505,-0.11759951710700989,2.7040090560913086,0.002300275955349207,0.0006643556989729404,0.00024927733466029167,0.0,0.0,0.0,0.0,0.0,0.0,-0.55897905,0.61781895,10.24794925,0.08726646259971647,0.08726646259971647,-0.05235987755982989,-719.0,320.0,-400.0,1600,1600,1599,1599,0,0,0,0
1763969353.7829878,0.0,0.0,32.48,154.92,-0.06279401481151581,0.21530790627002716,0.9744542241096497,-0.011766650713980198,-3.091275453567505,-0.11759951710700989,2.7040090560913086,0.002300275955349207,0.0006643556989729404,0.00024927733466029167,0.0,0.0,0.0,0.0,0.0,0.0,-0.55897905,0.61781895,10.24794925,0.08726646259971647,0.08726646259971647,-0.05235987755982989,-719.0,320.0,-400.0,1600,1600,1599,1599,0,0,0,0
1763969353.8163948,0.0,0.0,32.48,154.92,-0.06279401481151581,0.21530790627002716,0.9744542241096497,-0.011766650713980198,-3.091275453567505,-0.11759951710700989,2.7040090560913086,0.002300275955349207,0.0006643556989729404,0.00024927733466029167,0.0,0.0,0.0,0.0,0.0,0.0,-0.55897905,0.61781895,10.24794925,0.08726646259971647,0.08726646259971647,-0.05235987755982989,-719.0,320.0,-400.0,1600,1600,1599,1599,0,0,0,0
1763969353.8498015,0.0,0.0,32.48,154.92,-0.06279401481151581,0.21530790627002716,0.9744542241096497,-0.011766650713980198,-3.091275453567505,-0.11759951710700989,2.7040090560913086,0.002300275955349207,0.0006643556989729404,0.00024927733466029167,0.0,0.0,0.0,0.0,0.0,0.0,-0.55897905,0.61781895,10.24794925,0.08726646259971647,0.08726646259971647,-0.05235987755982989,-719.0,320.0,-400.0,1600,1600,1599,1599,0,0,0,0
1763969353.883207,0.0,0.0,32.48,154.92,-0.06279401481151581,0.21530790627002716,0.9744542241096497,-0.011766650713980198,-3.091275453567505,-0.11759951710700989,2.7040090560913086,0.002300275955349207,0.0006643556989729404,0.00024927733466029167,0.0,0.0,0.0,0.0,0.0,0.0,-0.55897905,0.61781895,10.24794925,0.08726646259971647,0.08726646259971647,-0.05235987755982989,-719.0,320.0,-400.0,1600,1600,1599,1599,0,0,0,0
1763969353.916612,0.0,0.0,32.48,154.92,-0.06279401481151581,0.21530790627002716,0.9744542241096497,-0.011766650713980198,-3.091275453567505,-0.11759951710700989,2.7040090560913086,0.002300275955349207,0.0006643556989729404,0.00024927733466029167,0.0,0.0,0.0,0.0,0.0,0.0,-0.5687857000000001,0.61781895,10.24794925,0.12217304763960307,0.08726646259971647,-0.03490658503988659,-719.0,320.0,-400.0,1600,1600,1599,1599,0,0,0,0
1763969353.9500175,0.0,0.0,32.48,154.92,-0.06279401481151581,0.21530790627002716,0.9744542241096497,-0.011766650713980198,-3.091305732727051,-0.11755151301622391,2.704076051712036,0.00014246022328734398,-0.0001254640519618988,0.00011161668226122856,0.0,0.0,0.0,0.0,0.0,0.0,-0.5687857000000001,0.61781895,10.24794925,0.12217304763960307,0.08726646259971647,-0.03490658503988659,-719.0,320.0,-400.0,1600,1600,1599,1599,0,0,0,0
1763969353.9834242,0.0,0.0,32.48,154.92,-0.06276698410511017,0.2152770310640335,0.9744629263877869,-0.01175923366099596,-3.091305732727051,-0.11755151301622391,2.704076051712036,0.00014246022328734398,-0.0001254640519618988,0.00011161668226122856,0.0,0.0,0.0,0.0,0.0,0.0,-0.5687857000000001,0.61781895,10.24794925,0.12217304763960307,0.08726646259971647,-0.03490658503988659,-719.0,320.0,-400.0,1600,1600,1599,1599,0,0,0,0
1763969354.0168304,0.0,0.0,32.48,154.92,-0.06276698410511017,0.2152770310640335,0.9744629263877869,-0.01175923366099596,-3.091305732727051,-0.11755151301622391,2.704076051712036,0.00014246022328734398,-0.0001254640519618988,0.00011161668226122856,0.0,0.0,0.0,0.0,0.0,0.0,-0.5687857000000001,0.61781895,10.24794925,0.12217304763960307,0.08726646259971647,-0.03490658503988659,-719.0,320.0,-400.0,1600,1600,1599,1599,0,0,0,0
1763969354.050268,0.0,0.0,32.48,154.92,-0.06276698410511017,0.2152770310640335,0.9744629263877869,-0.01175923366099596,-3.091305732727051,-0.11755151301622391,2.704076051712036,0.00014246022328734398,-0.0001254640519618988,0.00011161668226122856,0.0,0.0,0.0,0.0,0.0,0.0,-0.5687857000000001,0.6080123,10.24794925,0.08726646259971647,0.06981317007977318,-0.05235987755982989,-720.0,314.0,-402.0,1600,1600,1599,1599,0,0,0,0
1763969354.0836732,0.0,0.0,32.61,154.93,-0.06276698410511017,0.2152770310640335,0.9744629263877869,-0.01175923366099596,-3.091305732727051,-0.11755151301622391,2.704076051712036,0.00014246022328734398,-0.0001254640519618988,0.00011161668226122856,0.0,0.0,0.0,0.0,0.0,0.0,-0.5687857000000001,0.6080123,10.24794925,0.08726646259971647,0.06981317007977318,-0.05235987755982989,-720.0,314.0,-402.0,1600,1600,1599,1599,0,0,0,0
1763969354.1170824,0.0,0.0,32.61,154.93,-0.06276698410511017,0.2152770310640335,0.9744629263877869,-0.01175923366099596,-3.0913026332855225,-0.11754902452230453,2.7040855884552,0.0008151181973516941,-0.0002407599240541458,-6.229151040315628e-05,0.0,0.0,0.0,0.0,0.0,0.0,-0.5687857000000001,0.6080123,10.24794925,0.08726646259971647,0.06981317007977318,-0.05235987755982989,-720.0,314.0,-402.0,1600,1600,1599,1599,0,0,0,0
1763969354.1504905,0.0,0.0,32.61,154.93,-0.06276604533195496,0.21527236700057983,0.9744638800621033,-0.011761282570660114,-3.0913026332855225,-0.11754902452230453,2.7040855884552,0.0008151181973516941,-0.0002407599240541458,-6.229151040315628e-05,0.0,0.0,0.0,0.0,0.0,0.0,-0.5687857000000001,0.6080123,10.24794925,0.08726646259971647,0.06981317007977318,-0.05235987755982989,-720.0,314.0,-402.0,1600,1600,1599,1599,0,0,0,0
1763969354.183895,0.0,0.0,32.61,154.93,-0.06276604533195496,0.21527236700057983,0.9744638800621033,-0.011761282570660114,-3.0913026332855225,-0.11754902452230453,2.7040855884552,0.0008151181973516941,-0.0002407599240541458,-6.229151040315628e-05,0.0,0.0,0.0,0.0,0.0,0.0,-0.5687857000000001,0.6080123,10.24794925,0.08726646259971647,0.06981317007977318,-0.05235987755982989,-720.0,314.0,-402.0,1600,1600,1599,1599,0,0,0,0
1763969354.2173169,0.0,0.0,32.61,154.93,-0.06276604533195496,0.21527236700057983,0.9744638800621033,-0.011761282570660114,-3.0913026332855225,-0.11754902452230453,2.7040855884552,0.0008151181973516941,-0.0002407599240541458,-6.229151040315628e-05,0.0,0.0,0.0,0.0,0.0,0.0,-0.5687857000000001,0.6080123,10.24794925,0.08726646259971647,0.06981317007977318,-0.05235987755982989,-720.0,314.0,-402.0,1600,1600,1599,1599,0,0,0,0
1763969354.2507236,0.0,0.0,32.61,154.93,-0.06276604533195496,0.21527236700057983,0.9744638800621033,-0.011761282570660114,-3.0913026332855225,-0.11754902452230453,2.7040855884552,0.0008151181973516941,-0.0002407599240541458,-6.229151040315628e-05,0.0,0.0,0.0,0.0,0.0,0.0,-0.5687857000000001,0.6080123,10.24794925,0.08726646259971647,0.06981317007977318,-0.05235987755982989,-720.0,314.0,-402.0,1600,1600,1599,1599,0,0,0,0
1763969354.2841303,0.0,0.0,32.61,154.93,-0.06276604533195496,0.21527236700057983,0.9744638800621033,-0.011761282570660114,-3.0913026332855225,-0.11754902452230453,2.7040855884552,0.0008151181973516941,-0.0002407599240541458,-6.229151040315628e-05,0.0,0.0,0.0,0.0,0.0,0.0,-0.55897905,0.61781895,10.24794925,0.10471975511965978,0.06981317007977318,-0.05235987755982989,-720.0,314.0,-402.0,1600,1600,1599,1599,0,0,0,0
1763969354.3175366,0.0,0.0,32.61,154.93,-0.06276604533195496,0.21527236700057983,0.9744638800621033,-0.011761282570660114,-3.0913023948669434,-0.11753799766302109,2.704080104827881,-0.00150785269215703,0.00028204405680298805,0.0013988050632178783,0.0,0.0,0.0,0.0,0.0,0.0,-0.55897905,0.61781895,10.24794925,0.10471975511965978,0.06981317007977318,-0.05235987755982989,-720.0,314.0,-402.0,1600,1600,1599,1599,0,0,0,0
1763969354.3509452,0.0,0.0,32.41,154.93,-0.06276604533195496,0.21527236700057983,0.9744638800621033,-0.011761282570660114,-3.0913023948669434,-0.11753799766302109,2.704080104827881,-0.00150785269215703,0.00028204405680298805,0.0013988050632178783,0.0,0.0,0.0,0.0,0.0,0.0,-0.55897905,0.61781895,10.24794925,0.10471975511965978,0.06981317007977318,-0.05235987755982989,-720.0,314.0,-402.0,1600,1600,1599,1599,0,0,0,0
1763969354.3843522,0.0,0.0,32.41,154.93,-0.06276604533195496,0.21527236700057983,0.9744638800621033,-0.011761282570660114,-3.0913023948669434,-0.11753799766302109,2.704080104827881,-0.00150785269215703,0.00028204405680298805,0.0013988050632178783,0.0,0.0,0.0,0.0,0.0,0.0,-0.55897905,0.61781895,10.24794925,0.10471975511965978,0.06981317007977318,-0.05235987755982989,-720.0,314.0,-402.0,1600,1600,1599,1599,0,0,0,0
1763969354.4177577,0.0,0.0,32.41,154.93,-0.06276604533195496,0.21527236700057983,0.9744638800621033,-0.011761282570660114,-3.0913023948669434,-0.11753799766302109,2.704080104827881,-0.00150785269215703,0.00028204405680298805,0.0013988050632178783,0.0,0.0,0.0,0.0,0.0,0.0,-0.55897905,0.61781895,10.24794925,0.10471975511965978,0.06981317007977318,-0.05235987755982989,-720.0,314.0,-402.0,1600,1600,1599,1599,0,0,0,0
1763969354.451165,0.0,0.0,32.41,154.93,-0.06274630129337311,0.21527789533138275,0.9744638800621033,-0.011768839322030544,-3.0913023948669434,-0.11753799766302109,2.704080104827881,-0.00150785269215703,0.00028204405680298805,0.0013988050632178783,0.0,0.0,0.0,0.0,0.0,0.0,-0.55897905,0.61781895,10.24794925,0.10471975511965978,0.06981317007977318,-0.05235987755982989,-720.0,314.0,-402.0,1600,1600,1599,1599,0,0,0,0
1763969354.4845703,0.0,0.0,32.41,154.93,-0.06274630129337311,0.21527789533138275,0.9744638800621033,-0.011768839322030544,-3.0913023948669434,-0.11753799766302109,2.704080104827881,-0.00150785269215703,0.00028204405680298805,0.0013988050632178783,0.0,0.0,0.0,0.0,0.0,0.0,-0.55897905,0.61781895,10.24794925,0.10471975511965978,0.06981317007977318,-0.05235987755982989,-720.0,314.0,-402.0,1600,1600,1599,1599,0,0,0,0
1763969354.5179765,0.0,0.0,32.41,154.93,-0.06274630129337311,0.21527789533138275,0.9744638800621033,-0.011768839322030544,-3.0913023948669434,-0.11753799766302109,2.704080104827881,-0.00150785269215703,0.00028204405680298805,0.0013988050632178783,0.0,0.0,0.0,0.0,0.0,0.0,-0.55897905,0.61781895,10.24794925,0.10471975511965978,0.06981317007977318,-0.05235987755982989,-720.0,314.0,-402.0,1600,1600,1599,1599,0,0,0,0
1763969354.5513847,0.0,0.0,32.41,154.93,-0.06274630129337311,0.21527789533138275,0.9744638800621033,-0.011768839322030544,-3.0913023948669434,-0.11753799766302109,2.704080104827881,-0.00150785269215703,0.00028204405680298805,0.0013988050632178783,0.0,0.0,0.0,0.0,0.0,0.0,-0.5687857000000001,0.61781895,10.24794925,0.10471975511965978,0.05235987755982989,-0.06981317007977318,-719.0,322.0,-402.0,1600,1600,1599,1599,0,0,0,0
1763969354.5847905,0.0,0.0,32.41,154.93,-0.06274630129337311,0.21527789533138275,0.9744638800621033,-0.011768839322030544,-3.0912671089172363,-0.1175125241279602,2.7040817737579346,0.0007265838794410229,0.000704621896147728,-0.00043595233000814915,0.0,0.0,0.0,0.0,0.0,0.0,-0.5687857000000001,0.61781895,10.24794925,0.10471975511965978,0.05235987755982989,-0.06981317007977318,-719.0,322.0,-402.0,1600,1600,1599,1599,0,0,0,0
1763969354.6182125,0.0,0.0,32.41,154.93,-0.0627521201968193,0.21527385711669922,0.9744642376899719,-0.011782456189393997,-3.0912671089172363,-0.1175125241279602,2.7040817737579346,0.0007265838794410229,0.000704621896147728,-0.00043595233000814915,0.0,0.0,0.0,0.0,0.0,0.0,-0.5687857000000001,0.61781895,10.24794925,0.10471975511965978,0.05235987755982989,-0.06981317007977318,-719.0,322.0,-402.0,1600,1600,1599,1599,0,0,0,0
1763969354.6516142,0.0,0.0,32.41,154.93,-0.0627521201968193,0.21527385711669922,0.9744642376899719,-0.011782456189393997,-3.0912671089172363,-0.1175125241279602,2.7040817737579346,0.0007265838794410229,0.000704621896147728,-0.00043595233000814915,0.0,0.0,0.0,0.0,0.0,0.0,-0.5687857000000001,0.61781895,10.24794925,0.10471975511965978,0.05235987755982989,-0.06981317007977318,-719.0,322.0,-402.0,1600,1600,1599,1599,0,0,0,0
1763969354.6850135,0.0,0.0,32.41,154.93,-0.0627521201968193,0.21527385711669922,0.9744642376899719,-0.011782456189393997,-3.0912671089172363,-0.1175125241279602,2.7040817737579346,0.0007265838794410229,0.000704621896147728,-0.00043595233000814915,0.0,0.0,0.0,0.0,0.0,0.0,-0.5687857000000001,0.61781895,10.24794925,0.10471975511965978,0.05235987755982989,-0.06981317007977318,-719.0,322.0,-402.0,1600,1600,1599,1599,0,0,0,0
1763969354.7184153,0.0,0.0,32.41,154.93,-0.0627521201968193,0.21527385711669922,0.9744642376899719,-0.011782456189393997,-3.0912671089172363,-0.1175125241279602,2.7040817737579346,0.0007265838794410229,0.000704621896147728,-0.00043595233000814915,0.0,0.0,0.0,0.0,0.0,0.0,-0.5687857000000001,0.61781895,10.24794925,0.10471975511965978,0.05235987755982989,-0.06981317007977318,-719.0,322.0,-402.0,1600,1600,1599,1599,0,0,0,0
1763969354.7518108,0.0,0.0,32.41,154.93,-0.0627521201968193,0.21527385711669922,0.9744642376899719,-0.011782456189393997,-3.0912671089172363,-0.1175125241279602,2.7040817737579346,0.0007265838794410229,0.000704621896147728,-0.00043595233000814915,0.0,0.0,0.0,0.0,0.0,0.0,-0.5687857000000001,0.61781895,10.24794925,0.10471975511965978,0.08726646259971647,-0.05235987755982989,-719.0,322.0,-402.0,1600,1600,1599,1599,0,0,0,0
1763969354.7852063,0.0,0.0,32.41,154.93,-0.0627521201968193,0.21527385711669922,0.9744642376899719,-0.011782456189393997,-3.091402769088745,-0.11756447702646255,2.704052448272705,-0.001090112142264843,-9.27923247218132e-06,0.0002865444403141737,0.0,0.0,0.0,0.0,0.0,0.0,-0.5687857000000001,0.61781895,10.24794925,0.10471975511965978,0.08726646259971647,-0.05235987755982989,-719.0,322.0,-402.0,1600,1600,1599,1599,0,0,0,0
1763969354.8186257,0.0,0.0,32.41,154.93,-0.06276299804449081,0.21529145538806915,0.9744604825973511,-0.011709730140864849,-3.091402769088745,-0.11756447702646255,2.704052448272705,-0.001090112142264843,-9.27923247218132e-06,0.0002865444403141737,0.0,0.0,0.0,0.0,0.0,0.0,-0.5687857000000001,0.61781895,10.24794925,0.10471975511965978,0.08726646259971647,-0.05235987755982989,-719.0,322.0,-402.0,1600,1600,1599,1599,0,0,0,0
1763969354.8520522,0.0,0.0,32.6,154.93,-0.06276299804449081,0.21529145538806915,0.9744604825973511,-0.011709730140864849,-3.091402769088745,-0.11756447702646255,2.704052448272705,-0.001090112142264843,-9.27923247218132e-06,0.0002865444403141737,0.0,0.0,0.0,0.0,0.0,0.0,-0.5687857000000001,0.61781895,10.24794925,0.10471975511965978,0.08726646259971647,-0.05235987755982989,-719.0,322.0,-402.0,1600,1600,1599,1599,0,0,0,0
1763969354.8854709,0.0,0.0,32.6,154.93,-0.06276299804449081,0.21529145538806915,0.9744604825973511,-0.011709730140864849,-3.091402769088745,-0.11756447702646255,2.704052448272705,-0.001090112142264843,-9.27923247218132e-06,0.0002865444403141737,0.0,0.0,0.0,0.0,0.0,0.0,-0.5687857000000001,0.61781895,10.24794925,0.10471975511965978,0.08726646259971647,-0.05235987755982989,-719.0,322.0,-402.0,1600,1600,1599,1599,0,0,0,0
1763969354.918897,0.0,0.0,32.6,154.93,-0.06276299804449081,0.21529145538806915,0.9744604825973511,-0.011709730140864849,-3.091402769088745,-0.11756447702646255,2.704052448272705,-0.001090112142264843,-9.27923247218132e-06,0.0002865444403141737,0.0,0.0,0.0,0.0,0.0,0.0,-0.5687857000000001,0.61781895,10.24794925,0.06981317007977318,0.06981317007977318,-0.03490658503988659,-715.0,318.0,-402.0,1600,1600,1599,1599,0,0,0,0
1763969354.9523027,0.0,0.0,32.6,154.93,-0.06276299804449081,0.21529145538806915,0.9744604825973511,-0.011709730140864849,-3.091411590576172,-0.11755751073360443,2.7040703296661377,-0.0007763323374092579,-0.0011345555540174246,-0.0010403974447399378,0.0,0.0,0.0,0.0,0.0,0.0,-0.5687857000000001,0.61781895,10.24794925,0.06981317007977318,0.06981317007977318,-0.03490658503988659,-715.0,318.0,-402.0,1600,1600,1599,1599,0,0,0,0
1763969354.9857173,0.0,0.0,32.6,154.93,-0.06275854259729385,0.2152831256389618,0.9744626879692078,-0.011706740595400333,-3.091411590576172,-0.11755751073360443,2.7040703296661377,-0.0007763323374092579,-0.0011345555540174246,-0.0010403974447399378,0.0,0.0,0.0,0.0,0.0,0.0,-0.5687857000000001,0.61781895,10.24794925,0.06981317007977318,0.06981317007977318,-0.03490658503988659,-715.0,318.0,-402.0,1600,1600,1599,1599,0,0,0,0
1763969355.0191166,0.0,0.0,32.57,154.93,-0.06275854259729385,0.2152831256389618,0.9744626879692078,-0.011706740595400333,-3.091411590576172,-0.11755751073360443,2.7040703296661377,-0.0007763323374092579,-0.0011345555540174246,-0.0010403974447399378,0.0,0.0,0.0,0.0,0.0,0.0,-0.5687857000000001,0.61781895,10.24794925,0.06981317007977318,0.06981317007977318,-0.03490658503988659,-715.0,318.0,-402.0,1600,1600,1599,1599,0,0,0,0
1763969355.0525234,0.0,0.0,32.57,154.93,-0.06275854259729385,0.2152831256389618,0.9744626879692078,-0.011706740595400333,-3.091411590576172,-0.11755751073360443,2.7040703296661377,-0.0007763323374092579,-0.0011345555540174246,-0.0010403974447399378,0.0,0.0,0.0,0.0,0.0,0.0,-0.5687857000000001,0.61781895,10.24794925,0.06981317007977318,0.06981317007977318,-0.03490658503988659,-715.0,318.0,-402.0,1600,1600,1599,1599,0,0,0,0
1763969355.0859287,0.0,0.0,32.57,154.93,-0.06275854259729385,0.2152831256389618,0.9744626879692078,-0.011706740595400333,-3.091411590576172,-0.11755751073360443,2.7040703296661377,-0.0007763323374092579,-0.0011345555540174246,-0.0010403974447399378,0.0,0.0,0.0,0.0,0.0,0.0,-0.57859235,0.61781895,10.24794925,0.06981317007977318,0.05235987755982989,-0.06981317007977318,-722.0,318.0,-402.0,1600,1600,1599,1599,0,0,0,0
1763969355.1195884,0.0,0.0,32.57,154.93,-0.06275854259729385,0.2152831256389618,0.9744626879692078,-0.011706740595400333,-3.091411590576172,-0.11755751073360443,2.7040703296661377,-0.0007763323374092579,-0.0011345555540174246,-0.0010403974447399378,0.0,0.0,0.0,0.0,0.0,0.0,-0.57859235,0.61781895,10.24794925,0.06981317007977318,0.05235987755982989,-0.06981317007977318,-722.0,318.0,-402.0,1600,1600,1599,1599,0,0,0,0
1763969355.1530175,0.0,0.0,32.57,154.93,-0.06275854259729385,0.2152831256389618,0.9744626879692078,-0.011706740595400333,-3.091411590576172,-0.11755751073360443,2.7040703296661377,-0.0007763323374092579,-0.0011345555540174246,-0.0010403974447399378,0.0,0.0,0.0,0.0,0.0,0.0,-0.5687857000000001,0.6276256,10.24794925,0.06981317007977318,0.06981317007977318,-0.03490658503988659,-722.0,318.0,-402.0,1600,1600,1599,1599,0,0,0,0
1763969355.1864247,0.0,0.0,32.57,154.93,-0.06275854259729385,0.2152831256389618,0.9744626879692078,-0.011706740595400333,-3.091435194015503,-0.11755157262086868,2.704092025756836,0.0001353803090751171,-0.0007331555243581533,-0.0005895451176911592,0.0,0.0,0.0,0.0,0.0,0.0,-0.5687857000000001,0.6276256,10.24794925,0.06981317007977318,0.06981317007977318,-0.03490658503988659,-722.0,318.0,-402.0,1600,1600,1599,1599,0,0,0,0
1763969355.2198296,0.0,0.0,32.57,154.93,-0.06275302171707153,0.21527338027954102,0.9744653105735779,-0.011696668341755867,-3.091435194015503,-0.11755157262086868,2.704092025756836,0.0001353803090751171,-0.0007331555243581533,-0.0005895451176911592,0.0,0.0,0.0,0.0,0.0,0.0,-0.5687857000000001,0.6276256,10.24794925,0.06981317007977318,0.06981317007977318,-0.03490658503988659,-722.0,318.0,-402.0,1600,1600,1599,1599,0,0,0,0
1763969355.2532363,0.0,0.0,32.57,154.93,-0.06275302171707153,0.21527338027954102,0.9744653105735779,-0.011696668341755867,-3.091435194015503,-0.11755157262086868,2.704092025756836,0.0001353803090751171,-0.0007331555243581533,-0.0005895451176911592,0.0,0.0,0.0,0.0,0.0,0.0,-0.5687857000000001,0.6276256,10.24794925,0.06981317007977318,0.06981317007977318,-0.03490658503988659,-722.0,318.0,-402.0,1600,1600,1599,1599,0,0,0,0
1763969355.2866383,0.0,0.0,32.57,154.93,-0.06275302171707153,0.21527338027954102,0.9744653105735779,-0.011696668341755867,-3.091435194015503,-0.11755157262086868,2.704092025756836,0.0001353803090751171,-0.0007331555243581533,-0.0005895451176911592,0.0,0.0,0.0,0.0,0.0,0.0,-0.5687857000000001,0.6276256,10.24794925,0.06981317007977318,0.06981317007977318,-0.03490658503988659,-722.0,318.0,-402.0,1600,1600,1599,1599,0,0,0,0
1763969355.3200426,0.0,0.0,32.57,154.93,-0.06275302171707153,0.21527338027954102,0.9744653105735779,-0.011696668341755867,-3.091435194015503,-0.11755157262086868,2.704092025756836,0.0001353803090751171,-0.0007331555243581533,-0.0005895451176911592,0.0,0.0,0.0,0.0,0.0,0.0,-0.5687857000000001,0.6276256,10.24794925,0.06981317007977318,0.06981317007977318,-0.03490658503988659,-722.0,318.0,-402.0,1600,1600,1599,1599,0,0,0,0
1763969355.3534698,0.0,0.0,32.57,154.93,-0.06275302171707153,0.21527338027954102,0.9744653105735779,-0.011696668341755867,-3.091435194015503,-0.11755157262086868,2.704092025756836,0.0001353803090751171,-0.0007331555243581533,-0.0005895451176911592,0.0,0.0,0.0,0.0,0.0,0.0,-0.5687857000000001,0.61781895,10.24794925,0.08726646259971647,0.05235987755982989,-0.05235987755982989,-722.0,318.0,-402.0,1600,1600,1599,1599,0,0,0,0
1763969355.3868687,0.0,0.0,32.57,154.93,-0.06275302171707153,0.21527338027954102,0.9744653105735779,-0.011696668341755867,-3.0915608406066895,-0.11755260825157166,2.7040767669677734,-0.0006588543765246868,-4.3787527829408646e-05,0.00033538579009473324,0.0,0.0,0.0,0.0,0.0,0.0,-0.5687857000000001,0.61781895,10.24794925,0.08726646259971647,0.05235987755982989,-0.05235987755982989,-722.0,318.0,-402.0,1600,1600,1599,1599,0,0,0,0
1763969355.4202807,0.0,0.0,32.57,154.93,-0.06275302171707153,0.21527338027954102,0.9744653105735779,-0.011696668341755867,-3.0915608406066895,-0.11755260825157166,2.7040767669677734,-0.0006588543765246868,-4.3787527829408646e-05,0.00033538579009473324,0.0,0.0,0.0,0.0,0.0,0.0,-0.5687857000000001,0.61781895,10.24794925,0.08726646259971647,0.05235987755982989,-0.05235987755982989,-722.0,318.0,-402.0,1600,1600,1599,1599,0,0,0,0
1763969355.4537046,0.0,0.0,32.57,154.93,-0.06275302171707153,0.21527338027954102,0.9744653105735779,-0.011696668341755867,-3.0915608406066895,-0.11755260825157166,2.7040767669677734,-0.0006588543765246868,-4.3787527829408646e-05,0.00033538579009473324,0.0,0.0,0.0,0.0,0.0,0.0,-0.5687857000000001,0.61781895,10.24794925,0.08726646259971647,0.05235987755982989,-0.05235987755982989,-722.0,318.0,-402.0,1600,1600,1599,1599,0,0,0,0
1763969355.4871202,0.0,0.0,32.57,154.93,-0.06275302171707153,0.21527338027954102,0.9744653105735779,-0.011696668341755867,-3.0915608406066895,-0.11755260825157166,2.7040767669677734,-0.0006588543765246868,-4.3787527829408646e-05,0.00033538579009473324,0.0,0.0,0.0,0.0,0.0,0.0,-0.5687857000000001,0.61781895,10.24794925,0.08726646259971647,0.05235987755982989,-0.05235987755982989,-722.0,318.0,-402.0,1600,1600,1599,1599,0,0,0,0
1763969355.5205424,0.0,0.0,32.57,154.93,-0.06275302171707153,0.21527338027954102,0.9744653105735779,-0.011696668341755867,-3.0915608406066895,-0.11755260825157166,2.7040767669677734,-0.0006588543765246868,-4.3787527829408646e-05,0.00033538579009473324,0.0,0.0,0.0,0.0,0.0,0.0,-0.5687857000000001,0.61781895,10.2577559,0.06981317007977318,0.06981317007977318,-0.03490658503988659,-719.0,323.0,-402.0,1600,1600,1599,1599,0,0,0,0
1763969355.5539458,0.0,0.0,32.57,154.93,-0.06275302171707153,0.21527338027954102,0.9744653105735779,-0.011696668341755867,-3.0915791988372803,-0.11754407733678818,2.7040724754333496,-0.0014056754298508167,7.339566946029663e-05,-0.0001529038418084383,0.0,0.0,0.0,0.0,0.0,0.0,-0.5687857000000001,0.61781895,10.2577559,0.06981317007977318,0.06981317007977318,-0.03490658503988659,-719.0,323.0,-402.0,1600,1600,1599,1599,0,0,0,0
1763969355.5873408,0.0,0.0,32.57,154.93,-0.06273399293422699,0.21528758108615875,0.9744641780853271,-0.01162669062614441,-3.0915791988372803,-0.11754407733678818,2.7040724754333496,-0.0014056754298508167,7.339566946029663e-05,-0.0001529038418084383,0.0,0.0,0.0,0.0,0.0,0.0,-0.5687857000000001,0.61781895,10.2577559,0.06981317007977318,0.06981317007977318,-0.03490658503988659,-719.0,323.0,-402.0,1600,1600,1599,1599,0,0,0,0
1763969355.6207438,0.0,0.0,32.57,154.93,-0.06273399293422699,0.21528758108615875,0.9744641780853271,-0.01162669062614441,-3.0915791988372803,-0.11754407733678818,2.7040724754333496,-0.0014056754298508167,7.339566946029663e-05,-0.0001529038418084383,0.0,0.0,0.0,0.0,0.0,0.0,-0.5687857000000001,0.61781895,10.2577559,0.06981317007977318,0.06981317007977318,-0.03490658503988659,-719.0,323.0,-402.0,1600,1600,1599,1599,0,0,0,0
1763969355.654149,0.0,0.0,32.57,154.93,-0.06273399293422699,0.21528758108615875,0.9744641780853271,-0.01162669062614441,-3.0915791988372803,-0.11754407733678818,2.7040724754333496,-0.0014056754298508167,7.339566946029663e-05,-0.0001529038418084383,0.0,0.0,0.0,0.0,0.0,0.0,-0.5687857000000001,0.61781895,10.2577559,0.06981317007977318,0.06981317007977318,-0.03490658503988659,-719.0,323.0,-402.0,1600,1600,1599,1599,0,0,0,0
1763969355.6875546,0.0,0.0,32.57,154.93,-0.06273399293422699,0.21528758108615875,0.9744641780853271,-0.01162669062614441,-3.0915791988372803,-0.11754407733678818,2.7040724754333496,-0.0014056754298508167,7.339566946029663e-05,-0.0001529038418084383,0.0,0.0,0.0,0.0,0.0,0.0,-0.5687857000000001,0.6276256,10.2577559,0.06981317007977318,0.06981317007977318,-0.05235987755982989,-719.0,323.0,-402.0,1600,1600,1599,1599,0,0,0,0
1763969355.7209582,0.0,0.0,32.57,154.93,-0.06273399293422699,0.21528758108615875,0.9744641780853271,-0.01162669062614441,-3.0915980339050293,-0.11753125488758087,2.7040598392486572,-0.00044028181582689285,-0.0003206031396985054,0.00016563222743570805,0.0,0.0,0.0,0.0,0.0,0.0,-0.5687857000000001,0.6276256,10.2577559,0.06981317007977318,0.06981317007977318,-0.05235987755982989,-719.0,323.0,-402.0,1600,1600,1599,1599,0,0,0,0
1763969355.7543786,0.0,0.0,32.57,154.93,-0.06273399293422699,0.21528758108615875,0.9744641780853271,-0.01162669062614441,-3.0915980339050293,-0.11753125488758087,2.7040598392486572,-0.00044028181582689285,-0.0003206031396985054,0.00016563222743570805,0.0,0.0,0.0,0.0,0.0,0.0,-0.5687857000000001,0.6276256,10.2577559,0.06981317007977318,0.06981317007977318,-0.05235987755982989,-719.0,323.0,-402.0,1600,1600,1599,1599,0,0,0,0
1763969355.7877822,0.0,0.0,32.57,154.93,-0.06272579729557037,0.21529453992843628,0.9744632840156555,-0.011618491262197495,-3.0915980339050293,-0.11753125488758087,2.7040598392486572,-0.00044028181582689285,-0.0003206031396985054,0.00016563222743570805,0.0,0.0,0.0,0.0,0.0,0.0,-0.5687857000000001,0.6276256,10.2577559,0.06981317007977318,0.06981317007977318,-0.05235987755982989,-719.0,323.0,-402.0,1600,1600,1599,1599,0,0,0,0
1763969355.8211882,0.0,0.0,32.61,154.93,-0.06272579729557037,0.21529453992843628,0.9744632840156555,-0.011618491262197495,-3.0915980339050293,-0.11753125488758087,2.7040598392486572,-0.00044028181582689285,-0.0003206031396985054,0.00016563222743570805,0.0,0.0,0.0,0.0,0.0,0.0,-0.5687857000000001,0.6276256,10.2577559,0.06981317007977318,0.06981317007977318,-0.05235987755982989,-719.0,323.0,-402.0,1600,1600,1599,1599,0,0,0,0
1763969355.854598,0.0,0.0,32.61,154.93,-0.06272579729557037,0.21529453992843628,0.9744632840156555,-0.011618491262197495,-3.0915980339050293,-0.11753125488758087,2.7040598392486572,-0.00044028181582689285,-0.0003206031396985054,0.00016563222743570805,0.0,0.0,0.0,0.0,0.0,0.0,-0.5687857000000001,0.6080123,10.2577559,0.08726646259971647,0.06981317007977318,-0.05235987755982989,-718.0,323.0,-403.0,1600,1600,1599,1599,0,0,0,0
1763969355.8880036,0.0,0.0,32.61,154.93,-0.06272579729557037,0.21529453992843628,0.9744632840156555,-0.011618491262197495,-3.0915846824645996,-0.11752977967262268,2.7040438652038574,0.00010949047282338142,0.0006138337776064873,0.000985624734312296,0.0,0.0,0.0,0.0,0.0,0.0,-0.5687857000000001,0.6080123,10.2577559,0.08726646259971647,0.06981317007977318,-0.05235987755982989,-718.0,323.0,-403.0,1600,1600,1599,1599,0,0,0,0
1763969355.9214108,0.0,0.0,32.61,154.93,-0.06272660940885544,0.21530196070671082,0.974461555480957,-0.011624663136899471,-3.0915846824645996,-0.11752977967262268,2.7040438652038574,0.00010949047282338142,0.0006138337776064873,0.000985624734312296,0.0,0.0,0.0,0.0,0.0,0.0,-0.5687857000000001,0.6080123,10.2577559,0.08726646259971647,0.06981317007977318,-0.05235987755982989,-718.0,323.0,-403.0,1600,1600,1599,1599,0,0,0,0
1763969355.9547875,0.0,0.0,32.61,154.93,-0.06272660940885544,0.21530196070671082,0.974461555480957,-0.011624663136899471,-3.0915846824645996,-0.11752977967262268,2.7040438652038574,0.00010949047282338142,0.0006138337776064873,0.000985624734312296,0.0,0.0,0.0,0.0,0.0,0.0,-0.5687857000000001,0.6080123,10.2577559,0.08726646259971647,0.06981317007977318,-0.05235987755982989,-718.0,323.0,-403.0,1600,1600,1599,1599,0,0,0,0
1763969355.9881942,0.0,0.0,32.61,154.93,-0.06272660940885544,0.21530196070671082,0.974461555480957,-0.011624663136899471,-3.0915846824645996,-0.11752977967262268,2.7040438652038574,0.00010949047282338142,0.0006138337776064873,0.000985624734312296,0.0,0.0,0.0,0.0,0.0,0.0,-0.5687857000000001,0.6080123,10.2577559,0.08726646259971647,0.06981317007977318,-0.05235987755982989,-718.0,323.0,-403.0,1600,1600,1599,1599,0,0,0,0
1763969356.021601,0.0,0.0,32.61,154.93,-0.06272660940885544,0.21530196070671082,0.974461555480957,-0.011624663136899471,-3.0915846824645996,-0.11752977967262268,2.7040438652038574,0.00010949047282338142,0.0006138337776064873,0.000985624734312296,0.0,0.0,0.0,0.0,0.0,0.0,-0.55897905,0.59820565,10.2577559,0.08726646259971647,0.08726646259971647,-0.03490658503988659,-718.0,323.0,-403.0,1600,1600,1599,1599,0,0,0,0
1763969356.0550063,0.0,0.0,32.61,154.93,-0.06272660940885544,0.21530196070671082,0.974461555480957,-0.011624663136899471,-3.091611623764038,-0.11759202182292938,2.7038402557373047,-0.0001333164982497692,-0.0012088001240044832,-0.0001951896119862795,0.0,0.0,0.0,0.0,0.0,0.0,-0.55897905,0.59820565,10.2577559,0.08726646259971647,0.08726646259971647,-0.03490658503988659,-718.0,323.0,-403.0,1600,1600,1599,1599,0,0,0,0
1763969356.0884068,0.0,0.0,32.61,154.93,-0.06275518238544464,0.21540075540542603,0.9744381904602051,-0.011598304845392704,-3.091611623764038,-0.11759202182292938,2.7038402557373047,-0.0001333164982497692,-0.0012088001240044832,-0.0001951896119862795,0.0,0.0,0.0,0.0,0.0,0.0,-0.55897905,0.59820565,10.2577559,0.08726646259971647,0.08726646259971647,-0.03490658503988659,-718.0,323.0,-403.0,1600,1600,1599,1599,0,0,0,0
1763969356.121822,0.0,0.0,32.53,154.91,-0.06275518238544464,0.21540075540542603,0.9744381904602051,-0.011598304845392704,-3.091611623764038,-0.11759202182292938,2.7038402557373047,-0.0001333164982497692,-0.0012088001240044832,-0.0001951896119862795,0.0,0.0,0.0,0.0,0.0,0.0,-0.55897905,0.59820565,10.2577559,0.08726646259971647,0.08726646259971647,-0.03490658503988659,-718.0,323.0,-403.0,1600,1600,1599,1599,0,0,0,0
1763969356.155212,0.0,0.0,32.53,154.91,-0.06275518238544464,0.21540075540542603,0.9744381904602051,-0.011598304845392704,-3.091611623764038,-0.11759202182292938,2.7038402557373047,-0.0001333164982497692,-0.0012088001240044832,-0.0001951896119862795,0.0,0.0,0.0,0.0,0.0,0.0,-0.55897905,0.59820565,10.2577559,0.08726646259971647,0.08726646259971647,-0.03490658503988659,-718.0,323.0,-403.0,1600,1600,1599,1599,0,0,0,0
1763969356.1886106,0.0,0.0,32.53,154.91,-0.06275518238544464,0.21540075540542603,0.9744381904602051,-0.011598304845392704,-3.091611623764038,-0.11759202182292938,2.7038402557373047,-0.0001333164982497692,-0.0012088001240044832,-0.0001951896119862795,0.0,0.0,0.0,0.0,0.0,0.0,-0.55897905,0.59820565,10.2577559,0.08726646259971647,0.08726646259971647,-0.03490658503988659,-718.0,323.0,-403.0,1600,1600,1599,1599,0,0,0,0
1763969356.222009,0.0,0.0,32.53,154.91,-0.06275518238544464,0.21540075540542603,0.9744381904602051,-0.011598304845392704,-3.091611623764038,-0.11759202182292938,2.7038402557373047,-0.0001333164982497692,-0.0012088001240044832,-0.0001951896119862795,0.0,0.0,0.0,0.0,0.0,0.0,-0.57859235,0.6276256,10.2577559,0.08726646259971647,0.05235987755982989,-0.05235987755982989,-717.0,323.0,-401.0,1600,1600,1599,1599,0,0,0,0
1763969356.255405,0.0,0.0,32.53,154.91,-0.06275518238544464,0.21540075540542603,0.9744381904602051,-0.011598304845392704,-3.091599702835083,-0.11758381128311157,2.703839063644409,0.00018158741295337677,-0.00031310413032770157,-0.0008753293659538031,0.0,0.0,0.0,0.0,0.0,0.0,-0.57859235,0.6276256,10.2577559,0.08726646259971647,0.05235987755982989,-0.05235987755982989,-717.0,323.0,-401.0,1600,1600,1599,1599,0,0,0,0
1763969356.288814,0.0,0.0,32.53,154.91,-0.06275247782468796,0.21540112793445587,0.9744381904602051,-0.011605000123381615,-3.091599702835083,-0.11758381128311157,2.703839063644409,0.00018158741295337677,-0.00031310413032770157,-0.0008753293659538031,0.0,0.0,0.0,0.0,0.0,0.0,-0.57859235,0.6276256,10.2577559,0.08726646259971647,0.05235987755982989,-0.05235987755982989,-717.0,323.0,-401.0,1600,1600,1599,1599,0,0,0,0
1763969356.322214,0.0,0.0,32.57,154.91,-0.06275247782468796,0.21540112793445587,0.9744381904602051,-0.011605000123381615,-3.091599702835083,-0.11758381128311157,2.703839063644409,0.00018158741295337677,-0.00031310413032770157,-0.0008753293659538031,0.0,0.0,0.0,0.0,0.0,0.0,-0.57859235,0.6276256,10.2577559,0.08726646259971647,0.05235987755982989,-0.05235987755982989,-717.0,323.0,-401.0,1600,1600,1599,1599,0,0,0,0
1763969356.35561,0.0,0.0,32.57,154.91,-0.06275247782468796,0.21540112793445587,0.9744381904602051,-0.011605000123381615,-3.091599702835083,-0.11758381128311157,2.703839063644409,0.00018158741295337677,-0.00031310413032770157,-0.0008753293659538031,0.0,0.0,0.0,0.0,0.0,0.0,-0.57859235,0.6276256,10.2577559,0.08726646259971647,0.05235987755982989,-0.05235987755982989,-717.0,323.0,-401.0,1600,1600,1599,1599,0,0,0,0
1763969356.3890066,0.0,0.0,32.57,154.91,-0.06275247782468796,0.21540112793445587,0.9744381904602051,-0.011605000123381615,-3.091599702835083,-0.11758381128311157,2.703839063644409,0.00018158741295337677,-0.00031310413032770157,-0.0008753293659538031,0.0,0.0,0.0,0.0,0.0,0.0,-0.57859235,0.6276256,10.2577559,0.08726646259971647,0.05235987755982989,-0.05235987755982989,-717.0,323.0,-401.0,1600,1600,1599,1599,0,0,0,0
1763969356.4224021,0.0,0.0,32.57,154.91,-0.06275247782468796,0.21540112793445587,0.9744381904602051,-0.011605000123381615,-3.091599702835083,-0.11758381128311157,2.703839063644409,0.00018158741295337677,-0.00031310413032770157,-0.0008753293659538031,0.0,0.0,0.0,0.0,0.0,0.0,-0.5687857000000001,0.61781895,10.2577559,0.08726646259971647,0.06981317007977318,-0.06981317007977318,-718.0,321.0,-405.0,1600,1600,1599,1599,0,0,0,0
1763969356.4558187,0.0,0.0,32.57,154.91,-0.06275247782468796,0.21540112793445587,0.9744381904602051,-0.011605000123381615,-3.0916051864624023,-0.11755950003862381,2.7038216590881348,-0.0005307584069669247,-0.0006316769868135452,0.000864438246935606,0.0,0.0,0.0,0.0,0.0,0.0,-0.5687857000000001,0.61781895,10.2577559,0.08726646259971647,0.06981317007977318,-0.06981317007977318,-718.0,321.0,-405.0,1600,1600,1599,1599,0,0,0,0
1763969356.4892247,0.0,0.0,32.57,154.91,-0.06274014711380005,0.21541021764278412,0.9744369983673096,-0.011604409664869308,-3.0916051864624023,-0.11755950003862381,2.7038216590881348,-0.0005307584069669247,-0.0006316769868135452,0.000864438246935606,0.0,0.0,0.0,0.0,0.0,0.0,-0.5687857000000001,0.61781895,10.2577559,0.08726646259971647,0.06981317007977318,-0.06981317007977318,-718.0,321.0,-405.0,1600,1600,1599,1599,0,0,0,0
1763969356.5226312,0.0,0.0,32.57,154.91,-0.06274014711380005,0.21541021764278412,0.9744369983673096,-0.011604409664869308,-3.0916051864624023,-0.11755950003862381,2.7038216590881348,-0.0005307584069669247,-0.0006316769868135452,0.000864438246935606,0.0,0.0,0.0,0.0,0.0,0.0,-0.5687857000000001,0.61781895,10.2577559,0.08726646259971647,0.06981317007977318,-0.06981317007977318,-718.0,321.0,-405.0,1600,1600,1599,1599,0,0,0,0
1763969356.5560296,0.0,0.0,32.57,154.91,-0.06274014711380005,0.21541021764278412,0.9744369983673096,-0.011604409664869308,-3.0916051864624023,-0.11755950003862381,2.7038216590881348,-0.0005307584069669247,-0.0006316769868135452,0.000864438246935606,0.0,0.0,0.0,0.0,0.0,0.0,-0.5687857000000001,0.61781895,10.2577559,0.08726646259971647,0.06981317007977318,-0.06981317007977318,-718.0,321.0,-405.0,1600,1600,1599,1599,0,0,0,0
1763969356.5894265,0.0,0.0,32.57,154.91,-0.06274014711380005,0.21541021764278412,0.9744369983673096,-0.011604409664869308,-3.0916051864624023,-0.11755950003862381,2.7038216590881348,-0.0005307584069669247,-0.0006316769868135452,0.000864438246935606,0.0,0.0,0.0,0.0,0.0,0.0,-0.5687857000000001,0.6080123,10.2577559,0.06981317007977318,0.05235987755982989,-0.03490658503988659,-718.0,321.0,-405.0,1600,1600,1599,1599,0,0,0,0
1763969356.6228218,0.0,0.0,32.57,154.91,-0.06274014711380005,0.21541021764278412,0.9744369983673096,-0.011604409664869308,-3.0916075706481934,-0.11756928265094757,2.703796863555908,0.0005597718991339207,3.56622040271759e-05,0.0010328232310712337,0.0,0.0,0.0,0.0,0.0,0.0,-0.5687857000000001,0.6080123,10.2577559,0.06981317007977318,0.05235987755982989,-0.03490658503988659,-718.0,321.0,-405.0,1600,1600,1599,1599,0,0,0,0
1763969356.6562247,0.0,0.0,32.57,154.91,-0.06274481862783432,0.21542225778102875,0.9744340777397156,-0.011601479724049568,-3.0916075706481934,-0.11756928265094757,2.703796863555908,0.0005597718991339207,3.56622040271759e-05,0.0010328232310712337,0.0,0.0,0.0,0.0,0.0,0.0,-0.5687857000000001,0.6080123,10.2577559,0.06981317007977318,0.05235987755982989,-0.03490658503988659,-718.0,321.0,-405.0,1600,1600,1599,1599,0,0,0,0
1763969356.6896245,0.0,0.0,32.57,154.91,-0.06274481862783432,0.21542225778102875,0.9744340777397156,-0.011601479724049568,-3.0916075706481934,-0.11756928265094757,2.703796863555908,0.0005597718991339207,3.56622040271759e-05,0.0010328232310712337,0.0,0.0,0.0,0.0,0.0,0.0,-0.5687857000000001,0.6080123,10.2577559,0.06981317007977318,0.05235987755982989,-0.03490658503988659,-718.0,321.0,-405.0,1600,1600,1599,1599,0,0,0,0
1763969356.723043,0.0,0.0,32.57,154.91,-0.06274481862783432,0.21542225778102875,0.9744340777397156,-0.011601479724049568,-3.0916075706481934,-0.11756928265094757,2.703796863555908,0.0005597718991339207,3.56622040271759e-05,0.0010328232310712337,0.0,0.0,0.0,0.0,0.0,0.0,-0.5687857000000001,0.6080123,10.2577559,0.06981317007977318,0.05235987755982989,-0.03490658503988659,-718.0,321.0,-405.0,1600,1600,1599,1599,0,0,0,0
1763969356.7564428,0.0,0.0,32.57,154.91,-0.06274481862783432,0.21542225778102875,0.9744340777397156,-0.011601479724049568,-3.0916075706481934,-0.11756928265094757,2.703796863555908,0.0005597718991339207,3.56622040271759e-05,0.0010328232310712337,0.0,0.0,0.0,0.0,0.0,0.0,-0.5687857000000001,0.6080123,10.2577559,0.06981317007977318,0.05235987755982989,-0.03490658503988659,-718.0,321.0,-405.0,1600,1600,1599,1599,0,0,0,0
1763969356.7898421,0.0,0.0,32.57,154.91,-0.06274481862783432,0.21542225778102875,0.9744340777397156,-0.011601479724049568,-3.0916075706481934,-0.11756928265094757,2.703796863555908,0.0005597718991339207,3.56622040271759e-05,0.0010328232310712337,0.0,0.0,0.0,0.0,0.0,0.0,-0.55897905,0.6080123,10.24794925,0.10471975511965978,0.06981317007977318,-0.03490658503988659,-718.0,321.0,-405.0,1600,1600,1599,1599,0,0,0,0
1763969356.823239,0.0,0.0,32.57,154.91,-0.06274481862783432,0.21542225778102875,0.9744340777397156,-0.011601479724049568,-3.0915956497192383,-0.11756913363933563,2.7037899494171143,0.0010498869232833385,-0.00017408141866326332,0.001439990708604455,0.0,0.0,0.0,0.0,0.0,0.0,-0.55897905,0.6080123,10.24794925,0.10471975511965978,0.06981317007977318,-0.03490658503988659,-718.0,321.0,-405.0,1600,1600,1599,1599,0,0,0,0
1763969356.8566337,0.0,0.0,32.57,154.91,-0.06274481862783432,0.21542225778102875,0.9744340777397156,-0.011601479724049568,-3.0915956497192383,-0.11756913363933563,2.7037899494171143,0.0010498869232833385,-0.00017408141866326332,0.001439990708604455,0.0,0.0,0.0,0.0,0.0,0.0,-0.55897905,0.6080123,10.24794925,0.10471975511965978,0.06981317007977318,-0.03490658503988659,-718.0,321.0,-405.0,1600,1600,1599,1599,0,0,0,0
1763969356.8900461,0.0,0.0,32.57,154.91,-0.06274605542421341,0.21542517840862274,0.9744333028793335,-0.011607042513787746,-3.0915956497192383,-0.11756913363933563,2.7037899494171143,0.0010498869232833385,-0.00017408141866326332,0.001439990708604455,0.0,0.0,0.0,0.0,0.0,0.0,-0.55897905,0.6080123,10.24794925,0.10471975511965978,0.06981317007977318,-0.03490658503988659,-718.0,321.0,-405.0,1600,1600,1599,1599,0,0,0,0
1763969356.9234686,0.0,0.0,32.42,154.91,-0.06274605542421341,0.21542517840862274,0.9744333028793335,-0.011607042513787746,-3.0915956497192383,-0.11756913363933563,2.7037899494171143,0.0010498869232833385,-0.00017408141866326332,0.001439990708604455,0.0,0.0,0.0,0.0,0.0,0.0,-0.55897905,0.6080123,10.24794925,0.10471975511965978,0.06981317007977318,-0.03490658503988659,-718.0,321.0,-405.0,1600,1600,1599,1599,0,0,0,0
1763969356.9568858,0.0,0.0,32.42,154.91,-0.06274605542421341,0.21542517840862274,0.9744333028793335,-0.011607042513787746,-3.0915956497192383,-0.11756913363933563,2.7037899494171143,0.0010498869232833385,-0.00017408141866326332,0.001439990708604455,0.0,0.0,0.0,0.0,0.0,0.0,-0.5687857000000001,0.61781895,10.2577559,0.10471975511965978,0.06981317007977318,-0.017453292519943295,-717.0,320.0,-398.0,1600,1600,1599,1599,0,0,0,0
1763969356.990356,0.0,0.0,32.42,154.91,-0.06274605542421341,0.21542517840862274,0.9744333028793335,-0.011607042513787746,-3.0916290283203125,-0.11761920154094696,2.7038989067077637,0.0005361386574804783,-0.0019726750906556845,0.0001055870670825243,0.0,0.0,0.0,0.0,0.0,0.0,-0.5687857000000001,0.61781895,10.2577559,0.10471975511965978,0.06981317007977318,-0.017453292519943295,-717.0,320.0,-398.0,1600,1600,1599,1599,0,0,0,0
1763969357.0237734,0.0,0.0,32.42,154.91,-0.06276622414588928,0.21537229418754578,0.9744439125061035,-0.011588775552809238,-3.0916290283203125,-0.11761920154094696,2.7038989067077637,0.0005361386574804783,-0.0019726750906556845,0.0001055870670825243,0.0,0.0,0.0,0.0,0.0,0.0,-0.5687857000000001,0.61781895,10.2577559,0.10471975511965978,0.06981317007977318,-0.017453292519943295,-717.0,320.0,-398.0,1600,1600,1599,1599,0,0,0,0
1763969357.0571718,0.0,0.0,32.65,154.92,-0.06276622414588928,0.21537229418754578,0.9744439125061035,-0.011588775552809238,-3.0916290283203125,-0.11761920154094696,2.7038989067077637,0.0005361386574804783,-0.0019726750906556845,0.0001055870670825243,0.0,0.0,0.0,0.0,0.0,0.0,-0.5687857000000001,0.61781895,10.2577559,0.10471975511965978,0.06981317007977318,-0.017453292519943295,-717.0,320.0,-398.0,1600,1600,1599,1599,0,0,0,0
1763969357.090567,0.0,0.0,32.65,154.92,-0.06276622414588928,0.21537229418754578,0.9744439125061035,-0.011588775552809238,-3.0916290283203125,-0.11761920154094696,2.7038989067077637,0.0005361386574804783,-0.0019726750906556845,0.0001055870670825243,0.0,0.0,0.0,0.0,0.0,0.0,-0.5687857000000001,0.61781895,10.2577559,0.10471975511965978,0.06981317007977318,-0.017453292519943295,-717.0,320.0,-398.0,1600,1600,1599,1599,0,0,0,0
1763969357.12396,0.0,0.0,32.65,154.92,-0.06276622414588928,0.21537229418754578,0.9744439125061035,-0.011588775552809238,-3.0916290283203125,-0.11761920154094696,2.7038989067077637,0.0005361386574804783,-0.0019726750906556845,0.0001055870670825243,0.0,0.0,0.0,0.0,0.0,0.0,-0.5687857000000001,0.61781895,10.24794925,0.10471975511965978,0.03490658503988659,-0.05235987755982989,-719.0,318.0,-402.0,1600,1600,1599,1599,0,0,0,0
1763969357.1573372,0.0,0.0,32.65,154.92,-0.06276622414588928,0.21537229418754578,0.9744439125061035,-0.011588775552809238,-3.0916290283203125,-0.11761920154094696,2.7038989067077637,0.0005361386574804783,-0.0019726750906556845,0.0001055870670825243,0.0,0.0,0.0,0.0,0.0,0.0,-0.5687857000000001,0.61781895,10.24794925,0.10471975511965978,0.03490658503988659,-0.05235987755982989,-719.0,318.0,-402.0,1600,1600,1599,1599,0,0,0,0
1763969357.1907277,0.0,0.0,32.65,154.92,-0.06276622414588928,0.21537229418754578,0.9744439125061035,-0.011588775552809238,-3.091639757156372,-0.11764124780893326,2.7039108276367188,-0.0007490403950214386,-0.0006899114232510328,-0.0007762622553855181,0.0,0.0,0.0,0.0,0.0,0.0,-0.5687857000000001,0.61781895,10.24794925,0.10471975511965978,0.03490658503988659,-0.05235987755982989,-719.0,318.0,-402.0,1600,1600,1599,1599,0,0,0,0
1763969357.2241223,0.0,0.0,32.65,154.92,-0.06276622414588928,0.21537229418754578,0.9744439125061035,-0.011588775552809238,-3.091639757156372,-0.11764124780893326,2.7039108276367188,-0.0007490403950214386,-0.0006899114232510328,-0.0007762622553855181,0.0,0.0,0.0,0.0,0.0,0.0,-0.55897905,0.6080123,10.2577559,0.06981317007977318,0.05235987755982989,-0.05235987755982989,-719.0,318.0,-402.0,1600,1600,1599,1599,0,0,0,0
1763969357.2575116,0.0,0.0,32.65,154.92,-0.06277573853731155,0.2153664082288742,0.9744446277618408,-0.011581538245081902,-3.091639757156372,-0.11764124780893326,2.7039108276367188,-0.0007490403950214386,-0.0006899114232510328,-0.0007762622553855181,0.0,0.0,0.0,0.0,0.0,0.0,-0.55897905,0.6080123,10.2577559,0.06981317007977318,0.05235987755982989,-0.05235987755982989,-719.0,318.0,-402.0,1600,1600,1599,1599,0,0,0,0
1763969357.2909107,0.0,0.0,32.65,154.92,-0.06277573853731155,0.2153664082288742,0.9744446277618408,-0.011581538245081902,-3.091639757156372,-0.11764124780893326,2.7039108276367188,-0.0007490403950214386,-0.0006899114232510328,-0.0007762622553855181,0.0,0.0,0.0,0.0,0.0,0.0,-0.55897905,0.6080123,10.2577559,0.06981317007977318,0.05235987755982989,-0.05235987755982989,-719.0,318.0,-402.0,1600,1600,1599,1599,0,0,0,0
1763969357.3243265,0.0,0.0,32.65,154.92,-0.06277573853731155,0.2153664082288742,0.9744446277618408,-0.011581538245081902,-3.091639757156372,-0.11764124780893326,2.7039108276367188,-0.0007490403950214386,-0.0006899114232510328,-0.0007762622553855181,0.0,0.0,0.0,0.0,0.0,0.0,-0.55897905,0.6080123,10.2577559,0.06981317007977318,0.05235987755982989,-0.05235987755982989,-719.0,318.0,-402.0,1600,1600,1599,1599,0,0,0,0
1763969357.3577216,0.0,0.0,32.65,154.92,-0.06277573853731155,0.2153664082288742,0.9744446277618408,-0.011581538245081902,-3.091639757156372,-0.11764124780893326,2.7039108276367188,-0.0007490403950214386,-0.0006899114232510328,-0.0007762622553855181,0.0,0.0,0.0,0.0,0.0,0.0,-0.55897905,0.61781895,10.2577559,0.10471975511965978,0.06981317007977318,-0.03490658503988659,-722.0,319.0,-406.0,1600,1600,1599,1599,0,0,0,0
1763969357.3911119,0.0,0.0,32.65,154.92,-0.06277573853731155,0.2153664082288742,0.9744446277618408,-0.011581538245081902,-3.091594934463501,-0.11763808131217957,2.7039084434509277,0.0018568583764135838,9.020138531923294e-05,-0.0003143714275211096,0.0,0.0,0.0,0.0,0.0,0.0,-0.55897905,0.61781895,10.2577559,0.10471975511965978,0.06981317007977318,-0.03490658503988659,-722.0,319.0,-406.0,1600,1600,1599,1599,0,0,0,0
1763969357.4245024,0.0,0.0,32.65,154.92,-0.0627790167927742,0.2153661549091339,0.9744442701339722,-0.011603607796132565,-3.091594934463501,-0.11763808131217957,2.7039084434509277,0.0018568583764135838,9.020138531923294e-05,-0.0003143714275211096,0.0,0.0,0.0,0.0,0.0,0.0,-0.55897905,0.61781895,10.2577559,0.10471975511965978,0.06981317007977318,-0.03490658503988659,-722.0,319.0,-406.0,1600,1600,1599,1599,0,0,0,0
1763969357.4579155,0.0,0.0,32.65,154.92,-0.0627790167927742,0.2153661549091339,0.9744442701339722,-0.011603607796132565,-3.091594934463501,-0.11763808131217957,2.7039084434509277,0.0018568583764135838,9.020138531923294e-05,-0.0003143714275211096,0.0,0.0,0.0,0.0,0.0,0.0,-0.55897905,0.61781895,10.2577559,0.10471975511965978,0.06981317007977318,-0.03490658503988659,-722.0,319.0,-406.0,1600,1600,1599,1599,0,0,0,0
1763969357.491319,0.0,0.0,32.65,154.92,-0.0627790167927742,0.2153661549091339,0.9744442701339722,-0.011603607796132565,-3.091594934463501,-0.11763808131217957,2.7039084434509277,0.0018568583764135838,9.020138531923294e-05,-0.0003143714275211096,0.0,0.0,0.0,0.0,0.0,0.0,-0.55897905,0.61781895,10.2577559,0.10471975511965978,0.06981317007977318,-0.03490658503988659,-722.0,319.0,-406.0,1600,1600,1599,1599,0,0,0,0
1763969357.5247195,0.0,0.0,32.65,154.92,-0.0627790167927742,0.2153661549091339,0.9744442701339722,-0.011603607796132565,-3.091594934463501,-0.11763808131217957,2.7039084434509277,0.0018568583764135838,9.020138531923294e-05,-0.0003143714275211096,0.0,0.0,0.0,0.0,0.0,0.0,-0.55897905,0.61781895,10.2577559,0.10471975511965978,0.06981317007977318,-0.03490658503988659,-722.0,319.0,-406.0,1600,1600,1599,1599,0,0,0,0
1763969357.5581107,0.0,0.0,32.65,154.92,-0.0627790167927742,0.2153661549091339,0.9744442701339722,-0.011603607796132565,-3.091594934463501,-0.11763808131217957,2.7039084434509277,0.0018568583764135838,9.020138531923294e-05,-0.0003143714275211096,0.0,0.0,0.0,0.0,0.0,0.0,-0.55897905,0.61781895,10.2577559,0.12217304763960307,0.06981317007977318,-0.05235987755982989,-722.0,319.0,-406.0,1600,1600,1599,1599,0,0,0,0
1763969357.5915048,0.0,0.0,32.65,154.92,-0.0627790167927742,0.2153661549091339,0.9744442701339722,-0.011603607796132565,-3.0915796756744385,-0.11764470487833023,2.7039248943328857,0.0008075009100139141,0.0005076108500361443,-0.00013572978787124157,0.0,0.0,0.0,0.0,0.0,0.0,-0.55897905,0.61781895,10.2577559,0.12217304763960307,0.06981317007977318,-0.05235987755982989,-722.0,319.0,-406.0,1600,1600,1599,1599,0,0,0,0
1763969357.6248949,0.0,0.0,32.65,154.92,-0.06278378516435623,0.21535760164260864,0.9744457602500916,-0.011610811576247215,-3.0915796756744385,-0.11764470487833023,2.7039248943328857,0.0008075009100139141,0.0005076108500361443,-0.00013572978787124157,0.0,0.0,0.0,0.0,0.0,0.0,-0.55897905,0.61781895,10.2577559,0.12217304763960307,0.06981317007977318,-0.05235987755982989,-722.0,319.0,-406.0,1600,1600,1599,1599,0,0,0,0
1763969357.6582828,0.0,0.0,32.65,154.92,-0.06278378516435623,0.21535760164260864,0.9744457602500916,-0.011610811576247215,-3.0915796756744385,-0.11764470487833023,2.7039248943328857,0.0008075009100139141,0.0005076108500361443,-0.00013572978787124157,0.0,0.0,0.0,0.0,0.0,0.0,-0.55897905,0.61781895,10.2577559,0.12217304763960307,0.06981317007977318,-0.05235987755982989,-722.0,319.0,-406.0,1600,1600,1599,1599,0,0,0,0
1763969357.691675,0.0,0.0,32.65,154.92,-0.06278378516435623,0.21535760164260864,0.9744457602500916,-0.011610811576247215,-3.0915796756744385,-0.11764470487833023,2.7039248943328857,0.0008075009100139141,0.0005076108500361443,-0.00013572978787124157,0.0,0.0,0.0,0.0,0.0,0.0,-0.55897905,0.61781895,10.2577559,0.12217304763960307,0.06981317007977318,-0.05235987755982989,-722.0,319.0,-406.0,1600,1600,1599,1599,0,0,0,0
1763969357.7250662,0.0,0.0,32.65,154.92,-0.06278378516435623,0.21535760164260864,0.9744457602500916,-0.011610811576247215,-3.0915796756744385,-0.11764470487833023,2.7039248943328857,0.0008075009100139141,0.0005076108500361443,-0.00013572978787124157,0.0,0.0,0.0,0.0,0.0,0.0,-0.5687857000000001,0.61781895,10.2577559,0.10471975511965978,0.08726646259971647,-0.05235987755982989,-722.0,319.0,-406.0,1600,1600,1599,1599,0,0,0,0
1763969357.758456,0.0,0.0,32.65,154.92,-0.06278378516435623,0.21535760164260864,0.9744457602500916,-0.011610811576247215,-3.0916006565093994,-0.11772388964891434,2.7038891315460205,-0.00029343925416469574,0.0004636314697563648,0.0008617816492915154,0.0,0.0,0.0,0.0,0.0,0.0,-0.5687857000000001,0.61781895,10.2577559,0.10471975511965978,0.08726646259971647,-0.05235987755982989,-722.0,319.0,-406.0,1600,1600,1599,1599,0,0,0,0
1763969357.7918468,0.0,0.0,32.65,154.92,-0.06282030791044235,0.21537424623966217,0.9744399189949036,-0.011590911075472832,-3.0916006565093994,-0.11772388964891434,2.7038891315460205,-0.00029343925416469574,0.0004636314697563648,0.0008617816492915154,0.0,0.0,0.0,0.0,0.0,0.0,-0.5687857000000001,0.61781895,10.2577559,0.10471975511965978,0.08726646259971647,-0.05235987755982989,-722.0,319.0,-406.0,1600,1600,1599,1599,0,0,0,0
1763969357.8252368,0.0,0.0,32.66,154.92,-0.06282030791044235,0.21537424623966217,0.9744399189949036,-0.011590911075472832,-3.0916006565093994,-0.11772388964891434,2.7038891315460205,-0.00029343925416469574,0.0004636314697563648,0.0008617816492915154,0.0,0.0,0.0,0.0,0.0,0.0,-0.5687857000000001,0.61781895,10.2577559,0.10471975511965978,0.08726646259971647,-0.05235987755982989,-722.0,319.0,-406.0,1600,1600,1599,1599,0,0,0,0
1763969357.8586245,0.0,0.0,32.66,154.92,-0.06282030791044235,0.21537424623966217,0.9744399189949036,-0.011590911075472832,-3.0916006565093994,-0.11772388964891434,2.7038891315460205,-0.00029343925416469574,0.0004636314697563648,0.0008617816492915154,0.0,0.0,0.0,0.0,0.0,0.0,-0.5687857000000001,0.61781895,10.2577559,0.10471975511965978,0.08726646259971647,-0.05235987755982989,-722.0,319.0,-406.0,1600,1600,1599,1599,0,0,0,0
1763969357.8920202,0.0,0.0,32.66,154.92,-0.06282030791044235,0.21537424623966217,0.9744399189949036,-0.011590911075472832,-3.0916006565093994,-0.11772388964891434,2.7038891315460205,-0.00029343925416469574,0.0004636314697563648,0.0008617816492915154,0.0,0.0,0.0,0.0,0.0,0.0,-0.5687857000000001,0.61781895,10.2577559,0.10471975511965978,0.08726646259971647,-0.05235987755982989,-722.0,319.0,-406.0,1600,1600,1599,1599,0,0,0,0
1763969357.9254382,0.0,0.0,32.66,154.92,-0.06282030791044235,0.21537424623966217,0.9744399189949036,-0.011590911075472832,-3.0916006565093994,-0.11772388964891434,2.7038891315460205,-0.00029343925416469574,0.0004636314697563648,0.0008617816492915154,0.0,0.0,0.0,0.0,0.0,0.0,-0.5687857000000001,0.61781895,10.2577559,0.08726646259971647,0.06981317007977318,-0.03490658503988659,-718.0,319.0,-402.0,1600,1600,1599,1599,0,0,0,0
1763969357.958848,0.0,0.0,32.66,154.92,-0.06282030791044235,0.21537424623966217,0.9744399189949036,-0.011590911075472832,-3.091603994369507,-0.11773016303777695,2.7038931846618652,-0.00037548597902059555,0.00016418332234025002,0.0008099570404738188,0.0,0.0,0.0,0.0,0.0,0.0,-0.5687857000000001,0.61781895,10.2577559,0.08726646259971647,0.06981317007977318,-0.03490658503988659,-718.0,319.0,-402.0,1600,1600,1599,1599,0,0,0,0
1763969357.9922433,0.0,0.0,32.66,154.92,-0.06282296776771545,0.2153722494840622,0.9744402766227722,-0.01158865075558424,-3.091603994369507,-0.11773016303777695,2.7038931846618652,-0.00037548597902059555,0.00016418332234025002,0.0008099570404738188,0.0,0.0,0.0,0.0,0.0,0.0,-0.5687857000000001,0.61781895,10.2577559,0.08726646259971647,0.06981317007977318,-0.03490658503988659,-718.0,319.0,-402.0,1600,1600,1599,1599,0,0,0,0
1763969358.0256352,0.0,0.0,32.66,154.92,-0.06282296776771545,0.2153722494840622,0.9744402766227722,-0.01158865075558424,-3.091603994369507,-0.11773016303777695,2.7038931846618652,-0.00037548597902059555,0.00016418332234025002,0.0008099570404738188,0.0,0.0,0.0,0.0,0.0,0.0,-0.5687857000000001,0.61781895,10.2577559,0.08726646259971647,0.06981317007977318,-0.03490658503988659,-718.0,319.0,-402.0,1600,1600,1599,1599,0,0,0,0
1763969358.059063,0.0,0.0,32.66,154.92,-0.06282296776771545,0.2153722494840622,0.9744402766227722,-0.01158865075558424,-3.091603994369507,-0.11773016303777695,2.7038931846618652,-0.00037548597902059555,0.00016418332234025002,0.0008099570404738188,0.0,0.0,0.0,0.0,0.0,0.0,-0.5687857000000001,0.61781895,10.2577559,0.08726646259971647,0.06981317007977318,-0.03490658503988659,-718.0,319.0,-402.0,1600,1600,1599,1599,0,0,0,0
1763969358.0924544,0.0,0.0,32.66,154.92,-0.06282296776771545,0.2153722494840622,0.9744402766227722,-0.01158865075558424,-3.091603994369507,-0.11773016303777695,2.7038931846618652,-0.00037548597902059555,0.00016418332234025002,0.0008099570404738188,0.0,0.0,0.0,0.0,0.0,0.0,-0.5687857000000001,0.61781895,10.2577559,0.08726646259971647,0.06981317007977318,-0.03490658503988659,-718.0,319.0,-402.0,1600,1600,1599,1599,0,0,0,0
1763969358.125847,0.0,0.0,32.66,154.92,-0.06282296776771545,0.2153722494840622,0.9744402766227722,-0.01158865075558424,-3.091603994369507,-0.11773016303777695,2.7038931846618652,-0.00037548597902059555,0.00016418332234025002,0.0008099570404738188,0.0,0.0,0.0,0.0,0.0,0.0,-0.5687857000000001,0.6080123,10.2577559,0.08726646259971647,0.06981317007977318,-0.03490658503988659,-718.0,319.0,-402.0,1600,1600,1599,1599,0,0,0,0
1763969358.1592402,0.0,0.0,32.66,154.92,-0.06282296776771545,0.2153722494840622,0.9744402766227722,-0.01158865075558424,-3.091614007949829,-0.11773533374071121,2.703883171081543,-0.0017440002411603928,-4.414469003677368e-06,0.0006502994801849127,0.0,0.0,0.0,0.0,0.0,0.0,-0.5687857000000001,0.6080123,10.2577559,0.08726646259971647,0.06981317007977318,-0.03490658503988659,-718.0,319.0,-402.0,1600,1600,1599,1599,0,0,0,0
1763969358.1926417,0.0,0.0,32.66,154.92,-0.06282447278499603,0.21537727117538452,0.9744390845298767,-0.011582938022911549,-3.091614007949829,-0.11773533374071121,2.703883171081543,-0.0017440002411603928,-4.414469003677368e-06,0.0006502994801849127,0.0,0.0,0.0,0.0,0.0,0.0,-0.5687857000000001,0.6080123,10.2577559,0.08726646259971647,0.06981317007977318,-0.03490658503988659,-718.0,319.0,-402.0,1600,1600,1599,1599,0,0,0,0
1763969358.2260365,0.0,0.0,32.66,154.92,-0.06282447278499603,0.21537727117538452,0.9744390845298767,-0.011582938022911549,-3.091614007949829,-0.11773533374071121,2.703883171081543,-0.0017440002411603928,-4.414469003677368e-06,0.0006502994801849127,0.0,0.0,0.0,0.0,0.0,0.0,-0.5687857000000001,0.6080123,10.2577559,0.08726646259971647,0.06981317007977318,-0.03490658503988659,-718.0,319.0,-402.0,1600,1600,1599,1599,0,0,0,0
1763969358.2594304,0.0,0.0,32.66,154.92,-0.06282447278499603,0.21537727117538452,0.9744390845298767,-0.011582938022911549,-3.091614007949829,-0.11773533374071121,2.703883171081543,-0.0017440002411603928,-4.414469003677368e-06,0.0006502994801849127,0.0,0.0,0.0,0.0,0.0,0.0,-0.5687857000000001,0.6080123,10.2577559,0.08726646259971647,0.06981317007977318,-0.03490658503988659,-718.0,319.0,-402.0,1600,1600,1599,1599,0,0,0,0
1763969358.2928221,0.0,0.0,32.66,154.92,-0.06282447278499603,0.21537727117538452,0.9744390845298767,-0.011582938022911549,-3.091614007949829,-0.11773533374071121,2.703883171081543,-0.0017440002411603928,-4.414469003677368e-06,0.0006502994801849127,0.0,0.0,0.0,0.0,0.0,0.0,-0.5687857000000001,0.61781895,10.2577559,0.05235987755982989,0.06981317007977318,-0.03490658503988659,-718.0,319.0,-402.0,1600,1600,1599,1599,0,0,0,0
1763969358.3262227,0.0,0.0,32.66,154.92,-0.06282447278499603,0.21537727117538452,0.9744390845298767,-0.011582938022911549,-3.091627597808838,-0.11773315072059631,2.7038960456848145,-0.0017907253932207823,-0.00026179710403084755,0.00038497732020914555,0.0,0.0,0.0,0.0,0.0,0.0,-0.5687857000000001,0.61781895,10.2577559,0.05235987755982989,0.06981317007977318,-0.03490658503988659,-718.0,319.0,-402.0,1600,1600,1599,1599,0,0,0,0
1763969358.359615,0.0,0.0,32.66,154.92,-0.06282447278499603,0.21537727117538452,0.9744390845298767,-0.011582938022911549,-3.091627597808838,-0.11773315072059631,2.7038960456848145,-0.0017907253932207823,-0.00026179710403084755,0.00038497732020914555,0.0,0.0,0.0,0.0,0.0,0.0,-0.5687857000000001,0.61781895,10.2577559,0.05235987755982989,0.06981317007977318,-0.03490658503988659,-718.0,319.0,-402.0,1600,1600,1599,1599,0,0,0,0
1763969358.3930056,0.0,0.0,32.66,154.92,-0.06282186508178711,0.21537144482135773,0.9744406342506409,-0.01157690305262804,-3.091627597808838,-0.11773315072059631,2.7038960456848145,-0.0017907253932207823,-0.00026179710403084755,0.00038497732020914555,0.0,0.0,0.0,0.0,0.0,0.0,-0.5687857000000001,0.61781895,10.2577559,0.05235987755982989,0.06981317007977318,-0.03490658503988659,-718.0,319.0,-402.0,1600,1600,1599,1599,0,0,0,0
1763969358.426399,0.0,0.0,32.66,154.92,-0.06282186508178711,0.21537144482135773,0.9744406342506409,-0.01157690305262804,-3.091627597808838,-0.11773315072059631,2.7038960456848145,-0.0017907253932207823,-0.00026179710403084755,0.00038497732020914555,0.0,0.0,0.0,0.0,0.0,0.0,-0.5687857000000001,0.6080123,10.2577559,0.05235987755982989,0.06981317007977318,-0.03490658503988659,-716.0,316.0,-401.0,1600,1600,1599,1599,0,0,0,0
1763969358.4598126,0.0,0.0,32.63,154.92,-0.06282186508178711,0.21537144482135773,0.9744406342506409,-0.01157690305262804,-3.091627597808838,-0.11773315072059631,2.7038960456848145,-0.0017907253932207823,-0.00026179710403084755,0.00038497732020914555,0.0,0.0,0.0,0.0,0.0,0.0,-0.5687857000000001,0.6080123,10.2577559,0.05235987755982989,0.06981317007977318,-0.03490658503988659,-716.0,316.0,-401.0,1600,1600,1599,1599,0,0,0,0
1763969358.4932103,0.0,0.0,32.63,154.92,-0.06282186508178711,0.21537144482135773,0.9744406342506409,-0.01157690305262804,-3.09163498878479,-0.11773284524679184,2.703890323638916,0.0001443326473236084,0.0008418634533882141,-0.00041213585063815117,0.0,0.0,0.0,0.0,0.0,0.0,-0.5687857000000001,0.6080123,10.2577559,0.05235987755982989,0.06981317007977318,-0.03490658503988659,-716.0,316.0,-401.0,1600,1600,1599,1599,0,0,0,0
1763969358.526631,0.0,0.0,32.63,154.92,-0.06282186508178711,0.21537144482135773,0.9744406342506409,-0.01157690305262804,-3.09163498878479,-0.11773284524679184,2.703890323638916,0.0001443326473236084,0.0008418634533882141,-0.00041213585063815117,0.0,0.0,0.0,0.0,0.0,0.0,-0.5687857000000001,0.6080123,10.2577559,0.05235987755982989,0.06981317007977318,-0.03490658503988659,-716.0,316.0,-401.0,1600,1600,1599,1599,0,0,0,0
1763969358.5600226,0.0,0.0,32.63,154.92,-0.06282096356153488,0.21537448465824127,0.9744400978088379,-0.0115731880068779,-3.09163498878479,-0.11773284524679184,2.703890323638916,0.0001443326473236084,0.0008418634533882141,-0.00041213585063815117,0.0,0.0,0.0,0.0,0.0,0.0,-0.5687857000000001,0.6080123,10.2577559,0.05235987755982989,0.06981317007977318,-0.03490658503988659,-716.0,316.0,-401.0,1600,1600,1599,1599,0,0,0,0
1763969358.5934198,0.0,0.0,32.63,154.92,-0.06282096356153488,0.21537448465824127,0.9744400978088379,-0.0115731880068779,-3.09163498878479,-0.11773284524679184,2.703890323638916,0.0001443326473236084,0.0008418634533882141,-0.00041213585063815117,0.0,0.0,0.0,0.0,0.0,0.0,-0.5687857000000001,0.61781895,10.2577559,0.08726646259971647,0.08726646259971647,-0.05235987755982989,-716.0,316.0,-401.0,1600,1600,1599,1599,0,0,0,0
1763969358.6268117,0.0,0.0,32.63,154.92,-0.06282096356153488,0.21537448465824127,0.9744400978088379,-0.0115731880068779,-3.09163498878479,-0.11773284524679184,2.703890323638916,0.0001443326473236084,0.0008418634533882141,-0.00041213585063815117,0.0,0.0,0.0,0.0,0.0,0.0,-0.5687857000000001,0.61781895,10.2577559,0.08726646259971647,0.08726646259971647,-0.05235987755982989,-716.0,316.0,-401.0,1600,1600,1599,1599,0,0,0,0
1763969358.6602046,0.0,0.0,32.63,154.92,-0.06282096356153488,0.21537448465824127,0.9744400978088379,-0.0115731880068779,-3.091606855392456,-0.11776536703109741,2.7039906978607178,-0.0005623591132462025,0.0002920227125287056,-0.0004898100160062313,0.0,0.0,0.0,0.0,0.0,0.0,-0.5687857000000001,0.61781895,10.2577559,0.08726646259971647,0.08726646259971647,-0.05235987755982989,-716.0,316.0,-401.0,1600,1600,1599,1599,0,0,0,0
1763969358.6935954,0.0,0.0,32.48,154.92,-0.06282096356153488,0.21537448465824127,0.9744400978088379,-0.0115731880068779,-3.091606855392456,-0.11776536703109741,2.7039906978607178,-0.0005623591132462025,0.0002920227125287056,-0.0004898100160062313,0.0,0.0,0.0,0.0,0.0,0.0,-0.5687857000000001,0.61781895,10.2577559,0.08726646259971647,0.08726646259971647,-0.05235987755982989,-716.0,316.0,-401.0,1600,1600,1599,1599,0,0,0,0
1763969358.7269845,0.0,0.0,32.48,154.92,-0.06282096356153488,0.21537448465824127,0.9744400978088379,-0.0115731880068779,-3.091606855392456,-0.11776536703109741,2.7039906978607178,-0.0005623591132462025,0.0002920227125287056,-0.0004898100160062313,0.0,0.0,0.0,0.0,0.0,0.0,-0.5687857000000001,0.61781895,10.2577559,0.08726646259971647,0.08726646259971647,-0.05235987755982989,-716.0,316.0,-401.0,1600,1600,1599,1599,0,0,0,0
1763969358.7603755,0.0,0.0,32.48,154.92,-0.06282096356153488,0.21537448465824127,0.9744400978088379,-0.0115731880068779,-3.091606855392456,-0.11776536703109741,2.7039906978607178,-0.0005623591132462025,0.0002920227125287056,-0.0004898100160062313,0.0,0.0,0.0,0.0,0.0,0.0,-0.5687857000000001,0.61781895,10.2577559,0.08726646259971647,0.08726646259971647,-0.05235987755982989,-716.0,316.0,-401.0,1600,1600,1599,1599,0,0,0,0
1763969358.7937663,0.0,0.0,32.48,154.92,-0.06282096356153488,0.21537448465824127,0.9744400978088379,-0.0115731880068779,-3.091606855392456,-0.11776536703109741,2.7039906978607178,-0.0005623591132462025,0.0002920227125287056,-0.0004898100160062313,0.0,0.0,0.0,0.0,0.0,0.0,-0.5687857000000001,0.61781895,10.2577559,0.08726646259971647,0.08726646259971647,-0.05235987755982989,-716.0,316.0,-401.0,1600,1600,1599,1599,0,0,0,0
1763969358.8271554,0.0,0.0,32.48,154.92,-0.06282096356153488,0.21537448465824127,0.9744400978088379,-0.0115731880068779,-3.091606855392456,-0.11776536703109741,2.7039906978607178,-0.0005623591132462025,0.0002920227125287056,-0.0004898100160062313,0.0,0.0,0.0,0.0,0.0,0.0,-0.55897905,0.61781895,10.2577559,0.10471975511965978,0.06981317007977318,-0.06981317007977318,-718.0,317.0,-403.0,1600,1600,1599,1599,0,0,0,0
1763969358.860546,0.0,0.0,32.48,154.92,-0.06282096356153488,0.21537448465824127,0.9744400978088379,-0.0115731880068779,-3.091606855392456,-0.11776536703109741,2.7039906978607178,-0.0005623591132462025,0.0002920227125287056,-0.0004898100160062313,0.0,0.0,0.0,0.0,0.0,0.0,-0.55897905,0.61781895,10.2577559,0.10471975511965978,0.06981317007977318,-0.06981317007977318,-718.0,317.0,-403.0,1600,1600,1599,1599,0,0,0,0
1763969358.8939395,0.0,0.0,32.48,154.92,-0.06282096356153488,0.21537448465824127,0.9744400978088379,-0.0115731880068779,-3.091614246368408,-0.11779774725437164,2.7039954662323,-0.0017896485514938831,0.0007032179273664951,0.0014627374475821853,0.0,0.0,0.0,0.0,0.0,0.0,-0.55897905,0.61781895,10.2577559,0.10471975511965978,0.06981317007977318,-0.06981317007977318,-718.0,317.0,-403.0,1600,1600,1599,1599,0,0,0,0
1763969358.9273307,0.0,0.0,32.48,154.92,-0.06285418570041656,0.2153213620185852,0.9744495749473572,-0.011579519137740135,-3.091614246368408,-0.11779774725437164,2.7039954662323,-0.0017896485514938831,0.0007032179273664951,0.0014627374475821853,0.0,0.0,0.0,0.0,0.0,0.0,-0.55897905,0.61781895,10.2577559,0.10471975511965978,0.06981317007977318,-0.06981317007977318,-718.0,317.0,-403.0,1600,1600,1599,1599,0,0,0,0
1763969358.9607449,0.0,0.0,32.48,154.92,-0.06285418570041656,0.2153213620185852,0.9744495749473572,-0.011579519137740135,-3.091614246368408,-0.11779774725437164,2.7039954662323,-0.0017896485514938831,0.0007032179273664951,0.0014627374475821853,0.0,0.0,0.0,0.0,0.0,0.0,-0.55897905,0.61781895,10.2577559,0.10471975511965978,0.06981317007977318,-0.06981317007977318,-718.0,317.0,-403.0,1600,1600,1599,1599,0,0,0,0
1763969358.9941394,0.0,0.0,32.48,154.92,-0.06285418570041656,0.2153213620185852,0.9744495749473572,-0.011579519137740135,-3.091614246368408,-0.11779774725437164,2.7039954662323,-0.0017896485514938831,0.0007032179273664951,0.0014627374475821853,0.0,0.0,0.0,0.0,0.0,0.0,-0.55897905,0.61781895,10.2577559,0.10471975511965978,0.06981317007977318,-0.06981317007977318,-718.0,317.0,-403.0,1600,1600,1599,1599,0,0,0,0
1763969359.0275755,0.0,0.0,32.48,154.92,-0.06285418570041656,0.2153213620185852,0.9744495749473572,-0.011579519137740135,-3.091614246368408,-0.11779774725437164,2.7039954662323,-0.0017896485514938831,0.0007032179273664951,0.0014627374475821853,0.0,0.0,0.0,0.0,0.0,0.0,-0.5687857000000001,0.6080123,10.24794925,0.05235987755982989,0.08726646259971647,-0.017453292519943295,-718.0,317.0,-403.0,1600,1600,1599,1599,0,0,0,0
1763969359.0609782,0.0,0.0,32.48,154.92,-0.06285418570041656,0.2153213620185852,0.9744495749473572,-0.011579519137740135,-3.0915989875793457,-0.11780358850955963,2.703984498977661,0.001601274125277996,0.00035486510023474693,-0.0004583254922181368,0.0,0.0,0.0,0.0,0.0,0.0,-0.5687857000000001,0.6080123,10.24794925,0.05235987755982989,0.08726646259971647,-0.017453292519943295,-718.0,317.0,-403.0,1600,1600,1599,1599,0,0,0,0
1763969359.0943723,0.0,0.0,32.48,154.92,-0.06285873800516129,0.21532617509365082,0.9744481444358826,-0.011585991829633713,-3.0915989875793457,-0.11780358850955963,2.703984498977661,0.001601274125277996,0.00035486510023474693,-0.0004583254922181368,0.0,0.0,0.0,0.0,0.0,0.0,-0.5687857000000001,0.6080123,10.24794925,0.05235987755982989,0.08726646259971647,-0.017453292519943295,-718.0,317.0,-403.0,1600,1600,1599,1599,0,0,0,0
1763969359.1277912,0.0,0.0,32.53,154.92,-0.06285873800516129,0.21532617509365082,0.9744481444358826,-0.011585991829633713,-3.0915989875793457,-0.11780358850955963,2.703984498977661,0.001601274125277996,0.00035486510023474693,-0.0004583254922181368,0.0,0.0,0.0,0.0,0.0,0.0,-0.5687857000000001,0.6080123,10.24794925,0.05235987755982989,0.08726646259971647,-0.017453292519943295,-718.0,317.0,-403.0,1600,1600,1599,1599,0,0,0,0
1763969359.1611817,0.0,0.0,32.53,154.92,-0.06285873800516129,0.21532617509365082,0.9744481444358826,-0.011585991829633713,-3.0915989875793457,-0.11780358850955963,2.703984498977661,0.001601274125277996,0.00035486510023474693,-0.0004583254922181368,0.0,0.0,0.0,0.0,0.0,0.0,-0.5687857000000001,0.6080123,10.24794925,0.05235987755982989,0.08726646259971647,-0.017453292519943295,-718.0,317.0,-403.0,1600,1600,1599,1599,0,0,0,0
1763969359.1946454,0.0,0.0,32.53,154.92,-0.06285873800516129,0.21532617509365082,0.9744481444358826,-0.011585991829633713,-3.0915989875793457,-0.11780358850955963,2.703984498977661,0.001601274125277996,0.00035486510023474693,-0.0004583254922181368,0.0,0.0,0.0,0.0,0.0,0.0,-0.5687857000000001,0.6080123,10.24794925,0.05235987755982989,0.08726646259971647,-0.017453292519943295,-718.0,317.0,-403.0,1600,1600,1599,1599,0,0,0,0
1763969359.2280378,0.0,0.0,32.53,154.92,-0.06285873800516129,0.21532617509365082,0.9744481444358826,-0.011585991829633713,-3.0915989875793457,-0.11780358850955963,2.703984498977661,0.001601274125277996,0.00035486510023474693,-0.0004583254922181368,0.0,0.0,0.0,0.0,0.0,0.0,-0.5687857000000001,0.61781895,10.2577559,0.12217304763960307,0.06981317007977318,-0.05235987755982989,-719.0,323.0,-400.0,1600,1600,1599,1599,0,0,0,0
1763969359.2614288,0.0,0.0,32.53,154.92,-0.06285873800516129,0.21532617509365082,0.9744481444358826,-0.011585991829633713,-3.0915815830230713,-0.11781283468008041,2.7039709091186523,-0.0004901555366814137,0.00027706800028681755,0.0005445561837404966,0.0,0.0,0.0,0.0,0.0,0.0,-0.5687857000000001,0.61781895,10.2577559,0.12217304763960307,0.06981317007977318,-0.05235987755982989,-719.0,323.0,-400.0,1600,1600,1599,1599,0,0,0,0
1763969359.2948208,0.0,0.0,32.53,154.92,-0.06286519020795822,0.2153320610523224,0.9744462966918945,-0.011593029834330082,-3.0915815830230713,-0.11781283468008041,2.7039709091186523,-0.0004901555366814137,0.00027706800028681755,0.0005445561837404966,0.0,0.0,0.0,0.0,0.0,0.0,-0.5687857000000001,0.61781895,10.2577559,0.12217304763960307,0.06981317007977318,-0.05235987755982989,-719.0,323.0,-400.0,1600,1600,1599,1599,0,0,0,0
1763969359.3282132,0.0,0.0,32.53,154.92,-0.06286519020795822,0.2153320610523224,0.9744462966918945,-0.011593029834330082,-3.0915815830230713,-0.11781283468008041,2.7039709091186523,-0.0004901555366814137,0.00027706800028681755,0.0005445561837404966,0.0,0.0,0.0,0.0,0.0,0.0,-0.5687857000000001,0.61781895,10.2577559,0.12217304763960307,0.06981317007977318,-0.05235987755982989,-719.0,323.0,-400.0,1600,1600,1599,1599,0,0,0,0
1763969359.3616028,0.0,0.0,32.53,154.92,-0.06286519020795822,0.2153320610523224,0.9744462966918945,-0.011593029834330082,-3.0915815830230713,-0.11781283468008041,2.7039709091186523,-0.0004901555366814137,0.00027706800028681755,0.0005445561837404966,0.0,0.0,0.0,0.0,0.0,0.0,-0.5687857000000001,0.6276256,10.2577559,0.06981317007977318,0.06981317007977318,-0.03490658503988659,-719.0,323.0,-400.0,1600,1600,1599,1599,0,0,0,0
1763969359.3949943,0.0,0.0,32.53,154.92,-0.06286519020795822,0.2153320610523224,0.9744462966918945,-0.011593029834330082,-3.0915815830230713,-0.11781283468008041,2.7039709091186523,-0.0004901555366814137,0.00027706800028681755,0.0005445561837404966,0.0,0.0,0.0,0.0,0.0,0.0,-0.5687857000000001,0.6276256,10.2577559,0.06981317007977318,0.06981317007977318,-0.03490658503988659,-719.0,323.0,-400.0,1600,1600,1599,1599,0,0,0,0
1763969359.4283855,0.0,0.0,32.53,154.92,-0.06286519020795822,0.2153320610523224,0.9744462966918945,-0.011593029834330082,-3.0915579795837402,-0.11785038560628891,2.7037770748138428,0.0005525858141481876,-0.0006799832917749882,-0.000304005341604352,0.0,0.0,0.0,0.0,0.0,0.0,-0.5687857000000001,0.6276256,10.2577559,0.06981317007977318,0.06981317007977318,-0.03490658503988659,-719.0,323.0,-400.0,1600,1600,1599,1599,0,0,0,0
1763969359.4617975,0.0,0.0,32.53,154.92,-0.06288713216781616,0.21542513370513916,0.9744243621826172,-0.011594331823289394,-3.0915579795837402,-0.11785038560628891,2.7037770748138428,0.0005525858141481876,-0.0006799832917749882,-0.000304005341604352,0.0,0.0,0.0,0.0,0.0,0.0,-0.5687857000000001,0.6276256,10.2577559,0.06981317007977318,0.06981317007977318,-0.03490658503988659,-719.0,323.0,-400.0,1600,1600,1599,1599,0,0,0,0
1763969359.4951959,0.0,0.0,32.49,154.91,-0.06288713216781616,0.21542513370513916,0.9744243621826172,-0.011594331823289394,-3.0915579795837402,-0.11785038560628891,2.7037770748138428,0.0005525858141481876,-0.0006799832917749882,-0.000304005341604352,0.0,0.0,0.0,0.0,0.0,0.0,-0.5687857000000001,0.6276256,10.2577559,0.06981317007977318,0.06981317007977318,-0.03490658503988659,-719.0,323.0,-400.0,1600,1600,1599,1599,0,0,0,0
1763969359.5285892,0.0,0.0,32.49,154.91,-0.06288713216781616,0.21542513370513916,0.9744243621826172,-0.011594331823289394,-3.0915579795837402,-0.11785038560628891,2.7037770748138428,0.0005525858141481876,-0.0006799832917749882,-0.000304005341604352,0.0,0.0,0.0,0.0,0.0,0.0,-0.5687857000000001,0.6276256,10.2577559,0.06981317007977318,0.06981317007977318,-0.03490658503988659,-719.0,323.0,-400.0,1600,1600,1599,1599,0,0,0,0
1763969359.561984,0.0,0.0,32.49,154.91,-0.06288713216781616,0.21542513370513916,0.9744243621826172,-0.011594331823289394,-3.0915579795837402,-0.11785038560628891,2.7037770748138428,0.0005525858141481876,-0.0006799832917749882,-0.000304005341604352,0.0,0.0,0.0,0.0,0.0,0.0,-0.55897905,0.6276256,10.2577559,0.10471975511965978,0.05235987755982989,-0.05235987755982989,-718.0,320.0,-403.0,1600,1600,1599,1599,0,0,0,0
1763969359.5953748,0.0,0.0,32.49,154.91,-0.06288713216781616,0.21542513370513916,0.9744243621826172,-0.011594331823289394,-3.0915489196777344,-0.11784496903419495,2.70377254486084,-0.001044305507093668,-0.00012298719957470894,-0.00011321529746055603,0.0,0.0,0.0,0.0,0.0,0.0,-0.55897905,0.6276256,10.2577559,0.10471975511965978,0.05235987755982989,-0.05235987755982989,-718.0,320.0,-403.0,1600,1600,1599,1599,0,0,0,0
1763969359.6287758,0.0,0.0,32.49,154.91,-0.06288551539182663,0.2154272049665451,0.9744239449501038,-0.01159924641251564,-3.0915489196777344,-0.11784496903419495,2.70377254486084,-0.001044305507093668,-0.00012298719957470894,-0.00011321529746055603,0.0,0.0,0.0,0.0,0.0,0.0,-0.55897905,0.6276256,10.2577559,0.10471975511965978,0.05235987755982989,-0.05235987755982989,-718.0,320.0,-403.0,1600,1600,1599,1599,0,0,0,0
1763969359.662167,0.0,0.0,32.49,154.91,-0.06288551539182663,0.2154272049665451,0.9744239449501038,-0.01159924641251564,-3.0915489196777344,-0.11784496903419495,2.70377254486084,-0.001044305507093668,-0.00012298719957470894,-0.00011321529746055603,0.0,0.0,0.0,0.0,0.0,0.0,-0.55897905,0.6276256,10.2577559,0.10471975511965978,0.05235987755982989,-0.05235987755982989,-718.0,320.0,-403.0,1600,1600,1599,1599,0,0,0,0
1763969359.6955612,0.0,0.0,32.49,154.91,-0.06288551539182663,0.2154272049665451,0.9744239449501038,-0.01159924641251564,-3.0915489196777344,-0.11784496903419495,2.70377254486084,-0.001044305507093668,-0.00012298719957470894,-0.00011321529746055603,0.0,0.0,0.0,0.0,0.0,0.0,-0.55897905,0.6276256,10.2577559,0.10471975511965978,0.05235987755982989,-0.05235987755982989,-718.0,320.0,-403.0,1600,1600,1599,1599,0,0,0,0
1763969359.728981,0.0,0.0,32.49,154.91,-0.06288551539182663,0.2154272049665451,0.9744239449501038,-0.01159924641251564,-3.0915489196777344,-0.11784496903419495,2.70377254486084,-0.001044305507093668,-0.00012298719957470894,-0.00011321529746055603,0.0,0.0,0.0,0.0,0.0,0.0,-0.5687857000000001,0.61781895,10.2577559,0.06981317007977318,0.06981317007977318,-0.05235987755982989,-718.0,320.0,-403.0,1600,1600,1599,1599,0,0,0,0
1763969359.7623718,0.0,0.0,32.49,154.91,-0.06288551539182663,0.2154272049665451,0.9744239449501038,-0.01159924641251564,-3.0915567874908447,-0.11783213168382645,2.7037720680236816,0.00018723541870713234,0.0003334437496960163,-0.00053791468963027,0.0,0.0,0.0,0.0,0.0,0.0,-0.5687857000000001,0.61781895,10.2577559,0.06981317007977318,0.06981317007977318,-0.05235987755982989,-718.0,320.0,-403.0,1600,1600,1599,1599,0,0,0,0
1763969359.7957635,0.0,0.0,32.49,154.91,-0.06287841498851776,0.21542790532112122,0.9744242429733276,-0.011596794240176678,-3.0915567874908447,-0.11783213168382645,2.7037720680236816,0.00018723541870713234,0.0003334437496960163,-0.00053791468963027,0.0,0.0,0.0,0.0,0.0,0.0,-0.5687857000000001,0.61781895,10.2577559,0.06981317007977318,0.06981317007977318,-0.05235987755982989,-718.0,320.0,-403.0,1600,1600,1599,1599,0,0,0,0
1763969359.8291538,0.0,0.0,32.39,154.91,-0.06287841498851776,0.21542790532112122,0.9744242429733276,-0.011596794240176678,-3.0915567874908447,-0.11783213168382645,2.7037720680236816,0.00018723541870713234,0.0003334437496960163,-0.00053791468963027,0.0,0.0,0.0,0.0,0.0,0.0,-0.5687857000000001,0.61781895,10.2577559,0.06981317007977318,0.06981317007977318,-0.05235987755982989,-718.0,320.0,-403.0,1600,1600,1599,1599,0,0,0,0
1763969359.8625503,0.0,0.0,32.39,154.91,-0.06287841498851776,0.21542790532112122,0.9744242429733276,-0.011596794240176678,-3.0915567874908447,-0.11783213168382645,2.7037720680236816,0.00018723541870713234,0.0003334437496960163,-0.00053791468963027,0.0,0.0,0.0,0.0,0.0,0.0,-0.5687857000000001,0.61781895,10.2577559,0.06981317007977318,0.06981317007977318,-0.05235987755982989,-718.0,320.0,-403.0,1600,1600,1599,1599,0,0,0,0
1763969359.8959453,0.0,0.0,32.39,154.91,-0.06287841498851776,0.21542790532112122,0.9744242429733276,-0.011596794240176678,-3.0915567874908447,-0.11783213168382645,2.7037720680236816,0.00018723541870713234,0.0003334437496960163,-0.00053791468963027,0.0,0.0,0.0,0.0,0.0,0.0,-0.5687857000000001,0.61781895,10.2577559,0.06981317007977318,0.06981317007977318,-0.05235987755982989,-718.0,320.0,-403.0,1600,1600,1599,1599,0,0,0,0
1763969359.9293394,0.0,0.0,32.39,154.91,-0.06287841498851776,0.21542790532112122,0.9744242429733276,-0.011596794240176678,-3.0915567874908447,-0.11783213168382645,2.7037720680236816,0.00018723541870713234,0.0003334437496960163,-0.00053791468963027,0.0,0.0,0.0,0.0,0.0,0.0,-0.5687857000000001,0.61781895,10.2577559,0.08726646259971647,0.06981317007977318,-0.05235987755982989,-715.0,320.0,-400.0,1600,1600,1599,1599,0,0,0,0
1763969359.9627645,0.0,0.0,32.39,154.91,-0.06287841498851776,0.21542790532112122,0.9744242429733276,-0.011596794240176678,-3.0915567874908447,-0.11783213168382645,2.7037720680236816,0.00018723541870713234,0.0003334437496960163,-0.00053791468963027,0.0,0.0,0.0,0.0,0.0,0.0,-0.5687857000000001,0.61781895,10.2577559,0.08726646259971647,0.06981317007977318,-0.05235987755982989,-715.0,320.0,-400.0,1600,1600,1599,1599,0,0,0,0
1763969359.9961648,0.0,0.0,32.39,154.91,-0.06287841498851776,0.21542790532112122,0.9744242429733276,-0.011596794240176678,-3.0915567874908447,-0.11783213168382645,2.7037720680236816,0.00018723541870713234,0.0003334437496960163,-0.00053791468963027,0.0,0.0,0.0,0.0,0.0,0.0,-0.5687857000000001,0.61781895,10.2577559,0.08726646259971647,0.06981317007977318,-0.05235987755982989,-715.0,320.0,-400.0,1600,1600,1599,1599,0,0,0,0
1763969360.0295782,0.0,0.0,32.39,154.91,-0.06287841498851776,0.21542790532112122,0.9744242429733276,-0.011596794240176678,-3.0915567874908447,-0.11783213168382645,2.7037720680236816,0.00018723541870713234,0.0003334437496960163,-0.00053791468963027,0.0,0.0,0.0,0.0,0.0,0.0,-0.5687857000000001,0.61781895,10.2577559,0.06981317007977318,0.06981317007977318,-0.03490658503988659,-716.0,319.0,-402.0,1600,1600,1599,1599,0,0,0,0
1763969360.0629718,0.0,0.0,32.39,154.91,-0.06287841498851776,0.21542790532112122,0.9744242429733276,-0.011596794240176678,-3.0915639400482178,-0.11787471920251846,2.7037713527679443,-1.12093985080719e-05,-0.00028473930433392525,0.0005162607412785292,0.0,0.0,0.0,0.0,0.0,0.0,-0.5687857000000001,0.61781895,10.2577559,0.06981317007977318,0.06981317007977318,-0.03490658503988659,-716.0,319.0,-402.0,1600,1600,1599,1599,0,0,0,0
1763969360.0963662,0.0,0.0,32.39,154.91,-0.06289836764335632,0.21542759239673615,0.9744231700897217,-0.011588565073907375,-3.0915639400482178,-0.11787471920251846,2.7037713527679443,-1.12093985080719e-05,-0.00028473930433392525,0.0005162607412785292,0.0,0.0,0.0,0.0,0.0,0.0,-0.5687857000000001,0.61781895,10.2577559,0.06981317007977318,0.06981317007977318,-0.03490658503988659,-716.0,319.0,-402.0,1600,1600,1599,1599,0,0,0,0
1763969360.1297598,0.0,0.0,32.43,154.91,-0.06289836764335632,0.21542759239673615,0.9744231700897217,-0.011588565073907375,-3.0915639400482178,-0.11787471920251846,2.7037713527679443,-1.12093985080719e-05,-0.00028473930433392525,0.0005162607412785292,0.0,0.0,0.0,0.0,0.0,0.0,-0.5687857000000001,0.61781895,10.2577559,0.06981317007977318,0.06981317007977318,-0.03490658503988659,-716.0,319.0,-402.0,1600,1600,1599,1599,0,0,0,0
1763969360.1631508,0.0,0.0,32.43,154.91,-0.06289836764335632,0.21542759239673615,0.9744231700897217,-0.011588565073907375,-3.0915639400482178,-0.11787471920251846,2.7037713527679443,-1.12093985080719e-05,-0.00028473930433392525,0.0005162607412785292,0.0,0.0,0.0,0.0,0.0,0.0,-0.5687857000000001,0.61781895,10.2577559,0.06981317007977318,0.06981317007977318,-0.03490658503988659,-716.0,319.0,-402.0,1600,1600,1599,1599,0,0,0,0
1763969360.1965427,0.0,0.0,32.43,154.91,-0.06289836764335632,0.21542759239673615,0.9744231700897217,-0.011588565073907375,-3.0915639400482178,-0.11787471920251846,2.7037713527679443,-1.12093985080719e-05,-0.00028473930433392525,0.0005162607412785292,0.0,0.0,0.0,0.0,0.0,0.0,-0.5687857000000001,0.6080123,10.2577559,0.08726646259971647,0.06981317007977318,-0.03490658503988659,-716.0,319.0,-402.0,1600,1600,1599,1599,0,0,0,0
1763969360.2299345,0.0,0.0,32.43,154.91,-0.06290227174758911,0.21542911231517792,0.9744225740432739,-0.011589350178837776,-3.0915639400482178,-0.11787471920251846,2.7037713527679443,-1.12093985080719e-05,-0.00028473930433392525,0.0005162607412785292,0.0,0.0,0.0,0.0,0.0,0.0,-0.5687857000000001,0.6080123,10.2577559,0.08726646259971647,0.06981317007977318,-0.03490658503988659,-716.0,319.0,-402.0,1600,1600,1599,1599,0,0,0,0
1763969360.2633336,0.0,0.0,32.43,154.91,-0.06290227174758911,0.21542911231517792,0.9744225740432739,-0.011589350178837776,-3.0915639400482178,-0.11787471920251846,2.7037713527679443,-1.12093985080719e-05,-0.00028473930433392525,0.0005162607412785292,0.0,0.0,0.0,0.0,0.0,0.0,-0.5687857000000001,0.6080123,10.2577559,0.08726646259971647,0.06981317007977318,-0.03490658503988659,-716.0,319.0,-402.0,1600,1600,1599,1599,0,0,0,0
1763969360.296752,0.0,0.0,32.43,154.91,-0.06290227174758911,0.21542911231517792,0.9744225740432739,-0.011589350178837776,-3.0915639400482178,-0.11787471920251846,2.7037713527679443,-1.12093985080719e-05,-0.00028473930433392525,0.0005162607412785292,0.0,0.0,0.0,0.0,0.0,0.0,-0.5687857000000001,0.6080123,10.2577559,0.08726646259971647,0.06981317007977318,-0.03490658503988659,-716.0,319.0,-402.0,1600,1600,1599,1599,0,0,0,0
1763969360.330175,0.0,0.0,32.43,154.91,-0.06290227174758911,0.21542911231517792,0.9744225740432739,-0.011589350178837776,-3.0915639400482178,-0.11787471920251846,2.7037713527679443,-1.12093985080719e-05,-0.00028473930433392525,0.0005162607412785292,0.0,0.0,0.0,0.0,0.0,0.0,-0.5687857000000001,0.61781895,10.2577559,0.08726646259971647,0.06981317007977318,-0.05235987755982989,-716.0,319.0,-402.0,1600,1600,1599,1599,0,0,0,0
1763969360.3635647,0.0,0.0,32.43,154.91,-0.06290227174758911,0.21542911231517792,0.9744225740432739,-0.011589350178837776,-3.091569185256958,-0.11788541823625565,2.7037551403045654,0.00047695962712168694,-0.0011263263877481222,0.00021767639555037022,0.0,0.0,0.0,0.0,0.0,0.0,-0.5687857000000001,0.61781895,10.2577559,0.08726646259971647,0.06981317007977318,-0.05235987755982989,-716.0,319.0,-402.0,1600,1600,1599,1599,0,0,0,0
1763969360.3969579,0.0,0.0,32.43,154.91,-0.06290310621261597,0.21543551981449127,0.9744211435317993,-0.011584356427192688,-3.091569185256958,-0.11788541823625565,2.7037551403045654,0.00047695962712168694,-0.0011263263877481222,0.00021767639555037022,0.0,0.0,0.0,0.0,0.0,0.0,-0.5687857000000001,0.61781895,10.2577559,0.08726646259971647,0.06981317007977318,-0.05235987755982989,-716.0,319.0,-402.0,1600,1600,1599,1599,0,0,0,0
1763969360.4303577,0.0,0.0,32.36,154.91,-0.06290310621261597,0.21543551981449127,0.9744211435317993,-0.011584356427192688,-3.091569185256958,-0.11788541823625565,2.7037551403045654,0.00047695962712168694,-0.0011263263877481222,0.00021767639555037022,0.0,0.0,0.0,0.0,0.0,0.0,-0.5687857000000001,0.61781895,10.2577559,0.08726646259971647,0.06981317007977318,-0.05235987755982989,-716.0,319.0,-402.0,1600,1600,1599,1599,0,0,0,0
1763969360.4637718,0.0,0.0,32.36,154.91,-0.06290310621261597,0.21543551981449127,0.9744211435317993,-0.011584356427192688,-3.091569185256958,-0.11788541823625565,2.7037551403045654,0.00047695962712168694,-0.0011263263877481222,0.00021767639555037022,0.0,0.0,0.0,0.0,0.0,0.0,-0.5687857000000001,0.61781895,10.2577559,0.08726646259971647,0.06981317007977318,-0.05235987755982989,-716.0,319.0,-402.0,1600,1600,1599,1599,0,0,0,0
1763969360.4971735,0.0,0.0,32.36,154.91,-0.06290310621261597,0.21543551981449127,0.9744211435317993,-0.011584356427192688,-3.091569185256958,-0.11788541823625565,2.7037551403045654,0.00047695962712168694,-0.0011263263877481222,0.00021767639555037022,0.0,0.0,0.0,0.0,0.0,0.0,-0.5687857000000001,0.61781895,10.2577559,0.08726646259971647,0.06981317007977318,-0.05235987755982989,-716.0,319.0,-402.0,1600,1600,1599,1599,0,0,0,0
1763969360.5305772,0.0,0.0,32.36,154.91,-0.06290310621261597,0.21543551981449127,0.9744211435317993,-0.011584356427192688,-3.091569185256958,-0.11788541823625565,2.7037551403045654,0.00047695962712168694,-0.0011263263877481222,0.00021767639555037022,0.0,0.0,0.0,0.0,0.0,0.0,-0.57859235,0.6276256,10.2577559,0.08726646259971647,0.05235987755982989,-0.03490658503988659,-715.0,318.0,-403.0,1600,1600,1599,1599,0,0,0,0
1763969360.5639806,0.0,0.0,32.36,154.91,-0.06290310621261597,0.21543551981449127,0.9744211435317993,-0.011584356427192688,-3.0915751457214355,-0.1178746223449707,2.7037692070007324,0.00037581706419587135,0.00012830039486289024,-0.0006521171890199184,0.0,0.0,0.0,0.0,0.0,0.0,-0.57859235,0.6276256,10.2577559,0.08726646259971647,0.05235987755982989,-0.03490658503988659,-715.0,318.0,-403.0,1600,1600,1599,1599,0,0,0,0
1763969360.597385,0.0,0.0,32.36,154.91,-0.06289713829755783,0.21542903780937195,0.9744229912757874,-0.011583097279071808,-3.0915751457214355,-0.1178746223449707,2.7037692070007324,0.00037581706419587135,0.00012830039486289024,-0.0006521171890199184,0.0,0.0,0.0,0.0,0.0,0.0,-0.57859235,0.6276256,10.2577559,0.08726646259971647,0.05235987755982989,-0.03490658503988659,-715.0,318.0,-403.0,1600,1600,1599,1599,0,0,0,0
1763969360.6307888,0.0,0.0,32.36,154.91,-0.06289713829755783,0.21542903780937195,0.9744229912757874,-0.011583097279071808,-3.0915751457214355,-0.1178746223449707,2.7037692070007324,0.00037581706419587135,0.00012830039486289024,-0.0006521171890199184,0.0,0.0,0.0,0.0,0.0,0.0,-0.57859235,0.6276256,10.2577559,0.08726646259971647,0.05235987755982989,-0.03490658503988659,-715.0,318.0,-403.0,1600,1600,1599,1599,0,0,0,0
1763969360.6642227,0.0,0.0,32.36,154.91,-0.06289713829755783,0.21542903780937195,0.9744229912757874,-0.011583097279071808,-3.0915751457214355,-0.1178746223449707,2.7037692070007324,0.00037581706419587135,0.00012830039486289024,-0.0006521171890199184,0.0,0.0,0.0,0.0,0.0,0.0,-0.57859235,0.6276256,10.2577559,0.08726646259971647,0.05235987755982989,-0.03490658503988659,-715.0,318.0,-403.0,1600,1600,1599,1599,0,0,0,0
1763969360.6977556,0.0,0.0,32.36,154.91,-0.06289713829755783,0.21542903780937195,0.9744229912757874,-0.011583097279071808,-3.0915751457214355,-0.1178746223449707,2.7037692070007324,0.00037581706419587135,0.00012830039486289024,-0.0006521171890199184,0.0,0.0,0.0,0.0,0.0,0.0,-0.5687857000000001,0.6276256,10.2577559,0.08726646259971647,0.06981317007977318,-0.05235987755982989,-715.0,318.0,-403.0,1600,1600,1599,1599,0,0,0,0
1763969360.731189,0.0,0.0,32.36,154.91,-0.06289713829755783,0.21542903780937195,0.9744229912757874,-0.011583097279071808,-3.0916121006011963,-0.117874376475811,2.703739881515503,-0.0002584257163107395,-0.00022218981757760048,8.607935160398483e-05,0.0,0.0,0.0,0.0,0.0,0.0,-0.5687857000000001,0.6276256,10.2577559,0.08726646259971647,0.06981317007977318,-0.05235987755982989,-715.0,318.0,-403.0,1600,1600,1599,1599,0,0,0,0
1763969360.764635,0.0,0.0,32.36,154.91,-0.06289321184158325,0.21544446051120758,0.9744200110435486,-0.01156419888138771,-3.0916121006011963,-0.117874376475811,2.703739881515503,-0.0002584257163107395,-0.00022218981757760048,8.607935160398483e-05,0.0,0.0,0.0,0.0,0.0,0.0,-0.5687857000000001,0.6276256,10.2577559,0.08726646259971647,0.06981317007977318,-0.05235987755982989,-715.0,318.0,-403.0,1600,1600,1599,1599,0,0,0,0
1763969360.79807,0.0,0.0,32.44,154.91,-0.06289321184158325,0.21544446051120758,0.9744200110435486,-0.01156419888138771,-3.0916121006011963,-0.117874376475811,2.703739881515503,-0.0002584257163107395,-0.00022218981757760048,8.607935160398483e-05,0.0,0.0,0.0,0.0,0.0,0.0,-0.5687857000000001,0.6276256,10.2577559,0.08726646259971647,0.06981317007977318,-0.05235987755982989,-715.0,318.0,-403.0,1600,1600,1599,1599,0,0,0,0
1763969360.8316674,0.0,0.0,32.44,154.91,-0.06289321184158325,0.21544446051120758,0.9744200110435486,-0.01156419888138771,-3.0916121006011963,-0.117874376475811,2.703739881515503,-0.0002584257163107395,-0.00022218981757760048,8.607935160398483e-05,0.0,0.0,0.0,0.0,0.0,0.0,-0.5687857000000001,0.6276256,10.2577559,0.08726646259971647,0.06981317007977318,-0.05235987755982989,-715.0,318.0,-403.0,1600,1600,1599,1599,0,0,0,0
1763969360.8650928,0.0,0.0,32.44,154.91,-0.06289321184158325,0.21544446051120758,0.9744200110435486,-0.01156419888138771,-3.0916121006011963,-0.117874376475811,2.703739881515503,-0.0002584257163107395,-0.00022218981757760048,8.607935160398483e-05,0.0,0.0,0.0,0.0,0.0,0.0,-0.5687857000000001,0.6276256,10.2577559,0.08726646259971647,0.06981317007977318,-0.05235987755982989,-715.0,318.0,-403.0,1600,1600,1599,1599,0,0,0,0
1763969360.8985965,0.0,0.0,32.44,154.91,-0.06289321184158325,0.21544446051120758,0.9744200110435486,-0.01156419888138771,-3.0916121006011963,-0.117874376475811,2.703739881515503,-0.0002584257163107395,-0.00022218981757760048,8.607935160398483e-05,0.0,0.0,0.0,0.0,0.0,0.0,-0.5687857000000001,0.61781895,10.267562550000001,0.08726646259971647,0.06981317007977318,-0.05235987755982989,-714.0,319.0,-406.0,1600,1600,1599,1599,0,0,0,0
1763969360.932066,0.0,0.0,32.44,154.91,-0.06289321184158325,0.21544446051120758,0.9744200110435486,-0.01156419888138771,-3.0916168689727783,-0.11787766963243484,2.703737497329712,0.0011312635615468025,0.0007911138236522675,-0.0004466425161808729,0.0,0.0,0.0,0.0,0.0,0.0,-0.5687857000000001,0.61781895,10.267562550000001,0.08726646259971647,0.06981317007977318,-0.05235987755982989,-714.0,319.0,-406.0,1600,1600,1599,1599,0,0,0,0
1763969360.9654858,0.0,0.0,32.44,154.91,-0.0628942996263504,0.21544580161571503,0.9744197130203247,-0.01156136766076088,-3.0916168689727783,-0.11787766963243484,2.703737497329712,0.0011312635615468025,0.0007911138236522675,-0.0004466425161808729,0.0,0.0,0.0,0.0,0.0,0.0,-0.5687857000000001,0.61781895,10.267562550000001,0.08726646259971647,0.06981317007977318,-0.05235987755982989,-714.0,319.0,-406.0,1600,1600,1599,1599,0,0,0,0
1763969360.9988964,0.0,0.0,32.52,154.91,-0.0628942996263504,0.21544580161571503,0.9744197130203247,-0.01156136766076088,-3.0916168689727783,-0.11787766963243484,2.703737497329712,0.0011312635615468025,0.0007911138236522675,-0.0004466425161808729,0.0,0.0,0.0,0.0,0.0,0.0,-0.5687857000000001,0.61781895,10.267562550000001,0.08726646259971647,0.06981317007977318,-0.05235987755982989,-714.0,319.0,-406.0,1600,1600,1599,1599,0,0,0,0
1763969361.032319,0.0,0.0,32.52,154.91,-0.0628942996263504,0.21544580161571503,0.9744197130203247,-0.01156136766076088,-3.091610908508301,-0.11788509786128998,2.703735113143921,0.0017788992263376713,-5.046091973781586e-05,-0.0005869010929018259,0.0,0.0,0.0,0.0,0.0,0.0,-0.5687857000000001,0.61781895,10.267562550000001,0.08726646259971647,0.06981317007977318,-0.05235987755982989,-714.0,319.0,-406.0,1600,1600,1599,1599,0,0,0,0
1763969361.0657506,0.0,0.0,32.52,154.91,-0.06289859116077423,0.21544654667377472,0.9744191765785217,-0.011563461273908615,-3.091610908508301,-0.11788509786128998,2.703735113143921,0.0017788992263376713,-5.046091973781586e-05,-0.0005869010929018259,0.0,0.0,0.0,0.0,0.0,0.0,-0.5687857000000001,0.61781895,10.267562550000001,0.08726646259971647,0.06981317007977318,-0.05235987755982989,-714.0,319.0,-406.0,1600,1600,1599,1599,0,0,0,0
1763969361.0991728,0.0,0.0,32.52,154.91,-0.06289859116077423,0.21544654667377472,0.9744191765785217,-0.011563461273908615,-3.091610908508301,-0.11788509786128998,2.703735113143921,0.0017788992263376713,-5.046091973781586e-05,-0.0005869010929018259,0.0,0.0,0.0,0.0,0.0,0.0,-0.5687857000000001,0.61781895,10.267562550000001,0.08726646259971647,0.06981317007977318,-0.05235987755982989,-714.0,319.0,-406.0,1600,1600,1599,1599,0,0,0,0
1763969361.1325908,0.0,0.0,32.52,154.91,-0.06289859116077423,0.21544654667377472,0.9744191765785217,-0.011563461273908615,-3.091610908508301,-0.11788509786128998,2.703735113143921,0.0017788992263376713,-5.046091973781586e-05,-0.0005869010929018259,0.0,0.0,0.0,0.0,0.0,0.0,-0.5687857000000001,0.61781895,10.267562550000001,0.08726646259971647,0.06981317007977318,-0.05235987755982989,-714.0,319.0,-406.0,1600,1600,1599,1599,0,0,0,0
1763969361.1660073,0.0,0.0,32.52,154.91,-0.06289859116077423,0.21544654667377472,0.9744191765785217,-0.011563461273908615,-3.091610908508301,-0.11788509786128998,2.703735113143921,0.0017788992263376713,-5.046091973781586e-05,-0.0005869010929018259,0.0,0.0,0.0,0.0,0.0,0.0,-0.5687857000000001,0.61781895,10.267562550000001,0.08726646259971647,0.06981317007977318,-0.05235987755982989,-714.0,319.0,-406.0,1600,1600,1599,1599,0,0,0,0
1763969361.1994221,0.0,0.0,32.52,154.91,-0.06289859116077423,0.21544654667377472,0.9744191765785217,-0.011563461273908615,-3.091607093811035,-0.11790283769369125,2.7037341594696045,-0.000535124447196722,0.00010085338726639748,0.0002104437444359064,0.0,0.0,0.0,0.0,0.0,0.0,-0.5687857000000001,0.61781895,10.267562550000001,0.08726646259971647,0.06981317007977318,-0.05235987755982989,-714.0,319.0,-406.0,1600,1600,1599,1599,0,0,0,0
1763969361.2328355,0.0,0.0,32.52,154.91,-0.0629076287150383,0.2154465615749359,0.9744186997413635,-0.01156330481171608,-3.091607093811035,-0.11790283769369125,2.7037341594696045,-0.000535124447196722,0.00010085338726639748,0.0002104437444359064,0.0,0.0,0.0,0.0,0.0,0.0,-0.5687857000000001,0.61781895,10.267562550000001,0.08726646259971647,0.06981317007977318,-0.05235987755982989,-714.0,319.0,-406.0,1600,1600,1599,1599,0,0,0,0
1763969361.2662506,0.0,0.0,32.52,154.91,-0.0629076287150383,0.2154465615749359,0.9744186997413635,-0.01156330481171608,-3.091607093811035,-0.11790283769369125,2.7037341594696045,-0.000535124447196722,0.00010085338726639748,0.0002104437444359064,0.0,0.0,0.0,0.0,0.0,0.0,-0.5687857000000001,0.61781895,10.267562550000001,0.08726646259971647,0.06981317007977318,-0.05235987755982989,-714.0,319.0,-406.0,1600,1600,1599,1599,0,0,0,0
1763969361.2996688,0.0,0.0,32.52,154.91,-0.0629076287150383,0.2154465615749359,0.9744186997413635,-0.01156330481171608,-3.091607093811035,-0.11790283769369125,2.7037341594696045,-0.000535124447196722,0.00010085338726639748,0.0002104437444359064,0.0,0.0,0.0,0.0,0.0,0.0,-0.5687857000000001,0.61781895,10.267562550000001,0.08726646259971647,0.06981317007977318,-0.05235987755982989,-714.0,319.0,-406.0,1600,1600,1599,1599,0,0,0,0
1763969361.3330786,0.0,0.0,32.52,154.91,-0.0629076287150383,0.2154465615749359,0.9744186997413635,-0.01156330481171608,-3.091607093811035,-0.11790283769369125,2.7037341594696045,-0.000535124447196722,0.00010085338726639748,0.0002104437444359064,0.0,0.0,0.0,0.0,0.0,0.0,-0.5687857000000001,0.61781895,10.267562550000001,0.08726646259971647,0.06981317007977318,-0.05235987755982989,-714.0,319.0,-406.0,1600,1600,1599,1599,0,0,0,0
1763969361.3666542,0.0,0.0,32.52,154.91,-0.0629076287150383,0.2154465615749359,0.9744186997413635,-0.01156330481171608,-3.091607093811035,-0.11790283769369125,2.7037341594696045,-0.000535124447196722,0.00010085338726639748,0.0002104437444359064,0.0,0.0,0.0,0.0,0.0,0.0,-0.5687857000000001,0.61781895,10.2577559,0.06981317007977318,0.06981317007977318,-0.03490658503988659,-714.0,318.0,-405.0,1600,1600,1599,1599,0,0,0,0
1763969361.4000773,0.0,0.0,32.52,154.91,-0.0629076287150383,0.2154465615749359,0.9744186997413635,-0.01156330481171608,-3.0916104316711426,-0.11790580302476883,2.7037434577941895,-0.0009975037537515163,-9.805290028452873e-05,-0.0001516304910182953,0.0,0.0,0.0,0.0,0.0,0.0,-0.5687857000000001,0.61781895,10.2577559,0.06981317007977318,0.06981317007977318,-0.03490658503988659,-714.0,318.0,-405.0,1600,1600,1599,1599,0,0,0,0
1763969361.4334955,0.0,0.0,32.52,154.91,-0.06290867179632187,0.21544209122657776,0.9744196534156799,-0.011561690829694271,-3.0916104316711426,-0.11790580302476883,2.7037434577941895,-0.0009975037537515163,-9.805290028452873e-05,-0.0001516304910182953,0.0,0.0,0.0,0.0,0.0,0.0,-0.5687857000000001,0.61781895,10.2577559,0.06981317007977318,0.06981317007977318,-0.03490658503988659,-714.0,318.0,-405.0,1600,1600,1599,1599,0,0,0,0
1763969361.466927,0.0,0.0,32.38,154.91,-0.06290867179632187,0.21544209122657776,0.9744196534156799,-0.011561690829694271,-3.0916104316711426,-0.11790580302476883,2.7037434577941895,-0.0009975037537515163,-9.805290028452873e-05,-0.0001516304910182953,0.0,0.0,0.0,0.0,0.0,0.0,-0.5687857000000001,0.61781895,10.2577559,0.06981317007977318,0.06981317007977318,-0.03490658503988659,-714.0,318.0,-405.0,1600,1600,1599,1599,0,0,0,0
1763969361.500339,0.0,0.0,32.38,154.91,-0.06290867179632187,0.21544209122657776,0.9744196534156799,-0.011561690829694271,-3.091611623764038,-0.11790487170219421,2.7037508487701416,-0.0010925158858299255,1.1525116860866547e-06,-0.0007850197143852711,0.0,0.0,0.0,0.0,0.0,0.0,-0.5687857000000001,0.61781895,10.2577559,0.06981317007977318,0.06981317007977318,-0.03490658503988659,-714.0,318.0,-405.0,1600,1600,1599,1599,0,0,0,0
1763969361.5337596,0.0,0.0,32.38,154.91,-0.06290803849697113,0.2154385894536972,0.974420428276062,-0.011561380699276924,-3.091611623764038,-0.11790487170219421,2.7037508487701416,-0.0010925158858299255,1.1525116860866547e-06,-0.0007850197143852711,0.0,0.0,0.0,0.0,0.0,0.0,-0.5687857000000001,0.61781895,10.2577559,0.06981317007977318,0.06981317007977318,-0.03490658503988659,-714.0,318.0,-405.0,1600,1600,1599,1599,0,0,0,0
1763969361.5671687,0.0,0.0,32.38,154.91,-0.06290803849697113,0.2154385894536972,0.974420428276062,-0.011561380699276924,-3.091611623764038,-0.11790487170219421,2.7037508487701416,-0.0010925158858299255,1.1525116860866547e-06,-0.0007850197143852711,0.0,0.0,0.0,0.0,0.0,0.0,-0.5687857000000001,0.61781895,10.2577559,0.06981317007977318,0.06981317007977318,-0.03490658503988659,-714.0,318.0,-405.0,1600,1600,1599,1599,0,0,0,0
1763969361.600569,0.0,0.0,32.38,154.91,-0.06290803849697113,0.2154385894536972,0.974420428276062,-0.011561380699276924,-3.091611623764038,-0.11790487170219421,2.7037508487701416,-0.0010925158858299255,1.1525116860866547e-06,-0.0007850197143852711,0.0,0.0,0.0,0.0,0.0,0.0,-0.5687857000000001,0.61781895,10.2577559,0.06981317007977318,0.06981317007977318,-0.03490658503988659,-714.0,318.0,-405.0,1600,1600,1599,1599,0,0,0,0
1763969361.63397,0.0,0.0,32.38,154.91,-0.06290803849697113,0.2154385894536972,0.974420428276062,-0.011561380699276924,-3.091611623764038,-0.11790487170219421,2.7037508487701416,-0.0010925158858299255,1.1525116860866547e-06,-0.0007850197143852711,0.0,0.0,0.0,0.0,0.0,0.0,-0.5687857000000001,0.61781895,10.2577559,0.06981317007977318,0.06981317007977318,-0.03490658503988659,-714.0,318.0,-405.0,1600,1600,1599,1599,0,0,0,0
1763969361.667374,0.0,0.0,32.38,154.91,-0.06290803849697113,0.2154385894536972,0.974420428276062,-0.011561380699276924,-3.091611623764038,-0.11790487170219421,2.7037508487701416,-0.0010925158858299255,1.1525116860866547e-06,-0.0007850197143852711,0.0,0.0,0.0,0.0,0.0,0.0,-0.5687857000000001,0.61781895,10.2577559,0.06981317007977318,0.06981317007977318,-0.05235987755982989,-720.0,321.0,-404.0,1600,1600,1599,1599,0,0,0,0
1763969361.7007754,0.0,0.0,32.38,154.91,-0.06290803849697113,0.2154385894536972,0.974420428276062,-0.011561380699276924,-3.0915708541870117,-0.11784353107213974,2.703829288482666,-0.001189335249364376,-0.0006606352981179953,2.267514355480671e-05,0.0,0.0,0.0,0.0,0.0,0.0,-0.5687857000000001,0.61781895,10.2577559,0.06981317007977318,0.06981317007977318,-0.05235987755982989,-720.0,321.0,-404.0,1600,1600,1599,1599,0,0,0,0
1763969361.734169,0.0,0.0,32.38,154.91,-0.06288211792707443,0.21540026366710663,0.9744301438331604,-0.011590507812798023,-3.0915708541870117,-0.11784353107213974,2.703829288482666,-0.001189335249364376,-0.0006606352981179953,2.267514355480671e-05,0.0,0.0,0.0,0.0,0.0,0.0,-0.5687857000000001,0.61781895,10.2577559,0.06981317007977318,0.06981317007977318,-0.05235987755982989,-720.0,321.0,-404.0,1600,1600,1599,1599,0,0,0,0
1763969361.7675645,0.0,0.0,32.51,154.91,-0.06288211792707443,0.21540026366710663,0.9744301438331604,-0.011590507812798023,-3.0915708541870117,-0.11784353107213974,2.703829288482666,-0.001189335249364376,-0.0006606352981179953,2.267514355480671e-05,0.0,0.0,0.0,0.0,0.0,0.0,-0.5687857000000001,0.61781895,10.2577559,0.06981317007977318,0.06981317007977318,-0.05235987755982989,-720.0,321.0,-404.0,1600,1600,1599,1599,0,0,0,0
1763969361.8009584,0.0,0.0,32.51,154.91,-0.06288211792707443,0.21540026366710663,0.9744301438331604,-0.011590507812798023,-3.0915708541870117,-0.11784353107213974,2.703829288482666,-0.001189335249364376,-0.0006606352981179953,2.267514355480671e-05,0.0,0.0,0.0,0.0,0.0,0.0,-0.5687857000000001,0.61781895,10.2577559,0.06981317007977318,0.06981317007977318,-0.05235987755982989,-720.0,321.0,-404.0,1600,1600,1599,1599,0,0,0,0
1763969361.8343618,0.0,0.0,32.51,154.91,-0.06288211792707443,0.21540026366710663,0.9744301438331604,-0.011590507812798023,-3.0915708541870117,-0.11784353107213974,2.703829288482666,-0.001189335249364376,-0.0006606352981179953,2.267514355480671e-05,0.0,0.0,0.0,0.0,0.0,0.0,-0.5687857000000001,0.61781895,10.2577559,0.06981317007977318,0.06981317007977318,-0.05235987755982989,-720.0,321.0,-404.0,1600,1600,1599,1599,0,0,0,0
1763969361.867758,0.0,0.0,32.51,154.91,-0.06288211792707443,0.21540026366710663,0.9744301438331604,-0.011590507812798023,-3.0915708541870117,-0.11784353107213974,2.703829288482666,-0.001189335249364376,-0.0006606352981179953,2.267514355480671e-05,0.0,0.0,0.0,0.0,0.0,0.0,-0.5687857000000001,0.61781895,10.2577559,0.06981317007977318,0.05235987755982989,-0.05235987755982989,-716.0,317.0,-399.0,1600,1600,1599,1599,0,0,0,0
1763969361.901153,0.0,0.0,32.51,154.91,-0.06288211792707443,0.21540026366710663,0.9744301438331604,-0.011590507812798023,-3.0915634632110596,-0.1178571805357933,2.703828811645508,0.0008950619958341122,0.002342051360756159,0.0003316500224173069,0.0,0.0,0.0,0.0,0.0,0.0,-0.5687857000000001,0.61781895,10.2577559,0.06981317007977318,0.05235987755982989,-0.05235987755982989,-716.0,317.0,-399.0,1600,1600,1599,1599,0,0,0,0
1763969361.934556,0.0,0.0,32.51,154.91,-0.06288954615592957,0.21539993584156036,0.974429726600647,-0.01159253902733326,-3.0915634632110596,-0.1178571805357933,2.703828811645508,0.0008950619958341122,0.002342051360756159,0.0003316500224173069,0.0,0.0,0.0,0.0,0.0,0.0,-0.5687857000000001,0.61781895,10.2577559,0.06981317007977318,0.05235987755982989,-0.05235987755982989,-716.0,317.0,-399.0,1600,1600,1599,1599,0,0,0,0
1763969361.9679475,0.0,0.0,32.51,154.91,-0.06288954615592957,0.21539993584156036,0.974429726600647,-0.01159253902733326,-3.0915634632110596,-0.1178571805357933,2.703828811645508,0.0008950619958341122,0.002342051360756159,0.0003316500224173069,0.0,0.0,0.0,0.0,0.0,0.0,-0.5687857000000001,0.61781895,10.2577559,0.06981317007977318,0.05235987755982989,-0.05235987755982989,-716.0,317.0,-399.0,1600,1600,1599,1599,0,0,0,0
1763969362.0013843,0.0,0.0,32.51,154.91,-0.06288954615592957,0.21539993584156036,0.974429726600647,-0.01159253902733326,-3.0915634632110596,-0.1178571805357933,2.703828811645508,0.0008950619958341122,0.002342051360756159,0.0003316500224173069,0.0,0.0,0.0,0.0,0.0,0.0,-0.5687857000000001,0.61781895,10.2577559,0.06981317007977318,0.05235987755982989,-0.05235987755982989,-716.0,317.0,-399.0,1600,1600,1599,1599,0,0,0,0
1763969362.0347714,0.0,0.0,32.51,154.91,-0.06288954615592957,0.21539993584156036,0.974429726600647,-0.01159253902733326,-3.0915634632110596,-0.1178571805357933,2.703828811645508,0.0008950619958341122,0.002342051360756159,0.0003316500224173069,0.0,0.0,0.0,0.0,0.0,0.0,-0.5687857000000001,0.61781895,10.24794925,0.10471975511965978,0.10471975511965978,-0.03490658503988659,-716.0,320.0,-397.0,1600,1600,1599,1599,0,0,0,0
1763969362.068178,0.0,0.0,32.51,154.91,-0.06288954615592957,0.21539993584156036,0.974429726600647,-0.01159253902733326,-3.0915539264678955,-0.11784175783395767,2.7038161754608154,0.00022044312208890915,0.0005592643283307552,-0.00028778030537068844,0.0,0.0,0.0,0.0,0.0,0.0,-0.5687857000000001,0.61781895,10.24794925,0.10471975511965978,0.10471975511965978,-0.03490658503988659,-716.0,320.0,-397.0,1600,1600,1599,1599,0,0,0,0
1763969362.1015844,0.0,0.0,32.51,154.91,-0.0628831535577774,0.21540609002113342,0.9744287729263306,-0.011598528362810612,-3.0915539264678955,-0.11784175783395767,2.7038161754608154,0.00022044312208890915,0.0005592643283307552,-0.00028778030537068844,0.0,0.0,0.0,0.0,0.0,0.0,-0.5687857000000001,0.61781895,10.24794925,0.10471975511965978,0.10471975511965978,-0.03490658503988659,-716.0,320.0,-397.0,1600,1600,1599,1599,0,0,0,0
1763969362.134979,0.0,0.0,32.51,154.91,-0.0628831535577774,0.21540609002113342,0.9744287729263306,-0.011598528362810612,-3.0915539264678955,-0.11784175783395767,2.7038161754608154,0.00022044312208890915,0.0005592643283307552,-0.00028778030537068844,0.0,0.0,0.0,0.0,0.0,0.0,-0.5687857000000001,0.61781895,10.24794925,0.10471975511965978,0.10471975511965978,-0.03490658503988659,-716.0,320.0,-397.0,1600,1600,1599,1599,0,0,0,0
1763969362.1683745,0.0,0.0,32.51,154.91,-0.0628831535577774,0.21540609002113342,0.9744287729263306,-0.011598528362810612,-3.0915539264678955,-0.11784175783395767,2.7038161754608154,0.00022044312208890915,0.0005592643283307552,-0.00028778030537068844,0.0,0.0,0.0,0.0,0.0,0.0,-0.5687857000000001,0.61781895,10.24794925,0.10471975511965978,0.10471975511965978,-0.03490658503988659,-716.0,320.0,-397.0,1600,1600,1599,1599,0,0,0,0
1763969362.201772,0.0,0.0,32.51,154.91,-0.0628831535577774,0.21540609002113342,0.9744287729263306,-0.011598528362810612,-3.0915539264678955,-0.11784175783395767,2.7038161754608154,0.00022044312208890915,0.0005592643283307552,-0.00028778030537068844,0.0,0.0,0.0,0.0,0.0,0.0,-0.5687857000000001,0.61781895,10.2577559,0.08726646259971647,0.08726646259971647,-0.05235987755982989,-716.0,320.0,-397.0,1600,1600,1599,1599,0,0,0,0
1763969362.2351708,0.0,0.0,32.51,154.91,-0.0628831535577774,0.21540609002113342,0.9744287729263306,-0.011598528362810612,-3.0915396213531494,-0.11784003674983978,2.7038118839263916,0.00013956334441900253,-0.0008529273327440023,-0.00024068262428045273,0.0,0.0,0.0,0.0,0.0,0.0,-0.5687857000000001,0.61781895,10.2577559,0.08726646259971647,0.08726646259971647,-0.05235987755982989,-716.0,320.0,-397.0,1600,1600,1599,1599,0,0,0,0
1763969362.2685664,0.0,0.0,32.51,154.91,-0.0628838762640953,0.21540780365467072,0.9744282364845276,-0.011605524457991123,-3.0915396213531494,-0.11784003674983978,2.7038118839263916,0.00013956334441900253,-0.0008529273327440023,-0.00024068262428045273,0.0,0.0,0.0,0.0,0.0,0.0,-0.5687857000000001,0.61781895,10.2577559,0.08726646259971647,0.08726646259971647,-0.05235987755982989,-716.0,320.0,-397.0,1600,1600,1599,1599,0,0,0,0
1763969362.3019733,0.0,0.0,32.51,154.91,-0.0628838762640953,0.21540780365467072,0.9744282364845276,-0.011605524457991123,-3.091557025909424,-0.11783763766288757,2.7038021087646484,2.483045682311058e-05,-0.0004272470250725746,-0.00016480241902172565,0.0,0.0,0.0,0.0,0.0,0.0,-0.5687857000000001,0.61781895,10.2577559,0.08726646259971647,0.08726646259971647,-0.05235987755982989,-716.0,320.0,-397.0,1600,1600,1599,1599,0,0,0,0
1763969362.3353755,0.0,0.0,32.51,154.91,-0.06288088858127594,0.2154131382703781,0.9744274020195007,-0.01159699447453022,-3.091557025909424,-0.11783763766288757,2.7038021087646484,2.483045682311058e-05,-0.0004272470250725746,-0.00016480241902172565,0.0,0.0,0.0,0.0,0.0,0.0,-0.5687857000000001,0.61781895,10.2577559,0.08726646259971647,0.08726646259971647,-0.05235987755982989,-716.0,320.0,-397.0,1600,1600,1599,1599,0,0,0,0
1763969362.368769,0.0,0.0,32.4,154.91,-0.06288088858127594,0.2154131382703781,0.9744274020195007,-0.01159699447453022,-3.091557025909424,-0.11783763766288757,2.7038021087646484,2.483045682311058e-05,-0.0004272470250725746,-0.00016480241902172565,0.0,0.0,0.0,0.0,0.0,0.0,-0.5687857000000001,0.61781895,10.2577559,0.08726646259971647,0.08726646259971647,-0.05235987755982989,-716.0,320.0,-397.0,1600,1600,1599,1599,0,0,0,0
1763969362.4021614,0.0,0.0,32.4,154.91,-0.06288088858127594,0.2154131382703781,0.9744274020195007,-0.01159699447453022,-3.091557025909424,-0.11783763766288757,2.7038021087646484,2.483045682311058e-05,-0.0004272470250725746,-0.00016480241902172565,0.0,0.0,0.0,0.0,0.0,0.0,-0.5687857000000001,0.61781895,10.2577559,0.08726646259971647,0.08726646259971647,-0.05235987755982989,-716.0,320.0,-397.0,1600,1600,1599,1599,0,0,0,0
1763969362.435555,0.0,0.0,32.4,154.91,-0.06288088858127594,0.2154131382703781,0.9744274020195007,-0.01159699447453022,-3.091557025909424,-0.11783763766288757,2.7038021087646484,2.483045682311058e-05,-0.0004272470250725746,-0.00016480241902172565,0.0,0.0,0.0,0.0,0.0,0.0,-0.55897905,0.61781895,10.2577559,0.08726646259971647,0.06981317007977318,-0.05235987755982989,-714.0,322.0,-400.0,1600,1600,1599,1599,0,0,0,0
1763969362.4689474,0.0,0.0,32.4,154.91,-0.06288088858127594,0.2154131382703781,0.9744274020195007,-0.01159699447453022,-3.0915493965148926,-0.11785119026899338,2.7038300037384033,0.000915363896638155,0.0008966671302914619,0.0003523556515574455,0.0,0.0,0.0,0.0,0.0,0.0,-0.55897905,0.61781895,10.2577559,0.08726646259971647,0.06981317007977318,-0.05235987755982989,-714.0,322.0,-400.0,1600,1600,1599,1599,0,0,0,0
1763969362.502348,0.0,0.0,32.4,154.91,-0.06288814544677734,0.21539905667304993,0.9744299650192261,-0.011600094847381115,-3.0915493965148926,-0.11785119026899338,2.7038300037384033,0.000915363896638155,0.0008966671302914619,0.0003523556515574455,0.0,0.0,0.0,0.0,0.0,0.0,-0.55897905,0.61781895,10.2577559,0.08726646259971647,0.06981317007977318,-0.05235987755982989,-714.0,322.0,-400.0,1600,1600,1599,1599,0,0,0,0
1763969362.5357568,0.0,0.0,32.25,154.91,-0.06288814544677734,0.21539905667304993,0.9744299650192261,-0.011600094847381115,-3.0915493965148926,-0.11785119026899338,2.7038300037384033,0.000915363896638155,0.0008966671302914619,0.0003523556515574455,0.0,0.0,0.0,0.0,0.0,0.0,-0.55897905,0.61781895,10.2577559,0.08726646259971647,0.06981317007977318,-0.05235987755982989,-714.0,322.0,-400.0,1600,1600,1599,1599,0,0,0,0
1763969362.5691524,0.0,0.0,32.25,154.91,-0.06288814544677734,0.21539905667304993,0.9744299650192261,-0.011600094847381115,-3.0915493965148926,-0.11785119026899338,2.7038300037384033,0.000915363896638155,0.0008966671302914619,0.0003523556515574455,0.0,0.0,0.0,0.0,0.0,0.0,-0.55897905,0.61781895,10.2577559,0.08726646259971647,0.06981317007977318,-0.05235987755982989,-714.0,322.0,-400.0,1600,1600,1599,1599,0,0,0,0
1763969362.6025453,0.0,0.0,32.25,154.91,-0.06288814544677734,0.21539905667304993,0.9744299650192261,-0.011600094847381115,-3.0915493965148926,-0.11785119026899338,2.7038300037384033,0.000915363896638155,0.0008966671302914619,0.0003523556515574455,0.0,0.0,0.0,0.0,0.0,0.0,-0.55897905,0.61781895,10.2577559,0.08726646259971647,0.06981317007977318,-0.05235987755982989,-714.0,322.0,-400.0,1600,1600,1599,1599,0,0,0,0
1763969362.635956,0.0,0.0,32.25,154.91,-0.06288814544677734,0.21539905667304993,0.9744299650192261,-0.011600094847381115,-3.0915493965148926,-0.11785119026899338,2.7038300037384033,0.000915363896638155,0.0008966671302914619,0.0003523556515574455,0.0,0.0,0.0,0.0,0.0,0.0,-0.5687857000000001,0.6080123,10.2577559,0.10471975511965978,0.08726646259971647,-0.03490658503988659,-717.0,317.0,-402.0,1600,1600,1599,1599,0,0,0,0
1763969362.6693513,0.0,0.0,32.25,154.91,-0.06288814544677734,0.21539905667304993,0.9744299650192261,-0.011600094847381115,-3.091536283493042,-0.11785290390253067,2.703834056854248,0.001299221534281969,0.000780278816819191,0.00017192051745951176,0.0,0.0,0.0,0.0,0.0,0.0,-0.5687857000000001,0.6080123,10.2577559,0.10471975511965978,0.08726646259971647,-0.03490658503988659,-717.0,317.0,-402.0,1600,1600,1599,1599,0,0,0,0
1763969362.7027597,0.0,0.0,32.25,154.91,-0.06289035826921463,0.21539653837680817,0.9744303226470947,-0.011606419458985329,-3.091536283493042,-0.11785290390253067,2.703834056854248,0.001299221534281969,0.000780278816819191,0.00017192051745951176,0.0,0.0,0.0,0.0,0.0,0.0,-0.5687857000000001,0.6080123,10.2577559,0.10471975511965978,0.08726646259971647,-0.03490658503988659,-717.0,317.0,-402.0,1600,1600,1599,1599,0,0,0,0
1763969362.7361698,0.0,0.0,32.25,154.91,-0.06289035826921463,0.21539653837680817,0.9744303226470947,-0.011606419458985329,-3.091536283493042,-0.11785290390253067,2.703834056854248,0.001299221534281969,0.000780278816819191,0.00017192051745951176,0.0,0.0,0.0,0.0,0.0,0.0,-0.5687857000000001,0.6080123,10.2577559,0.10471975511965978,0.08726646259971647,-0.03490658503988659,-717.0,317.0,-402.0,1600,1600,1599,1599,0,0,0,0
1763969362.76959,0.0,0.0,32.25,154.91,-0.06289035826921463,0.21539653837680817,0.9744303226470947,-0.011606419458985329,-3.091536283493042,-0.11785290390253067,2.703834056854248,0.001299221534281969,0.000780278816819191,0.00017192051745951176,0.0,0.0,0.0,0.0,0.0,0.0,-0.5687857000000001,0.6080123,10.2577559,0.10471975511965978,0.08726646259971647,-0.03490658503988659,-717.0,317.0,-402.0,1600,1600,1599,1599,0,0,0,0
1763969362.8029938,0.0,0.0,32.25,154.91,-0.06289035826921463,0.21539653837680817,0.9744303226470947,-0.011606419458985329,-3.091536283493042,-0.11785290390253067,2.703834056854248,0.001299221534281969,0.000780278816819191,0.00017192051745951176,0.0,0.0,0.0,0.0,0.0,0.0,-0.5687857000000001,0.6080123,10.2577559,0.10471975511965978,0.08726646259971647,-0.03490658503988659,-717.0,317.0,-402.0,1600,1600,1599,1599,0,0,0,0
1763969362.8363953,0.0,0.0,32.25,154.91,-0.06289035826921463,0.21539653837680817,0.9744303226470947,-0.011606419458985329,-3.091536283493042,-0.11786758899688721,2.703834295272827,0.0007080724462866783,0.0005135699175298214,0.0006612183060497046,0.0,0.0,0.0,0.0,0.0,0.0,-0.5687857000000001,0.6080123,10.2577559,0.10471975511965978,0.08726646259971647,-0.03490658503988659,-717.0,317.0,-402.0,1600,1600,1599,1599,0,0,0,0
1763969362.8697896,0.0,0.0,32.25,154.91,-0.06289751082658768,0.21539625525474548,0.9744298458099365,-0.01160483155399561,-3.091536283493042,-0.11786758899688721,2.703834295272827,0.0007080724462866783,0.0005135699175298214,0.0006612183060497046,0.0,0.0,0.0,0.0,0.0,0.0,-0.5687857000000001,0.6080123,10.2577559,0.10471975511965978,0.08726646259971647,-0.03490658503988659,-717.0,317.0,-402.0,1600,1600,1599,1599,0,0,0,0
1763969362.9031992,0.0,0.0,32.48,154.91,-0.06289751082658768,0.21539625525474548,0.9744298458099365,-0.01160483155399561,-3.091536283493042,-0.11786758899688721,2.703834295272827,0.0007080724462866783,0.0005135699175298214,0.0006612183060497046,0.0,0.0,0.0,0.0,0.0,0.0,-0.5687857000000001,0.6080123,10.2577559,0.10471975511965978,0.08726646259971647,-0.03490658503988659,-717.0,317.0,-402.0,1600,1600,1599,1599,0,0,0,0
1763969362.9365997,0.0,0.0,32.48,154.91,-0.06289751082658768,0.21539625525474548,0.9744298458099365,-0.01160483155399561,-3.091536283493042,-0.11786758899688721,2.703834295272827,0.0007080724462866783,0.0005135699175298214,0.0006612183060497046,0.0,0.0,0.0,0.0,0.0,0.0,-0.5687857000000001,0.6080123,10.2577559,0.10471975511965978,0.08726646259971647,-0.03490658503988659,-717.0,317.0,-402.0,1600,1600,1599,1599,0,0,0,0
1763969362.9700072,0.0,0.0,32.48,154.91,-0.06289751082658768,0.21539625525474548,0.9744298458099365,-0.01160483155399561,-3.091536283493042,-0.11786758899688721,2.703834295272827,0.0007080724462866783,0.0005135699175298214,0.0006612183060497046,0.0,0.0,0.0,0.0,0.0,0.0,-0.5687857000000001,0.61781895,10.267562550000001,0.10471975511965978,0.08726646259971647,-0.03490658503988659,-714.0,319.0,-399.0,1600,1600,1599,1599,0,0,0,0
