timestamp,lat,lon,alt,heading,qx,qy,qz,qw,roll,pitch,yaw,roll_rate,pitch_rate,yaw_rate,x,y,z,vx,vy,vz,ax,ay,az,gx,gy,gz,mx,my,mz,servo1_raw,servo2_raw,servo3_raw,servo4_raw,servo5_raw,servo6_raw,servo7_raw,servo8_raw
1763968820.1184113,0.0,0.0,32.12,154.89,-0.06298091262578964,0.21553370356559753,0.9743906259536743,-0.011897149495780468,-3.090916872024536,-0.1179056465625763,2.703472375869751,0.00040484359487891197,-0.0007417919114232063,0.00019170576706528664,0.0,0.0,0.0,0.0,0.0,0.0,-0.55897905,0.61781895,10.2577559,0.10471975511965978,0.08726646259971647,-0.03490658503988659,-717.0,323.0,-403.0,1600,1600,1599,1599,0,0,0,0
1763968820.1522563,0.0,0.0,32.12,154.89,-0.06298480927944183,0.21555238962173462,0.9743863344192505,-0.011891069822013378,-3.090916872024536,-0.1179056465625763,2.703472375869751,0.00040484359487891197,-0.0007417919114232063,0.00019170576706528664,0.0,0.0,0.0,0.0,0.0,0.0,-0.55897905,0.61781895,10.2577559,0.10471975511965978,0.08726646259971647,-0.03490658503988659,-717.0,323.0,-403.0,1600,1600,1599,1599,0,0,0,0
1763968820.185727,0.0,0.0,32.04,154.89,-0.06298480927944183,0.21555238962173462,0.9743863344192505,-0.011891069822013378,-3.090916872024536,-0.1179056465625763,2.703472375869751,0.00040484359487891197,-0.0007417919114232063,0.00019170576706528664,0.0,0.0,0.0,0.0,0.0,0.0,-0.55897905,0.61781895,10.2577559,0.10471975511965978,0.08726646259971647,-0.03490658503988659,-717.0,323.0,-403.0,1600,1600,1599,1599,0,0,0,0
1763968820.2191432,0.0,0.0,32.04,154.89,-0.06298480927944183,0.21555238962173462,0.9743863344192505,-0.011891069822013378,-3.090916872024536,-0.1179056465625763,2.703472375869751,0.00040484359487891197,-0.0007417919114232063,0.00019170576706528664,0.0,0.0,0.0,0.0,0.0,0.0,-0.55897905,0.61781895,10.2577559,0.10471975511965978,0.08726646259971647,-0.03490658503988659,-717.0,323.0,-403.0,1600,1600,1599,1599,0,0,0,0
1763968820.2525558,0.0,0.0,32.04,154.89,-0.06298480927944183,0.21555238962173462,0.9743863344192505,-0.011891069822013378,-3.090916872024536,-0.1179056465625763,2.703472375869751,0.00040484359487891197,-0.0007417919114232063,0.00019170576706528664,0.0,0.0,0.0,0.0,0.0,0.0,-0.5687857000000001,0.6276256,10.2577559,0.08726646259971647,0.05235987755982989,-0.03490658503988659,-717.0,323.0,-403.0,1600,1600,1599,1599,0,0,0,0
1763968820.28597,0.0,0.0,32.04,154.89,-0.06298480927944183,0.21555238962173462,0.9743863344192505,-0.011891069822013378,-3.090916872024536,-0.1179056465625763,2.703472375869751,0.00040484359487891197,-0.0007417919114232063,0.00019170576706528664,0.0,0.0,0.0,0.0,0.0,0.0,-0.5687857000000001,0.6276256,10.2577559,0.08726646259971647,0.05235987755982989,-0.03490658503988659,-717.0,323.0,-403.0,1600,1600,1599,1599,0,0,0,0
1763968820.3193762,0.0,0.0,32.04,154.89,-0.06298480927944183,0.21555238962173462,0.9743863344192505,-0.011891069822013378,-3.090923309326172,-0.11792057752609253,2.703476905822754,-5.1948241889476776e-05,0.0006337384693324566,-0.00042679766193032265,0.0,0.0,0.0,0.0,0.0,0.0,-0.5687857000000001,0.6276256,10.2577559,0.08726646259971647,0.05235987755982989,-0.03490658503988659,-717.0,323.0,-403.0,1600,1600,1599,1599,0,0,0,0
1763968820.3527746,0.0,0.0,32.04,154.89,-0.06299135833978653,0.2155500054359436,0.97438645362854,-0.01188646163791418,-3.090923309326172,-0.11792057752609253,2.703476905822754,-5.1948241889476776e-05,0.0006337384693324566,-0.00042679766193032265,0.0,0.0,0.0,0.0,0.0,0.0,-0.5687857000000001,0.6276256,10.2577559,0.08726646259971647,0.05235987755982989,-0.03490658503988659,-717.0,323.0,-403.0,1600,1600,1599,1599,0,0,0,0
1763968820.3861754,0.0,0.0,32.04,154.89,-0.06299135833978653,0.2155500054359436,0.97438645362854,-0.01188646163791418,-3.090923309326172,-0.11792057752609253,2.703476905822754,-5.1948241889476776e-05,0.0006337384693324566,-0.00042679766193032265,0.0,0.0,0.0,0.0,0.0,0.0,-0.5687857000000001,0.6276256,10.2577559,0.08726646259971647,0.05235987755982989,-0.03490658503988659,-717.0,323.0,-403.0,1600,1600,1599,1599,0,0,0,0
1763968820.4195771,0.0,0.0,32.04,154.89,-0.06299135833978653,0.2155500054359436,0.97438645362854,-0.01188646163791418,-3.090923309326172,-0.11792057752609253,2.703476905822754,-5.1948241889476776e-05,0.0006337384693324566,-0.00042679766193032265,0.0,0.0,0.0,0.0,0.0,0.0,-0.5687857000000001,0.6276256,10.2577559,0.08726646259971647,0.05235987755982989,-0.03490658503988659,-717.0,323.0,-403.0,1600,1600,1599,1599,0,0,0,0
1763968820.4529808,0.0,0.0,32.04,154.89,-0.06299135833978653,0.2155500054359436,0.97438645362854,-0.01188646163791418,-3.090923309326172,-0.11792057752609253,2.703476905822754,-5.1948241889476776e-05,0.0006337384693324566,-0.00042679766193032265,0.0,0.0,0.0,0.0,0.0,0.0,-0.5687857000000001,0.6276256,10.2577559,0.08726646259971647,0.05235987755982989,-0.03490658503988659,-717.0,323.0,-403.0,1600,1600,1599,1599,0,0,0,0
1763968820.4863882,0.0,0.0,32.04,154.89,-0.06299135833978653,0.2155500054359436,0.97438645362854,-0.01188646163791418,-3.090923309326172,-0.11792057752609253,2.703476905822754,-5.1948241889476776e-05,0.0006337384693324566,-0.00042679766193032265,0.0,0.0,0.0,0.0,0.0,0.0,-0.57859235,0.6276256,10.2577559,0.08726646259971647,0.08726646259971647,-0.05235987755982989,-717.0,323.0,-403.0,1600,1600,1599,1599,0,0,0,0
1763968820.5197985,0.0,0.0,32.04,154.89,-0.06299135833978653,0.2155500054359436,0.97438645362854,-0.01188646163791418,-3.0909388065338135,-0.11791303008794785,2.703469753265381,-5.336245521903038e-05,0.0004433579742908478,0.00012825336307287216,0.0,0.0,0.0,0.0,0.0,0.0,-0.57859235,0.6276256,10.2577559,0.08726646259971647,0.08726646259971647,-0.05235987755982989,-717.0,323.0,-403.0,1600,1600,1599,1599,0,0,0,0
1763968820.5532265,0.0,0.0,32.04,154.89,-0.06298606097698212,0.21555417776107788,0.9743859767913818,-0.011879494413733482,-3.0909388065338135,-0.11791303008794785,2.703469753265381,-5.336245521903038e-05,0.0004433579742908478,0.00012825336307287216,0.0,0.0,0.0,0.0,0.0,0.0,-0.57859235,0.6276256,10.2577559,0.08726646259971647,0.08726646259971647,-0.05235987755982989,-717.0,323.0,-403.0,1600,1600,1599,1599,0,0,0,0
1763968820.586659,0.0,0.0,32.04,154.89,-0.06298606097698212,0.21555417776107788,0.9743859767913818,-0.011879494413733482,-3.0909388065338135,-0.11791303008794785,2.703469753265381,-5.336245521903038e-05,0.0004433579742908478,0.00012825336307287216,0.0,0.0,0.0,0.0,0.0,0.0,-0.57859235,0.6276256,10.2577559,0.08726646259971647,0.08726646259971647,-0.05235987755982989,-717.0,323.0,-403.0,1600,1600,1599,1599,0,0,0,0
1763968820.6206777,0.0,0.0,32.04,154.89,-0.06298606097698212,0.21555417776107788,0.9743859767913818,-0.011879494413733482,-3.0909388065338135,-0.11791303008794785,2.703469753265381,-5.336245521903038e-05,0.0004433579742908478,0.00012825336307287216,0.0,0.0,0.0,0.0,0.0,0.0,-0.57859235,0.6276256,10.2577559,0.08726646259971647,0.08726646259971647,-0.05235987755982989,-717.0,323.0,-403.0,1600,1600,1599,1599,0,0,0,0
1763968820.6540933,0.0,0.0,32.04,154.89,-0.06298606097698212,0.21555417776107788,0.9743859767913818,-0.011879494413733482,-3.0909388065338135,-0.11791303008794785,2.703469753265381,-5.336245521903038e-05,0.0004433579742908478,0.00012825336307287216,0.0,0.0,0.0,0.0,0.0,0.0,-0.57859235,0.6276256,10.2577559,0.08726646259971647,0.08726646259971647,-0.05235987755982989,-717.0,323.0,-403.0,1600,1600,1599,1599,0,0,0,0
1763968820.6876392,0.0,0.0,32.04,154.89,-0.06298606097698212,0.21555417776107788,0.9743859767913818,-0.011879494413733482,-3.0909388065338135,-0.11791303008794785,2.703469753265381,-5.336245521903038e-05,0.0004433579742908478,0.00012825336307287216,0.0,0.0,0.0,0.0,0.0,0.0,-0.57859235,0.61781895,10.2577559,0.08726646259971647,0.06981317007977318,-0.05235987755982989,-717.0,322.0,-401.0,1600,1600,1599,1599,0,0,0,0
1763968820.721059,0.0,0.0,32.04,154.89,-0.06298606097698212,0.21555417776107788,0.9743859767913818,-0.011879494413733482,-3.090946912765503,-0.11790608614683151,2.703444480895996,-0.001233245711773634,0.00014825724065303802,0.0010164910927414894,0.0,0.0,0.0,0.0,0.0,0.0,-0.57859235,0.61781895,10.2577559,0.08726646259971647,0.06981317007977318,-0.05235987755982989,-717.0,322.0,-401.0,1600,1600,1599,1599,0,0,0,0
1763968820.7544703,0.0,0.0,32.04,154.89,-0.06298194080591202,0.21556678414344788,0.974383533000946,-0.01187548041343689,-3.090946912765503,-0.11790608614683151,2.703444480895996,-0.001233245711773634,0.00014825724065303802,0.0010164910927414894,0.0,0.0,0.0,0.0,0.0,0.0,-0.57859235,0.61781895,10.2577559,0.08726646259971647,0.06981317007977318,-0.05235987755982989,-717.0,322.0,-401.0,1600,1600,1599,1599,0,0,0,0
1763968820.787888,0.0,0.0,32.05,154.89,-0.06298194080591202,0.21556678414344788,0.974383533000946,-0.01187548041343689,-3.090946912765503,-0.11790608614683151,2.703444480895996,-0.001233245711773634,0.00014825724065303802,0.0010164910927414894,0.0,0.0,0.0,0.0,0.0,0.0,-0.57859235,0.61781895,10.2577559,0.08726646259971647,0.06981317007977318,-0.05235987755982989,-717.0,322.0,-401.0,1600,1600,1599,1599,0,0,0,0
1763968820.821338,0.0,0.0,32.05,154.89,-0.06298194080591202,0.21556678414344788,0.974383533000946,-0.01187548041343689,-3.090946912765503,-0.11790608614683151,2.703444480895996,-0.001233245711773634,0.00014825724065303802,0.0010164910927414894,0.0,0.0,0.0,0.0,0.0,0.0,-0.57859235,0.61781895,10.2577559,0.08726646259971647,0.06981317007977318,-0.05235987755982989,-717.0,322.0,-401.0,1600,1600,1599,1599,0,0,0,0
1763968820.8552656,0.0,0.0,32.05,154.89,-0.06298194080591202,0.21556678414344788,0.974383533000946,-0.01187548041343689,-3.090946912765503,-0.11790608614683151,2.703444480895996,-0.001233245711773634,0.00014825724065303802,0.0010164910927414894,0.0,0.0,0.0,0.0,0.0,0.0,-0.57859235,0.61781895,10.2577559,0.08726646259971647,0.06981317007977318,-0.05235987755982989,-717.0,322.0,-401.0,1600,1600,1599,1599,0,0,0,0
1763968820.8887777,0.0,0.0,32.05,154.89,-0.06298194080591202,0.21556678414344788,0.974383533000946,-0.01187548041343689,-3.090946912765503,-0.11790608614683151,2.703444480895996,-0.001233245711773634,0.00014825724065303802,0.0010164910927414894,0.0,0.0,0.0,0.0,0.0,0.0,-0.55897905,0.61781895,10.2577559,0.06981317007977318,0.06981317007977318,-0.03490658503988659,-717.0,322.0,-401.0,1600,1600,1599,1599,0,0,0,0
1763968820.922209,0.0,0.0,32.05,154.89,-0.06298194080591202,0.21556678414344788,0.974383533000946,-0.01187548041343689,-3.090946674346924,-0.11790906637907028,2.7034378051757812,-0.0012413891963660717,0.0006544599309563637,0.0007407143712043762,0.0,0.0,0.0,0.0,0.0,0.0,-0.55897905,0.61781895,10.2577559,0.06981317007977318,0.06981317007977318,-0.03490658503988659,-717.0,322.0,-401.0,1600,1600,1599,1599,0,0,0,0
1763968820.9556234,0.0,0.0,32.05,154.89,-0.06298347562551498,0.2155700922012329,0.9743826985359192,-0.011875130236148834,-3.090946674346924,-0.11790906637907028,2.7034378051757812,-0.0012413891963660717,0.0006544599309563637,0.0007407143712043762,0.0,0.0,0.0,0.0,0.0,0.0,-0.55897905,0.61781895,10.2577559,0.06981317007977318,0.06981317007977318,-0.03490658503988659,-717.0,322.0,-401.0,1600,1600,1599,1599,0,0,0,0
1763968820.9890366,0.0,0.0,32.05,154.89,-0.06298347562551498,0.2155700922012329,0.9743826985359192,-0.011875130236148834,-3.090946674346924,-0.11790906637907028,2.7034378051757812,-0.0012413891963660717,0.0006544599309563637,0.0007407143712043762,0.0,0.0,0.0,0.0,0.0,0.0,-0.55897905,0.61781895,10.2577559,0.06981317007977318,0.06981317007977318,-0.03490658503988659,-717.0,322.0,-401.0,1600,1600,1599,1599,0,0,0,0
1763968821.0224595,0.0,0.0,32.05,154.89,-0.06298347562551498,0.2155700922012329,0.9743826985359192,-0.011875130236148834,-3.090946674346924,-0.11790906637907028,2.7034378051757812,-0.0012413891963660717,0.0006544599309563637,0.0007407143712043762,0.0,0.0,0.0,0.0,0.0,0.0,-0.55897905,0.61781895,10.2577559,0.06981317007977318,0.06981317007977318,-0.03490658503988659,-717.0,322.0,-401.0,1600,1600,1599,1599,0,0,0,0
1763968821.0558882,0.0,0.0,32.05,154.89,-0.06298347562551498,0.2155700922012329,0.9743826985359192,-0.011875130236148834,-3.090946674346924,-0.11790906637907028,2.7034378051757812,-0.0012413891963660717,0.0006544599309563637,0.0007407143712043762,0.0,0.0,0.0,0.0,0.0,0.0,-0.55897905,0.61781895,10.2577559,0.06981317007977318,0.06981317007977318,-0.03490658503988659,-717.0,322.0,-401.0,1600,1600,1599,1599,0,0,0,0
1763968821.0893314,0.0,0.0,32.05,154.89,-0.06298347562551498,0.2155700922012329,0.9743826985359192,-0.011875130236148834,-3.090946674346924,-0.11790906637907028,2.7034378051757812,-0.0012413891963660717,0.0006544599309563637,0.0007407143712043762,0.0,0.0,0.0,0.0,0.0,0.0,-0.55897905,0.59820565,10.2577559,0.06981317007977318,0.08726646259971647,-0.03490658503988659,-717.0,322.0,-401.0,1600,1600,1599,1599,0,0,0,0
1763968821.1227403,0.0,0.0,32.05,154.89,-0.06298347562551498,0.2155700922012329,0.9743826985359192,-0.011875130236148834,-3.0909247398376465,-0.11795774102210999,2.703434467315674,0.0012765713036060333,0.0020221867598593235,-0.00030042557045817375,0.0,0.0,0.0,0.0,0.0,0.0,-0.55897905,0.59820565,10.2577559,0.06981317007977318,0.08726646259971647,-0.03490658503988659,-717.0,322.0,-401.0,1600,1600,1599,1599,0,0,0,0
1763968821.15615,0.0,0.0,32.05,154.89,-0.06300956755876541,0.21557003259658813,0.9743809103965759,-0.011880447156727314,-3.0909247398376465,-0.11795774102210999,2.703434467315674,0.0012765713036060333,0.0020221867598593235,-0.00030042557045817375,0.0,0.0,0.0,0.0,0.0,0.0,-0.55897905,0.59820565,10.2577559,0.06981317007977318,0.08726646259971647,-0.03490658503988659,-717.0,322.0,-401.0,1600,1600,1599,1599,0,0,0,0
1763968821.1895592,0.0,0.0,32.05,154.89,-0.06300956755876541,0.21557003259658813,0.9743809103965759,-0.011880447156727314,-3.0909247398376465,-0.11795774102210999,2.703434467315674,0.0012765713036060333,0.0020221867598593235,-0.00030042557045817375,0.0,0.0,0.0,0.0,0.0,0.0,-0.55897905,0.59820565,10.2577559,0.06981317007977318,0.08726646259971647,-0.03490658503988659,-717.0,322.0,-401.0,1600,1600,1599,1599,0,0,0,0
1763968821.2229762,0.0,0.0,32.05,154.89,-0.06300956755876541,0.21557003259658813,0.9743809103965759,-0.011880447156727314,-3.0909247398376465,-0.11795774102210999,2.703434467315674,0.0012765713036060333,0.0020221867598593235,-0.00030042557045817375,0.0,0.0,0.0,0.0,0.0,0.0,-0.55897905,0.59820565,10.2577559,0.06981317007977318,0.08726646259971647,-0.03490658503988659,-717.0,322.0,-401.0,1600,1600,1599,1599,0,0,0,0
1763968821.2563894,0.0,0.0,32.05,154.89,-0.06300956755876541,0.21557003259658813,0.9743809103965759,-0.011880447156727314,-3.0909247398376465,-0.11795774102210999,2.703434467315674,0.0012765713036060333,0.0020221867598593235,-0.00030042557045817375,0.0,0.0,0.0,0.0,0.0,0.0,-0.55897905,0.59820565,10.2577559,0.06981317007977318,0.08726646259971647,-0.03490658503988659,-717.0,322.0,-401.0,1600,1600,1599,1599,0,0,0,0
1763968821.289807,0.0,0.0,32.05,154.89,-0.06300956755876541,0.21557003259658813,0.9743809103965759,-0.011880447156727314,-3.0909247398376465,-0.11795774102210999,2.703434467315674,0.0012765713036060333,0.0020221867598593235,-0.00030042557045817375,0.0,0.0,0.0,0.0,0.0,0.0,-0.55897905,0.59820565,10.2577559,0.10471975511965978,0.10471975511965978,-0.05235987755982989,-718.0,321.0,-402.0,1600,1600,1599,1599,0,0,0,0
1763968821.323302,0.0,0.0,32.05,154.89,-0.06300956755876541,0.21557003259658813,0.9743809103965759,-0.011880447156727314,-3.090897798538208,-0.117971271276474,2.7034099102020264,0.00013366248458623886,0.001143911387771368,-9.287847205996513e-06,0.0,0.0,0.0,0.0,0.0,0.0,-0.55897905,0.59820565,10.2577559,0.10471975511965978,0.10471975511965978,-0.05235987755982989,-718.0,321.0,-402.0,1600,1600,1599,1599,0,0,0,0
1763968821.3567212,0.0,0.0,32.05,154.89,-0.06301918625831604,0.21558097004890442,0.9743777513504028,-0.011891242116689682,-3.090897798538208,-0.117971271276474,2.7034099102020264,0.00013366248458623886,0.001143911387771368,-9.287847205996513e-06,0.0,0.0,0.0,0.0,0.0,0.0,-0.55897905,0.59820565,10.2577559,0.10471975511965978,0.10471975511965978,-0.05235987755982989,-718.0,321.0,-402.0,1600,1600,1599,1599,0,0,0,0
1763968821.3901374,0.0,0.0,32.17,154.89,-0.06301918625831604,0.21558097004890442,0.9743777513504028,-0.011891242116689682,-3.090897798538208,-0.117971271276474,2.7034099102020264,0.00013366248458623886,0.001143911387771368,-9.287847205996513e-06,0.0,0.0,0.0,0.0,0.0,0.0,-0.55897905,0.59820565,10.2577559,0.10471975511965978,0.10471975511965978,-0.05235987755982989,-718.0,321.0,-402.0,1600,1600,1599,1599,0,0,0,0
1763968821.423985,0.0,0.0,32.17,154.89,-0.06301918625831604,0.21558097004890442,0.9743777513504028,-0.011891242116689682,-3.090897798538208,-0.117971271276474,2.7034099102020264,0.00013366248458623886,0.001143911387771368,-9.287847205996513e-06,0.0,0.0,0.0,0.0,0.0,0.0,-0.55897905,0.59820565,10.2577559,0.10471975511965978,0.10471975511965978,-0.05235987755982989,-718.0,321.0,-402.0,1600,1600,1599,1599,0,0,0,0
1763968821.4573994,0.0,0.0,32.17,154.89,-0.06301918625831604,0.21558097004890442,0.9743777513504028,-0.011891242116689682,-3.090897798538208,-0.117971271276474,2.7034099102020264,0.00013366248458623886,0.001143911387771368,-9.287847205996513e-06,0.0,0.0,0.0,0.0,0.0,0.0,-0.55897905,0.59820565,10.2577559,0.10471975511965978,0.10471975511965978,-0.05235987755982989,-718.0,321.0,-402.0,1600,1600,1599,1599,0,0,0,0
1763968821.4908004,0.0,0.0,32.17,154.89,-0.06301918625831604,0.21558097004890442,0.9743777513504028,-0.011891242116689682,-3.090897798538208,-0.117971271276474,2.7034099102020264,0.00013366248458623886,0.001143911387771368,-9.287847205996513e-06,0.0,0.0,0.0,0.0,0.0,0.0,-0.5687857000000001,0.6276256,10.2577559,0.08726646259971647,0.08726646259971647,-0.05235987755982989,-718.0,321.0,-402.0,1600,1600,1599,1599,0,0,0,0
1763968821.524215,0.0,0.0,32.17,154.89,-0.06301918625831604,0.21558097004890442,0.9743777513504028,-0.011891242116689682,-3.0909085273742676,-0.11797232180833817,2.703402042388916,-0.0006577721796929836,0.000985848717391491,-0.00013998732902109623,0.0,0.0,0.0,0.0,0.0,0.0,-0.5687857000000001,0.6276256,10.2577559,0.08726646259971647,0.08726646259971647,-0.05235987755982989,-718.0,321.0,-402.0,1600,1600,1599,1599,0,0,0,0
1763968821.557628,0.0,0.0,32.17,154.89,-0.06301859766244888,0.21558506786823273,0.9743769764900208,-0.01188570074737072,-3.0909085273742676,-0.11797232180833817,2.703402042388916,-0.0006577721796929836,0.000985848717391491,-0.00013998732902109623,0.0,0.0,0.0,0.0,0.0,0.0,-0.5687857000000001,0.6276256,10.2577559,0.08726646259971647,0.08726646259971647,-0.05235987755982989,-718.0,321.0,-402.0,1600,1600,1599,1599,0,0,0,0
1763968821.5910459,0.0,0.0,32.17,154.89,-0.06301859766244888,0.21558506786823273,0.9743769764900208,-0.01188570074737072,-3.0909085273742676,-0.11797232180833817,2.703402042388916,-0.0006577721796929836,0.000985848717391491,-0.00013998732902109623,0.0,0.0,0.0,0.0,0.0,0.0,-0.5687857000000001,0.6276256,10.2577559,0.08726646259971647,0.08726646259971647,-0.05235987755982989,-718.0,321.0,-402.0,1600,1600,1599,1599,0,0,0,0
1763968821.6244583,0.0,0.0,32.17,154.89,-0.06301859766244888,0.21558506786823273,0.9743769764900208,-0.01188570074737072,-3.0909085273742676,-0.11797232180833817,2.703402042388916,-0.0006577721796929836,0.000985848717391491,-0.00013998732902109623,0.0,0.0,0.0,0.0,0.0,0.0,-0.5687857000000001,0.6276256,10.2577559,0.08726646259971647,0.08726646259971647,-0.05235987755982989,-718.0,321.0,-402.0,1600,1600,1599,1599,0,0,0,0
1763968821.6578708,0.0,0.0,32.17,154.89,-0.06301859766244888,0.21558506786823273,0.9743769764900208,-0.01188570074737072,-3.0909085273742676,-0.11797232180833817,2.703402042388916,-0.0006577721796929836,0.000985848717391491,-0.00013998732902109623,0.0,0.0,0.0,0.0,0.0,0.0,-0.5687857000000001,0.6276256,10.2577559,0.08726646259971647,0.08726646259971647,-0.05235987755982989,-718.0,321.0,-402.0,1600,1600,1599,1599,0,0,0,0
1763968821.6912866,0.0,0.0,32.17,154.89,-0.06301859766244888,0.21558506786823273,0.9743769764900208,-0.01188570074737072,-3.0909085273742676,-0.11797232180833817,2.703402042388916,-0.0006577721796929836,0.000985848717391491,-0.00013998732902109623,0.0,0.0,0.0,0.0,0.0,0.0,-0.57859235,0.63743225,10.2577559,0.06981317007977318,0.08726646259971647,-0.05235987755982989,-718.0,321.0,-402.0,1600,1600,1599,1599,0,0,0,0
1763968821.724701,0.0,0.0,32.17,154.89,-0.06301859766244888,0.21558506786823273,0.9743769764900208,-0.01188570074737072,-3.0909435749053955,-0.11794579774141312,2.703400135040283,-0.0009063230827450752,-0.00048600370064377785,0.0008063055574893951,0.0,0.0,0.0,0.0,0.0,0.0,-0.57859235,0.63743225,10.2577559,0.06981317007977318,0.08726646259971647,-0.05235987755982989,-718.0,321.0,-402.0,1600,1600,1599,1599,0,0,0,0
1763968821.7581358,0.0,0.0,32.17,154.89,-0.06300192326307297,0.2155875563621521,0.9743776917457581,-0.011871479451656342,-3.0909435749053955,-0.11794579774141312,2.703400135040283,-0.0009063230827450752,-0.00048600370064377785,0.0008063055574893951,0.0,0.0,0.0,0.0,0.0,0.0,-0.57859235,0.63743225,10.2577559,0.06981317007977318,0.08726646259971647,-0.05235987755982989,-718.0,321.0,-402.0,1600,1600,1599,1599,0,0,0,0
1763968821.7915554,0.0,0.0,32.17,154.89,-0.06300192326307297,0.2155875563621521,0.9743776917457581,-0.011871479451656342,-3.0909435749053955,-0.11794579774141312,2.703400135040283,-0.0009063230827450752,-0.00048600370064377785,0.0008063055574893951,0.0,0.0,0.0,0.0,0.0,0.0,-0.57859235,0.63743225,10.2577559,0.06981317007977318,0.08726646259971647,-0.05235987755982989,-718.0,321.0,-402.0,1600,1600,1599,1599,0,0,0,0
1763968821.8249679,0.0,0.0,32.17,154.89,-0.06300192326307297,0.2155875563621521,0.9743776917457581,-0.011871479451656342,-3.0909435749053955,-0.11794579774141312,2.703400135040283,-0.0009063230827450752,-0.00048600370064377785,0.0008063055574893951,0.0,0.0,0.0,0.0,0.0,0.0,-0.57859235,0.63743225,10.2577559,0.06981317007977318,0.08726646259971647,-0.05235987755982989,-718.0,321.0,-402.0,1600,1600,1599,1599,0,0,0,0
1763968821.8583856,0.0,0.0,32.17,154.89,-0.06300192326307297,0.2155875563621521,0.9743776917457581,-0.011871479451656342,-3.0909435749053955,-0.11794579774141312,2.703400135040283,-0.0009063230827450752,-0.00048600370064377785,0.0008063055574893951,0.0,0.0,0.0,0.0,0.0,0.0,-0.57859235,0.63743225,10.2577559,0.06981317007977318,0.08726646259971647,-0.05235987755982989,-718.0,321.0,-402.0,1600,1600,1599,1599,0,0,0,0
1763968821.8918045,0.0,0.0,32.17,154.89,-0.06300192326307297,0.2155875563621521,0.9743776917457581,-0.011871479451656342,-3.0909435749053955,-0.11794579774141312,2.703400135040283,-0.0009063230827450752,-0.00048600370064377785,0.0008063055574893951,0.0,0.0,0.0,0.0,0.0,0.0,-0.588399,0.6276256,10.267562550000001,0.06981317007977318,0.05235987755982989,-0.03490658503988659,-718.0,321.0,-402.0,1600,1600,1599,1599,0,0,0,0
1763968821.9268236,0.0,0.0,32.17,154.89,-0.06300192326307297,0.2155875563621521,0.9743776917457581,-0.011871479451656342,-3.0909721851348877,-0.11787565797567368,2.7034008502960205,-0.00048795389011502266,-0.0024927454069256783,1.930748112499714e-05,0.0,0.0,0.0,0.0,0.0,0.0,-0.588399,0.6276256,10.267562550000001,0.06981317007977318,0.05235987755982989,-0.03490658503988659,-718.0,321.0,-402.0,1600,1600,1599,1599,0,0,0,0
1763968821.9602578,0.0,0.0,32.17,154.89,-0.06296468526124954,0.2155895233154297,0.9743797183036804,-0.011865170672535896,-3.0909721851348877,-0.11787565797567368,2.7034008502960205,-0.00048795389011502266,-0.0024927454069256783,1.930748112499714e-05,0.0,0.0,0.0,0.0,0.0,0.0,-0.588399,0.6276256,10.267562550000001,0.06981317007977318,0.05235987755982989,-0.03490658503988659,-718.0,321.0,-402.0,1600,1600,1599,1599,0,0,0,0
1763968821.9936664,0.0,0.0,32.03,154.89,-0.06296468526124954,0.2155895233154297,0.9743797183036804,-0.011865170672535896,-3.0909721851348877,-0.11787565797567368,2.7034008502960205,-0.00048795389011502266,-0.0024927454069256783,1.930748112499714e-05,0.0,0.0,0.0,0.0,0.0,0.0,-0.588399,0.6276256,10.267562550000001,0.06981317007977318,0.05235987755982989,-0.03490658503988659,-718.0,321.0,-402.0,1600,1600,1599,1599,0,0,0,0
1763968822.0270617,0.0,0.0,32.03,154.89,-0.06296468526124954,0.2155895233154297,0.9743797183036804,-0.011865170672535896,-3.0909721851348877,-0.11787565797567368,2.7034008502960205,-0.00048795389011502266,-0.0024927454069256783,1.930748112499714e-05,0.0,0.0,0.0,0.0,0.0,0.0,-0.588399,0.6276256,10.267562550000001,0.06981317007977318,0.05235987755982989,-0.03490658503988659,-718.0,321.0,-402.0,1600,1600,1599,1599,0,0,0,0
1763968822.0604563,0.0,0.0,32.03,154.89,-0.06296468526124954,0.2155895233154297,0.9743797183036804,-0.011865170672535896,-3.0909721851348877,-0.11787565797567368,2.7034008502960205,-0.00048795389011502266,-0.0024927454069256783,1.930748112499714e-05,0.0,0.0,0.0,0.0,0.0,0.0,-0.588399,0.6276256,10.267562550000001,0.06981317007977318,0.05235987755982989,-0.03490658503988659,-718.0,321.0,-402.0,1600,1600,1599,1599,0,0,0,0
1763968822.093848,0.0,0.0,32.03,154.89,-0.06296468526124954,0.2155895233154297,0.9743797183036804,-0.011865170672535896,-3.0909721851348877,-0.11787565797567368,2.7034008502960205,-0.00048795389011502266,-0.0024927454069256783,1.930748112499714e-05,0.0,0.0,0.0,0.0,0.0,0.0,-0.55897905,0.61781895,10.2577559,0.06981317007977318,0.017453292519943295,-0.05235987755982989,-716.0,321.0,-407.0,1600,1600,1599,1599,0,0,0,0
1763968822.1272533,0.0,0.0,32.03,154.89,-0.06296468526124954,0.2155895233154297,0.9743797183036804,-0.011865170672535896,-3.090989589691162,-0.11782937496900558,2.7033889293670654,-0.00015214551240205765,-0.0012936887796968222,-0.0003798152320086956,0.0,0.0,0.0,0.0,0.0,0.0,-0.55897905,0.61781895,10.2577559,0.06981317007977318,0.017453292519943295,-0.05235987755982989,-716.0,321.0,-407.0,1600,1600,1599,1599,0,0,0,0
1763968822.1606457,0.0,0.0,32.03,154.89,-0.0629403367638588,0.21559670567512512,0.9743797779083252,-0.011861312203109264,-3.090989589691162,-0.11782937496900558,2.7033889293670654,-0.00015214551240205765,-0.0012936887796968222,-0.0003798152320086956,0.0,0.0,0.0,0.0,0.0,0.0,-0.55897905,0.61781895,10.2577559,0.06981317007977318,0.017453292519943295,-0.05235987755982989,-716.0,321.0,-407.0,1600,1600,1599,1599,0,0,0,0
1763968822.1940353,0.0,0.0,32.03,154.89,-0.0629403367638588,0.21559670567512512,0.9743797779083252,-0.011861312203109264,-3.090989589691162,-0.11782937496900558,2.7033889293670654,-0.00015214551240205765,-0.0012936887796968222,-0.0003798152320086956,0.0,0.0,0.0,0.0,0.0,0.0,-0.55897905,0.61781895,10.2577559,0.06981317007977318,0.017453292519943295,-0.05235987755982989,-716.0,321.0,-407.0,1600,1600,1599,1599,0,0,0,0
1763968822.2274277,0.0,0.0,32.03,154.89,-0.0629403367638588,0.21559670567512512,0.9743797779083252,-0.011861312203109264,-3.090989589691162,-0.11782937496900558,2.7033889293670654,-0.00015214551240205765,-0.0012936887796968222,-0.0003798152320086956,0.0,0.0,0.0,0.0,0.0,0.0,-0.55897905,0.61781895,10.2577559,0.06981317007977318,0.017453292519943295,-0.05235987755982989,-716.0,321.0,-407.0,1600,1600,1599,1599,0,0,0,0
1763968822.2608187,0.0,0.0,32.03,154.89,-0.0629403367638588,0.21559670567512512,0.9743797779083252,-0.011861312203109264,-3.090989589691162,-0.11782937496900558,2.7033889293670654,-0.00015214551240205765,-0.0012936887796968222,-0.0003798152320086956,0.0,0.0,0.0,0.0,0.0,0.0,-0.55897905,0.61781895,10.2577559,0.06981317007977318,0.017453292519943295,-0.05235987755982989,-716.0,321.0,-407.0,1600,1600,1599,1599,0,0,0,0
1763968822.294213,0.0,0.0,32.03,154.89,-0.0629403367638588,0.21559670567512512,0.9743797779083252,-0.011861312203109264,-3.090989589691162,-0.11782937496900558,2.7033889293670654,-0.00015214551240205765,-0.0012936887796968222,-0.0003798152320086956,0.0,0.0,0.0,0.0,0.0,0.0,-0.55897905,0.6276256,10.2577559,0.08726646259971647,0.05235987755982989,-0.05235987755982989,-716.0,321.0,-407.0,1600,1600,1599,1599,0,0,0,0
1763968822.327608,0.0,0.0,32.03,154.89,-0.0629403367638588,0.21559670567512512,0.9743797779083252,-0.011861312203109264,-3.0910115242004395,-0.11781235784292221,2.703381061553955,-0.0003493628464639187,1.78641639649868e-05,0.00011270074173808098,0.0,0.0,0.0,0.0,0.0,0.0,-0.55897905,0.6276256,10.2577559,0.08726646259971647,0.05235987755982989,-0.05235987755982989,-716.0,321.0,-407.0,1600,1600,1599,1599,0,0,0,0
1763968822.3609977,0.0,0.0,32.03,154.89,-0.06292974203824997,0.21560154855251312,0.9743795394897461,-0.011852256953716278,-3.0910115242004395,-0.11781235784292221,2.703381061553955,-0.0003493628464639187,1.78641639649868e-05,0.00011270074173808098,0.0,0.0,0.0,0.0,0.0,0.0,-0.55897905,0.6276256,10.2577559,0.08726646259971647,0.05235987755982989,-0.05235987755982989,-716.0,321.0,-407.0,1600,1600,1599,1599,0,0,0,0
1763968822.3943865,0.0,0.0,32.03,154.89,-0.06292974203824997,0.21560154855251312,0.9743795394897461,-0.011852256953716278,-3.0910115242004395,-0.11781235784292221,2.703381061553955,-0.0003493628464639187,1.78641639649868e-05,0.00011270074173808098,0.0,0.0,0.0,0.0,0.0,0.0,-0.55897905,0.6276256,10.2577559,0.08726646259971647,0.05235987755982989,-0.05235987755982989,-716.0,321.0,-407.0,1600,1600,1599,1599,0,0,0,0
1763968822.4277782,0.0,0.0,32.03,154.89,-0.06292974203824997,0.21560154855251312,0.9743795394897461,-0.011852256953716278,-3.0910115242004395,-0.11781235784292221,2.703381061553955,-0.0003493628464639187,1.78641639649868e-05,0.00011270074173808098,0.0,0.0,0.0,0.0,0.0,0.0,-0.55897905,0.6276256,10.2577559,0.08726646259971647,0.05235987755982989,-0.05235987755982989,-716.0,321.0,-407.0,1600,1600,1599,1599,0,0,0,0
1763968822.4611723,0.0,0.0,32.03,154.89,-0.06292974203824997,0.21560154855251312,0.9743795394897461,-0.011852256953716278,-3.0910115242004395,-0.11781235784292221,2.703381061553955,-0.0003493628464639187,1.78641639649868e-05,0.00011270074173808098,0.0,0.0,0.0,0.0,0.0,0.0,-0.55897905,0.6276256,10.2577559,0.08726646259971647,0.05235987755982989,-0.05235987755982989,-716.0,321.0,-407.0,1600,1600,1599,1599,0,0,0,0
1763968822.494563,0.0,0.0,32.03,154.89,-0.06292974203824997,0.21560154855251312,0.9743795394897461,-0.011852256953716278,-3.0910115242004395,-0.11781235784292221,2.703381061553955,-0.0003493628464639187,1.78641639649868e-05,0.00011270074173808098,0.0,0.0,0.0,0.0,0.0,0.0,-0.55897905,0.61781895,10.2577559,0.06981317007977318,0.06981317007977318,-0.05235987755982989,-716.0,321.0,-407.0,1600,1600,1599,1599,0,0,0,0
1763968822.5279593,0.0,0.0,32.03,154.89,-0.06292974203824997,0.21560154855251312,0.9743795394897461,-0.011852256953716278,-3.091047525405884,-0.11779356002807617,2.703376531600952,-0.0005837436765432358,-0.001447371207177639,-0.00029303040355443954,0.0,0.0,0.0,0.0,0.0,0.0,-0.55897905,0.61781895,10.2577559,0.06981317007977318,0.06981317007977318,-0.05235987755982989,-716.0,321.0,-407.0,1600,1600,1599,1599,0,0,0,0
1763968822.5613518,0.0,0.0,32.03,154.89,-0.06291674077510834,0.215605229139328,0.9743796586990356,-0.01183665357530117,-3.091047525405884,-0.11779356002807617,2.703376531600952,-0.0005837436765432358,-0.001447371207177639,-0.00029303040355443954,0.0,0.0,0.0,0.0,0.0,0.0,-0.55897905,0.61781895,10.2577559,0.06981317007977318,0.06981317007977318,-0.05235987755982989,-716.0,321.0,-407.0,1600,1600,1599,1599,0,0,0,0
1763968822.594747,0.0,0.0,32.04,154.89,-0.06291674077510834,0.215605229139328,0.9743796586990356,-0.01183665357530117,-3.091047525405884,-0.11779356002807617,2.703376531600952,-0.0005837436765432358,-0.001447371207177639,-0.00029303040355443954,0.0,0.0,0.0,0.0,0.0,0.0,-0.55897905,0.61781895,10.2577559,0.06981317007977318,0.06981317007977318,-0.05235987755982989,-716.0,321.0,-407.0,1600,1600,1599,1599,0,0,0,0
1763968822.6281385,0.0,0.0,32.04,154.89,-0.06291674077510834,0.215605229139328,0.9743796586990356,-0.01183665357530117,-3.091047525405884,-0.11779356002807617,2.703376531600952,-0.0005837436765432358,-0.001447371207177639,-0.00029303040355443954,0.0,0.0,0.0,0.0,0.0,0.0,-0.55897905,0.61781895,10.2577559,0.06981317007977318,0.06981317007977318,-0.05235987755982989,-716.0,321.0,-407.0,1600,1600,1599,1599,0,0,0,0
1763968822.6615324,0.0,0.0,32.04,154.89,-0.06291674077510834,0.215605229139328,0.9743796586990356,-0.01183665357530117,-3.091047525405884,-0.11779356002807617,2.703376531600952,-0.0005837436765432358,-0.001447371207177639,-0.00029303040355443954,0.0,0.0,0.0,0.0,0.0,0.0,-0.55897905,0.61781895,10.2577559,0.06981317007977318,0.06981317007977318,-0.05235987755982989,-716.0,321.0,-407.0,1600,1600,1599,1599,0,0,0,0
1763968822.6949232,0.0,0.0,32.04,154.89,-0.06291674077510834,0.215605229139328,0.9743796586990356,-0.01183665357530117,-3.091047525405884,-0.11779356002807617,2.703376531600952,-0.0005837436765432358,-0.001447371207177639,-0.00029303040355443954,0.0,0.0,0.0,0.0,0.0,0.0,-0.55897905,0.6080123,10.2577559,0.06981317007977318,0.03490658503988659,-0.05235987755982989,-718.0,322.0,-401.0,1600,1600,1599,1599,0,0,0,0
1763968822.7283123,0.0,0.0,32.04,154.89,-0.06291674077510834,0.215605229139328,0.9743796586990356,-0.01183665357530117,-3.09104585647583,-0.1177847683429718,2.703364849090576,0.0008385851979255676,0.00026616640388965607,2.3548724129796028e-05,0.0,0.0,0.0,0.0,0.0,0.0,-0.55897905,0.6080123,10.2577559,0.06981317007977318,0.03490658503988659,-0.05235987755982989,-718.0,322.0,-401.0,1600,1600,1599,1599,0,0,0,0
1763968822.7617147,0.0,0.0,32.04,154.89,-0.0629127100110054,0.2156110405921936,0.9743785858154297,-0.011838030070066452,-3.09104585647583,-0.1177847683429718,2.703364849090576,0.0008385851979255676,0.00026616640388965607,2.3548724129796028e-05,0.0,0.0,0.0,0.0,0.0,0.0,-0.55897905,0.6080123,10.2577559,0.06981317007977318,0.03490658503988659,-0.05235987755982989,-718.0,322.0,-401.0,1600,1600,1599,1599,0,0,0,0
1763968822.7951076,0.0,0.0,32.04,154.89,-0.0629127100110054,0.2156110405921936,0.9743785858154297,-0.011838030070066452,-3.09104585647583,-0.1177847683429718,2.703364849090576,0.0008385851979255676,0.00026616640388965607,2.3548724129796028e-05,0.0,0.0,0.0,0.0,0.0,0.0,-0.55897905,0.6080123,10.2577559,0.06981317007977318,0.03490658503988659,-0.05235987755982989,-718.0,322.0,-401.0,1600,1600,1599,1599,0,0,0,0
1763968822.8284972,0.0,0.0,32.04,154.89,-0.0629127100110054,0.2156110405921936,0.9743785858154297,-0.011838030070066452,-3.09104585647583,-0.1177847683429718,2.703364849090576,0.0008385851979255676,0.00026616640388965607,2.3548724129796028e-05,0.0,0.0,0.0,0.0,0.0,0.0,-0.55897905,0.6080123,10.2577559,0.06981317007977318,0.03490658503988659,-0.05235987755982989,-718.0,322.0,-401.0,1600,1600,1599,1599,0,0,0,0
1763968822.8618894,0.0,0.0,32.04,154.89,-0.0629127100110054,0.2156110405921936,0.9743785858154297,-0.011838030070066452,-3.09104585647583,-0.1177847683429718,2.703364849090576,0.0008385851979255676,0.00026616640388965607,2.3548724129796028e-05,0.0,0.0,0.0,0.0,0.0,0.0,-0.55897905,0.6080123,10.2577559,0.06981317007977318,0.03490658503988659,-0.05235987755982989,-718.0,322.0,-401.0,1600,1600,1599,1599,0,0,0,0
1763968822.8952796,0.0,0.0,32.04,154.89,-0.0629127100110054,0.2156110405921936,0.9743785858154297,-0.011838030070066452,-3.09104585647583,-0.1177847683429718,2.703364849090576,0.0008385851979255676,0.00026616640388965607,2.3548724129796028e-05,0.0,0.0,0.0,0.0,0.0,0.0,-0.55897905,0.6080123,10.2577559,0.10471975511965978,0.06981317007977318,-0.05235987755982989,-718.0,322.0,-401.0,1600,1600,1599,1599,0,0,0,0
1763968822.92867,0.0,0.0,32.04,154.89,-0.0629127100110054,0.2156110405921936,0.9743785858154297,-0.011838030070066452,-3.0910353660583496,-0.11781051754951477,2.703348159790039,0.0004745642654597759,0.002209498081356287,0.0008984706364572048,0.0,0.0,0.0,0.0,0.0,0.0,-0.55897905,0.6080123,10.2577559,0.10471975511965978,0.06981317007977318,-0.05235987755982989,-718.0,322.0,-401.0,1600,1600,1599,1599,0,0,0,0
1763968822.9620605,0.0,0.0,32.04,154.89,-0.06292647123336792,0.2156183123588562,0.9743760824203491,-0.011839808896183968,-3.0910353660583496,-0.11781051754951477,2.703348159790039,0.0004745642654597759,0.002209498081356287,0.0008984706364572048,0.0,0.0,0.0,0.0,0.0,0.0,-0.55897905,0.6080123,10.2577559,0.10471975511965978,0.06981317007977318,-0.05235987755982989,-718.0,322.0,-401.0,1600,1600,1599,1599,0,0,0,0
1763968822.9954512,0.0,0.0,32.04,154.89,-0.06292647123336792,0.2156183123588562,0.9743760824203491,-0.011839808896183968,-3.0910353660583496,-0.11781051754951477,2.703348159790039,0.0004745642654597759,0.002209498081356287,0.0008984706364572048,0.0,0.0,0.0,0.0,0.0,0.0,-0.55897905,0.6080123,10.2577559,0.10471975511965978,0.06981317007977318,-0.05235987755982989,-718.0,322.0,-401.0,1600,1600,1599,1599,0,0,0,0
1763968823.0288467,0.0,0.0,32.04,154.89,-0.06292647123336792,0.2156183123588562,0.9743760824203491,-0.011839808896183968,-3.0910353660583496,-0.11781051754951477,2.703348159790039,0.0004745642654597759,0.002209498081356287,0.0008984706364572048,0.0,0.0,0.0,0.0,0.0,0.0,-0.55897905,0.6080123,10.2577559,0.10471975511965978,0.06981317007977318,-0.05235987755982989,-718.0,322.0,-401.0,1600,1600,1599,1599,0,0,0,0
1763968823.0622377,0.0,0.0,32.04,154.89,-0.06292647123336792,0.2156183123588562,0.9743760824203491,-0.011839808896183968,-3.0910353660583496,-0.11781051754951477,2.703348159790039,0.0004745642654597759,0.002209498081356287,0.0008984706364572048,0.0,0.0,0.0,0.0,0.0,0.0,-0.55897905,0.6080123,10.2577559,0.10471975511965978,0.06981317007977318,-0.05235987755982989,-718.0,322.0,-401.0,1600,1600,1599,1599,0,0,0,0
1763968823.0956306,0.0,0.0,32.04,154.89,-0.06292647123336792,0.2156183123588562,0.9743760824203491,-0.011839808896183968,-3.0910353660583496,-0.11781051754951477,2.703348159790039,0.0004745642654597759,0.002209498081356287,0.0008984706364572048,0.0,0.0,0.0,0.0,0.0,0.0,-0.55897905,0.6080123,10.2577559,0.08726646259971647,0.10471975511965978,-0.03490658503988659,-718.0,322.0,-401.0,1600,1600,1599,1599,0,0,0,0
1763968823.1290252,0.0,0.0,32.04,154.89,-0.06292647123336792,0.2156183123588562,0.9743760824203491,-0.011839808896183968,-3.0910074710845947,-0.11783381551504135,2.703336000442505,0.0007534031756222248,-0.0002203257754445076,-7.46631994843483e-05,0.0,0.0,0.0,0.0,0.0,0.0,-0.55897905,0.6080123,10.2577559,0.08726646259971647,0.10471975511965978,-0.03490658503988659,-718.0,322.0,-401.0,1600,1600,1599,1599,0,0,0,0
1763968823.1624155,0.0,0.0,32.04,154.89,-0.06294088810682297,0.21562300622463226,0.974373996257782,-0.011850476264953613,-3.0910074710845947,-0.11783381551504135,2.703336000442505,0.0007534031756222248,-0.0002203257754445076,-7.46631994843483e-05,0.0,0.0,0.0,0.0,0.0,0.0,-0.55897905,0.6080123,10.2577559,0.08726646259971647,0.10471975511965978,-0.03490658503988659,-718.0,322.0,-401.0,1600,1600,1599,1599,0,0,0,0
1763968823.195818,0.0,0.0,32.16,154.88,-0.06294088810682297,0.21562300622463226,0.974373996257782,-0.011850476264953613,-3.0910074710845947,-0.11783381551504135,2.703336000442505,0.0007534031756222248,-0.0002203257754445076,-7.46631994843483e-05,0.0,0.0,0.0,0.0,0.0,0.0,-0.55897905,0.6080123,10.2577559,0.08726646259971647,0.10471975511965978,-0.03490658503988659,-718.0,322.0,-401.0,1600,1600,1599,1599,0,0,0,0
1763968823.2292147,0.0,0.0,32.16,154.88,-0.06294088810682297,0.21562300622463226,0.974373996257782,-0.011850476264953613,-3.0910074710845947,-0.11783381551504135,2.703336000442505,0.0007534031756222248,-0.0002203257754445076,-7.46631994843483e-05,0.0,0.0,0.0,0.0,0.0,0.0,-0.55897905,0.6080123,10.2577559,0.08726646259971647,0.10471975511965978,-0.03490658503988659,-718.0,322.0,-401.0,1600,1600,1599,1599,0,0,0,0
1763968823.2626057,0.0,0.0,32.16,154.88,-0.06294088810682297,0.21562300622463226,0.974373996257782,-0.011850476264953613,-3.0910074710845947,-0.11783381551504135,2.703336000442505,0.0007534031756222248,-0.0002203257754445076,-7.46631994843483e-05,0.0,0.0,0.0,0.0,0.0,0.0,-0.55897905,0.6080123,10.2577559,0.08726646259971647,0.10471975511965978,-0.03490658503988659,-718.0,322.0,-401.0,1600,1600,1599,1599,0,0,0,0
1763968823.2959988,0.0,0.0,32.16,154.88,-0.06294088810682297,0.21562300622463226,0.974373996257782,-0.011850476264953613,-3.0910074710845947,-0.11783381551504135,2.703336000442505,0.0007534031756222248,-0.0002203257754445076,-7.46631994843483e-05,0.0,0.0,0.0,0.0,0.0,0.0,-0.5687857000000001,0.6276256,10.267562550000001,0.10471975511965978,0.06981317007977318,-0.05235987755982989,-715.0,321.0,-399.0,1600,1600,1599,1599,0,0,0,0
1763968823.3293905,0.0,0.0,32.16,154.88,-0.06294088810682297,0.21562300622463226,0.974373996257782,-0.011850476264953613,-3.0909876823425293,-0.11784780025482178,2.703343391418457,0.0007395492866635323,-0.00033301254734396935,-0.0005479587707668543,0.0,0.0,0.0,0.0,0.0,0.0,-0.5687857000000001,0.6276256,10.267562550000001,0.10471975511965978,0.06981317007977318,-0.05235987755982989,-715.0,321.0,-399.0,1600,1600,1599,1599,0,0,0,0
1763968823.3627543,0.0,0.0,32.16,154.88,-0.0629497766494751,0.21561852097511292,0.9743742942810059,-0.011858788318932056,-3.0909876823425293,-0.11784780025482178,2.703343391418457,0.0007395492866635323,-0.00033301254734396935,-0.0005479587707668543,0.0,0.0,0.0,0.0,0.0,0.0,-0.5687857000000001,0.6276256,10.267562550000001,0.10471975511965978,0.06981317007977318,-0.05235987755982989,-715.0,321.0,-399.0,1600,1600,1599,1599,0,0,0,0
1763968823.396144,0.0,0.0,32.14,154.89,-0.0629497766494751,0.21561852097511292,0.9743742942810059,-0.011858788318932056,-3.0909876823425293,-0.11784780025482178,2.703343391418457,0.0007395492866635323,-0.00033301254734396935,-0.0005479587707668543,0.0,0.0,0.0,0.0,0.0,0.0,-0.5687857000000001,0.6276256,10.267562550000001,0.10471975511965978,0.06981317007977318,-0.05235987755982989,-715.0,321.0,-399.0,1600,1600,1599,1599,0,0,0,0
1763968823.4295466,0.0,0.0,32.14,154.89,-0.0629497766494751,0.21561852097511292,0.9743742942810059,-0.011858788318932056,-3.0909876823425293,-0.11784780025482178,2.703343391418457,0.0007395492866635323,-0.00033301254734396935,-0.0005479587707668543,0.0,0.0,0.0,0.0,0.0,0.0,-0.5687857000000001,0.6276256,10.267562550000001,0.10471975511965978,0.06981317007977318,-0.05235987755982989,-715.0,321.0,-399.0,1600,1600,1599,1599,0,0,0,0
1763968823.4629405,0.0,0.0,32.14,154.89,-0.0629497766494751,0.21561852097511292,0.9743742942810059,-0.011858788318932056,-3.0909876823425293,-0.11784780025482178,2.703343391418457,0.0007395492866635323,-0.00033301254734396935,-0.0005479587707668543,0.0,0.0,0.0,0.0,0.0,0.0,-0.5687857000000001,0.6276256,10.267562550000001,0.10471975511965978,0.06981317007977318,-0.05235987755982989,-715.0,321.0,-399.0,1600,1600,1599,1599,0,0,0,0
1763968823.4963324,0.0,0.0,32.14,154.89,-0.0629497766494751,0.21561852097511292,0.9743742942810059,-0.011858788318932056,-3.0909876823425293,-0.11784780025482178,2.703343391418457,0.0007395492866635323,-0.00033301254734396935,-0.0005479587707668543,0.0,0.0,0.0,0.0,0.0,0.0,-0.55897905,0.6080123,10.2577559,0.10471975511965978,0.06981317007977318,-0.05235987755982989,-720.0,320.0,-399.0,1600,1600,1599,1599,0,0,0,0
1763968823.5297294,0.0,0.0,32.14,154.89,-0.0629497766494751,0.21561852097511292,0.9743742942810059,-0.011858788318932056,-3.0909905433654785,-0.11785215884447098,2.7033369541168213,-0.0006340593099594116,0.00032180268317461014,0.0009706770069897175,0.0,0.0,0.0,0.0,0.0,0.0,-0.55897905,0.6080123,10.2577559,0.10471975511965978,0.06981317007977318,-0.05235987755982989,-720.0,320.0,-399.0,1600,1600,1599,1599,0,0,0,0
1763968823.5631294,0.0,0.0,32.14,154.89,-0.06295163184404373,0.21562160551548004,0.9743735194206238,-0.011856740340590477,-3.0909905433654785,-0.11785215884447098,2.7033369541168213,-0.0006340593099594116,0.00032180268317461014,0.0009706770069897175,0.0,0.0,0.0,0.0,0.0,0.0,-0.55897905,0.6080123,10.2577559,0.10471975511965978,0.06981317007977318,-0.05235987755982989,-720.0,320.0,-399.0,1600,1600,1599,1599,0,0,0,0
1763968823.596533,0.0,0.0,32.14,154.88,-0.06295163184404373,0.21562160551548004,0.9743735194206238,-0.011856740340590477,-3.0909905433654785,-0.11785215884447098,2.7033369541168213,-0.0006340593099594116,0.00032180268317461014,0.0009706770069897175,0.0,0.0,0.0,0.0,0.0,0.0,-0.55897905,0.6080123,10.2577559,0.10471975511965978,0.06981317007977318,-0.05235987755982989,-720.0,320.0,-399.0,1600,1600,1599,1599,0,0,0,0
1763968823.6299613,0.0,0.0,32.14,154.88,-0.06295163184404373,0.21562160551548004,0.9743735194206238,-0.011856740340590477,-3.0909905433654785,-0.11785215884447098,2.7033369541168213,-0.0006340593099594116,0.00032180268317461014,0.0009706770069897175,0.0,0.0,0.0,0.0,0.0,0.0,-0.55897905,0.6080123,10.2577559,0.10471975511965978,0.06981317007977318,-0.05235987755982989,-720.0,320.0,-399.0,1600,1600,1599,1599,0,0,0,0
1763968823.6645849,0.0,0.0,32.14,154.88,-0.06295163184404373,0.21562160551548004,0.9743735194206238,-0.011856740340590477,-3.0909905433654785,-0.11785215884447098,2.7033369541168213,-0.0006340593099594116,0.00032180268317461014,0.0009706770069897175,0.0,0.0,0.0,0.0,0.0,0.0,-0.55897905,0.6080123,10.2577559,0.10471975511965978,0.06981317007977318,-0.05235987755982989,-720.0,320.0,-399.0,1600,1600,1599,1599,0,0,0,0
1763968823.6980312,0.0,0.0,32.14,154.88,-0.06295163184404373,0.21562160551548004,0.9743735194206238,-0.011856740340590477,-3.0909905433654785,-0.11785215884447098,2.7033369541168213,-0.0006340593099594116,0.00032180268317461014,0.0009706770069897175,0.0,0.0,0.0,0.0,0.0,0.0,-0.57859235,0.61781895,10.2577559,0.06981317007977318,0.06981317007977318,-0.03490658503988659,-720.0,320.0,-399.0,1600,1600,1599,1599,0,0,0,0
1763968823.7332027,0.0,0.0,32.14,154.88,-0.06295163184404373,0.21562160551548004,0.9743735194206238,-0.011856740340590477,-3.091002941131592,-0.11786770820617676,2.703335762023926,-0.0011660722084343433,0.0007412796840071678,-0.0005374588072299957,0.0,0.0,0.0,0.0,0.0,0.0,-0.57859235,0.61781895,10.2577559,0.06981317007977318,0.06981317007977318,-0.03490658503988659,-720.0,320.0,-399.0,1600,1600,1599,1599,0,0,0,0
1763968823.7666483,0.0,0.0,32.14,154.88,-0.06295789033174515,0.21562236547470093,0.9743729829788208,-0.011849022470414639,-3.091002941131592,-0.11786770820617676,2.703335762023926,-0.0011660722084343433,0.0007412796840071678,-0.0005374588072299957,0.0,0.0,0.0,0.0,0.0,0.0,-0.57859235,0.61781895,10.2577559,0.06981317007977318,0.06981317007977318,-0.03490658503988659,-720.0,320.0,-399.0,1600,1600,1599,1599,0,0,0,0
1763968823.8000653,0.0,0.0,31.96,154.88,-0.06295789033174515,0.21562236547470093,0.9743729829788208,-0.011849022470414639,-3.091002941131592,-0.11786770820617676,2.703335762023926,-0.0011660722084343433,0.0007412796840071678,-0.0005374588072299957,0.0,0.0,0.0,0.0,0.0,0.0,-0.57859235,0.61781895,10.2577559,0.06981317007977318,0.06981317007977318,-0.03490658503988659,-720.0,320.0,-399.0,1600,1600,1599,1599,0,0,0,0
1763968823.8334768,0.0,0.0,31.96,154.88,-0.06295789033174515,0.21562236547470093,0.9743729829788208,-0.011849022470414639,-3.091002941131592,-0.11786770820617676,2.703335762023926,-0.0011660722084343433,0.0007412796840071678,-0.0005374588072299957,0.0,0.0,0.0,0.0,0.0,0.0,-0.57859235,0.61781895,10.2577559,0.06981317007977318,0.06981317007977318,-0.03490658503988659,-720.0,320.0,-399.0,1600,1600,1599,1599,0,0,0,0
1763968823.8708248,0.0,0.0,31.96,154.88,-0.06295789033174515,0.21562236547470093,0.9743729829788208,-0.011849022470414639,-3.091002941131592,-0.11786770820617676,2.703335762023926,-0.0011660722084343433,0.0007412796840071678,-0.0005374588072299957,0.0,0.0,0.0,0.0,0.0,0.0,-0.57859235,0.61781895,10.2577559,0.06981317007977318,0.06981317007977318,-0.03490658503988659,-720.0,320.0,-399.0,1600,1600,1599,1599,0,0,0,0
1763968823.904245,0.0,0.0,31.96,154.88,-0.06295789033174515,0.21562236547470093,0.9743729829788208,-0.011849022470414639,-3.091002941131592,-0.11786770820617676,2.703335762023926,-0.0011660722084343433,0.0007412796840071678,-0.0005374588072299957,0.0,0.0,0.0,0.0,0.0,0.0,-0.57859235,0.6276256,10.2577559,0.06981317007977318,0.08726646259971647,-0.05235987755982989,-714.0,322.0,-405.0,1600,1600,1599,1599,0,0,0,0
1763968823.9385452,0.0,0.0,31.96,154.88,-0.06295789033174515,0.21562236547470093,0.9743729829788208,-0.011849022470414639,-3.0910162925720215,-0.11786972731351852,2.703338146209717,-0.001842284807935357,-0.0012449421919882298,-0.0007228504400700331,0.0,0.0,0.0,0.0,0.0,0.0,-0.57859235,0.6276256,10.2577559,0.06981317007977318,0.08726646259971647,-0.05235987755982989,-714.0,322.0,-405.0,1600,1600,1599,1599,0,0,0,0
1763968823.9719677,0.0,0.0,31.96,154.88,-0.06295741349458694,0.2156214863061905,0.9743734002113342,-0.011842326261103153,-3.0910162925720215,-0.11786972731351852,2.703338146209717,-0.001842284807935357,-0.0012449421919882298,-0.0007228504400700331,0.0,0.0,0.0,0.0,0.0,0.0,-0.57859235,0.6276256,10.2577559,0.06981317007977318,0.08726646259971647,-0.05235987755982989,-714.0,322.0,-405.0,1600,1600,1599,1599,0,0,0,0
1763968824.005368,0.0,0.0,31.96,154.88,-0.06295741349458694,0.2156214863061905,0.9743734002113342,-0.011842326261103153,-3.0910162925720215,-0.11786972731351852,2.703338146209717,-0.001842284807935357,-0.0012449421919882298,-0.0007228504400700331,0.0,0.0,0.0,0.0,0.0,0.0,-0.57859235,0.6276256,10.2577559,0.06981317007977318,0.08726646259971647,-0.05235987755982989,-714.0,322.0,-405.0,1600,1600,1599,1599,0,0,0,0
1763968824.0387647,0.0,0.0,31.96,154.88,-0.06295741349458694,0.2156214863061905,0.9743734002113342,-0.011842326261103153,-3.0910162925720215,-0.11786972731351852,2.703338146209717,-0.001842284807935357,-0.0012449421919882298,-0.0007228504400700331,0.0,0.0,0.0,0.0,0.0,0.0,-0.57859235,0.6276256,10.2577559,0.06981317007977318,0.08726646259971647,-0.05235987755982989,-714.0,322.0,-405.0,1600,1600,1599,1599,0,0,0,0
1763968824.0721595,0.0,0.0,31.96,154.88,-0.06295741349458694,0.2156214863061905,0.9743734002113342,-0.011842326261103153,-3.0910162925720215,-0.11786972731351852,2.703338146209717,-0.001842284807935357,-0.0012449421919882298,-0.0007228504400700331,0.0,0.0,0.0,0.0,0.0,0.0,-0.57859235,0.6276256,10.2577559,0.06981317007977318,0.08726646259971647,-0.05235987755982989,-714.0,322.0,-405.0,1600,1600,1599,1599,0,0,0,0
1763968824.105551,0.0,0.0,31.96,154.88,-0.06295741349458694,0.2156214863061905,0.9743734002113342,-0.011842326261103153,-3.0910162925720215,-0.11786972731351852,2.703338146209717,-0.001842284807935357,-0.0012449421919882298,-0.0007228504400700331,0.0,0.0,0.0,0.0,0.0,0.0,-0.5687857000000001,0.6276256,10.2577559,0.05235987755982989,0.05235987755982989,-0.05235987755982989,-714.0,322.0,-405.0,1600,1600,1599,1599,0,0,0,0
1763968824.1389525,0.0,0.0,31.96,154.88,-0.06295741349458694,0.2156214863061905,0.9743734002113342,-0.011842326261103153,-3.0910069942474365,-0.11785457283258438,2.703376293182373,-0.001459226943552494,-0.00037347013130784035,0.0003865433391183615,0.0,0.0,0.0,0.0,0.0,0.0,-0.5687857000000001,0.6276256,10.2577559,0.05235987755982989,0.05235987755982989,-0.05235987755982989,-714.0,322.0,-405.0,1600,1600,1599,1599,0,0,0,0
1763968824.1723557,0.0,0.0,31.96,154.88,-0.06295080482959747,0.21560291945934296,0.9743778109550476,-0.011849680915474892,-3.0910069942474365,-0.11785457283258438,2.703376293182373,-0.001459226943552494,-0.00037347013130784035,0.0003865433391183615,0.0,0.0,0.0,0.0,0.0,0.0,-0.5687857000000001,0.6276256,10.2577559,0.05235987755982989,0.05235987755982989,-0.05235987755982989,-714.0,322.0,-405.0,1600,1600,1599,1599,0,0,0,0
1763968824.2057552,0.0,0.0,32.11,154.89,-0.06295080482959747,0.21560291945934296,0.9743778109550476,-0.011849680915474892,-3.0910069942474365,-0.11785457283258438,2.703376293182373,-0.001459226943552494,-0.00037347013130784035,0.0003865433391183615,0.0,0.0,0.0,0.0,0.0,0.0,-0.5687857000000001,0.6276256,10.2577559,0.05235987755982989,0.05235987755982989,-0.05235987755982989,-714.0,322.0,-405.0,1600,1600,1599,1599,0,0,0,0
1763968824.2391474,0.0,0.0,32.11,154.89,-0.06295080482959747,0.21560291945934296,0.9743778109550476,-0.011849680915474892,-3.0910069942474365,-0.11785457283258438,2.703376293182373,-0.001459226943552494,-0.00037347013130784035,0.0003865433391183615,0.0,0.0,0.0,0.0,0.0,0.0,-0.5687857000000001,0.6276256,10.2577559,0.05235987755982989,0.05235987755982989,-0.05235987755982989,-714.0,322.0,-405.0,1600,1600,1599,1599,0,0,0,0
1763968824.272538,0.0,0.0,32.11,154.89,-0.06295080482959747,0.21560291945934296,0.9743778109550476,-0.011849680915474892,-3.0910069942474365,-0.11785457283258438,2.703376293182373,-0.001459226943552494,-0.00037347013130784035,0.0003865433391183615,0.0,0.0,0.0,0.0,0.0,0.0,-0.5687857000000001,0.6276256,10.2577559,0.05235987755982989,0.05235987755982989,-0.05235987755982989,-714.0,322.0,-405.0,1600,1600,1599,1599,0,0,0,0
1763968824.3059297,0.0,0.0,32.11,154.89,-0.06295080482959747,0.21560291945934296,0.9743778109550476,-0.011849680915474892,-3.0910069942474365,-0.11785457283258438,2.703376293182373,-0.001459226943552494,-0.00037347013130784035,0.0003865433391183615,0.0,0.0,0.0,0.0,0.0,0.0,-0.5687857000000001,0.61781895,10.2577559,0.05235987755982989,0.06981317007977318,-0.03490658503988659,-715.0,321.0,-401.0,1600,1600,1599,1599,0,0,0,0
1763968824.3393207,0.0,0.0,32.11,154.89,-0.06295080482959747,0.21560291945934296,0.9743778109550476,-0.011849680915474892,-3.091001272201538,-0.11787557601928711,2.703382968902588,0.00047195516526699066,0.0002586343325674534,-0.001014256151393056,0.0,0.0,0.0,0.0,0.0,0.0,-0.5687857000000001,0.61781895,10.2577559,0.05235987755982989,0.06981317007977318,-0.03490658503988659,-715.0,321.0,-401.0,1600,1600,1599,1599,0,0,0,0
1763968824.3727088,0.0,0.0,32.11,154.89,-0.06296160817146301,0.21559910476207733,0.9743779897689819,-0.011850399896502495,-3.091001272201538,-0.11787557601928711,2.703382968902588,0.00047195516526699066,0.0002586343325674534,-0.001014256151393056,0.0,0.0,0.0,0.0,0.0,0.0,-0.5687857000000001,0.61781895,10.2577559,0.05235987755982989,0.06981317007977318,-0.03490658503988659,-715.0,321.0,-401.0,1600,1600,1599,1599,0,0,0,0
1763968824.4061053,0.0,0.0,32.11,154.89,-0.06296160817146301,0.21559910476207733,0.9743779897689819,-0.011850399896502495,-3.091001272201538,-0.11787557601928711,2.703382968902588,0.00047195516526699066,0.0002586343325674534,-0.001014256151393056,0.0,0.0,0.0,0.0,0.0,0.0,-0.5687857000000001,0.61781895,10.2577559,0.05235987755982989,0.06981317007977318,-0.03490658503988659,-715.0,321.0,-401.0,1600,1600,1599,1599,0,0,0,0
1763968824.4395587,0.0,0.0,32.11,154.89,-0.06296160817146301,0.21559910476207733,0.9743779897689819,-0.011850399896502495,-3.091001272201538,-0.11787557601928711,2.703382968902588,0.00047195516526699066,0.0002586343325674534,-0.001014256151393056,0.0,0.0,0.0,0.0,0.0,0.0,-0.5687857000000001,0.61781895,10.2577559,0.05235987755982989,0.06981317007977318,-0.03490658503988659,-715.0,321.0,-401.0,1600,1600,1599,1599,0,0,0,0
1763968824.4729514,0.0,0.0,32.11,154.89,-0.06296160817146301,0.21559910476207733,0.9743779897689819,-0.011850399896502495,-3.091001272201538,-0.11787557601928711,2.703382968902588,0.00047195516526699066,0.0002586343325674534,-0.001014256151393056,0.0,0.0,0.0,0.0,0.0,0.0,-0.5687857000000001,0.61781895,10.2577559,0.05235987755982989,0.06981317007977318,-0.03490658503988659,-715.0,321.0,-401.0,1600,1600,1599,1599,0,0,0,0
1763968824.5063436,0.0,0.0,32.11,154.89,-0.06296160817146301,0.21559910476207733,0.9743779897689819,-0.011850399896502495,-3.091001272201538,-0.11787557601928711,2.703382968902588,0.00047195516526699066,0.0002586343325674534,-0.001014256151393056,0.0,0.0,0.0,0.0,0.0,0.0,-0.5687857000000001,0.6080123,10.2577559,0.08726646259971647,0.06981317007977318,-0.06981317007977318,-715.0,321.0,-401.0,1600,1600,1599,1599,0,0,0,0
1763968824.5397356,0.0,0.0,32.11,154.89,-0.06296160817146301,0.21559910476207733,0.9743779897689819,-0.011850399896502495,-3.0910050868988037,-0.11786483228206635,2.703402280807495,0.0008284067735075951,-0.0014173847157508135,-0.00011643581092357635,0.0,0.0,0.0,0.0,0.0,0.0,-0.5687857000000001,0.6080123,10.2577559,0.08726646259971647,0.06981317007977318,-0.06981317007977318,-715.0,321.0,-401.0,1600,1600,1599,1599,0,0,0,0
1763968824.5731266,0.0,0.0,32.11,154.89,-0.06295586377382278,0.21559005975723267,0.974380373954773,-0.01185037475079298,-3.0910050868988037,-0.11786483228206635,2.703402280807495,0.0008284067735075951,-0.0014173847157508135,-0.00011643581092357635,0.0,0.0,0.0,0.0,0.0,0.0,-0.5687857000000001,0.6080123,10.2577559,0.08726646259971647,0.06981317007977318,-0.06981317007977318,-715.0,321.0,-401.0,1600,1600,1599,1599,0,0,0,0
1763968824.6065283,0.0,0.0,32.05,154.89,-0.06295586377382278,0.21559005975723267,0.974380373954773,-0.01185037475079298,-3.0910050868988037,-0.11786483228206635,2.703402280807495,0.0008284067735075951,-0.0014173847157508135,-0.00011643581092357635,0.0,0.0,0.0,0.0,0.0,0.0,-0.5687857000000001,0.6080123,10.2577559,0.08726646259971647,0.06981317007977318,-0.06981317007977318,-715.0,321.0,-401.0,1600,1600,1599,1599,0,0,0,0
1763968824.6399202,0.0,0.0,32.05,154.89,-0.06295586377382278,0.21559005975723267,0.974380373954773,-0.01185037475079298,-3.0910050868988037,-0.11786483228206635,2.703402280807495,0.0008284067735075951,-0.0014173847157508135,-0.00011643581092357635,0.0,0.0,0.0,0.0,0.0,0.0,-0.5687857000000001,0.6080123,10.2577559,0.08726646259971647,0.06981317007977318,-0.06981317007977318,-715.0,321.0,-401.0,1600,1600,1599,1599,0,0,0,0
1763968824.6733155,0.0,0.0,32.05,154.89,-0.06295586377382278,0.21559005975723267,0.974380373954773,-0.01185037475079298,-3.0910050868988037,-0.11786483228206635,2.703402280807495,0.0008284067735075951,-0.0014173847157508135,-0.00011643581092357635,0.0,0.0,0.0,0.0,0.0,0.0,-0.5687857000000001,0.6080123,10.2577559,0.08726646259971647,0.06981317007977318,-0.06981317007977318,-715.0,321.0,-401.0,1600,1600,1599,1599,0,0,0,0
1763968824.7074602,0.0,0.0,32.05,154.89,-0.06295586377382278,0.21559005975723267,0.974380373954773,-0.01185037475079298,-3.0910050868988037,-0.11786483228206635,2.703402280807495,0.0008284067735075951,-0.0014173847157508135,-0.00011643581092357635,0.0,0.0,0.0,0.0,0.0,0.0,-0.5687857000000001,0.61781895,10.2577559,0.10471975511965978,0.03490658503988659,-0.05235987755982989,-719.0,317.0,-402.0,1600,1600,1599,1599,0,0,0,0
1763968824.7408676,0.0,0.0,32.05,154.89,-0.06295586377382278,0.21559005975723267,0.974380373954773,-0.01185037475079298,-3.091043472290039,-0.11778897792100906,2.703695774078369,-0.0005047754384577274,-0.0011139356065541506,0.00057957973331213,0.0,0.0,0.0,0.0,0.0,0.0,-0.5687857000000001,0.61781895,10.2577559,0.10471975511965978,0.03490658503988659,-0.05235987755982989,-719.0,317.0,-402.0,1600,1600,1599,1599,0,0,0,0
1763968824.7743244,0.0,0.0,32.05,154.89,-0.06291305273771286,0.215449720621109,0.9744141697883606,-0.0118491156026721,-3.091043472290039,-0.11778897792100906,2.703695774078369,-0.0005047754384577274,-0.0011139356065541506,0.00057957973331213,0.0,0.0,0.0,0.0,0.0,0.0,-0.5687857000000001,0.61781895,10.2577559,0.10471975511965978,0.03490658503988659,-0.05235987755982989,-719.0,317.0,-402.0,1600,1600,1599,1599,0,0,0,0
1763968824.8077419,0.0,0.0,32.01,154.91,-0.06291305273771286,0.215449720621109,0.9744141697883606,-0.0118491156026721,-3.091043472290039,-0.11778897792100906,2.703695774078369,-0.0005047754384577274,-0.0011139356065541506,0.00057957973331213,0.0,0.0,0.0,0.0,0.0,0.0,-0.5687857000000001,0.61781895,10.2577559,0.10471975511965978,0.03490658503988659,-0.05235987755982989,-719.0,317.0,-402.0,1600,1600,1599,1599,0,0,0,0
1763968824.841156,0.0,0.0,32.01,154.91,-0.06291305273771286,0.215449720621109,0.9744141697883606,-0.0118491156026721,-3.091043472290039,-0.11778897792100906,2.703695774078369,-0.0005047754384577274,-0.0011139356065541506,0.00057957973331213,0.0,0.0,0.0,0.0,0.0,0.0,-0.5687857000000001,0.61781895,10.2577559,0.10471975511965978,0.03490658503988659,-0.05235987755982989,-719.0,317.0,-402.0,1600,1600,1599,1599,0,0,0,0
1763968824.8745692,0.0,0.0,32.01,154.91,-0.06291305273771286,0.215449720621109,0.9744141697883606,-0.0118491156026721,-3.091043472290039,-0.11778897792100906,2.703695774078369,-0.0005047754384577274,-0.0011139356065541506,0.00057957973331213,0.0,0.0,0.0,0.0,0.0,0.0,-0.5687857000000001,0.61781895,10.2577559,0.10471975511965978,0.03490658503988659,-0.05235987755982989,-719.0,317.0,-402.0,1600,1600,1599,1599,0,0,0,0
1763968824.9079907,0.0,0.0,32.01,154.91,-0.06291305273771286,0.215449720621109,0.9744141697883606,-0.0118491156026721,-3.091043472290039,-0.11778897792100906,2.703695774078369,-0.0005047754384577274,-0.0011139356065541506,0.00057957973331213,0.0,0.0,0.0,0.0,0.0,0.0,-0.57859235,0.6276256,10.267562550000001,0.06981317007977318,0.05235987755982989,-0.03490658503988659,-717.0,323.0,-400.0,1600,1600,1599,1599,0,0,0,0
1763968824.9414093,0.0,0.0,32.01,154.91,-0.06291305273771286,0.215449720621109,0.9744141697883606,-0.0118491156026721,-3.091064453125,-0.11778905987739563,2.703686237335205,-0.0016477038152515888,-0.00046433182433247566,-0.0004888356197625399,0.0,0.0,0.0,0.0,0.0,0.0,-0.57859235,0.6276256,10.267562550000001,0.06981317007977318,0.05235987755982989,-0.03490658503988659,-717.0,323.0,-400.0,1600,1600,1599,1599,0,0,0,0
1763968824.9748857,0.0,0.0,32.01,154.91,-0.06291089951992035,0.2154550552368164,0.9744132161140442,-0.011838654987514019,-3.091064453125,-0.11778905987739563,2.703686237335205,-0.0016477038152515888,-0.00046433182433247566,-0.0004888356197625399,0.0,0.0,0.0,0.0,0.0,0.0,-0.57859235,0.6276256,10.267562550000001,0.06981317007977318,0.05235987755982989,-0.03490658503988659,-717.0,323.0,-400.0,1600,1600,1599,1599,0,0,0,0
1763968825.008311,0.0,0.0,32.02,154.9,-0.06291089951992035,0.2154550552368164,0.9744132161140442,-0.011838654987514019,-3.091064453125,-0.11778905987739563,2.703686237335205,-0.0016477038152515888,-0.00046433182433247566,-0.0004888356197625399,0.0,0.0,0.0,0.0,0.0,0.0,-0.57859235,0.6276256,10.267562550000001,0.06981317007977318,0.05235987755982989,-0.03490658503988659,-717.0,323.0,-400.0,1600,1600,1599,1599,0,0,0,0
1763968825.0417159,0.0,0.0,32.02,154.9,-0.06291089951992035,0.2154550552368164,0.9744132161140442,-0.011838654987514019,-3.091064453125,-0.11778905987739563,2.703686237335205,-0.0016477038152515888,-0.00046433182433247566,-0.0004888356197625399,0.0,0.0,0.0,0.0,0.0,0.0,-0.57859235,0.6276256,10.267562550000001,0.06981317007977318,0.05235987755982989,-0.03490658503988659,-717.0,323.0,-400.0,1600,1600,1599,1599,0,0,0,0
1763968825.0751565,0.0,0.0,32.02,154.9,-0.06291089951992035,0.2154550552368164,0.9744132161140442,-0.011838654987514019,-3.091064453125,-0.11778905987739563,2.703686237335205,-0.0016477038152515888,-0.00046433182433247566,-0.0004888356197625399,0.0,0.0,0.0,0.0,0.0,0.0,-0.57859235,0.6276256,10.267562550000001,0.06981317007977318,0.05235987755982989,-0.03490658503988659,-717.0,323.0,-400.0,1600,1600,1599,1599,0,0,0,0
1763968825.108577,0.0,0.0,32.02,154.9,-0.06291089951992035,0.2154550552368164,0.9744132161140442,-0.011838654987514019,-3.091064453125,-0.11778905987739563,2.703686237335205,-0.0016477038152515888,-0.00046433182433247566,-0.0004888356197625399,0.0,0.0,0.0,0.0,0.0,0.0,-0.588399,0.6276256,10.267562550000001,0.05235987755982989,0.05235987755982989,-0.05235987755982989,-720.0,325.0,-398.0,1600,1600,1599,1599,0,0,0,0
1763968825.1419973,0.0,0.0,32.02,154.9,-0.06291089951992035,0.2154550552368164,0.9744132161140442,-0.011838654987514019,-3.0910861492156982,-0.11775150150060654,2.703684091567993,-0.0009657740592956543,-0.0013950776774436235,-0.00021365052089095116,0.0,0.0,0.0,0.0,0.0,0.0,-0.588399,0.6276256,10.267562550000001,0.05235987755982989,0.05235987755982989,-0.05235987755982989,-720.0,325.0,-398.0,1600,1600,1599,1599,0,0,0,0
1763968825.1754215,0.0,0.0,32.02,154.9,-0.06289029121398926,0.21545742452144623,0.974414050579071,-0.011832107789814472,-3.0910861492156982,-0.11775150150060654,2.703684091567993,-0.0009657740592956543,-0.0013950776774436235,-0.00021365052089095116,0.0,0.0,0.0,0.0,0.0,0.0,-0.588399,0.6276256,10.267562550000001,0.05235987755982989,0.05235987755982989,-0.05235987755982989,-720.0,325.0,-398.0,1600,1600,1599,1599,0,0,0,0
1763968825.208863,0.0,0.0,32.02,154.9,-0.06289029121398926,0.21545742452144623,0.974414050579071,-0.011832107789814472,-3.0910861492156982,-0.11775150150060654,2.703684091567993,-0.0009657740592956543,-0.0013950776774436235,-0.00021365052089095116,0.0,0.0,0.0,0.0,0.0,0.0,-0.588399,0.6276256,10.267562550000001,0.05235987755982989,0.05235987755982989,-0.05235987755982989,-720.0,325.0,-398.0,1600,1600,1599,1599,0,0,0,0
1763968825.2422872,0.0,0.0,32.02,154.9,-0.06289029121398926,0.21545742452144623,0.974414050579071,-0.011832107789814472,-3.0910861492156982,-0.11775150150060654,2.703684091567993,-0.0009657740592956543,-0.0013950776774436235,-0.00021365052089095116,0.0,0.0,0.0,0.0,0.0,0.0,-0.588399,0.6276256,10.267562550000001,0.05235987755982989,0.05235987755982989,-0.05235987755982989,-720.0,325.0,-398.0,1600,1600,1599,1599,0,0,0,0
1763968825.2759817,0.0,0.0,32.02,154.9,-0.06289029121398926,0.21545742452144623,0.974414050579071,-0.011832107789814472,-3.0910861492156982,-0.11775150150060654,2.703684091567993,-0.0009657740592956543,-0.0013950776774436235,-0.00021365052089095116,0.0,0.0,0.0,0.0,0.0,0.0,-0.588399,0.6276256,10.267562550000001,0.05235987755982989,0.05235987755982989,-0.05235987755982989,-720.0,325.0,-398.0,1600,1600,1599,1599,0,0,0,0
1763968825.3093975,0.0,0.0,32.02,154.9,-0.06289029121398926,0.21545742452144623,0.974414050579071,-0.011832107789814472,-3.0910861492156982,-0.11775150150060654,2.703684091567993,-0.0009657740592956543,-0.0013950776774436235,-0.00021365052089095116,0.0,0.0,0.0,0.0,0.0,0.0,-0.5687857000000001,0.61781895,10.2577559,0.06981317007977318,0.05235987755982989,-0.05235987755982989,-720.0,325.0,-398.0,1600,1600,1599,1599,0,0,0,0
1763968825.3428335,0.0,0.0,32.02,154.9,-0.06289029121398926,0.21545742452144623,0.974414050579071,-0.011832107789814472,-3.0910842418670654,-0.11773663759231567,2.7036585807800293,0.001694654580205679,-0.00020505301654338837,0.0010530673898756504,0.0,0.0,0.0,0.0,0.0,0.0,-0.5687857000000001,0.61781895,10.2577559,0.06981317007977318,0.05235987755982989,-0.05235987755982989,-720.0,325.0,-398.0,1600,1600,1599,1599,0,0,0,0
1763968825.3772326,0.0,0.0,32.02,154.9,-0.0628834143280983,0.2154700607061386,0.9744117259979248,-0.011833886615931988,-3.0910842418670654,-0.11773663759231567,2.7036585807800293,0.001694654580205679,-0.00020505301654338837,0.0010530673898756504,0.0,0.0,0.0,0.0,0.0,0.0,-0.5687857000000001,0.61781895,10.2577559,0.06981317007977318,0.05235987755982989,-0.05235987755982989,-720.0,325.0,-398.0,1600,1600,1599,1599,0,0,0,0
1763968825.410651,0.0,0.0,32.02,154.9,-0.0628834143280983,0.2154700607061386,0.9744117259979248,-0.011833886615931988,-3.0910842418670654,-0.11773663759231567,2.7036585807800293,0.001694654580205679,-0.00020505301654338837,0.0010530673898756504,0.0,0.0,0.0,0.0,0.0,0.0,-0.5687857000000001,0.61781895,10.2577559,0.06981317007977318,0.05235987755982989,-0.05235987755982989,-720.0,325.0,-398.0,1600,1600,1599,1599,0,0,0,0
1763968825.4447935,0.0,0.0,32.02,154.9,-0.0628834143280983,0.2154700607061386,0.9744117259979248,-0.011833886615931988,-3.0910842418670654,-0.11773663759231567,2.7036585807800293,0.001694654580205679,-0.00020505301654338837,0.0010530673898756504,0.0,0.0,0.0,0.0,0.0,0.0,-0.5687857000000001,0.61781895,10.2577559,0.06981317007977318,0.05235987755982989,-0.05235987755982989,-720.0,325.0,-398.0,1600,1600,1599,1599,0,0,0,0
1763968825.478193,0.0,0.0,32.02,154.9,-0.0628834143280983,0.2154700607061386,0.9744117259979248,-0.011833886615931988,-3.0910842418670654,-0.11773663759231567,2.7036585807800293,0.001694654580205679,-0.00020505301654338837,0.0010530673898756504,0.0,0.0,0.0,0.0,0.0,0.0,-0.5687857000000001,0.61781895,10.2577559,0.06981317007977318,0.05235987755982989,-0.05235987755982989,-720.0,325.0,-398.0,1600,1600,1599,1599,0,0,0,0
1763968825.5116045,0.0,0.0,32.02,154.9,-0.0628834143280983,0.2154700607061386,0.9744117259979248,-0.011833886615931988,-3.0910842418670654,-0.11773663759231567,2.7036585807800293,0.001694654580205679,-0.00020505301654338837,0.0010530673898756504,0.0,0.0,0.0,0.0,0.0,0.0,-0.53936575,0.59820565,10.2577559,0.10471975511965978,0.06981317007977318,-0.03490658503988659,-720.0,325.0,-398.0,1600,1600,1599,1599,0,0,0,0
1763968825.5450058,0.0,0.0,32.02,154.9,-0.0628834143280983,0.2154700607061386,0.9744117259979248,-0.011833886615931988,-3.0909972190856934,-0.11775963753461838,2.703657627105713,-0.00043757399544119835,0.00043156836181879044,-0.000657000346109271,0.0,0.0,0.0,0.0,0.0,0.0,-0.53936575,0.59820565,10.2577559,0.10471975511965978,0.06981317007977318,-0.03490658503988659,-720.0,325.0,-398.0,1600,1600,1599,1599,0,0,0,0
1763968825.5784066,0.0,0.0,32.02,154.9,-0.0629039853811264,0.21546730399131775,0.9744105935096741,-0.011873753741383553,-3.0909972190856934,-0.11775963753461838,2.703657627105713,-0.00043757399544119835,0.00043156836181879044,-0.000657000346109271,0.0,0.0,0.0,0.0,0.0,0.0,-0.53936575,0.59820565,10.2577559,0.10471975511965978,0.06981317007977318,-0.03490658503988659,-720.0,325.0,-398.0,1600,1600,1599,1599,0,0,0,0
1763968825.6123233,0.0,0.0,31.9,154.9,-0.0629039853811264,0.21546730399131775,0.9744105935096741,-0.011873753741383553,-3.0909972190856934,-0.11775963753461838,2.703657627105713,-0.00043757399544119835,0.00043156836181879044,-0.000657000346109271,0.0,0.0,0.0,0.0,0.0,0.0,-0.53936575,0.59820565,10.2577559,0.10471975511965978,0.06981317007977318,-0.03490658503988659,-720.0,325.0,-398.0,1600,1600,1599,1599,0,0,0,0
1763968825.6457405,0.0,0.0,31.9,154.9,-0.0629039853811264,0.21546730399131775,0.9744105935096741,-0.011873753741383553,-3.0909972190856934,-0.11775963753461838,2.703657627105713,-0.00043757399544119835,0.00043156836181879044,-0.000657000346109271,0.0,0.0,0.0,0.0,0.0,0.0,-0.53936575,0.59820565,10.2577559,0.10471975511965978,0.06981317007977318,-0.03490658503988659,-720.0,325.0,-398.0,1600,1600,1599,1599,0,0,0,0
1763968825.6791542,0.0,0.0,31.9,154.9,-0.0629039853811264,0.21546730399131775,0.9744105935096741,-0.011873753741383553,-3.0909972190856934,-0.11775963753461838,2.703657627105713,-0.00043757399544119835,0.00043156836181879044,-0.000657000346109271,0.0,0.0,0.0,0.0,0.0,0.0,-0.53936575,0.59820565,10.2577559,0.10471975511965978,0.06981317007977318,-0.03490658503988659,-720.0,325.0,-398.0,1600,1600,1599,1599,0,0,0,0
1763968825.7125742,0.0,0.0,31.9,154.9,-0.0629039853811264,0.21546730399131775,0.9744105935096741,-0.011873753741383553,-3.0909972190856934,-0.11775963753461838,2.703657627105713,-0.00043757399544119835,0.00043156836181879044,-0.000657000346109271,0.0,0.0,0.0,0.0,0.0,0.0,-0.55897905,0.6080123,10.2577559,0.06981317007977318,0.06981317007977318,-0.05235987755982989,-716.0,319.0,-396.0,1600,1600,1599,1599,0,0,0,0
1763968825.7459738,0.0,0.0,31.9,154.9,-0.0629039853811264,0.21546730399131775,0.9744105935096741,-0.011873753741383553,-3.0909860134124756,-0.11777577549219131,2.703669309616089,0.001290210522711277,0.0014405380934476852,-1.9527971744537354e-05,0.0,0.0,0.0,0.0,0.0,0.0,-0.55897905,0.6080123,10.2577559,0.06981317007977318,0.06981317007977318,-0.05235987755982989,-716.0,319.0,-396.0,1600,1600,1599,1599,0,0,0,0
1763968825.7793655,0.0,0.0,31.9,154.9,-0.06291297823190689,0.21546109020709991,0.9744111895561218,-0.011877806857228279,-3.0909860134124756,-0.11777577549219131,2.703669309616089,0.001290210522711277,0.0014405380934476852,-1.9527971744537354e-05,0.0,0.0,0.0,0.0,0.0,0.0,-0.55897905,0.6080123,10.2577559,0.06981317007977318,0.06981317007977318,-0.05235987755982989,-716.0,319.0,-396.0,1600,1600,1599,1599,0,0,0,0
1763968825.8127618,0.0,0.0,31.9,154.9,-0.06291297823190689,0.21546109020709991,0.9744111895561218,-0.011877806857228279,-3.0909860134124756,-0.11777577549219131,2.703669309616089,0.001290210522711277,0.0014405380934476852,-1.9527971744537354e-05,0.0,0.0,0.0,0.0,0.0,0.0,-0.55897905,0.6080123,10.2577559,0.06981317007977318,0.06981317007977318,-0.05235987755982989,-716.0,319.0,-396.0,1600,1600,1599,1599,0,0,0,0
1763968825.8461542,0.0,0.0,31.9,154.9,-0.06291297823190689,0.21546109020709991,0.9744111895561218,-0.011877806857228279,-3.0909860134124756,-0.11777577549219131,2.703669309616089,0.001290210522711277,0.0014405380934476852,-1.9527971744537354e-05,0.0,0.0,0.0,0.0,0.0,0.0,-0.55897905,0.6080123,10.2577559,0.06981317007977318,0.06981317007977318,-0.05235987755982989,-716.0,319.0,-396.0,1600,1600,1599,1599,0,0,0,0
1763968825.8795574,0.0,0.0,31.9,154.9,-0.06291297823190689,0.21546109020709991,0.9744111895561218,-0.011877806857228279,-3.0909860134124756,-0.11777577549219131,2.703669309616089,0.001290210522711277,0.0014405380934476852,-1.9527971744537354e-05,0.0,0.0,0.0,0.0,0.0,0.0,-0.55897905,0.6080123,10.2577559,0.06981317007977318,0.06981317007977318,-0.05235987755982989,-716.0,319.0,-396.0,1600,1600,1599,1599,0,0,0,0
1763968825.9129608,0.0,0.0,31.9,154.9,-0.06291297823190689,0.21546109020709991,0.9744111895561218,-0.011877806857228279,-3.0909860134124756,-0.11777577549219131,2.703669309616089,0.001290210522711277,0.0014405380934476852,-1.9527971744537354e-05,0.0,0.0,0.0,0.0,0.0,0.0,-0.5687857000000001,0.6080123,10.2577559,0.10471975511965978,0.08726646259971647,-0.05235987755982989,-721.0,322.0,-400.0,1600,1600,1599,1599,0,0,0,0
1763968825.946357,0.0,0.0,31.9,154.9,-0.06291297823190689,0.21546109020709991,0.9744111895561218,-0.011877806857228279,-3.090949773788452,-0.11780065298080444,2.7036690711975098,0.003022813703864813,0.0019116154871881008,-0.00010181101970374584,0.0,0.0,0.0,0.0,0.0,0.0,-0.5687857000000001,0.6080123,10.2577559,0.10471975511965978,0.08726646259971647,-0.05235987755982989,-721.0,322.0,-400.0,1600,1600,1599,1599,0,0,0,0
1763968825.9797652,0.0,0.0,31.9,154.9,-0.06292897462844849,0.21545952558517456,0.9744104743003845,-0.011892677284777164,-3.090949773788452,-0.11780065298080444,2.7036690711975098,0.003022813703864813,0.0019116154871881008,-0.00010181101970374584,0.0,0.0,0.0,0.0,0.0,0.0,-0.5687857000000001,0.6080123,10.2577559,0.10471975511965978,0.08726646259971647,-0.05235987755982989,-721.0,322.0,-400.0,1600,1600,1599,1599,0,0,0,0
1763968826.0131707,0.0,0.0,31.88,154.9,-0.06292897462844849,0.21545952558517456,0.9744104743003845,-0.011892677284777164,-3.090949773788452,-0.11780065298080444,2.7036690711975098,0.003022813703864813,0.0019116154871881008,-0.00010181101970374584,0.0,0.0,0.0,0.0,0.0,0.0,-0.5687857000000001,0.6080123,10.2577559,0.10471975511965978,0.08726646259971647,-0.05235987755982989,-721.0,322.0,-400.0,1600,1600,1599,1599,0,0,0,0
1763968826.0465674,0.0,0.0,31.88,154.9,-0.06292897462844849,0.21545952558517456,0.9744104743003845,-0.011892677284777164,-3.090949773788452,-0.11780065298080444,2.7036690711975098,0.003022813703864813,0.0019116154871881008,-0.00010181101970374584,0.0,0.0,0.0,0.0,0.0,0.0,-0.5687857000000001,0.6080123,10.2577559,0.10471975511965978,0.08726646259971647,-0.05235987755982989,-721.0,322.0,-400.0,1600,1600,1599,1599,0,0,0,0
1763968826.0814533,0.0,0.0,31.88,154.9,-0.06292897462844849,0.21545952558517456,0.9744104743003845,-0.011892677284777164,-3.090949773788452,-0.11780065298080444,2.7036690711975098,0.003022813703864813,0.0019116154871881008,-0.00010181101970374584,0.0,0.0,0.0,0.0,0.0,0.0,-0.5687857000000001,0.6080123,10.2577559,0.10471975511965978,0.08726646259971647,-0.05235987755982989,-721.0,322.0,-400.0,1600,1600,1599,1599,0,0,0,0
1763968826.114861,0.0,0.0,31.88,154.9,-0.06292897462844849,0.21545952558517456,0.9744104743003845,-0.011892677284777164,-3.090949773788452,-0.11780065298080444,2.7036690711975098,0.003022813703864813,0.0019116154871881008,-0.00010181101970374584,0.0,0.0,0.0,0.0,0.0,0.0,-0.55897905,0.61781895,10.2577559,0.13962634015954636,0.10471975511965978,-0.05235987755982989,-721.0,322.0,-400.0,1600,1600,1599,1599,0,0,0,0
1763968826.1482537,0.0,0.0,31.88,154.9,-0.06292897462844849,0.21545952558517456,0.9744104743003845,-0.011892677284777164,-3.0909342765808105,-0.11780772358179092,2.703652858734131,0.0022369404323399067,0.0010432330891489983,0.0006877551786601543,0.0,0.0,0.0,0.0,0.0,0.0,-0.55897905,0.61781895,10.2577559,0.13962634015954636,0.10471975511965978,-0.05235987755982989,-721.0,322.0,-400.0,1600,1600,1599,1599,0,0,0,0
1763968826.1816497,0.0,0.0,31.88,154.9,-0.06293419748544693,0.21546678245067596,0.9744083881378174,-0.011899026110768318,-3.0909342765808105,-0.11780772358179092,2.703652858734131,0.0022369404323399067,0.0010432330891489983,0.0006877551786601543,0.0,0.0,0.0,0.0,0.0,0.0,-0.55897905,0.61781895,10.2577559,0.13962634015954636,0.10471975511965978,-0.05235987755982989,-721.0,322.0,-400.0,1600,1600,1599,1599,0,0,0,0
1763968826.215047,0.0,0.0,31.88,154.9,-0.06293419748544693,0.21546678245067596,0.9744083881378174,-0.011899026110768318,-3.0909342765808105,-0.11780772358179092,2.703652858734131,0.0022369404323399067,0.0010432330891489983,0.0006877551786601543,0.0,0.0,0.0,0.0,0.0,0.0,-0.55897905,0.61781895,10.2577559,0.13962634015954636,0.10471975511965978,-0.05235987755982989,-721.0,322.0,-400.0,1600,1600,1599,1599,0,0,0,0
1763968826.2484405,0.0,0.0,31.88,154.9,-0.06293419748544693,0.21546678245067596,0.9744083881378174,-0.011899026110768318,-3.0909342765808105,-0.11780772358179092,2.703652858734131,0.0022369404323399067,0.0010432330891489983,0.0006877551786601543,0.0,0.0,0.0,0.0,0.0,0.0,-0.55897905,0.61781895,10.2577559,0.13962634015954636,0.10471975511965978,-0.05235987755982989,-721.0,322.0,-400.0,1600,1600,1599,1599,0,0,0,0
1763968826.2818348,0.0,0.0,31.88,154.9,-0.06293419748544693,0.21546678245067596,0.9744083881378174,-0.011899026110768318,-3.0909342765808105,-0.11780772358179092,2.703652858734131,0.0022369404323399067,0.0010432330891489983,0.0006877551786601543,0.0,0.0,0.0,0.0,0.0,0.0,-0.55897905,0.61781895,10.2577559,0.13962634015954636,0.10471975511965978,-0.05235987755982989,-721.0,322.0,-400.0,1600,1600,1599,1599,0,0,0,0
1763968826.3162632,0.0,0.0,31.88,154.9,-0.06293419748544693,0.21546678245067596,0.9744083881378174,-0.011899026110768318,-3.0909342765808105,-0.11780772358179092,2.703652858734131,0.0022369404323399067,0.0010432330891489983,0.0006877551786601543,0.0,0.0,0.0,0.0,0.0,0.0,-0.5687857000000001,0.6276256,10.2577559,0.12217304763960307,0.08726646259971647,-0.03490658503988659,-721.0,322.0,-400.0,1600,1600,1599,1599,0,0,0,0
1763968826.3496714,0.0,0.0,31.88,154.9,-0.06293419748544693,0.21546678245067596,0.9744083881378174,-0.011899026110768318,-3.0910520553588867,-0.1178237795829773,2.7036352157592773,-0.00046740472316741943,-0.00017794035375118256,0.0002866543363779783,0.0,0.0,0.0,0.0,0.0,0.0,-0.5687857000000001,0.6276256,10.2577559,0.12217304763960307,0.08726646259971647,-0.03490658503988659,-721.0,322.0,-400.0,1600,1600,1599,1599,0,0,0,0
1763968826.3830693,0.0,0.0,31.88,154.9,-0.0629294216632843,0.21547874808311462,0.9744068384170532,-0.011839224956929684,-3.0910520553588867,-0.1178237795829773,2.7036352157592773,-0.00046740472316741943,-0.00017794035375118256,0.0002866543363779783,0.0,0.0,0.0,0.0,0.0,0.0,-0.5687857000000001,0.6276256,10.2577559,0.12217304763960307,0.08726646259971647,-0.03490658503988659,-721.0,322.0,-400.0,1600,1600,1599,1599,0,0,0,0
1763968826.416464,0.0,0.0,32.02,154.9,-0.0629294216632843,0.21547874808311462,0.9744068384170532,-0.011839224956929684,-3.0910520553588867,-0.1178237795829773,2.7036352157592773,-0.00046740472316741943,-0.00017794035375118256,0.0002866543363779783,0.0,0.0,0.0,0.0,0.0,0.0,-0.5687857000000001,0.6276256,10.2577559,0.12217304763960307,0.08726646259971647,-0.03490658503988659,-721.0,322.0,-400.0,1600,1600,1599,1599,0,0,0,0
1763968826.4498606,0.0,0.0,32.02,154.9,-0.0629294216632843,0.21547874808311462,0.9744068384170532,-0.011839224956929684,-3.0910520553588867,-0.1178237795829773,2.7036352157592773,-0.00046740472316741943,-0.00017794035375118256,0.0002866543363779783,0.0,0.0,0.0,0.0,0.0,0.0,-0.5687857000000001,0.6276256,10.2577559,0.12217304763960307,0.08726646259971647,-0.03490658503988659,-721.0,322.0,-400.0,1600,1600,1599,1599,0,0,0,0
1763968826.4832573,0.0,0.0,32.02,154.9,-0.0629294216632843,0.21547874808311462,0.9744068384170532,-0.011839224956929684,-3.0910520553588867,-0.1178237795829773,2.7036352157592773,-0.00046740472316741943,-0.00017794035375118256,0.0002866543363779783,0.0,0.0,0.0,0.0,0.0,0.0,-0.5687857000000001,0.6276256,10.2577559,0.12217304763960307,0.08726646259971647,-0.03490658503988659,-721.0,322.0,-400.0,1600,1600,1599,1599,0,0,0,0
1763968826.5166645,0.0,0.0,32.02,154.9,-0.0629294216632843,0.21547874808311462,0.9744068384170532,-0.011839224956929684,-3.0910520553588867,-0.1178237795829773,2.7036352157592773,-0.00046740472316741943,-0.00017794035375118256,0.0002866543363779783,0.0,0.0,0.0,0.0,0.0,0.0,-0.53936575,0.59820565,10.2577559,0.06981317007977318,0.06981317007977318,-0.03490658503988659,-717.0,322.0,-400.0,1600,1600,1599,1599,0,0,0,0
1763968826.5500698,0.0,0.0,32.02,154.9,-0.0629294216632843,0.21547874808311462,0.9744068384170532,-0.011839224956929684,-3.0910394191741943,-0.11787545680999756,2.7036147117614746,0.0010561076924204826,0.0019833422265946865,0.0010142205283045769,0.0,0.0,0.0,0.0,0.0,0.0,-0.53936575,0.59820565,10.2577559,0.06981317007977318,0.06981317007977318,-0.03490658503988659,-717.0,322.0,-400.0,1600,1600,1599,1599,0,0,0,0
1763968826.5834641,0.0,0.0,32.02,154.9,-0.06295608729124069,0.21548746526241302,0.9744032025337219,-0.011839178390800953,-3.0910394191741943,-0.11787545680999756,2.7036147117614746,0.0010561076924204826,0.0019833422265946865,0.0010142205283045769,0.0,0.0,0.0,0.0,0.0,0.0,-0.53936575,0.59820565,10.2577559,0.06981317007977318,0.06981317007977318,-0.03490658503988659,-717.0,322.0,-400.0,1600,1600,1599,1599,0,0,0,0
1763968826.616857,0.0,0.0,32.02,154.9,-0.06295608729124069,0.21548746526241302,0.9744032025337219,-0.011839178390800953,-3.0910394191741943,-0.11787545680999756,2.7036147117614746,0.0010561076924204826,0.0019833422265946865,0.0010142205283045769,0.0,0.0,0.0,0.0,0.0,0.0,-0.53936575,0.59820565,10.2577559,0.06981317007977318,0.06981317007977318,-0.03490658503988659,-717.0,322.0,-400.0,1600,1600,1599,1599,0,0,0,0
1763968826.6502512,0.0,0.0,32.02,154.9,-0.06295608729124069,0.21548746526241302,0.9744032025337219,-0.011839178390800953,-3.0910394191741943,-0.11787545680999756,2.7036147117614746,0.0010561076924204826,0.0019833422265946865,0.0010142205283045769,0.0,0.0,0.0,0.0,0.0,0.0,-0.53936575,0.59820565,10.2577559,0.06981317007977318,0.06981317007977318,-0.03490658503988659,-717.0,322.0,-400.0,1600,1600,1599,1599,0,0,0,0
1763968826.6836476,0.0,0.0,32.02,154.9,-0.06295608729124069,0.21548746526241302,0.9744032025337219,-0.011839178390800953,-3.0910394191741943,-0.11787545680999756,2.7036147117614746,0.0010561076924204826,0.0019833422265946865,0.0010142205283045769,0.0,0.0,0.0,0.0,0.0,0.0,-0.53936575,0.59820565,10.2577559,0.06981317007977318,0.06981317007977318,-0.03490658503988659,-717.0,322.0,-400.0,1600,1600,1599,1599,0,0,0,0
1763968826.717043,0.0,0.0,32.02,154.9,-0.06295608729124069,0.21548746526241302,0.9744032025337219,-0.011839178390800953,-3.0910394191741943,-0.11787545680999756,2.7036147117614746,0.0010561076924204826,0.0019833422265946865,0.0010142205283045769,0.0,0.0,0.0,0.0,0.0,0.0,-0.55897905,0.6080123,10.2577559,0.10471975511965978,0.10471975511965978,-0.03490658503988659,-717.0,322.0,-400.0,1600,1600,1599,1599,0,0,0,0
1763968826.7504346,0.0,0.0,32.02,154.9,-0.06295608729124069,0.21548746526241302,0.9744032025337219,-0.011839178390800953,-3.0910069942474365,-0.11790066212415695,2.703624963760376,0.0005346965044736862,0.0004462841898202896,-0.0006416274700313807,0.0,0.0,0.0,0.0,0.0,0.0,-0.55897905,0.6080123,10.2577559,0.10471975511965978,0.10471975511965978,-0.03490658503988659,-717.0,322.0,-400.0,1600,1600,1599,1599,0,0,0,0
1763968826.7838392,0.0,0.0,32.02,154.9,-0.06297178566455841,0.2154809534549713,0.9744033813476562,-0.011852561496198177,-3.0910069942474365,-0.11790066212415695,2.703624963760376,0.0005346965044736862,0.0004462841898202896,-0.0006416274700313807,0.0,0.0,0.0,0.0,0.0,0.0,-0.55897905,0.6080123,10.2577559,0.10471975511965978,0.10471975511965978,-0.03490658503988659,-717.0,322.0,-400.0,1600,1600,1599,1599,0,0,0,0
1763968826.8172398,0.0,0.0,31.86,154.9,-0.06297178566455841,0.2154809534549713,0.9744033813476562,-0.011852561496198177,-3.0910069942474365,-0.11790066212415695,2.703624963760376,0.0005346965044736862,0.0004462841898202896,-0.0006416274700313807,0.0,0.0,0.0,0.0,0.0,0.0,-0.55897905,0.6080123,10.2577559,0.10471975511965978,0.10471975511965978,-0.03490658503988659,-717.0,322.0,-400.0,1600,1600,1599,1599,0,0,0,0
1763968826.8506308,0.0,0.0,31.86,154.9,-0.06297178566455841,0.2154809534549713,0.9744033813476562,-0.011852561496198177,-3.0910069942474365,-0.11790066212415695,2.703624963760376,0.0005346965044736862,0.0004462841898202896,-0.0006416274700313807,0.0,0.0,0.0,0.0,0.0,0.0,-0.55897905,0.6080123,10.2577559,0.10471975511965978,0.10471975511965978,-0.03490658503988659,-717.0,322.0,-400.0,1600,1600,1599,1599,0,0,0,0
1763968826.8840256,0.0,0.0,31.86,154.9,-0.06297178566455841,0.2154809534549713,0.9744033813476562,-0.011852561496198177,-3.0910069942474365,-0.11790066212415695,2.703624963760376,0.0005346965044736862,0.0004462841898202896,-0.0006416274700313807,0.0,0.0,0.0,0.0,0.0,0.0,-0.55897905,0.6080123,10.2577559,0.10471975511965978,0.10471975511965978,-0.03490658503988659,-717.0,322.0,-400.0,1600,1600,1599,1599,0,0,0,0
1763968826.9174242,0.0,0.0,31.86,154.9,-0.06297178566455841,0.2154809534549713,0.9744033813476562,-0.011852561496198177,-3.0910069942474365,-0.11790066212415695,2.703624963760376,0.0005346965044736862,0.0004462841898202896,-0.0006416274700313807,0.0,0.0,0.0,0.0,0.0,0.0,-0.588399,0.6276256,10.2577559,0.08726646259971647,0.06981317007977318,-0.05235987755982989,-719.0,315.0,-403.0,1600,1600,1599,1599,0,0,0,0
1763968826.9508164,0.0,0.0,31.86,154.9,-0.06297178566455841,0.2154809534549713,0.9744033813476562,-0.011852561496198177,-3.0909945964813232,-0.11792559176683426,2.703643560409546,0.0023503401316702366,0.0012521562166512012,-1.6384292393922806e-06,0.0,0.0,0.0,0.0,0.0,0.0,-0.588399,0.6276256,10.2577559,0.08726646259971647,0.06981317007977318,-0.05235987755982989,-719.0,315.0,-403.0,1600,1600,1599,1599,0,0,0,0
1763968826.98421,0.0,0.0,31.86,154.9,-0.0629851445555687,0.2154710739850998,0.9744046926498413,-0.011856425553560257,-3.0909945964813232,-0.11792559176683426,2.703643560409546,0.0023503401316702366,0.0012521562166512012,-1.6384292393922806e-06,0.0,0.0,0.0,0.0,0.0,0.0,-0.588399,0.6276256,10.2577559,0.08726646259971647,0.06981317007977318,-0.05235987755982989,-719.0,315.0,-403.0,1600,1600,1599,1599,0,0,0,0
1763968827.017601,0.0,0.0,31.86,154.9,-0.0629851445555687,0.2154710739850998,0.9744046926498413,-0.011856425553560257,-3.0909945964813232,-0.11792559176683426,2.703643560409546,0.0023503401316702366,0.0012521562166512012,-1.6384292393922806e-06,0.0,0.0,0.0,0.0,0.0,0.0,-0.588399,0.6276256,10.2577559,0.08726646259971647,0.06981317007977318,-0.05235987755982989,-719.0,315.0,-403.0,1600,1600,1599,1599,0,0,0,0
1763968827.0510056,0.0,0.0,31.86,154.9,-0.0629851445555687,0.2154710739850998,0.9744046926498413,-0.011856425553560257,-3.0909945964813232,-0.11792559176683426,2.703643560409546,0.0023503401316702366,0.0012521562166512012,-1.6384292393922806e-06,0.0,0.0,0.0,0.0,0.0,0.0,-0.588399,0.6276256,10.2577559,0.08726646259971647,0.06981317007977318,-0.05235987755982989,-719.0,315.0,-403.0,1600,1600,1599,1599,0,0,0,0
1763968827.0843995,0.0,0.0,31.86,154.9,-0.0629851445555687,0.2154710739850998,0.9744046926498413,-0.011856425553560257,-3.0909945964813232,-0.11792559176683426,2.703643560409546,0.0023503401316702366,0.0012521562166512012,-1.6384292393922806e-06,0.0,0.0,0.0,0.0,0.0,0.0,-0.588399,0.6276256,10.2577559,0.08726646259971647,0.06981317007977318,-0.05235987755982989,-719.0,315.0,-403.0,1600,1600,1599,1599,0,0,0,0
1763968827.117807,0.0,0.0,31.86,154.9,-0.0629851445555687,0.2154710739850998,0.9744046926498413,-0.011856425553560257,-3.0909945964813232,-0.11792559176683426,2.703643560409546,0.0023503401316702366,0.0012521562166512012,-1.6384292393922806e-06,0.0,0.0,0.0,0.0,0.0,0.0,-0.57859235,0.63743225,10.2577559,0.12217304763960307,0.08726646259971647,-0.05235987755982989,-719.0,315.0,-403.0,1600,1600,1599,1599,0,0,0,0
1763968827.151207,0.0,0.0,31.86,154.9,-0.0629851445555687,0.2154710739850998,0.9744046926498413,-0.011856425553560257,-3.0909886360168457,-0.11792705953121185,2.7036592960357666,0.0011381632648408413,-0.001005274010822177,0.0004005518276244402,0.0,0.0,0.0,0.0,0.0,0.0,-0.57859235,0.63743225,10.2577559,0.12217304763960307,0.08726646259971647,-0.05235987755982989,-719.0,315.0,-403.0,1600,1600,1599,1599,0,0,0,0
1763968827.1846116,0.0,0.0,31.86,154.9,-0.06298640370368958,0.21546313166618347,0.974406361579895,-0.011859645135700703,-3.0909886360168457,-0.11792705953121185,2.7036592960357666,0.0011381632648408413,-0.001005274010822177,0.0004005518276244402,0.0,0.0,0.0,0.0,0.0,0.0,-0.57859235,0.63743225,10.2577559,0.12217304763960307,0.08726646259971647,-0.05235987755982989,-719.0,315.0,-403.0,1600,1600,1599,1599,0,0,0,0
1763968827.2180061,0.0,0.0,31.86,154.9,-0.06298640370368958,0.21546313166618347,0.974406361579895,-0.011859645135700703,-3.0909886360168457,-0.11792705953121185,2.7036592960357666,0.0011381632648408413,-0.001005274010822177,0.0004005518276244402,0.0,0.0,0.0,0.0,0.0,0.0,-0.57859235,0.63743225,10.2577559,0.12217304763960307,0.08726646259971647,-0.05235987755982989,-719.0,315.0,-403.0,1600,1600,1599,1599,0,0,0,0
1763968827.2513986,0.0,0.0,31.86,154.9,-0.06298640370368958,0.21546313166618347,0.974406361579895,-0.011859645135700703,-3.0909886360168457,-0.11792705953121185,2.7036592960357666,0.0011381632648408413,-0.001005274010822177,0.0004005518276244402,0.0,0.0,0.0,0.0,0.0,0.0,-0.57859235,0.63743225,10.2577559,0.12217304763960307,0.08726646259971647,-0.05235987755982989,-719.0,315.0,-403.0,1600,1600,1599,1599,0,0,0,0
1763968827.284793,0.0,0.0,31.86,154.9,-0.06298640370368958,0.21546313166618347,0.974406361579895,-0.011859645135700703,-3.0910110473632812,-0.11791601777076721,2.7036657333374023,0.00042473478242754936,-0.00046879053115844727,-0.0003525691572576761,0.0,0.0,0.0,0.0,0.0,0.0,-0.57859235,0.63743225,10.2577559,0.12217304763960307,0.08726646259971647,-0.05235987755982989,-719.0,315.0,-403.0,1600,1600,1599,1599,0,0,0,0
1763968827.3181877,0.0,0.0,31.86,154.9,-0.06297857314348221,0.21546097099781036,0.974407434463501,-0.011850138194859028,-3.0910110473632812,-0.11791601777076721,2.7036657333374023,0.00042473478242754936,-0.00046879053115844727,-0.0003525691572576761,0.0,0.0,0.0,0.0,0.0,0.0,-0.57859235,0.63743225,10.2577559,0.12217304763960307,0.08726646259971647,-0.05235987755982989,-719.0,315.0,-403.0,1600,1600,1599,1599,0,0,0,0
1763968827.3515959,0.0,0.0,31.91,154.9,-0.06297857314348221,0.21546097099781036,0.974407434463501,-0.011850138194859028,-3.0910110473632812,-0.11791601777076721,2.7036657333374023,0.00042473478242754936,-0.00046879053115844727,-0.0003525691572576761,0.0,0.0,0.0,0.0,0.0,0.0,-0.57859235,0.63743225,10.2577559,0.12217304763960307,0.08726646259971647,-0.05235987755982989,-719.0,315.0,-403.0,1600,1600,1599,1599,0,0,0,0
1763968827.3850138,0.0,0.0,31.91,154.9,-0.06297857314348221,0.21546097099781036,0.974407434463501,-0.011850138194859028,-3.0910110473632812,-0.11791601777076721,2.7036657333374023,0.00042473478242754936,-0.00046879053115844727,-0.0003525691572576761,0.0,0.0,0.0,0.0,0.0,0.0,-0.57859235,0.63743225,10.2577559,0.12217304763960307,0.08726646259971647,-0.05235987755982989,-719.0,315.0,-403.0,1600,1600,1599,1599,0,0,0,0
1763968827.4185596,0.0,0.0,31.91,154.9,-0.06297857314348221,0.21546097099781036,0.974407434463501,-0.011850138194859028,-3.0910110473632812,-0.11791601777076721,2.7036657333374023,0.00042473478242754936,-0.00046879053115844727,-0.0003525691572576761,0.0,0.0,0.0,0.0,0.0,0.0,-0.57859235,0.63743225,10.2577559,0.12217304763960307,0.08726646259971647,-0.05235987755982989,-719.0,315.0,-403.0,1600,1600,1599,1599,0,0,0,0
1763968827.4519646,0.0,0.0,31.91,154.9,-0.06297857314348221,0.21546097099781036,0.974407434463501,-0.011850138194859028,-3.0910110473632812,-0.11791601777076721,2.7036657333374023,0.00042473478242754936,-0.00046879053115844727,-0.0003525691572576761,0.0,0.0,0.0,0.0,0.0,0.0,-0.55897905,0.59820565,10.24794925,0.08726646259971647,0.05235987755982989,-0.05235987755982989,-719.0,321.0,-401.0,1600,1600,1599,1599,0,0,0,0
1763968827.4853828,0.0,0.0,31.91,154.9,-0.06297857314348221,0.21546097099781036,0.974407434463501,-0.011850138194859028,-3.090979814529419,-0.11795053631067276,2.703683614730835,0.000989442691206932,0.0009627570398151875,-0.0014296460431069136,0.0,0.0,0.0,0.0,0.0,0.0,-0.55897905,0.59820565,10.24794925,0.08726646259971647,0.05235987755982989,-0.05235987755982989,-719.0,321.0,-401.0,1600,1600,1599,1599,0,0,0,0
1763968827.5187948,0.0,0.0,31.91,154.9,-0.06299863755702972,0.21545058488845825,0.9744082689285278,-0.01186218298971653,-3.090979814529419,-0.11795053631067276,2.703683614730835,0.000989442691206932,0.0009627570398151875,-0.0014296460431069136,0.0,0.0,0.0,0.0,0.0,0.0,-0.55897905,0.59820565,10.24794925,0.08726646259971647,0.05235987755982989,-0.05235987755982989,-719.0,321.0,-401.0,1600,1600,1599,1599,0,0,0,0
1763968827.552205,0.0,0.0,31.87,154.9,-0.06299863755702972,0.21545058488845825,0.9744082689285278,-0.01186218298971653,-3.090979814529419,-0.11795053631067276,2.703683614730835,0.000989442691206932,0.0009627570398151875,-0.0014296460431069136,0.0,0.0,0.0,0.0,0.0,0.0,-0.55897905,0.59820565,10.24794925,0.08726646259971647,0.05235987755982989,-0.05235987755982989,-719.0,321.0,-401.0,1600,1600,1599,1599,0,0,0,0
1763968827.5856266,0.0,0.0,31.87,154.9,-0.06299863755702972,0.21545058488845825,0.9744082689285278,-0.01186218298971653,-3.090979814529419,-0.11795053631067276,2.703683614730835,0.000989442691206932,0.0009627570398151875,-0.0014296460431069136,0.0,0.0,0.0,0.0,0.0,0.0,-0.55897905,0.59820565,10.24794925,0.08726646259971647,0.05235987755982989,-0.05235987755982989,-719.0,321.0,-401.0,1600,1600,1599,1599,0,0,0,0
1763968827.6190424,0.0,0.0,31.87,154.9,-0.06299863755702972,0.21545058488845825,0.9744082689285278,-0.01186218298971653,-3.090979814529419,-0.11795053631067276,2.703683614730835,0.000989442691206932,0.0009627570398151875,-0.0014296460431069136,0.0,0.0,0.0,0.0,0.0,0.0,-0.55897905,0.59820565,10.24794925,0.08726646259971647,0.05235987755982989,-0.05235987755982989,-719.0,321.0,-401.0,1600,1600,1599,1599,0,0,0,0
1763968827.652436,0.0,0.0,31.87,154.9,-0.06299863755702972,0.21545058488845825,0.9744082689285278,-0.01186218298971653,-3.090979814529419,-0.11795053631067276,2.703683614730835,0.000989442691206932,0.0009627570398151875,-0.0014296460431069136,0.0,0.0,0.0,0.0,0.0,0.0,-0.5687857000000001,0.6080123,10.2577559,0.10471975511965978,0.08726646259971647,-0.06981317007977318,-721.0,320.0,-398.0,1600,1600,1599,1599,0,0,0,0
1763968827.685826,0.0,0.0,31.87,154.9,-0.06299863755702972,0.21545058488845825,0.9744082689285278,-0.01186218298971653,-3.0909488201141357,-0.11797453463077545,2.7036867141723633,0.0016162502579391003,0.0014195265248417854,0.00011187116615474224,0.0,0.0,0.0,0.0,0.0,0.0,-0.5687857000000001,0.6080123,10.2577559,0.10471975511965978,0.08726646259971647,-0.06981317007977318,-721.0,320.0,-398.0,1600,1600,1599,1599,0,0,0,0
1763968827.7192256,0.0,0.0,31.87,154.9,-0.06301363557577133,0.21544760465621948,0.9744078516960144,-0.011874725110828876,-3.0909488201141357,-0.11797453463077545,2.7036867141723633,0.0016162502579391003,0.0014195265248417854,0.00011187116615474224,0.0,0.0,0.0,0.0,0.0,0.0,-0.5687857000000001,0.6080123,10.2577559,0.10471975511965978,0.08726646259971647,-0.06981317007977318,-721.0,320.0,-398.0,1600,1600,1599,1599,0,0,0,0
1763968827.752619,0.0,0.0,31.87,154.9,-0.06301363557577133,0.21544760465621948,0.9744078516960144,-0.011874725110828876,-3.0909488201141357,-0.11797453463077545,2.7036867141723633,0.0016162502579391003,0.0014195265248417854,0.00011187116615474224,0.0,0.0,0.0,0.0,0.0,0.0,-0.5687857000000001,0.6080123,10.2577559,0.10471975511965978,0.08726646259971647,-0.06981317007977318,-721.0,320.0,-398.0,1600,1600,1599,1599,0,0,0,0
1763968827.7860096,0.0,0.0,31.87,154.9,-0.06301363557577133,0.21544760465621948,0.9744078516960144,-0.011874725110828876,-3.0909488201141357,-0.11797453463077545,2.7036867141723633,0.0016162502579391003,0.0014195265248417854,0.00011187116615474224,0.0,0.0,0.0,0.0,0.0,0.0,-0.5687857000000001,0.6080123,10.2577559,0.10471975511965978,0.08726646259971647,-0.06981317007977318,-721.0,320.0,-398.0,1600,1600,1599,1599,0,0,0,0
1763968827.8194118,0.0,0.0,31.87,154.9,-0.06301363557577133,0.21544760465621948,0.9744078516960144,-0.011874725110828876,-3.0909488201141357,-0.11797453463077545,2.7036867141723633,0.0016162502579391003,0.0014195265248417854,0.00011187116615474224,0.0,0.0,0.0,0.0,0.0,0.0,-0.5687857000000001,0.6080123,10.2577559,0.10471975511965978,0.08726646259971647,-0.06981317007977318,-721.0,320.0,-398.0,1600,1600,1599,1599,0,0,0,0
1763968827.8528035,0.0,0.0,31.87,154.9,-0.06301363557577133,0.21544760465621948,0.9744078516960144,-0.011874725110828876,-3.0909488201141357,-0.11797453463077545,2.7036867141723633,0.0016162502579391003,0.0014195265248417854,0.00011187116615474224,0.0,0.0,0.0,0.0,0.0,0.0,-0.5687857000000001,0.6276256,10.2577559,0.10471975511965978,0.08726646259971647,-0.05235987755982989,-721.0,320.0,-398.0,1600,1600,1599,1599,0,0,0,0
1763968827.8861942,0.0,0.0,31.87,154.9,-0.06301363557577133,0.21544760465621948,0.9744078516960144,-0.011874725110828876,-3.0909481048583984,-0.11797183007001877,2.7036681175231934,6.299000233411789e-06,-0.0009561723563820124,0.00158888625446707,0.0,0.0,0.0,0.0,0.0,0.0,-0.5687857000000001,0.6276256,10.2577559,0.10471975511965978,0.08726646259971647,-0.05235987755982989,-721.0,320.0,-398.0,1600,1600,1599,1599,0,0,0,0
1763968827.919587,0.0,0.0,31.87,154.9,-0.0630125179886818,0.2154567837715149,0.974405825138092,-0.01187482662498951,-3.0909481048583984,-0.11797183007001877,2.7036681175231934,6.299000233411789e-06,-0.0009561723563820124,0.00158888625446707,0.0,0.0,0.0,0.0,0.0,0.0,-0.5687857000000001,0.6276256,10.2577559,0.10471975511965978,0.08726646259971647,-0.05235987755982989,-721.0,320.0,-398.0,1600,1600,1599,1599,0,0,0,0
1763968827.952978,0.0,0.0,31.87,154.9,-0.0630125179886818,0.2154567837715149,0.974405825138092,-0.01187482662498951,-3.0909481048583984,-0.11797183007001877,2.7036681175231934,6.299000233411789e-06,-0.0009561723563820124,0.00158888625446707,0.0,0.0,0.0,0.0,0.0,0.0,-0.5687857000000001,0.6276256,10.2577559,0.10471975511965978,0.08726646259971647,-0.05235987755982989,-721.0,320.0,-398.0,1600,1600,1599,1599,0,0,0,0
1763968827.9863696,0.0,0.0,31.87,154.9,-0.0630125179886818,0.2154567837715149,0.974405825138092,-0.01187482662498951,-3.0909481048583984,-0.11797183007001877,2.7036681175231934,6.299000233411789e-06,-0.0009561723563820124,0.00158888625446707,0.0,0.0,0.0,0.0,0.0,0.0,-0.5687857000000001,0.6276256,10.2577559,0.10471975511965978,0.08726646259971647,-0.05235987755982989,-721.0,320.0,-398.0,1600,1600,1599,1599,0,0,0,0
1763968828.0197697,0.0,0.0,31.87,154.9,-0.0630125179886818,0.2154567837715149,0.974405825138092,-0.01187482662498951,-3.0909481048583984,-0.11797183007001877,2.7036681175231934,6.299000233411789e-06,-0.0009561723563820124,0.00158888625446707,0.0,0.0,0.0,0.0,0.0,0.0,-0.5687857000000001,0.6276256,10.2577559,0.10471975511965978,0.08726646259971647,-0.05235987755982989,-721.0,320.0,-398.0,1600,1600,1599,1599,0,0,0,0
1763968828.0531669,0.0,0.0,31.87,154.9,-0.0630125179886818,0.2154567837715149,0.974405825138092,-0.01187482662498951,-3.0909481048583984,-0.11797183007001877,2.7036681175231934,6.299000233411789e-06,-0.0009561723563820124,0.00158888625446707,0.0,0.0,0.0,0.0,0.0,0.0,-0.57859235,0.63743225,10.2577559,0.08726646259971647,0.05235987755982989,-0.017453292519943295,-721.0,320.0,-398.0,1600,1600,1599,1599,0,0,0,0
1763968828.0865698,0.0,0.0,31.87,154.9,-0.0630125179886818,0.2154567837715149,0.974405825138092,-0.01187482662498951,-3.0909643173217773,-0.11788874119520187,2.70359468460083,0.0007498678751289845,-9.077601134777069e-06,-0.0004975076299160719,0.0,0.0,0.0,0.0,0.0,0.0,-0.57859235,0.63743225,10.2577559,0.08726646259971647,0.05235987755982989,-0.017453292519943295,-721.0,320.0,-398.0,1600,1600,1599,1599,0,0,0,0
1763968828.1199613,0.0,0.0,31.87,154.9,-0.06297073513269424,0.2154945731163025,0.9744002223014832,-0.011873618699610233,-3.0909643173217773,-0.11788874119520187,2.70359468460083,0.0007498678751289845,-9.077601134777069e-06,-0.0004975076299160719,0.0,0.0,0.0,0.0,0.0,0.0,-0.57859235,0.63743225,10.2577559,0.08726646259971647,0.05235987755982989,-0.017453292519943295,-721.0,320.0,-398.0,1600,1600,1599,1599,0,0,0,0
1763968828.1533532,0.0,0.0,31.86,154.9,-0.06297073513269424,0.2154945731163025,0.9744002223014832,-0.011873618699610233,-3.0909643173217773,-0.11788874119520187,2.70359468460083,0.0007498678751289845,-9.077601134777069e-06,-0.0004975076299160719,0.0,0.0,0.0,0.0,0.0,0.0,-0.57859235,0.63743225,10.2577559,0.08726646259971647,0.05235987755982989,-0.017453292519943295,-721.0,320.0,-398.0,1600,1600,1599,1599,0,0,0,0
1763968828.186743,0.0,0.0,31.86,154.9,-0.06297073513269424,0.2154945731163025,0.9744002223014832,-0.011873618699610233,-3.0909643173217773,-0.11788874119520187,2.70359468460083,0.0007498678751289845,-9.077601134777069e-06,-0.0004975076299160719,0.0,0.0,0.0,0.0,0.0,0.0,-0.57859235,0.63743225,10.2577559,0.08726646259971647,0.05235987755982989,-0.017453292519943295,-721.0,320.0,-398.0,1600,1600,1599,1599,0,0,0,0
1763968828.2201421,0.0,0.0,31.86,154.9,-0.06297073513269424,0.2154945731163025,0.9744002223014832,-0.011873618699610233,-3.0909643173217773,-0.11788874119520187,2.70359468460083,0.0007498678751289845,-9.077601134777069e-06,-0.0004975076299160719,0.0,0.0,0.0,0.0,0.0,0.0,-0.57859235,0.63743225,10.2577559,0.08726646259971647,0.05235987755982989,-0.017453292519943295,-721.0,320.0,-398.0,1600,1600,1599,1599,0,0,0,0
1763968828.2535331,0.0,0.0,31.86,154.9,-0.06297073513269424,0.2154945731163025,0.9744002223014832,-0.011873618699610233,-3.0909643173217773,-0.11788874119520187,2.70359468460083,0.0007498678751289845,-9.077601134777069e-06,-0.0004975076299160719,0.0,0.0,0.0,0.0,0.0,0.0,-0.57859235,0.6276256,10.2577559,0.10471975511965978,0.06981317007977318,-0.05235987755982989,-713.0,318.0,-401.0,1600,1600,1599,1599,0,0,0,0
1763968828.2869253,0.0,0.0,31.86,154.9,-0.06297073513269424,0.2154945731163025,0.9744002223014832,-0.011873618699610233,-3.0909647941589355,-0.11788053810596466,2.703571319580078,0.0009420164860785007,2.018548548221588e-05,0.0026188839692622423,0.0,0.0,0.0,0.0,0.0,0.0,-0.57859235,0.6276256,10.2577559,0.10471975511965978,0.06981317007977318,-0.05235987755982989,-713.0,318.0,-401.0,1600,1600,1599,1599,0,0,0,0
1763968828.3203244,0.0,0.0,31.86,154.9,-0.06296684592962265,0.21550610661506653,0.9743979573249817,-0.011873593553900719,-3.0909647941589355,-0.11788053810596466,2.703571319580078,0.0009420164860785007,2.018548548221588e-05,0.0026188839692622423,0.0,0.0,0.0,0.0,0.0,0.0,-0.57859235,0.6276256,10.2577559,0.10471975511965978,0.06981317007977318,-0.05235987755982989,-713.0,318.0,-401.0,1600,1600,1599,1599,0,0,0,0
1763968828.353718,0.0,0.0,31.84,154.9,-0.06296684592962265,0.21550610661506653,0.9743979573249817,-0.011873593553900719,-3.0909647941589355,-0.11788053810596466,2.703571319580078,0.0009420164860785007,2.018548548221588e-05,0.0026188839692622423,0.0,0.0,0.0,0.0,0.0,0.0,-0.57859235,0.6276256,10.2577559,0.10471975511965978,0.06981317007977318,-0.05235987755982989,-713.0,318.0,-401.0,1600,1600,1599,1599,0,0,0,0
1763968828.3871126,0.0,0.0,31.84,154.9,-0.06296684592962265,0.21550610661506653,0.9743979573249817,-0.011873593553900719,-3.0909647941589355,-0.11788053810596466,2.703571319580078,0.0009420164860785007,2.018548548221588e-05,0.0026188839692622423,0.0,0.0,0.0,0.0,0.0,0.0,-0.57859235,0.6276256,10.2577559,0.10471975511965978,0.06981317007977318,-0.05235987755982989,-713.0,318.0,-401.0,1600,1600,1599,1599,0,0,0,0
1763968828.4205046,0.0,0.0,31.84,154.9,-0.06296684592962265,0.21550610661506653,0.9743979573249817,-0.011873593553900719,-3.0909647941589355,-0.11788053810596466,2.703571319580078,0.0009420164860785007,2.018548548221588e-05,0.0026188839692622423,0.0,0.0,0.0,0.0,0.0,0.0,-0.57859235,0.6276256,10.2577559,0.10471975511965978,0.06981317007977318,-0.05235987755982989,-713.0,318.0,-401.0,1600,1600,1599,1599,0,0,0,0
1763968828.4539068,0.0,0.0,31.84,154.9,-0.06296684592962265,0.21550610661506653,0.9743979573249817,-0.011873593553900719,-3.0909647941589355,-0.11788053810596466,2.703571319580078,0.0009420164860785007,2.018548548221588e-05,0.0026188839692622423,0.0,0.0,0.0,0.0,0.0,0.0,-0.5491724,0.61781895,10.2577559,0.10471975511965978,0.06981317007977318,0.0,-717.0,320.0,-405.0,1600,1600,1599,1599,0,0,0,0
1763968828.4873013,0.0,0.0,31.84,154.9,-0.06296684592962265,0.21550610661506653,0.9743979573249817,-0.011873593553900719,-3.0909807682037354,-0.11789117753505707,2.7035505771636963,0.0002536107785999775,0.0006852014921605587,-0.0009095070417970419,0.0,0.0,0.0,0.0,0.0,0.0,-0.5491724,0.61781895,10.2577559,0.10471975511965978,0.06981317007977318,0.0,-717.0,320.0,-405.0,1600,1600,1599,1599,0,0,0,0
1763968828.5206945,0.0,0.0,31.84,154.9,-0.06297041475772858,0.21551649272441864,0.9743955135345459,-0.011863957159221172,-3.0909807682037354,-0.11789117753505707,2.7035505771636963,0.0002536107785999775,0.0006852014921605587,-0.0009095070417970419,0.0,0.0,0.0,0.0,0.0,0.0,-0.5491724,0.61781895,10.2577559,0.10471975511965978,0.06981317007977318,0.0,-717.0,320.0,-405.0,1600,1600,1599,1599,0,0,0,0
1763968828.5540972,0.0,0.0,31.84,154.9,-0.06297041475772858,0.21551649272441864,0.9743955135345459,-0.011863957159221172,-3.0909807682037354,-0.11789117753505707,2.7035505771636963,0.0002536107785999775,0.0006852014921605587,-0.0009095070417970419,0.0,0.0,0.0,0.0,0.0,0.0,-0.5491724,0.61781895,10.2577559,0.10471975511965978,0.06981317007977318,0.0,-717.0,320.0,-405.0,1600,1600,1599,1599,0,0,0,0
1763968828.5874963,0.0,0.0,31.84,154.9,-0.06297041475772858,0.21551649272441864,0.9743955135345459,-0.011863957159221172,-3.0909807682037354,-0.11789117753505707,2.7035505771636963,0.0002536107785999775,0.0006852014921605587,-0.0009095070417970419,0.0,0.0,0.0,0.0,0.0,0.0,-0.5491724,0.61781895,10.2577559,0.10471975511965978,0.06981317007977318,0.0,-717.0,320.0,-405.0,1600,1600,1599,1599,0,0,0,0
1763968828.6208947,0.0,0.0,31.84,154.9,-0.06297041475772858,0.21551649272441864,0.9743955135345459,-0.011863957159221172,-3.0909807682037354,-0.11789117753505707,2.7035505771636963,0.0002536107785999775,0.0006852014921605587,-0.0009095070417970419,0.0,0.0,0.0,0.0,0.0,0.0,-0.5491724,0.61781895,10.2577559,0.10471975511965978,0.06981317007977318,0.0,-717.0,320.0,-405.0,1600,1600,1599,1599,0,0,0,0
1763968828.6542873,0.0,0.0,31.84,154.9,-0.06297041475772858,0.21551649272441864,0.9743955135345459,-0.011863957159221172,-3.0909807682037354,-0.11789117753505707,2.7035505771636963,0.0002536107785999775,0.0006852014921605587,-0.0009095070417970419,0.0,0.0,0.0,0.0,0.0,0.0,-0.55897905,0.6080123,10.24794925,0.06981317007977318,0.06981317007977318,-0.05235987755982989,-717.0,320.0,-405.0,1600,1600,1599,1599,0,0,0,0
1763968828.6876793,0.0,0.0,31.84,154.9,-0.06297041475772858,0.21551649272441864,0.9743955135345459,-0.011863957159221172,-3.09098482131958,-0.11800457537174225,2.703751564025879,-0.0009669722057878971,-0.00012831389904022217,0.0008873406331986189,0.0,0.0,0.0,0.0,0.0,0.0,-0.55897905,0.6080123,10.24794925,0.06981317007977318,0.06981317007977318,-0.05235987755982989,-717.0,320.0,-405.0,1600,1600,1599,1599,0,0,0,0
1763968828.7210705,0.0,0.0,31.84,154.9,-0.06302402168512344,0.21541659533977509,0.9744142293930054,-0.01185603067278862,-3.09098482131958,-0.11800457537174225,2.703751564025879,-0.0009669722057878971,-0.00012831389904022217,0.0008873406331986189,0.0,0.0,0.0,0.0,0.0,0.0,-0.55897905,0.6080123,10.24794925,0.06981317007977318,0.06981317007977318,-0.05235987755982989,-717.0,320.0,-405.0,1600,1600,1599,1599,0,0,0,0
1763968828.7544603,0.0,0.0,32.05,154.91,-0.06302402168512344,0.21541659533977509,0.9744142293930054,-0.01185603067278862,-3.09098482131958,-0.11800457537174225,2.703751564025879,-0.0009669722057878971,-0.00012831389904022217,0.0008873406331986189,0.0,0.0,0.0,0.0,0.0,0.0,-0.55897905,0.6080123,10.24794925,0.06981317007977318,0.06981317007977318,-0.05235987755982989,-717.0,320.0,-405.0,1600,1600,1599,1599,0,0,0,0
1763968828.7878535,0.0,0.0,32.05,154.91,-0.06302402168512344,0.21541659533977509,0.9744142293930054,-0.01185603067278862,-3.09098482131958,-0.11800457537174225,2.703751564025879,-0.0009669722057878971,-0.00012831389904022217,0.0008873406331986189,0.0,0.0,0.0,0.0,0.0,0.0,-0.55897905,0.6080123,10.24794925,0.06981317007977318,0.06981317007977318,-0.05235987755982989,-717.0,320.0,-405.0,1600,1600,1599,1599,0,0,0,0
1763968828.8212454,0.0,0.0,32.05,154.91,-0.06302402168512344,0.21541659533977509,0.9744142293930054,-0.01185603067278862,-3.09098482131958,-0.11800457537174225,2.703751564025879,-0.0009669722057878971,-0.00012831389904022217,0.0008873406331986189,0.0,0.0,0.0,0.0,0.0,0.0,-0.55897905,0.6080123,10.24794925,0.06981317007977318,0.06981317007977318,-0.05235987755982989,-717.0,320.0,-405.0,1600,1600,1599,1599,0,0,0,0
1763968828.8546455,0.0,0.0,32.05,154.91,-0.06302402168512344,0.21541659533977509,0.9744142293930054,-0.01185603067278862,-3.09098482131958,-0.11800457537174225,2.703751564025879,-0.0009669722057878971,-0.00012831389904022217,0.0008873406331986189,0.0,0.0,0.0,0.0,0.0,0.0,-0.5687857000000001,0.61781895,10.2577559,0.06981317007977318,0.06981317007977318,-0.03490658503988659,-720.0,319.0,-403.0,1600,1600,1599,1599,0,0,0,0
1763968828.8880374,0.0,0.0,32.05,154.91,-0.06302402168512344,0.21541659533977509,0.9744142293930054,-0.01185603067278862,-3.0910019874572754,-0.11799952387809753,2.7037556171417236,-0.0012570195831358433,0.0007042489014565945,0.00030350848101079464,0.0,0.0,0.0,0.0,0.0,0.0,-0.5687857000000001,0.61781895,10.2577559,0.06981317007977318,0.06981317007977318,-0.03490658503988659,-720.0,319.0,-403.0,1600,1600,1599,1599,0,0,0,0
1763968828.9214382,0.0,0.0,32.05,154.91,-0.06301967799663544,0.2154153287410736,0.9744148850440979,-0.011848256923258305,-3.0910019874572754,-0.11799952387809753,2.7037556171417236,-0.0012570195831358433,0.0007042489014565945,0.00030350848101079464,0.0,0.0,0.0,0.0,0.0,0.0,-0.5687857000000001,0.61781895,10.2577559,0.06981317007977318,0.06981317007977318,-0.03490658503988659,-720.0,319.0,-403.0,1600,1600,1599,1599,0,0,0,0
1763968828.9548337,0.0,0.0,32.0,154.91,-0.06301967799663544,0.2154153287410736,0.9744148850440979,-0.011848256923258305,-3.0910019874572754,-0.11799952387809753,2.7037556171417236,-0.0012570195831358433,0.0007042489014565945,0.00030350848101079464,0.0,0.0,0.0,0.0,0.0,0.0,-0.5687857000000001,0.61781895,10.2577559,0.06981317007977318,0.06981317007977318,-0.03490658503988659,-720.0,319.0,-403.0,1600,1600,1599,1599,0,0,0,0
1763968828.988232,0.0,0.0,32.0,154.91,-0.06301967799663544,0.2154153287410736,0.9744148850440979,-0.011848256923258305,-3.0910019874572754,-0.11799952387809753,2.7037556171417236,-0.0012570195831358433,0.0007042489014565945,0.00030350848101079464,0.0,0.0,0.0,0.0,0.0,0.0,-0.5687857000000001,0.61781895,10.2577559,0.06981317007977318,0.06981317007977318,-0.03490658503988659,-720.0,319.0,-403.0,1600,1600,1599,1599,0,0,0,0
1763968829.0216322,0.0,0.0,32.0,154.91,-0.06301967799663544,0.2154153287410736,0.9744148850440979,-0.011848256923258305,-3.0910019874572754,-0.11799952387809753,2.7037556171417236,-0.0012570195831358433,0.0007042489014565945,0.00030350848101079464,0.0,0.0,0.0,0.0,0.0,0.0,-0.5687857000000001,0.61781895,10.2577559,0.06981317007977318,0.06981317007977318,-0.03490658503988659,-720.0,319.0,-403.0,1600,1600,1599,1599,0,0,0,0
1763968829.0550323,0.0,0.0,32.0,154.91,-0.06301967799663544,0.2154153287410736,0.9744148850440979,-0.011848256923258305,-3.0910019874572754,-0.11799952387809753,2.7037556171417236,-0.0012570195831358433,0.0007042489014565945,0.00030350848101079464,0.0,0.0,0.0,0.0,0.0,0.0,-0.5687857000000001,0.6080123,10.2577559,0.06981317007977318,0.08726646259971647,-0.03490658503988659,-714.0,323.0,-401.0,1600,1600,1599,1599,0,0,0,0
1763968829.0884316,0.0,0.0,32.0,154.91,-0.06301967799663544,0.2154153287410736,0.9744148850440979,-0.011848256923258305,-3.090998649597168,-0.1180049479007721,2.703723430633545,0.001456545665860176,0.000548898708075285,-0.0006565495859831572,0.0,0.0,0.0,0.0,0.0,0.0,-0.5687857000000001,0.6080123,10.2577559,0.06981317007977318,0.08726646259971647,-0.03490658503988659,-714.0,323.0,-401.0,1600,1600,1599,1599,0,0,0,0
1763968829.1218312,0.0,0.0,32.0,154.91,-0.06302287429571152,0.21543078124523163,0.9744112491607666,-0.011848324909806252,-3.090998649597168,-0.1180049479007721,2.703723430633545,0.001456545665860176,0.000548898708075285,-0.0006565495859831572,0.0,0.0,0.0,0.0,0.0,0.0,-0.5687857000000001,0.6080123,10.2577559,0.06981317007977318,0.08726646259971647,-0.03490658503988659,-714.0,323.0,-401.0,1600,1600,1599,1599,0,0,0,0
1763968829.155234,0.0,0.0,32.0,154.91,-0.06302287429571152,0.21543078124523163,0.9744112491607666,-0.011848324909806252,-3.090998649597168,-0.1180049479007721,2.703723430633545,0.001456545665860176,0.000548898708075285,-0.0006565495859831572,0.0,0.0,0.0,0.0,0.0,0.0,-0.5687857000000001,0.6080123,10.2577559,0.06981317007977318,0.08726646259971647,-0.03490658503988659,-714.0,323.0,-401.0,1600,1600,1599,1599,0,0,0,0
1763968829.1886337,0.0,0.0,32.0,154.91,-0.06302287429571152,0.21543078124523163,0.9744112491607666,-0.011848324909806252,-3.090998649597168,-0.1180049479007721,2.703723430633545,0.001456545665860176,0.000548898708075285,-0.0006565495859831572,0.0,0.0,0.0,0.0,0.0,0.0,-0.5687857000000001,0.6080123,10.2577559,0.06981317007977318,0.08726646259971647,-0.03490658503988659,-714.0,323.0,-401.0,1600,1600,1599,1599,0,0,0,0
1763968829.2220347,0.0,0.0,32.0,154.91,-0.06302287429571152,0.21543078124523163,0.9744112491607666,-0.011848324909806252,-3.090998649597168,-0.1180049479007721,2.703723430633545,0.001456545665860176,0.000548898708075285,-0.0006565495859831572,0.0,0.0,0.0,0.0,0.0,0.0,-0.5687857000000001,0.6080123,10.2577559,0.06981317007977318,0.08726646259971647,-0.03490658503988659,-714.0,323.0,-401.0,1600,1600,1599,1599,0,0,0,0
1763968829.2554336,0.0,0.0,32.0,154.91,-0.06302287429571152,0.21543078124523163,0.9744112491607666,-0.011848324909806252,-3.090998649597168,-0.1180049479007721,2.703723430633545,0.001456545665860176,0.000548898708075285,-0.0006565495859831572,0.0,0.0,0.0,0.0,0.0,0.0,-0.55897905,0.6080123,10.2577559,0.10471975511965978,0.06981317007977318,-0.05235987755982989,-714.0,323.0,-401.0,1600,1600,1599,1599,0,0,0,0
1763968829.2888343,0.0,0.0,32.0,154.91,-0.06302287429571152,0.21543078124523163,0.9744112491607666,-0.011848324909806252,-3.0910050868988037,-0.11801248043775558,2.703709363937378,5.617551505565643e-05,0.0007228907197713852,-7.993821054697037e-05,0.0,0.0,0.0,0.0,0.0,0.0,-0.55897905,0.6080123,10.2577559,0.10471975511965978,0.06981317007977318,-0.05235987755982989,-714.0,323.0,-401.0,1600,1600,1599,1599,0,0,0,0
1763968829.3222375,0.0,0.0,32.0,154.91,-0.06302592158317566,0.21543769538402557,0.9744095802307129,-0.011843879707157612,-3.0910050868988037,-0.11801248043775558,2.703709363937378,5.617551505565643e-05,0.0007228907197713852,-7.993821054697037e-05,0.0,0.0,0.0,0.0,0.0,0.0,-0.55897905,0.6080123,10.2577559,0.10471975511965978,0.06981317007977318,-0.05235987755982989,-714.0,323.0,-401.0,1600,1600,1599,1599,0,0,0,0
1763968829.3556361,0.0,0.0,32.0,154.91,-0.06302592158317566,0.21543769538402557,0.9744095802307129,-0.011843879707157612,-3.0910050868988037,-0.11801248043775558,2.703709363937378,5.617551505565643e-05,0.0007228907197713852,-7.993821054697037e-05,0.0,0.0,0.0,0.0,0.0,0.0,-0.55897905,0.6080123,10.2577559,0.10471975511965978,0.06981317007977318,-0.05235987755982989,-714.0,323.0,-401.0,1600,1600,1599,1599,0,0,0,0
1763968829.389068,0.0,0.0,32.0,154.91,-0.06302592158317566,0.21543769538402557,0.9744095802307129,-0.011843879707157612,-3.0910050868988037,-0.11801248043775558,2.703709363937378,5.617551505565643e-05,0.0007228907197713852,-7.993821054697037e-05,0.0,0.0,0.0,0.0,0.0,0.0,-0.55897905,0.6080123,10.2577559,0.10471975511965978,0.06981317007977318,-0.05235987755982989,-714.0,323.0,-401.0,1600,1600,1599,1599,0,0,0,0
1763968829.4224913,0.0,0.0,32.0,154.91,-0.06302592158317566,0.21543769538402557,0.9744095802307129,-0.011843879707157612,-3.0910050868988037,-0.11801248043775558,2.703709363937378,5.617551505565643e-05,0.0007228907197713852,-7.993821054697037e-05,0.0,0.0,0.0,0.0,0.0,0.0,-0.55897905,0.6080123,10.2577559,0.10471975511965978,0.06981317007977318,-0.05235987755982989,-714.0,323.0,-401.0,1600,1600,1599,1599,0,0,0,0
1763968829.4559078,0.0,0.0,32.0,154.91,-0.06302592158317566,0.21543769538402557,0.9744095802307129,-0.011843879707157612,-3.0910050868988037,-0.11801248043775558,2.703709363937378,5.617551505565643e-05,0.0007228907197713852,-7.993821054697037e-05,0.0,0.0,0.0,0.0,0.0,0.0,-0.5687857000000001,0.6080123,10.2577559,0.08726646259971647,0.08726646259971647,-0.05235987755982989,-714.0,323.0,-401.0,1600,1600,1599,1599,0,0,0,0
1763968829.4893239,0.0,0.0,32.0,154.91,-0.06302592158317566,0.21543769538402557,0.9744095802307129,-0.011843879707157612,-3.090982437133789,-0.11802194267511368,2.7036962509155273,0.0014403890818357468,0.0003666440024971962,0.0009383854921907187,0.0,0.0,0.0,0.0,0.0,0.0,-0.5687857000000001,0.6080123,10.2577559,0.08726646259971647,0.08726646259971647,-0.05235987755982989,-714.0,323.0,-401.0,1600,1600,1599,1599,0,0,0,0
1763968829.5227423,0.0,0.0,32.0,154.91,-0.06303306668996811,0.21544316411018372,0.9744077920913696,-0.011853580363094807,-3.090982437133789,-0.11802194267511368,2.7036962509155273,0.0014403890818357468,0.0003666440024971962,0.0009383854921907187,0.0,0.0,0.0,0.0,0.0,0.0,-0.5687857000000001,0.6080123,10.2577559,0.08726646259971647,0.08726646259971647,-0.05235987755982989,-714.0,323.0,-401.0,1600,1600,1599,1599,0,0,0,0
1763968829.556166,0.0,0.0,32.03,154.91,-0.06303306668996811,0.21544316411018372,0.9744077920913696,-0.011853580363094807,-3.090982437133789,-0.11802194267511368,2.7036962509155273,0.0014403890818357468,0.0003666440024971962,0.0009383854921907187,0.0,0.0,0.0,0.0,0.0,0.0,-0.5687857000000001,0.6080123,10.2577559,0.08726646259971647,0.08726646259971647,-0.05235987755982989,-714.0,323.0,-401.0,1600,1600,1599,1599,0,0,0,0
1763968829.5895765,0.0,0.0,32.03,154.91,-0.06303306668996811,0.21544316411018372,0.9744077920913696,-0.011853580363094807,-3.090982437133789,-0.11802194267511368,2.7036962509155273,0.0014403890818357468,0.0003666440024971962,0.0009383854921907187,0.0,0.0,0.0,0.0,0.0,0.0,-0.5687857000000001,0.6080123,10.2577559,0.08726646259971647,0.08726646259971647,-0.05235987755982989,-714.0,323.0,-401.0,1600,1600,1599,1599,0,0,0,0
1763968829.622997,0.0,0.0,32.03,154.91,-0.06303306668996811,0.21544316411018372,0.9744077920913696,-0.011853580363094807,-3.0909433364868164,-0.11812583357095718,2.7035584449768066,0.00023189373314380646,-0.00046884967014193535,-0.0002674506977200508,0.0,0.0,0.0,0.0,0.0,0.0,-0.5687857000000001,0.6080123,10.2577559,0.08726646259971647,0.08726646259971647,-0.05235987755982989,-714.0,323.0,-401.0,1600,1600,1599,1599,0,0,0,0
1763968829.6564393,0.0,0.0,32.03,154.91,-0.06308867782354355,0.21550704538822174,0.9743900895118713,-0.011856957338750362,-3.0909433364868164,-0.11812583357095718,2.7035584449768066,0.00023189373314380646,-0.00046884967014193535,-0.0002674506977200508,0.0,0.0,0.0,0.0,0.0,0.0,-0.5687857000000001,0.6080123,10.2577559,0.08726646259971647,0.08726646259971647,-0.05235987755982989,-714.0,323.0,-401.0,1600,1600,1599,1599,0,0,0,0
1763968829.6898541,0.0,0.0,31.83,154.9,-0.06308867782354355,0.21550704538822174,0.9743900895118713,-0.011856957338750362,-3.0909433364868164,-0.11812583357095718,2.7035584449768066,0.00023189373314380646,-0.00046884967014193535,-0.0002674506977200508,0.0,0.0,0.0,0.0,0.0,0.0,-0.5687857000000001,0.6080123,10.2577559,0.08726646259971647,0.08726646259971647,-0.05235987755982989,-714.0,323.0,-401.0,1600,1600,1599,1599,0,0,0,0
1763968829.723263,0.0,0.0,31.83,154.9,-0.06308867782354355,0.21550704538822174,0.9743900895118713,-0.011856957338750362,-3.0909433364868164,-0.11812583357095718,2.7035584449768066,0.00023189373314380646,-0.00046884967014193535,-0.0002674506977200508,0.0,0.0,0.0,0.0,0.0,0.0,-0.5687857000000001,0.6080123,10.2577559,0.08726646259971647,0.08726646259971647,-0.05235987755982989,-714.0,323.0,-401.0,1600,1600,1599,1599,0,0,0,0
1763968829.7566643,0.0,0.0,31.83,154.9,-0.06308867782354355,0.21550704538822174,0.9743900895118713,-0.011856957338750362,-3.0909433364868164,-0.11812583357095718,2.7035584449768066,0.00023189373314380646,-0.00046884967014193535,-0.0002674506977200508,0.0,0.0,0.0,0.0,0.0,0.0,-0.5687857000000001,0.6080123,10.2577559,0.08726646259971647,0.08726646259971647,-0.05235987755982989,-714.0,323.0,-401.0,1600,1600,1599,1599,0,0,0,0
1763968829.7900605,0.0,0.0,31.83,154.9,-0.06308867782354355,0.21550704538822174,0.9743900895118713,-0.011856957338750362,-3.0909433364868164,-0.11812583357095718,2.7035584449768066,0.00023189373314380646,-0.00046884967014193535,-0.0002674506977200508,0.0,0.0,0.0,0.0,0.0,0.0,-0.5491724,0.6080123,10.2577559,0.08726646259971647,0.05235987755982989,-0.05235987755982989,-715.0,317.0,-405.0,1600,1600,1599,1599,0,0,0,0
1763968829.8234565,0.0,0.0,31.83,154.9,-0.06308867782354355,0.21550704538822174,0.9743900895118713,-0.011856957338750362,-3.0909454822540283,-0.1181364431977272,2.7035648822784424,-0.0008677798323333263,-6.780633702874184e-05,1.4453195035457611e-05,0.0,0.0,0.0,0.0,0.0,0.0,-0.5491724,0.6080123,10.2577559,0.08726646259971647,0.05235987755982989,-0.05235987755982989,-715.0,317.0,-405.0,1600,1600,1599,1599,0,0,0,0
1763968829.8568466,0.0,0.0,31.83,154.9,-0.06309355795383453,0.21550390124320984,0.97439044713974,-0.011854896321892738,-3.0909454822540283,-0.1181364431977272,2.7035648822784424,-0.0008677798323333263,-6.780633702874184e-05,1.4453195035457611e-05,0.0,0.0,0.0,0.0,0.0,0.0,-0.5491724,0.6080123,10.2577559,0.08726646259971647,0.05235987755982989,-0.05235987755982989,-715.0,317.0,-405.0,1600,1600,1599,1599,0,0,0,0
1763968829.8902423,0.0,0.0,31.83,154.9,-0.06309355795383453,0.21550390124320984,0.97439044713974,-0.011854896321892738,-3.0909454822540283,-0.1181364431977272,2.7035648822784424,-0.0008677798323333263,-6.780633702874184e-05,1.4453195035457611e-05,0.0,0.0,0.0,0.0,0.0,0.0,-0.5491724,0.6080123,10.2577559,0.08726646259971647,0.05235987755982989,-0.05235987755982989,-715.0,317.0,-405.0,1600,1600,1599,1599,0,0,0,0
1763968829.9236324,0.0,0.0,31.83,154.9,-0.06309355795383453,0.21550390124320984,0.97439044713974,-0.011854896321892738,-3.0909454822540283,-0.1181364431977272,2.7035648822784424,-0.0008677798323333263,-6.780633702874184e-05,1.4453195035457611e-05,0.0,0.0,0.0,0.0,0.0,0.0,-0.5491724,0.6080123,10.2577559,0.08726646259971647,0.05235987755982989,-0.05235987755982989,-715.0,317.0,-405.0,1600,1600,1599,1599,0,0,0,0
1763968829.9570224,0.0,0.0,31.83,154.9,-0.06309355795383453,0.21550390124320984,0.97439044713974,-0.011854896321892738,-3.0909454822540283,-0.1181364431977272,2.7035648822784424,-0.0008677798323333263,-6.780633702874184e-05,1.4453195035457611e-05,0.0,0.0,0.0,0.0,0.0,0.0,-0.5491724,0.6080123,10.2577559,0.08726646259971647,0.05235987755982989,-0.05235987755982989,-715.0,317.0,-405.0,1600,1600,1599,1599,0,0,0,0
1763968829.9904122,0.0,0.0,31.83,154.9,-0.06309355795383453,0.21550390124320984,0.97439044713974,-0.011854896321892738,-3.0909454822540283,-0.1181364431977272,2.7035648822784424,-0.0008677798323333263,-6.780633702874184e-05,1.4453195035457611e-05,0.0,0.0,0.0,0.0,0.0,0.0,-0.55897905,0.59820565,10.2577559,0.06981317007977318,0.06981317007977318,-0.05235987755982989,-715.0,317.0,-405.0,1600,1600,1599,1599,0,0,0,0
1763968830.0239985,0.0,0.0,31.83,154.9,-0.06309355795383453,0.21550390124320984,0.97439044713974,-0.011854896321892738,-3.090920925140381,-0.11818134784698486,2.7035555839538574,0.0005532503128051758,0.002903867047280073,0.00019168062135577202,0.0,0.0,0.0,0.0,0.0,0.0,-0.55897905,0.59820565,10.2577559,0.06981317007977318,0.06981317007977318,-0.05235987755982989,-715.0,317.0,-405.0,1600,1600,1599,1599,0,0,0,0
1763968830.057401,0.0,0.0,31.83,154.9,-0.06311813741922379,0.21550680696964264,0.9743881225585938,-0.011861706152558327,-3.090920925140381,-0.11818134784698486,2.7035555839538574,0.0005532503128051758,0.002903867047280073,0.00019168062135577202,0.0,0.0,0.0,0.0,0.0,0.0,-0.55897905,0.59820565,10.2577559,0.06981317007977318,0.06981317007977318,-0.05235987755982989,-715.0,317.0,-405.0,1600,1600,1599,1599,0,0,0,0
1763968830.0910797,0.0,0.0,31.83,154.9,-0.06311813741922379,0.21550680696964264,0.9743881225585938,-0.011861706152558327,-3.090920925140381,-0.11818134784698486,2.7035555839538574,0.0005532503128051758,0.002903867047280073,0.00019168062135577202,0.0,0.0,0.0,0.0,0.0,0.0,-0.55897905,0.59820565,10.2577559,0.06981317007977318,0.06981317007977318,-0.05235987755982989,-715.0,317.0,-405.0,1600,1600,1599,1599,0,0,0,0
1763968830.1258342,0.0,0.0,31.83,154.9,-0.06311813741922379,0.21550680696964264,0.9743881225585938,-0.011861706152558327,-3.090920925140381,-0.11818134784698486,2.7035555839538574,0.0005532503128051758,0.002903867047280073,0.00019168062135577202,0.0,0.0,0.0,0.0,0.0,0.0,-0.55897905,0.59820565,10.2577559,0.06981317007977318,0.06981317007977318,-0.05235987755982989,-715.0,317.0,-405.0,1600,1600,1599,1599,0,0,0,0
1763968830.159259,0.0,0.0,31.83,154.9,-0.06311813741922379,0.21550680696964264,0.9743881225585938,-0.011861706152558327,-3.090920925140381,-0.11818134784698486,2.7035555839538574,0.0005532503128051758,0.002903867047280073,0.00019168062135577202,0.0,0.0,0.0,0.0,0.0,0.0,-0.55897905,0.59820565,10.2577559,0.06981317007977318,0.06981317007977318,-0.05235987755982989,-715.0,317.0,-405.0,1600,1600,1599,1599,0,0,0,0
1763968830.1948357,0.0,0.0,31.83,154.9,-0.06311813741922379,0.21550680696964264,0.9743881225585938,-0.011861706152558327,-3.090920925140381,-0.11818134784698486,2.7035555839538574,0.0005532503128051758,0.002903867047280073,0.00019168062135577202,0.0,0.0,0.0,0.0,0.0,0.0,-0.5687857000000001,0.6080123,10.24794925,0.08726646259971647,0.12217304763960307,-0.05235987755982989,-715.0,317.0,-405.0,1600,1600,1599,1599,0,0,0,0
1763968830.228266,0.0,0.0,31.83,154.9,-0.06311813741922379,0.21550680696964264,0.9743881225585938,-0.011861706152558327,-3.0909230709075928,-0.11816579848527908,2.7035470008850098,-0.0019200933165848255,-0.001532760914415121,0.0009224549867212772,0.0,0.0,0.0,0.0,0.0,0.0,-0.5687857000000001,0.6080123,10.24794925,0.08726646259971647,0.12217304763960307,-0.05235987755982989,-715.0,317.0,-405.0,1600,1600,1599,1599,0,0,0,0
1763968830.2618854,0.0,0.0,31.83,154.9,-0.06311037391424179,0.215511292219162,0.9743876457214355,-0.011862063780426979,-3.0909230709075928,-0.11816579848527908,2.7035470008850098,-0.0019200933165848255,-0.001532760914415121,0.0009224549867212772,0.0,0.0,0.0,0.0,0.0,0.0,-0.5687857000000001,0.6080123,10.24794925,0.08726646259971647,0.12217304763960307,-0.05235987755982989,-715.0,317.0,-405.0,1600,1600,1599,1599,0,0,0,0
1763968830.2953146,0.0,0.0,32.0,154.9,-0.06311037391424179,0.215511292219162,0.9743876457214355,-0.011862063780426979,-3.0909230709075928,-0.11816579848527908,2.7035470008850098,-0.0019200933165848255,-0.001532760914415121,0.0009224549867212772,0.0,0.0,0.0,0.0,0.0,0.0,-0.5687857000000001,0.6080123,10.24794925,0.08726646259971647,0.12217304763960307,-0.05235987755982989,-715.0,317.0,-405.0,1600,1600,1599,1599,0,0,0,0
1763968830.3308928,0.0,0.0,32.0,154.9,-0.06311037391424179,0.215511292219162,0.9743876457214355,-0.011862063780426979,-3.0909230709075928,-0.11816579848527908,2.7035470008850098,-0.0019200933165848255,-0.001532760914415121,0.0009224549867212772,0.0,0.0,0.0,0.0,0.0,0.0,-0.5687857000000001,0.6080123,10.24794925,0.08726646259971647,0.12217304763960307,-0.05235987755982989,-715.0,317.0,-405.0,1600,1600,1599,1599,0,0,0,0
1763968830.3643174,0.0,0.0,32.0,154.9,-0.06311037391424179,0.215511292219162,0.9743876457214355,-0.011862063780426979,-3.0909230709075928,-0.11816579848527908,2.7035470008850098,-0.0019200933165848255,-0.001532760914415121,0.0009224549867212772,0.0,0.0,0.0,0.0,0.0,0.0,-0.5687857000000001,0.6080123,10.24794925,0.08726646259971647,0.12217304763960307,-0.05235987755982989,-715.0,317.0,-405.0,1600,1600,1599,1599,0,0,0,0
1763968830.397732,0.0,0.0,32.0,154.9,-0.06311037391424179,0.215511292219162,0.9743876457214355,-0.011862063780426979,-3.0909230709075928,-0.11816579848527908,2.7035470008850098,-0.0019200933165848255,-0.001532760914415121,0.0009224549867212772,0.0,0.0,0.0,0.0,0.0,0.0,-0.5687857000000001,0.6276256,10.24794925,0.05235987755982989,0.03490658503988659,-0.03490658503988659,-716.0,318.0,-399.0,1600,1600,1599,1599,0,0,0,0
1763968830.4313164,0.0,0.0,32.0,154.9,-0.06311037391424179,0.215511292219162,0.9743876457214355,-0.011862063780426979,-3.0910089015960693,-0.11814367771148682,2.7036356925964355,0.00018023420125246048,-0.0013000331819057465,-0.0012622966896742582,0.0,0.0,0.0,0.0,0.0,0.0,-0.5687857000000001,0.6276256,10.24794925,0.05235987755982989,0.03490658503988659,-0.03490658503988659,-716.0,318.0,-399.0,1600,1600,1599,1599,0,0,0,0
1763968830.4647322,0.0,0.0,32.0,154.9,-0.06308984756469727,0.21547120809555054,0.9743982553482056,-0.01182546652853489,-3.0910089015960693,-0.11814367771148682,2.7036356925964355,0.00018023420125246048,-0.0013000331819057465,-0.0012622966896742582,0.0,0.0,0.0,0.0,0.0,0.0,-0.5687857000000001,0.6276256,10.24794925,0.05235987755982989,0.03490658503988659,-0.03490658503988659,-716.0,318.0,-399.0,1600,1600,1599,1599,0,0,0,0
1763968830.4981527,0.0,0.0,32.04,154.9,-0.06308984756469727,0.21547120809555054,0.9743982553482056,-0.01182546652853489,-3.0910089015960693,-0.11814367771148682,2.7036356925964355,0.00018023420125246048,-0.0013000331819057465,-0.0012622966896742582,0.0,0.0,0.0,0.0,0.0,0.0,-0.5687857000000001,0.6276256,10.24794925,0.05235987755982989,0.03490658503988659,-0.03490658503988659,-716.0,318.0,-399.0,1600,1600,1599,1599,0,0,0,0
1763968830.5315552,0.0,0.0,32.04,154.9,-0.06308984756469727,0.21547120809555054,0.9743982553482056,-0.01182546652853489,-3.0910089015960693,-0.11814367771148682,2.7036356925964355,0.00018023420125246048,-0.0013000331819057465,-0.0012622966896742582,0.0,0.0,0.0,0.0,0.0,0.0,-0.5687857000000001,0.6276256,10.24794925,0.05235987755982989,0.03490658503988659,-0.03490658503988659,-716.0,318.0,-399.0,1600,1600,1599,1599,0,0,0,0
1763968830.5649924,0.0,0.0,32.04,154.9,-0.06308984756469727,0.21547120809555054,0.9743982553482056,-0.01182546652853489,-3.0910089015960693,-0.11814367771148682,2.7036356925964355,0.00018023420125246048,-0.0013000331819057465,-0.0012622966896742582,0.0,0.0,0.0,0.0,0.0,0.0,-0.5687857000000001,0.6276256,10.24794925,0.05235987755982989,0.03490658503988659,-0.03490658503988659,-716.0,318.0,-399.0,1600,1600,1599,1599,0,0,0,0
1763968830.598407,0.0,0.0,32.04,154.9,-0.06308984756469727,0.21547120809555054,0.9743982553482056,-0.01182546652853489,-3.0910089015960693,-0.11814367771148682,2.7036356925964355,0.00018023420125246048,-0.0013000331819057465,-0.0012622966896742582,0.0,0.0,0.0,0.0,0.0,0.0,-0.55897905,0.588399,10.24794925,0.08726646259971647,0.05235987755982989,-0.06981317007977318,-716.0,315.0,-398.0,1600,1600,1599,1599,0,0,0,0
1763968830.6318238,0.0,0.0,32.04,154.9,-0.06308984756469727,0.21547120809555054,0.9743982553482056,-0.01182546652853489,-3.0909931659698486,-0.1181621104478836,2.7036666870117188,0.0006781523115932941,0.00017333775758743286,-0.00039658835157752037,0.0,0.0,0.0,0.0,0.0,0.0,-0.55897905,0.588399,10.24794925,0.08726646259971647,0.05235987755982989,-0.06981317007977318,-716.0,315.0,-398.0,1600,1600,1599,1599,0,0,0,0
1763968830.6652358,0.0,0.0,32.04,154.9,-0.06310031563043594,0.2154553234577179,0.9744009971618652,-0.011832018382847309,-3.0909931659698486,-0.1181621104478836,2.7036666870117188,0.0006781523115932941,0.00017333775758743286,-0.00039658835157752037,0.0,0.0,0.0,0.0,0.0,0.0,-0.55897905,0.588399,10.24794925,0.08726646259971647,0.05235987755982989,-0.06981317007977318,-716.0,315.0,-398.0,1600,1600,1599,1599,0,0,0,0
1763968830.698658,0.0,0.0,32.04,154.9,-0.06310031563043594,0.2154553234577179,0.9744009971618652,-0.011832018382847309,-3.0909931659698486,-0.1181621104478836,2.7036666870117188,0.0006781523115932941,0.00017333775758743286,-0.00039658835157752037,0.0,0.0,0.0,0.0,0.0,0.0,-0.55897905,0.588399,10.24794925,0.08726646259971647,0.05235987755982989,-0.06981317007977318,-716.0,315.0,-398.0,1600,1600,1599,1599,0,0,0,0
1763968830.7320662,0.0,0.0,32.04,154.9,-0.06310031563043594,0.2154553234577179,0.9744009971618652,-0.011832018382847309,-3.0909931659698486,-0.1181621104478836,2.7036666870117188,0.0006781523115932941,0.00017333775758743286,-0.00039658835157752037,0.0,0.0,0.0,0.0,0.0,0.0,-0.55897905,0.588399,10.24794925,0.08726646259971647,0.05235987755982989,-0.06981317007977318,-716.0,315.0,-398.0,1600,1600,1599,1599,0,0,0,0
1763968830.7654774,0.0,0.0,32.04,154.9,-0.06310031563043594,0.2154553234577179,0.9744009971618652,-0.011832018382847309,-3.0909931659698486,-0.1181621104478836,2.7036666870117188,0.0006781523115932941,0.00017333775758743286,-0.00039658835157752037,0.0,0.0,0.0,0.0,0.0,0.0,-0.55897905,0.588399,10.24794925,0.08726646259971647,0.05235987755982989,-0.06981317007977318,-716.0,315.0,-398.0,1600,1600,1599,1599,0,0,0,0
1763968830.7989023,0.0,0.0,32.04,154.9,-0.06310031563043594,0.2154553234577179,0.9744009971618652,-0.011832018382847309,-3.0909931659698486,-0.1181621104478836,2.7036666870117188,0.0006781523115932941,0.00017333775758743286,-0.00039658835157752037,0.0,0.0,0.0,0.0,0.0,0.0,-0.53936575,0.59820565,10.24794925,0.08726646259971647,0.06981317007977318,-0.05235987755982989,-716.0,315.0,-398.0,1600,1600,1599,1599,0,0,0,0
1763968830.8323164,0.0,0.0,32.04,154.9,-0.06310031563043594,0.2154553234577179,0.9744009971618652,-0.011832018382847309,-3.090954065322876,-0.1182040348649025,2.703662157058716,-0.0006587151437997818,0.0012174989096820354,0.0014255029382184148,0.0,0.0,0.0,0.0,0.0,0.0,-0.53936575,0.59820565,10.24794925,0.08726646259971647,0.06981317007977318,-0.05235987755982989,-716.0,315.0,-398.0,1600,1600,1599,1599,0,0,0,0
1763968830.8657465,0.0,0.0,32.04,154.9,-0.06312498450279236,0.21545547246932983,0.9743992686271667,-0.011846466921269894,-3.090954065322876,-0.1182040348649025,2.703662157058716,-0.0006587151437997818,0.0012174989096820354,0.0014255029382184148,0.0,0.0,0.0,0.0,0.0,0.0,-0.53936575,0.59820565,10.24794925,0.08726646259971647,0.06981317007977318,-0.05235987755982989,-716.0,315.0,-398.0,1600,1600,1599,1599,0,0,0,0
1763968830.8991687,0.0,0.0,32.04,154.9,-0.06312498450279236,0.21545547246932983,0.9743992686271667,-0.011846466921269894,-3.090954065322876,-0.1182040348649025,2.703662157058716,-0.0006587151437997818,0.0012174989096820354,0.0014255029382184148,0.0,0.0,0.0,0.0,0.0,0.0,-0.53936575,0.59820565,10.24794925,0.08726646259971647,0.06981317007977318,-0.05235987755982989,-716.0,315.0,-398.0,1600,1600,1599,1599,0,0,0,0
1763968830.932588,0.0,0.0,32.04,154.9,-0.06312498450279236,0.21545547246932983,0.9743992686271667,-0.011846466921269894,-3.090954065322876,-0.1182040348649025,2.703662157058716,-0.0006587151437997818,0.0012174989096820354,0.0014255029382184148,0.0,0.0,0.0,0.0,0.0,0.0,-0.53936575,0.59820565,10.24794925,0.08726646259971647,0.06981317007977318,-0.05235987755982989,-716.0,315.0,-398.0,1600,1600,1599,1599,0,0,0,0
1763968830.966397,0.0,0.0,32.04,154.9,-0.06312498450279236,0.21545547246932983,0.9743992686271667,-0.011846466921269894,-3.090954065322876,-0.1182040348649025,2.703662157058716,-0.0006587151437997818,0.0012174989096820354,0.0014255029382184148,0.0,0.0,0.0,0.0,0.0,0.0,-0.53936575,0.59820565,10.24794925,0.08726646259971647,0.06981317007977318,-0.05235987755982989,-716.0,315.0,-398.0,1600,1600,1599,1599,0,0,0,0
1763968830.9998193,0.0,0.0,32.04,154.9,-0.06312498450279236,0.21545547246932983,0.9743992686271667,-0.011846466921269894,-3.090954065322876,-0.1182040348649025,2.703662157058716,-0.0006587151437997818,0.0012174989096820354,0.0014255029382184148,0.0,0.0,0.0,0.0,0.0,0.0,-0.5491724,0.61781895,10.24794925,0.06981317007977318,0.08726646259971647,-0.017453292519943295,-716.0,315.0,-398.0,1600,1600,1599,1599,0,0,0,0
1763968831.0332325,0.0,0.0,32.04,154.9,-0.06312498450279236,0.21545547246932983,0.9743992686271667,-0.011846466921269894,-3.091036081314087,-0.11809477210044861,2.7037174701690674,-0.0014725998044013977,-0.00027738558128476143,2.0308885723352432e-05,0.0,0.0,0.0,0.0,0.0,0.0,-0.5491724,0.61781895,10.24794925,0.06981317007977318,0.08726646259971647,-0.017453292519943295,-716.0,315.0,-398.0,1600,1600,1599,1599,0,0,0,0
1763968831.0666423,0.0,0.0,32.04,154.9,-0.06306261569261551,0.21543318033218384,0.9744084477424622,-0.011820076033473015,-3.091036081314087,-0.11809477210044861,2.7037174701690674,-0.0014725998044013977,-0.00027738558128476143,2.0308885723352432e-05,0.0,0.0,0.0,0.0,0.0,0.0,-0.5491724,0.61781895,10.24794925,0.06981317007977318,0.08726646259971647,-0.017453292519943295,-716.0,315.0,-398.0,1600,1600,1599,1599,0,0,0,0
1763968831.100058,0.0,0.0,31.95,154.91,-0.06306261569261551,0.21543318033218384,0.9744084477424622,-0.011820076033473015,-3.091036081314087,-0.11809477210044861,2.7037174701690674,-0.0014725998044013977,-0.00027738558128476143,2.0308885723352432e-05,0.0,0.0,0.0,0.0,0.0,0.0,-0.5491724,0.61781895,10.24794925,0.06981317007977318,0.08726646259971647,-0.017453292519943295,-716.0,315.0,-398.0,1600,1600,1599,1599,0,0,0,0
1763968831.1334708,0.0,0.0,31.95,154.91,-0.06306261569261551,0.21543318033218384,0.9744084477424622,-0.011820076033473015,-3.091036081314087,-0.11809477210044861,2.7037174701690674,-0.0014725998044013977,-0.00027738558128476143,2.0308885723352432e-05,0.0,0.0,0.0,0.0,0.0,0.0,-0.5491724,0.61781895,10.24794925,0.06981317007977318,0.08726646259971647,-0.017453292519943295,-716.0,315.0,-398.0,1600,1600,1599,1599,0,0,0,0
1763968831.1668649,0.0,0.0,31.95,154.91,-0.06306261569261551,0.21543318033218384,0.9744084477424622,-0.011820076033473015,-3.091036081314087,-0.11809477210044861,2.7037174701690674,-0.0014725998044013977,-0.00027738558128476143,2.0308885723352432e-05,0.0,0.0,0.0,0.0,0.0,0.0,-0.5491724,0.61781895,10.24794925,0.06981317007977318,0.08726646259971647,-0.017453292519943295,-716.0,315.0,-398.0,1600,1600,1599,1599,0,0,0,0
1763968831.2002573,0.0,0.0,31.95,154.91,-0.06306261569261551,0.21543318033218384,0.9744084477424622,-0.011820076033473015,-3.091036081314087,-0.11809477210044861,2.7037174701690674,-0.0014725998044013977,-0.00027738558128476143,2.0308885723352432e-05,0.0,0.0,0.0,0.0,0.0,0.0,-0.57859235,0.6276256,10.24794925,0.05235987755982989,0.06981317007977318,-0.05235987755982989,-719.0,322.0,-402.0,1600,1600,1599,1599,0,0,0,0
1763968831.2336488,0.0,0.0,31.95,154.91,-0.06306261569261551,0.21543318033218384,0.9744084477424622,-0.011820076033473015,-3.091042995452881,-0.11809847503900528,2.703720808029175,-0.0008695218712091446,0.0009607700631022453,0.0007910577114671469,0.0,0.0,0.0,0.0,0.0,0.0,-0.57859235,0.6276256,10.24794925,0.05235987755982989,0.06981317007977318,-0.05235987755982989,-719.0,322.0,-402.0,1600,1600,1599,1599,0,0,0,0
1763968831.2670398,0.0,0.0,31.95,154.91,-0.06306365877389908,0.21543167531490326,0.9744088053703308,-0.01181645505130291,-3.091042995452881,-0.11809847503900528,2.703720808029175,-0.0008695218712091446,0.0009607700631022453,0.0007910577114671469,0.0,0.0,0.0,0.0,0.0,0.0,-0.57859235,0.6276256,10.24794925,0.05235987755982989,0.06981317007977318,-0.05235987755982989,-719.0,322.0,-402.0,1600,1600,1599,1599,0,0,0,0
1763968831.300431,0.0,0.0,31.95,154.91,-0.06306365877389908,0.21543167531490326,0.9744088053703308,-0.01181645505130291,-3.091042995452881,-0.11809847503900528,2.703720808029175,-0.0008695218712091446,0.0009607700631022453,0.0007910577114671469,0.0,0.0,0.0,0.0,0.0,0.0,-0.57859235,0.6276256,10.24794925,0.05235987755982989,0.06981317007977318,-0.05235987755982989,-719.0,322.0,-402.0,1600,1600,1599,1599,0,0,0,0
1763968831.333822,0.0,0.0,31.95,154.91,-0.06306365877389908,0.21543167531490326,0.9744088053703308,-0.01181645505130291,-3.091042995452881,-0.11809847503900528,2.703720808029175,-0.0008695218712091446,0.0009607700631022453,0.0007910577114671469,0.0,0.0,0.0,0.0,0.0,0.0,-0.57859235,0.6276256,10.24794925,0.05235987755982989,0.06981317007977318,-0.05235987755982989,-719.0,322.0,-402.0,1600,1600,1599,1599,0,0,0,0
1763968831.3672135,0.0,0.0,31.95,154.91,-0.06306365877389908,0.21543167531490326,0.9744088053703308,-0.01181645505130291,-3.091042995452881,-0.11809847503900528,2.703720808029175,-0.0008695218712091446,0.0009607700631022453,0.0007910577114671469,0.0,0.0,0.0,0.0,0.0,0.0,-0.57859235,0.6276256,10.24794925,0.05235987755982989,0.06981317007977318,-0.05235987755982989,-719.0,322.0,-402.0,1600,1600,1599,1599,0,0,0,0
1763968831.4006267,0.0,0.0,31.95,154.91,-0.06306365877389908,0.21543167531490326,0.9744088053703308,-0.01181645505130291,-3.091042995452881,-0.11809847503900528,2.703720808029175,-0.0008695218712091446,0.0009607700631022453,0.0007910577114671469,0.0,0.0,0.0,0.0,0.0,0.0,-0.5687857000000001,0.6080123,10.24794925,0.06981317007977318,0.08726646259971647,-0.03490658503988659,-719.0,322.0,-402.0,1600,1600,1599,1599,0,0,0,0
1763968831.4340289,0.0,0.0,31.95,154.91,-0.06306365877389908,0.21543167531490326,0.9744088053703308,-0.01181645505130291,-3.0910518169403076,-0.11809404194355011,2.703737735748291,-0.00011946586892008781,-0.00042312266305088997,-0.00124945561401546,0.0,0.0,0.0,0.0,0.0,0.0,-0.5687857000000001,0.6080123,10.24794925,0.06981317007977318,0.08726646259971647,-0.03490658503988659,-719.0,322.0,-402.0,1600,1600,1599,1599,0,0,0,0
1763968831.4674227,0.0,0.0,31.95,154.91,-0.0630604550242424,0.2154237926006317,0.9744107723236084,-0.011813143268227577,-3.0910518169403076,-0.11809404194355011,2.703737735748291,-0.00011946586892008781,-0.00042312266305088997,-0.00124945561401546,0.0,0.0,0.0,0.0,0.0,0.0,-0.5687857000000001,0.6080123,10.24794925,0.06981317007977318,0.08726646259971647,-0.03490658503988659,-719.0,322.0,-402.0,1600,1600,1599,1599,0,0,0,0
1763968831.5008152,0.0,0.0,31.95,154.91,-0.0630604550242424,0.2154237926006317,0.9744107723236084,-0.011813143268227577,-3.0910518169403076,-0.11809404194355011,2.703737735748291,-0.00011946586892008781,-0.00042312266305088997,-0.00124945561401546,0.0,0.0,0.0,0.0,0.0,0.0,-0.5687857000000001,0.6080123,10.24794925,0.06981317007977318,0.08726646259971647,-0.03490658503988659,-719.0,322.0,-402.0,1600,1600,1599,1599,0,0,0,0
1763968831.5342033,0.0,0.0,31.95,154.91,-0.0630604550242424,0.2154237926006317,0.9744107723236084,-0.011813143268227577,-3.0910518169403076,-0.11809404194355011,2.703737735748291,-0.00011946586892008781,-0.00042312266305088997,-0.00124945561401546,0.0,0.0,0.0,0.0,0.0,0.0,-0.5687857000000001,0.6080123,10.24794925,0.06981317007977318,0.08726646259971647,-0.03490658503988659,-719.0,322.0,-402.0,1600,1600,1599,1599,0,0,0,0
1763968831.567606,0.0,0.0,31.95,154.91,-0.0630604550242424,0.2154237926006317,0.9744107723236084,-0.011813143268227577,-3.0910518169403076,-0.11809404194355011,2.703737735748291,-0.00011946586892008781,-0.00042312266305088997,-0.00124945561401546,0.0,0.0,0.0,0.0,0.0,0.0,-0.5687857000000001,0.6080123,10.24794925,0.06981317007977318,0.08726646259971647,-0.03490658503988659,-719.0,322.0,-402.0,1600,1600,1599,1599,0,0,0,0
1763968831.6010199,0.0,0.0,31.95,154.91,-0.0630604550242424,0.2154237926006317,0.9744107723236084,-0.011813143268227577,-3.0910518169403076,-0.11809404194355011,2.703737735748291,-0.00011946586892008781,-0.00042312266305088997,-0.00124945561401546,0.0,0.0,0.0,0.0,0.0,0.0,-0.55897905,0.6080123,10.24794925,0.08726646259971647,0.05235987755982989,-0.06981317007977318,-719.0,322.0,-402.0,1600,1600,1599,1599,0,0,0,0
1763968831.634416,0.0,0.0,31.95,154.91,-0.0630604550242424,0.2154237926006317,0.9744107723236084,-0.011813143268227577,-3.0910394191741943,-0.11810823529958725,2.7037160396575928,0.000654103234410286,0.0009266235865652561,0.00019315676763653755,0.0,0.0,0.0,0.0,0.0,0.0,-0.55897905,0.6080123,10.24794925,0.08726646259971647,0.05235987755982989,-0.06981317007977318,-719.0,322.0,-402.0,1600,1600,1599,1599,0,0,0,0
1763968831.6678076,0.0,0.0,31.95,154.91,-0.06306882202625275,0.21543365716934204,0.9744080305099487,-0.011816930025815964,-3.0910394191741943,-0.11810823529958725,2.7037160396575928,0.000654103234410286,0.0009266235865652561,0.00019315676763653755,0.0,0.0,0.0,0.0,0.0,0.0,-0.55897905,0.6080123,10.24794925,0.08726646259971647,0.05235987755982989,-0.06981317007977318,-719.0,322.0,-402.0,1600,1600,1599,1599,0,0,0,0
1763968831.7012002,0.0,0.0,31.93,154.91,-0.06306882202625275,0.21543365716934204,0.9744080305099487,-0.011816930025815964,-3.0910394191741943,-0.11810823529958725,2.7037160396575928,0.000654103234410286,0.0009266235865652561,0.00019315676763653755,0.0,0.0,0.0,0.0,0.0,0.0,-0.55897905,0.6080123,10.24794925,0.08726646259971647,0.05235987755982989,-0.06981317007977318,-719.0,322.0,-402.0,1600,1600,1599,1599,0,0,0,0
1763968831.734593,0.0,0.0,31.93,154.91,-0.06306882202625275,0.21543365716934204,0.9744080305099487,-0.011816930025815964,-3.0910394191741943,-0.11810823529958725,2.7037160396575928,0.000654103234410286,0.0009266235865652561,0.00019315676763653755,0.0,0.0,0.0,0.0,0.0,0.0,-0.55897905,0.6080123,10.24794925,0.08726646259971647,0.05235987755982989,-0.06981317007977318,-719.0,322.0,-402.0,1600,1600,1599,1599,0,0,0,0
1763968831.767984,0.0,0.0,31.93,154.91,-0.06306882202625275,0.21543365716934204,0.9744080305099487,-0.011816930025815964,-3.0910394191741943,-0.11810823529958725,2.7037160396575928,0.000654103234410286,0.0009266235865652561,0.00019315676763653755,0.0,0.0,0.0,0.0,0.0,0.0,-0.55897905,0.6080123,10.24794925,0.08726646259971647,0.05235987755982989,-0.06981317007977318,-719.0,322.0,-402.0,1600,1600,1599,1599,0,0,0,0
1763968831.8013825,0.0,0.0,31.93,154.91,-0.06306882202625275,0.21543365716934204,0.9744080305099487,-0.011816930025815964,-3.0910394191741943,-0.11810823529958725,2.7037160396575928,0.000654103234410286,0.0009266235865652561,0.00019315676763653755,0.0,0.0,0.0,0.0,0.0,0.0,-0.5491724,0.6080123,10.24794925,0.08726646259971647,0.08726646259971647,-0.05235987755982989,-716.0,323.0,-401.0,1600,1600,1599,1599,0,0,0,0
1763968831.834776,0.0,0.0,31.93,154.91,-0.06306882202625275,0.21543365716934204,0.9744080305099487,-0.011816930025815964,-3.0910298824310303,-0.11812035739421844,2.703671455383301,0.00021495763212442398,-0.0005677635781466961,9.239488281309605e-05,0.0,0.0,0.0,0.0,0.0,0.0,-0.5491724,0.6080123,10.24794925,0.08726646259971647,0.08726646259971647,-0.05235987755982989,-716.0,323.0,-401.0,1600,1600,1599,1599,0,0,0,0
1763968831.8681695,0.0,0.0,31.93,154.91,-0.06307602673768997,0.21545496582984924,0.9744028449058533,-0.011818916536867619,-3.0910298824310303,-0.11812035739421844,2.703671455383301,0.00021495763212442398,-0.0005677635781466961,9.239488281309605e-05,0.0,0.0,0.0,0.0,0.0,0.0,-0.5491724,0.6080123,10.24794925,0.08726646259971647,0.08726646259971647,-0.05235987755982989,-716.0,323.0,-401.0,1600,1600,1599,1599,0,0,0,0
1763968831.9015853,0.0,0.0,31.93,154.9,-0.06307602673768997,0.21545496582984924,0.9744028449058533,-0.011818916536867619,-3.0910298824310303,-0.11812035739421844,2.703671455383301,0.00021495763212442398,-0.0005677635781466961,9.239488281309605e-05,0.0,0.0,0.0,0.0,0.0,0.0,-0.5491724,0.6080123,10.24794925,0.08726646259971647,0.08726646259971647,-0.05235987755982989,-716.0,323.0,-401.0,1600,1600,1599,1599,0,0,0,0
1763968831.9349892,0.0,0.0,31.93,154.9,-0.06307602673768997,0.21545496582984924,0.9744028449058533,-0.011818916536867619,-3.0910298824310303,-0.11812035739421844,2.703671455383301,0.00021495763212442398,-0.0005677635781466961,9.239488281309605e-05,0.0,0.0,0.0,0.0,0.0,0.0,-0.5491724,0.6080123,10.24794925,0.08726646259971647,0.08726646259971647,-0.05235987755982989,-716.0,323.0,-401.0,1600,1600,1599,1599,0,0,0,0
1763968831.9683833,0.0,0.0,31.93,154.9,-0.06307602673768997,0.21545496582984924,0.9744028449058533,-0.011818916536867619,-3.0910632610321045,-0.11825555562973022,2.703585624694824,0.002115226350724697,0.0005304445512592793,0.0005808419082313776,0.0,0.0,0.0,0.0,0.0,0.0,-0.5491724,0.6080123,10.24794925,0.08726646259971647,0.08726646259971647,-0.05235987755982989,-716.0,323.0,-401.0,1600,1600,1599,1599,0,0,0,0
1763968832.0017738,0.0,0.0,31.93,154.9,-0.06313875317573547,0.21549519896507263,0.9743902683258057,-0.011785143055021763,-3.0910632610321045,-0.11825555562973022,2.703585624694824,0.002115226350724697,0.0005304445512592793,0.0005808419082313776,0.0,0.0,0.0,0.0,0.0,0.0,-0.5491724,0.6080123,10.24794925,0.08726646259971647,0.08726646259971647,-0.05235987755982989,-716.0,323.0,-401.0,1600,1600,1599,1599,0,0,0,0
1763968832.0351996,0.0,0.0,32.01,154.9,-0.06313875317573547,0.21549519896507263,0.9743902683258057,-0.011785143055021763,-3.0910632610321045,-0.11825555562973022,2.703585624694824,0.002115226350724697,0.0005304445512592793,0.0005808419082313776,0.0,0.0,0.0,0.0,0.0,0.0,-0.5491724,0.6080123,10.24794925,0.08726646259971647,0.08726646259971647,-0.05235987755982989,-716.0,323.0,-401.0,1600,1600,1599,1599,0,0,0,0
1763968832.068604,0.0,0.0,32.01,154.9,-0.06313875317573547,0.21549519896507263,0.9743902683258057,-0.011785143055021763,-3.0910632610321045,-0.11825555562973022,2.703585624694824,0.002115226350724697,0.0005304445512592793,0.0005808419082313776,0.0,0.0,0.0,0.0,0.0,0.0,-0.5491724,0.6080123,10.24794925,0.08726646259971647,0.08726646259971647,-0.05235987755982989,-716.0,323.0,-401.0,1600,1600,1599,1599,0,0,0,0
1763968832.1019943,0.0,0.0,32.01,154.9,-0.06313875317573547,0.21549519896507263,0.9743902683258057,-0.011785143055021763,-3.0910632610321045,-0.11825555562973022,2.703585624694824,0.002115226350724697,0.0005304445512592793,0.0005808419082313776,0.0,0.0,0.0,0.0,0.0,0.0,-0.5491724,0.6080123,10.24794925,0.08726646259971647,0.08726646259971647,-0.05235987755982989,-716.0,323.0,-401.0,1600,1600,1599,1599,0,0,0,0
1763968832.1353838,0.0,0.0,32.01,154.9,-0.06313875317573547,0.21549519896507263,0.9743902683258057,-0.011785143055021763,-3.0910632610321045,-0.11825555562973022,2.703585624694824,0.002115226350724697,0.0005304445512592793,0.0005808419082313776,0.0,0.0,0.0,0.0,0.0,0.0,-0.57859235,0.6276256,10.24794925,0.12217304763960307,0.06981317007977318,-0.03490658503988659,-719.0,319.0,-401.0,1600,1600,1599,1599,0,0,0,0
1763968832.1687732,0.0,0.0,32.01,154.9,-0.06313875317573547,0.21549519896507263,0.9743902683258057,-0.011785143055021763,-3.091076135635376,-0.11826340854167938,2.703584909439087,-0.0001553734764456749,0.000565691851079464,0.0002355901524424553,0.0,0.0,0.0,0.0,0.0,0.0,-0.57859235,0.6276256,10.24794925,0.12217304763960307,0.06981317007977318,-0.03490658503988659,-719.0,319.0,-401.0,1600,1600,1599,1599,0,0,0,0
1763968832.2021892,0.0,0.0,32.01,154.9,-0.06314120441675186,0.21549580991268158,0.9743901491165161,-0.011778022162616253,-3.091076135635376,-0.11826340854167938,2.703584909439087,-0.0001553734764456749,0.000565691851079464,0.0002355901524424553,0.0,0.0,0.0,0.0,0.0,0.0,-0.57859235,0.6276256,10.24794925,0.12217304763960307,0.06981317007977318,-0.03490658503988659,-719.0,319.0,-401.0,1600,1600,1599,1599,0,0,0,0
1763968832.2355852,0.0,0.0,31.99,154.9,-0.06314120441675186,0.21549580991268158,0.9743901491165161,-0.011778022162616253,-3.091076135635376,-0.11826340854167938,2.703584909439087,-0.0001553734764456749,0.000565691851079464,0.0002355901524424553,0.0,0.0,0.0,0.0,0.0,0.0,-0.57859235,0.6276256,10.24794925,0.12217304763960307,0.06981317007977318,-0.03490658503988659,-719.0,319.0,-401.0,1600,1600,1599,1599,0,0,0,0
1763968832.2689762,0.0,0.0,31.99,154.9,-0.06314120441675186,0.21549580991268158,0.9743901491165161,-0.011778022162616253,-3.091076135635376,-0.11826340854167938,2.703584909439087,-0.0001553734764456749,0.000565691851079464,0.0002355901524424553,0.0,0.0,0.0,0.0,0.0,0.0,-0.57859235,0.6276256,10.24794925,0.12217304763960307,0.06981317007977318,-0.03490658503988659,-719.0,319.0,-401.0,1600,1600,1599,1599,0,0,0,0
1763968832.3023655,0.0,0.0,31.99,154.9,-0.06314120441675186,0.21549580991268158,0.9743901491165161,-0.011778022162616253,-3.091076135635376,-0.11826340854167938,2.703584909439087,-0.0001553734764456749,0.000565691851079464,0.0002355901524424553,0.0,0.0,0.0,0.0,0.0,0.0,-0.57859235,0.6276256,10.24794925,0.12217304763960307,0.06981317007977318,-0.03490658503988659,-719.0,319.0,-401.0,1600,1600,1599,1599,0,0,0,0
1763968832.3357537,0.0,0.0,31.99,154.9,-0.06314120441675186,0.21549580991268158,0.9743901491165161,-0.011778022162616253,-3.091076135635376,-0.11826340854167938,2.703584909439087,-0.0001553734764456749,0.000565691851079464,0.0002355901524424553,0.0,0.0,0.0,0.0,0.0,0.0,-0.57859235,0.61781895,10.24794925,0.08726646259971647,0.06981317007977318,-0.03490658503988659,-715.0,323.0,-398.0,1600,1600,1599,1599,0,0,0,0
1763968832.3691423,0.0,0.0,31.99,154.9,-0.06314120441675186,0.21549580991268158,0.9743901491165161,-0.011778022162616253,-3.0910799503326416,-0.11826445162296295,2.70356822013855,0.00010352768003940582,-8.394010365009308e-05,-0.00014517433010041714,0.0,0.0,0.0,0.0,0.0,0.0,-0.57859235,0.61781895,10.24794925,0.08726646259971647,0.06981317007977318,-0.03490658503988659,-715.0,323.0,-398.0,1600,1600,1599,1599,0,0,0,0
1763968832.4025562,0.0,0.0,31.99,154.9,-0.06314140558242798,0.21550410985946655,0.9743883013725281,-0.01177550945430994,-3.0910799503326416,-0.11826445162296295,2.70356822013855,0.00010352768003940582,-8.394010365009308e-05,-0.00014517433010041714,0.0,0.0,0.0,0.0,0.0,0.0,-0.57859235,0.61781895,10.24794925,0.08726646259971647,0.06981317007977318,-0.03490658503988659,-715.0,323.0,-398.0,1600,1600,1599,1599,0,0,0,0
1763968832.4360576,0.0,0.0,31.99,154.9,-0.06314140558242798,0.21550410985946655,0.9743883013725281,-0.01177550945430994,-3.0910799503326416,-0.11826445162296295,2.70356822013855,0.00010352768003940582,-8.394010365009308e-05,-0.00014517433010041714,0.0,0.0,0.0,0.0,0.0,0.0,-0.57859235,0.61781895,10.24794925,0.08726646259971647,0.06981317007977318,-0.03490658503988659,-715.0,323.0,-398.0,1600,1600,1599,1599,0,0,0,0
1763968832.4694645,0.0,0.0,31.99,154.9,-0.06314140558242798,0.21550410985946655,0.9743883013725281,-0.01177550945430994,-3.0910799503326416,-0.11826445162296295,2.70356822013855,0.00010352768003940582,-8.394010365009308e-05,-0.00014517433010041714,0.0,0.0,0.0,0.0,0.0,0.0,-0.57859235,0.61781895,10.24794925,0.08726646259971647,0.06981317007977318,-0.03490658503988659,-715.0,323.0,-398.0,1600,1600,1599,1599,0,0,0,0
1763968832.5028677,0.0,0.0,31.99,154.9,-0.06314140558242798,0.21550410985946655,0.9743883013725281,-0.01177550945430994,-3.0910799503326416,-0.11826445162296295,2.70356822013855,0.00010352768003940582,-8.394010365009308e-05,-0.00014517433010041714,0.0,0.0,0.0,0.0,0.0,0.0,-0.57859235,0.61781895,10.24794925,0.08726646259971647,0.06981317007977318,-0.03490658503988659,-715.0,323.0,-398.0,1600,1600,1599,1599,0,0,0,0
1763968832.5362718,0.0,0.0,31.99,154.9,-0.06314140558242798,0.21550410985946655,0.9743883013725281,-0.01177550945430994,-3.0910799503326416,-0.11826445162296295,2.70356822013855,0.00010352768003940582,-8.394010365009308e-05,-0.00014517433010041714,0.0,0.0,0.0,0.0,0.0,0.0,-0.5687857000000001,0.61781895,10.24794925,0.08726646259971647,0.06981317007977318,-0.05235987755982989,-715.0,323.0,-398.0,1600,1600,1599,1599,0,0,0,0
1763968832.569676,0.0,0.0,31.99,154.9,-0.06314140558242798,0.21550410985946655,0.9743883013725281,-0.01177550945430994,-3.091125726699829,-0.11823077499866486,2.703540325164795,-0.0005458658561110497,0.0009917858988046646,-0.00042176153510808945,0.0,0.0,0.0,0.0,0.0,0.0,-0.5687857000000001,0.61781895,10.24794925,0.08726646259971647,0.06981317007977318,-0.05235987755982989,-715.0,323.0,-398.0,1600,1600,1599,1599,0,0,0,0
1763968832.6030862,0.0,0.0,31.99,154.9,-0.06312023848295212,0.2155197709798813,0.97438645362854,-0.01175597496330738,-3.091125726699829,-0.11823077499866486,2.703540325164795,-0.0005458658561110497,0.0009917858988046646,-0.00042176153510808945,0.0,0.0,0.0,0.0,0.0,0.0,-0.5687857000000001,0.61781895,10.24794925,0.08726646259971647,0.06981317007977318,-0.05235987755982989,-715.0,323.0,-398.0,1600,1600,1599,1599,0,0,0,0
1763968832.6365051,0.0,0.0,31.97,154.9,-0.06312023848295212,0.2155197709798813,0.97438645362854,-0.01175597496330738,-3.091125726699829,-0.11823077499866486,2.703540325164795,-0.0005458658561110497,0.0009917858988046646,-0.00042176153510808945,0.0,0.0,0.0,0.0,0.0,0.0,-0.5687857000000001,0.61781895,10.24794925,0.08726646259971647,0.06981317007977318,-0.05235987755982989,-715.0,323.0,-398.0,1600,1600,1599,1599,0,0,0,0
1763968832.6699207,0.0,0.0,31.97,154.9,-0.06312023848295212,0.2155197709798813,0.97438645362854,-0.01175597496330738,-3.091125726699829,-0.11823077499866486,2.703540325164795,-0.0005458658561110497,0.0009917858988046646,-0.00042176153510808945,0.0,0.0,0.0,0.0,0.0,0.0,-0.5687857000000001,0.61781895,10.24794925,0.08726646259971647,0.06981317007977318,-0.05235987755982989,-715.0,323.0,-398.0,1600,1600,1599,1599,0,0,0,0
1763968832.703323,0.0,0.0,31.97,154.9,-0.06312023848295212,0.2155197709798813,0.97438645362854,-0.01175597496330738,-3.091125726699829,-0.11823077499866486,2.703540325164795,-0.0005458658561110497,0.0009917858988046646,-0.00042176153510808945,0.0,0.0,0.0,0.0,0.0,0.0,-0.5687857000000001,0.61781895,10.24794925,0.08726646259971647,0.06981317007977318,-0.05235987755982989,-715.0,323.0,-398.0,1600,1600,1599,1599,0,0,0,0
1763968832.7367332,0.0,0.0,31.97,154.9,-0.06312023848295212,0.2155197709798813,0.97438645362854,-0.01175597496330738,-3.091125726699829,-0.11823077499866486,2.703540325164795,-0.0005458658561110497,0.0009917858988046646,-0.00042176153510808945,0.0,0.0,0.0,0.0,0.0,0.0,-0.5687857000000001,0.6080123,10.24794925,0.06981317007977318,0.08726646259971647,-0.05235987755982989,-715.0,318.0,-398.0,1600,1600,1599,1599,0,0,0,0
1763968832.770139,0.0,0.0,31.97,154.9,-0.06312023848295212,0.2155197709798813,0.97438645362854,-0.01175597496330738,-3.09112811088562,-0.11824803054332733,2.703552484512329,-0.00034316256642341614,7.215980440378189e-05,-0.0009225697722285986,0.0,0.0,0.0,0.0,0.0,0.0,-0.5687857000000001,0.6080123,10.24794925,0.06981317007977318,0.08726646259971647,-0.05235987755982989,-715.0,318.0,-398.0,1600,1600,1599,1599,0,0,0,0
1763968832.8035598,0.0,0.0,31.97,154.9,-0.06312832236289978,0.21551352739334106,0.9743872880935669,-0.01175341010093689,-3.09112811088562,-0.11824803054332733,2.703552484512329,-0.00034316256642341614,7.215980440378189e-05,-0.0009225697722285986,0.0,0.0,0.0,0.0,0.0,0.0,-0.5687857000000001,0.6080123,10.24794925,0.06981317007977318,0.08726646259971647,-0.05235987755982989,-715.0,318.0,-398.0,1600,1600,1599,1599,0,0,0,0
1763968832.837399,0.0,0.0,31.97,154.9,-0.06312832236289978,0.21551352739334106,0.9743872880935669,-0.01175341010093689,-3.09112811088562,-0.11824803054332733,2.703552484512329,-0.00034316256642341614,7.215980440378189e-05,-0.0009225697722285986,0.0,0.0,0.0,0.0,0.0,0.0,-0.5687857000000001,0.6080123,10.24794925,0.06981317007977318,0.08726646259971647,-0.05235987755982989,-715.0,318.0,-398.0,1600,1600,1599,1599,0,0,0,0
1763968832.870804,0.0,0.0,31.97,154.9,-0.06312832236289978,0.21551352739334106,0.9743872880935669,-0.01175341010093689,-3.09112811088562,-0.11824803054332733,2.703552484512329,-0.00034316256642341614,7.215980440378189e-05,-0.0009225697722285986,0.0,0.0,0.0,0.0,0.0,0.0,-0.5687857000000001,0.6080123,10.24794925,0.06981317007977318,0.08726646259971647,-0.05235987755982989,-715.0,318.0,-398.0,1600,1600,1599,1599,0,0,0,0
1763968832.9041975,0.0,0.0,31.97,154.9,-0.06312832236289978,0.21551352739334106,0.9743872880935669,-0.01175341010093689,-3.09112811088562,-0.11824803054332733,2.703552484512329,-0.00034316256642341614,7.215980440378189e-05,-0.0009225697722285986,0.0,0.0,0.0,0.0,0.0,0.0,-0.5687857000000001,0.6080123,10.24794925,0.06981317007977318,0.08726646259971647,-0.05235987755982989,-715.0,318.0,-398.0,1600,1600,1599,1599,0,0,0,0
1763968832.937588,0.0,0.0,31.97,154.9,-0.06312832236289978,0.21551352739334106,0.9743872880935669,-0.01175341010093689,-3.09112811088562,-0.11824803054332733,2.703552484512329,-0.00034316256642341614,7.215980440378189e-05,-0.0009225697722285986,0.0,0.0,0.0,0.0,0.0,0.0,-0.55897905,0.59820565,10.24794925,0.06981317007977318,0.06981317007977318,-0.06981317007977318,-715.0,318.0,-398.0,1600,1600,1599,1599,0,0,0,0
1763968832.970984,0.0,0.0,31.97,154.9,-0.06312832236289978,0.21551352739334106,0.9743872880935669,-0.01175341010093689,-3.0911056995391846,-0.11828263103961945,2.703587293624878,0.0012416238896548748,0.0011527552269399166,-0.00046607875265181065,0.0,0.0,0.0,0.0,0.0,0.0,-0.55897905,0.59820565,10.24794925,0.06981317007977318,0.06981317007977318,-0.06981317007977318,-715.0,318.0,-398.0,1600,1600,1599,1599,0,0,0,0
1763968833.004382,0.0,0.0,31.97,154.9,-0.06314735114574432,0.2154952585697174,0.9743899703025818,-0.011761544272303581,-3.0911056995391846,-0.11828263103961945,2.703587293624878,0.0012416238896548748,0.0011527552269399166,-0.00046607875265181065,0.0,0.0,0.0,0.0,0.0,0.0,-0.55897905,0.59820565,10.24794925,0.06981317007977318,0.06981317007977318,-0.06981317007977318,-715.0,318.0,-398.0,1600,1600,1599,1599,0,0,0,0
1763968833.0377853,0.0,0.0,31.79,154.9,-0.06314735114574432,0.2154952585697174,0.9743899703025818,-0.011761544272303581,-3.0911056995391846,-0.11828263103961945,2.703587293624878,0.0012416238896548748,0.0011527552269399166,-0.00046607875265181065,0.0,0.0,0.0,0.0,0.0,0.0,-0.55897905,0.59820565,10.24794925,0.06981317007977318,0.06981317007977318,-0.06981317007977318,-715.0,318.0,-398.0,1600,1600,1599,1599,0,0,0,0
1763968833.0711799,0.0,0.0,31.79,154.9,-0.06314735114574432,0.2154952585697174,0.9743899703025818,-0.011761544272303581,-3.0911056995391846,-0.11828263103961945,2.703587293624878,0.0012416238896548748,0.0011527552269399166,-0.00046607875265181065,0.0,0.0,0.0,0.0,0.0,0.0,-0.55897905,0.59820565,10.24794925,0.06981317007977318,0.06981317007977318,-0.06981317007977318,-715.0,318.0,-398.0,1600,1600,1599,1599,0,0,0,0
1763968833.104885,0.0,0.0,31.79,154.9,-0.06314735114574432,0.2154952585697174,0.9743899703025818,-0.011761544272303581,-3.0911056995391846,-0.11828263103961945,2.703587293624878,0.0012416238896548748,0.0011527552269399166,-0.00046607875265181065,0.0,0.0,0.0,0.0,0.0,0.0,-0.55897905,0.59820565,10.24794925,0.06981317007977318,0.06981317007977318,-0.06981317007977318,-715.0,318.0,-398.0,1600,1600,1599,1599,0,0,0,0
1763968833.1385658,0.0,0.0,31.79,154.9,-0.06314735114574432,0.2154952585697174,0.9743899703025818,-0.011761544272303581,-3.0911056995391846,-0.11828263103961945,2.703587293624878,0.0012416238896548748,0.0011527552269399166,-0.00046607875265181065,0.0,0.0,0.0,0.0,0.0,0.0,-0.55897905,0.59820565,10.2577559,0.10471975511965978,0.08726646259971647,-0.05235987755982989,-719.0,314.0,-400.0,1600,1600,1599,1599,0,0,0,0
1763968833.172627,0.0,0.0,31.79,154.9,-0.06314735114574432,0.2154952585697174,0.9743899703025818,-0.011761544272303581,-3.091063976287842,-0.1183106005191803,2.7036030292510986,0.0018870867788791656,0.0002652117982506752,-0.0007003273349255323,0.0,0.0,0.0,0.0,0.0,0.0,-0.55897905,0.59820565,10.2577559,0.10471975511965978,0.08726646259971647,-0.05235987755982989,-719.0,314.0,-400.0,1600,1600,1599,1599,0,0,0,0
1763968833.2060432,0.0,0.0,31.79,154.9,-0.06316538900136948,0.21548578143119812,0.9743906855583191,-0.011779392138123512,-3.091063976287842,-0.1183106005191803,2.7036030292510986,0.0018870867788791656,0.0002652117982506752,-0.0007003273349255323,0.0,0.0,0.0,0.0,0.0,0.0,-0.55897905,0.59820565,10.2577559,0.10471975511965978,0.08726646259971647,-0.05235987755982989,-719.0,314.0,-400.0,1600,1600,1599,1599,0,0,0,0
1763968833.2394476,0.0,0.0,31.79,154.9,-0.06316538900136948,0.21548578143119812,0.9743906855583191,-0.011779392138123512,-3.091063976287842,-0.1183106005191803,2.7036030292510986,0.0018870867788791656,0.0002652117982506752,-0.0007003273349255323,0.0,0.0,0.0,0.0,0.0,0.0,-0.55897905,0.59820565,10.2577559,0.10471975511965978,0.08726646259971647,-0.05235987755982989,-719.0,314.0,-400.0,1600,1600,1599,1599,0,0,0,0
1763968833.2728443,0.0,0.0,31.79,154.9,-0.06316538900136948,0.21548578143119812,0.9743906855583191,-0.011779392138123512,-3.091063976287842,-0.1183106005191803,2.7036030292510986,0.0018870867788791656,0.0002652117982506752,-0.0007003273349255323,0.0,0.0,0.0,0.0,0.0,0.0,-0.55897905,0.59820565,10.2577559,0.10471975511965978,0.08726646259971647,-0.05235987755982989,-719.0,314.0,-400.0,1600,1600,1599,1599,0,0,0,0
1763968833.3062372,0.0,0.0,31.79,154.9,-0.06316538900136948,0.21548578143119812,0.9743906855583191,-0.011779392138123512,-3.091063976287842,-0.1183106005191803,2.7036030292510986,0.0018870867788791656,0.0002652117982506752,-0.0007003273349255323,0.0,0.0,0.0,0.0,0.0,0.0,-0.55897905,0.59820565,10.2577559,0.10471975511965978,0.08726646259971647,-0.05235987755982989,-719.0,314.0,-400.0,1600,1600,1599,1599,0,0,0,0
1763968833.339652,0.0,0.0,31.79,154.9,-0.06316538900136948,0.21548578143119812,0.9743906855583191,-0.011779392138123512,-3.091063976287842,-0.1183106005191803,2.7036030292510986,0.0018870867788791656,0.0002652117982506752,-0.0007003273349255323,0.0,0.0,0.0,0.0,0.0,0.0,-0.5687857000000001,0.6276256,10.2577559,0.12217304763960307,0.06981317007977318,-0.05235987755982989,-719.0,314.0,-400.0,1600,1600,1599,1599,0,0,0,0
1763968833.373059,0.0,0.0,31.79,154.9,-0.06316538900136948,0.21548578143119812,0.9743906855583191,-0.011779392138123512,-3.0910873413085938,-0.11829981207847595,2.7036426067352295,-0.0007617832161486149,-0.0016662715934216976,6.371363997459412e-05,0.0,0.0,0.0,0.0,0.0,0.0,-0.5687857000000001,0.6276256,10.2577559,0.12217304763960307,0.06981317007977318,-0.05235987755982989,-719.0,314.0,-400.0,1600,1600,1599,1599,0,0,0,0
1763968833.4065092,0.0,0.0,31.79,154.9,-0.06315739452838898,0.2154674232006073,0.9743953347206116,-0.011770427227020264,-3.0910873413085938,-0.11829981207847595,2.7036426067352295,-0.0007617832161486149,-0.0016662715934216976,6.371363997459412e-05,0.0,0.0,0.0,0.0,0.0,0.0,-0.5687857000000001,0.6276256,10.2577559,0.12217304763960307,0.06981317007977318,-0.05235987755982989,-719.0,314.0,-400.0,1600,1600,1599,1599,0,0,0,0
1763968833.4399328,0.0,0.0,31.79,154.9,-0.06315739452838898,0.2154674232006073,0.9743953347206116,-0.011770427227020264,-3.0910873413085938,-0.11829981207847595,2.7036426067352295,-0.0007617832161486149,-0.0016662715934216976,6.371363997459412e-05,0.0,0.0,0.0,0.0,0.0,0.0,-0.5687857000000001,0.6276256,10.2577559,0.12217304763960307,0.06981317007977318,-0.05235987755982989,-719.0,314.0,-400.0,1600,1600,1599,1599,0,0,0,0
1763968833.4740837,0.0,0.0,31.79,154.9,-0.06315739452838898,0.2154674232006073,0.9743953347206116,-0.011770427227020264,-3.0910873413085938,-0.11829981207847595,2.7036426067352295,-0.0007617832161486149,-0.0016662715934216976,6.371363997459412e-05,0.0,0.0,0.0,0.0,0.0,0.0,-0.5687857000000001,0.6276256,10.2577559,0.12217304763960307,0.06981317007977318,-0.05235987755982989,-719.0,314.0,-400.0,1600,1600,1599,1599,0,0,0,0
1763968833.5074992,0.0,0.0,31.79,154.9,-0.06315739452838898,0.2154674232006073,0.9743953347206116,-0.011770427227020264,-3.0913186073303223,-0.11810025572776794,2.703782558441162,-0.0006223386153578758,-0.0010887621901929379,-7.891608402132988e-05,0.0,0.0,0.0,0.0,0.0,0.0,-0.5687857000000001,0.6276256,10.2577559,0.12217304763960307,0.06981317007977318,-0.05235987755982989,-719.0,314.0,-400.0,1600,1600,1599,1599,0,0,0,0
1763968833.5409286,0.0,0.0,31.79,154.9,-0.06303450465202332,0.21541020274162292,0.9744170308113098,-0.01168386172503233,-3.0913186073303223,-0.11810025572776794,2.703782558441162,-0.0006223386153578758,-0.0010887621901929379,-7.891608402132988e-05,0.0,0.0,0.0,0.0,0.0,0.0,-0.5687857000000001,0.6276256,10.2577559,0.12217304763960307,0.06981317007977318,-0.05235987755982989,-719.0,314.0,-400.0,1600,1600,1599,1599,0,0,0,0
1763968833.574373,0.0,0.0,31.83,154.91,-0.06303450465202332,0.21541020274162292,0.9744170308113098,-0.01168386172503233,-3.0913186073303223,-0.11810025572776794,2.703782558441162,-0.0006223386153578758,-0.0010887621901929379,-7.891608402132988e-05,0.0,0.0,0.0,0.0,0.0,0.0,-0.5687857000000001,0.6276256,10.2577559,0.12217304763960307,0.06981317007977318,-0.05235987755982989,-719.0,314.0,-400.0,1600,1600,1599,1599,0,0,0,0
1763968833.6077957,0.0,0.0,31.83,154.91,-0.06303450465202332,0.21541020274162292,0.9744170308113098,-0.01168386172503233,-3.0913186073303223,-0.11810025572776794,2.703782558441162,-0.0006223386153578758,-0.0010887621901929379,-7.891608402132988e-05,0.0,0.0,0.0,0.0,0.0,0.0,-0.5687857000000001,0.6276256,10.2577559,0.12217304763960307,0.06981317007977318,-0.05235987755982989,-719.0,314.0,-400.0,1600,1600,1599,1599,0,0,0,0
1763968833.6412206,0.0,0.0,31.83,154.91,-0.06303450465202332,0.21541020274162292,0.9744170308113098,-0.01168386172503233,-3.0913186073303223,-0.11810025572776794,2.703782558441162,-0.0006223386153578758,-0.0010887621901929379,-7.891608402132988e-05,0.0,0.0,0.0,0.0,0.0,0.0,-0.5687857000000001,0.6276256,10.2577559,0.12217304763960307,0.06981317007977318,-0.05235987755982989,-719.0,314.0,-400.0,1600,1600,1599,1599,0,0,0,0
1763968833.6746378,0.0,0.0,31.83,154.91,-0.06303450465202332,0.21541020274162292,0.9744170308113098,-0.01168386172503233,-3.0913186073303223,-0.11810025572776794,2.703782558441162,-0.0006223386153578758,-0.0010887621901929379,-7.891608402132988e-05,0.0,0.0,0.0,0.0,0.0,0.0,-0.588399,0.6276256,10.2577559,0.06981317007977318,0.05235987755982989,-0.05235987755982989,-719.0,318.0,-402.0,1600,1600,1599,1599,0,0,0,0
1763968833.7081654,0.0,0.0,31.83,154.91,-0.06303450465202332,0.21541020274162292,0.9744170308113098,-0.01168386172503233,-3.091350555419922,-0.11807625740766525,2.703813076019287,0.00027416832745075226,-0.0004801214672625065,-0.0008547080215066671,0.0,0.0,0.0,0.0,0.0,0.0,-0.588399,0.6276256,10.2577559,0.06981317007977318,0.05235987755982989,-0.05235987755982989,-719.0,318.0,-402.0,1600,1600,1599,1599,0,0,0,0
1763968833.7415855,0.0,0.0,31.83,154.91,-0.06301920115947723,0.21539680659770966,0.9744211435317993,-0.01167185790836811,-3.091350555419922,-0.11807625740766525,2.703813076019287,0.00027416832745075226,-0.0004801214672625065,-0.0008547080215066671,0.0,0.0,0.0,0.0,0.0,0.0,-0.588399,0.6276256,10.2577559,0.06981317007977318,0.05235987755982989,-0.05235987755982989,-719.0,318.0,-402.0,1600,1600,1599,1599,0,0,0,0
1763968833.774998,0.0,0.0,31.83,154.91,-0.06301920115947723,0.21539680659770966,0.9744211435317993,-0.01167185790836811,-3.091350555419922,-0.11807625740766525,2.703813076019287,0.00027416832745075226,-0.0004801214672625065,-0.0008547080215066671,0.0,0.0,0.0,0.0,0.0,0.0,-0.588399,0.6276256,10.2577559,0.06981317007977318,0.05235987755982989,-0.05235987755982989,-719.0,318.0,-402.0,1600,1600,1599,1599,0,0,0,0
1763968833.8084152,0.0,0.0,31.83,154.91,-0.06301920115947723,0.21539680659770966,0.9744211435317993,-0.01167185790836811,-3.091350555419922,-0.11807625740766525,2.703813076019287,0.00027416832745075226,-0.0004801214672625065,-0.0008547080215066671,0.0,0.0,0.0,0.0,0.0,0.0,-0.588399,0.6276256,10.2577559,0.06981317007977318,0.05235987755982989,-0.05235987755982989,-719.0,318.0,-402.0,1600,1600,1599,1599,0,0,0,0
1763968833.8418212,0.0,0.0,31.83,154.91,-0.06301920115947723,0.21539680659770966,0.9744211435317993,-0.01167185790836811,-3.091350555419922,-0.11807625740766525,2.703813076019287,0.00027416832745075226,-0.0004801214672625065,-0.0008547080215066671,0.0,0.0,0.0,0.0,0.0,0.0,-0.588399,0.6276256,10.2577559,0.06981317007977318,0.05235987755982989,-0.05235987755982989,-719.0,318.0,-402.0,1600,1600,1599,1599,0,0,0,0
1763968833.8752227,0.0,0.0,31.83,154.91,-0.06301920115947723,0.21539680659770966,0.9744211435317993,-0.01167185790836811,-3.091350555419922,-0.11807625740766525,2.703813076019287,0.00027416832745075226,-0.0004801214672625065,-0.0008547080215066671,0.0,0.0,0.0,0.0,0.0,0.0,-0.5687857000000001,0.6080123,10.24794925,0.08726646259971647,0.05235987755982989,-0.06981317007977318,-719.0,318.0,-402.0,1600,1600,1599,1599,0,0,0,0
1763968833.908649,0.0,0.0,31.83,154.91,-0.06301920115947723,0.21539680659770966,0.9744211435317993,-0.01167185790836811,-3.0913479328155518,-0.11807020753622055,2.7038216590881348,0.0016608061268925667,-0.000632250215858221,-0.0005260587204247713,0.0,0.0,0.0,0.0,0.0,0.0,-0.5687857000000001,0.6080123,10.24794925,0.08726646259971647,0.05235987755982989,-0.06981317007977318,-719.0,318.0,-402.0,1600,1600,1599,1599,0,0,0,0
1763968833.9420657,0.0,0.0,31.83,154.91,-0.06301649659872055,0.21539269387722015,0.97442227602005,-0.011674097739160061,-3.0913479328155518,-0.11807020753622055,2.7038216590881348,0.0016608061268925667,-0.000632250215858221,-0.0005260587204247713,0.0,0.0,0.0,0.0,0.0,0.0,-0.5687857000000001,0.6080123,10.24794925,0.08726646259971647,0.05235987755982989,-0.06981317007977318,-719.0,318.0,-402.0,1600,1600,1599,1599,0,0,0,0
1763968833.975469,0.0,0.0,32.03,154.91,-0.06301649659872055,0.21539269387722015,0.97442227602005,-0.011674097739160061,-3.0913479328155518,-0.11807020753622055,2.7038216590881348,0.0016608061268925667,-0.000632250215858221,-0.0005260587204247713,0.0,0.0,0.0,0.0,0.0,0.0,-0.5687857000000001,0.6080123,10.24794925,0.08726646259971647,0.05235987755982989,-0.06981317007977318,-719.0,318.0,-402.0,1600,1600,1599,1599,0,0,0,0
1763968834.008864,0.0,0.0,32.03,154.91,-0.06301649659872055,0.21539269387722015,0.97442227602005,-0.011674097739160061,-3.0913479328155518,-0.11807020753622055,2.7038216590881348,0.0016608061268925667,-0.000632250215858221,-0.0005260587204247713,0.0,0.0,0.0,0.0,0.0,0.0,-0.5687857000000001,0.6080123,10.24794925,0.08726646259971647,0.05235987755982989,-0.06981317007977318,-719.0,318.0,-402.0,1600,1600,1599,1599,0,0,0,0
1763968834.0422804,0.0,0.0,32.03,154.91,-0.06301649659872055,0.21539269387722015,0.97442227602005,-0.011674097739160061,-3.0913479328155518,-0.11807020753622055,2.7038216590881348,0.0016608061268925667,-0.000632250215858221,-0.0005260587204247713,0.0,0.0,0.0,0.0,0.0,0.0,-0.5687857000000001,0.6080123,10.24794925,0.08726646259971647,0.05235987755982989,-0.06981317007977318,-719.0,318.0,-402.0,1600,1600,1599,1599,0,0,0,0
1763968834.0756872,0.0,0.0,32.03,154.91,-0.06301649659872055,0.21539269387722015,0.97442227602005,-0.011674097739160061,-3.0913479328155518,-0.11807020753622055,2.7038216590881348,0.0016608061268925667,-0.000632250215858221,-0.0005260587204247713,0.0,0.0,0.0,0.0,0.0,0.0,-0.53936575,0.588399,10.2577559,0.10471975511965978,0.05235987755982989,-0.05235987755982989,-717.0,322.0,-396.0,1600,1600,1599,1599,0,0,0,0
1763968834.1090817,0.0,0.0,32.03,154.91,-0.06301649659872055,0.21539269387722015,0.97442227602005,-0.011674097739160061,-3.0913379192352295,-0.11817269772291183,2.703740119934082,0.000279995147138834,0.000372997485101223,-0.00029646302573382854,0.0,0.0,0.0,0.0,0.0,0.0,-0.53936575,0.588399,10.2577559,0.10471975511965978,0.05235987755982989,-0.05235987755982989,-717.0,322.0,-396.0,1600,1600,1599,1599,0,0,0,0
1763968834.1424823,0.0,0.0,32.03,154.91,-0.0630679726600647,0.21543024480342865,0.9744107127189636,-0.011665306985378265,-3.0913379192352295,-0.11817269772291183,2.703740119934082,0.000279995147138834,0.000372997485101223,-0.00029646302573382854,0.0,0.0,0.0,0.0,0.0,0.0,-0.53936575,0.588399,10.2577559,0.10471975511965978,0.05235987755982989,-0.05235987755982989,-717.0,322.0,-396.0,1600,1600,1599,1599,0,0,0,0
