timestamp,lat,lon,alt,heading,qx,qy,qz,qw,roll,pitch,yaw,roll_rate,pitch_rate,yaw_rate,x,y,z,vx,vy,vz,ax,ay,az,gx,gy,gz,mx,my,mz,servo1_raw,servo2_raw,servo3_raw,servo4_raw,servo5_raw,servo6_raw,servo7_raw,servo8_raw
1763969512.1090593,0.0,0.0,32.14,154.87,-0.06284935772418976,0.2157561331987381,0.9743514657020569,-0.011766341514885426,-3.0912115573883057,-0.11768769472837448,2.70306396484375,-0.0010170727036893368,-0.0005472139455378056,-0.0001271418295800686,0.0,0.0,0.0,0.0,0.0,0.0,-0.5687857000000001,0.6080123,10.24794925,0.06981317007977318,0.08726646259971647,-0.05235987755982989,-715.0,324.0,-404.0,1600,1600,1599,1599,0,0,0,0
1763969512.142486,0.0,0.0,32.14,154.87,-0.06284938007593155,0.21576474606990814,0.9743496179580688,-0.011758485808968544,-3.0912115573883057,-0.11768769472837448,2.70306396484375,-0.0010170727036893368,-0.0005472139455378056,-0.0001271418295800686,0.0,0.0,0.0,0.0,0.0,0.0,-0.5687857000000001,0.6080123,10.24794925,0.06981317007977318,0.08726646259971647,-0.05235987755982989,-715.0,324.0,-404.0,1600,1600,1599,1599,0,0,0,0
1763969512.175878,0.0,0.0,32.14,154.87,-0.06284938007593155,0.21576474606990814,0.9743496179580688,-0.011758485808968544,-3.0912115573883057,-0.11768769472837448,2.70306396484375,-0.0010170727036893368,-0.0005472139455378056,-0.0001271418295800686,0.0,0.0,0.0,0.0,0.0,0.0,-0.5687857000000001,0.6080123,10.24794925,0.06981317007977318,0.08726646259971647,-0.05235987755982989,-715.0,324.0,-404.0,1600,1600,1599,1599,0,0,0,0
1763969512.2092881,0.0,0.0,32.14,154.87,-0.06284938007593155,0.21576474606990814,0.9743496179580688,-0.011758485808968544,-3.0912115573883057,-0.11768769472837448,2.70306396484375,-0.0010170727036893368,-0.0005472139455378056,-0.0001271418295800686,0.0,0.0,0.0,0.0,0.0,0.0,-0.5687857000000001,0.6080123,10.24794925,0.06981317007977318,0.08726646259971647,-0.05235987755982989,-715.0,324.0,-404.0,1600,1600,1599,1599,0,0,0,0
1763969512.2426848,0.0,0.0,32.14,154.87,-0.06284938007593155,0.21576474606990814,0.9743496179580688,-0.011758485808968544,-3.0912115573883057,-0.11768769472837448,2.70306396484375,-0.0010170727036893368,-0.0005472139455378056,-0.0001271418295800686,0.0,0.0,0.0,0.0,0.0,0.0,-0.5687857000000001,0.6080123,10.24794925,0.06981317007977318,0.08726646259971647,-0.05235987755982989,-715.0,324.0,-404.0,1600,1600,1599,1599,0,0,0,0
1763969512.2760813,0.0,0.0,32.14,154.87,-0.06284938007593155,0.21576474606990814,0.9743496179580688,-0.011758485808968544,-3.0912115573883057,-0.11768769472837448,2.70306396484375,-0.0010170727036893368,-0.0005472139455378056,-0.0001271418295800686,0.0,0.0,0.0,0.0,0.0,0.0,-0.55897905,0.6080123,10.24794925,0.06981317007977318,0.05235987755982989,-0.05235987755982989,-715.0,324.0,-404.0,1600,1600,1599,1599,0,0,0,0
1763969512.3094807,0.0,0.0,32.14,154.87,-0.06284938007593155,0.21576474606990814,0.9743496179580688,-0.011758485808968544,-3.0911977291107178,-0.11768532544374466,2.7030537128448486,0.001523899845778942,5.439622327685356e-05,0.0003933347761631012,0.0,0.0,0.0,0.0,0.0,0.0,-0.55897905,0.6080123,10.24794925,0.06981317007977318,0.05235987755982989,-0.05235987755982989,-715.0,324.0,-404.0,1600,1600,1599,1599,0,0,0,0
1763969512.3428767,0.0,0.0,32.14,154.87,-0.06284938007593155,0.21576474606990814,0.9743496179580688,-0.011758485808968544,-3.0911977291107178,-0.11768532544374466,2.7030537128448486,0.001523899845778942,5.439622327685356e-05,0.0003933347761631012,0.0,0.0,0.0,0.0,0.0,0.0,-0.55897905,0.6080123,10.24794925,0.06981317007977318,0.05235987755982989,-0.05235987755982989,-715.0,324.0,-404.0,1600,1600,1599,1599,0,0,0,0
1763969512.3762727,0.0,0.0,32.14,154.87,-0.06284938007593155,0.21576474606990814,0.9743496179580688,-0.011758485808968544,-3.0911977291107178,-0.11768532544374466,2.7030537128448486,0.001523899845778942,5.439622327685356e-05,0.0003933347761631012,0.0,0.0,0.0,0.0,0.0,0.0,-0.5687857000000001,0.61781895,10.2577559,0.10471975511965978,0.06981317007977318,-0.03490658503988659,-715.0,324.0,-404.0,1600,1600,1599,1599,0,0,0,0
1763969512.409664,0.0,0.0,32.14,154.87,-0.06284977495670319,0.21576935052871704,0.9743484854698181,-0.011765168979763985,-3.0911977291107178,-0.11768532544374466,2.7030537128448486,0.001523899845778942,5.439622327685356e-05,0.0003933347761631012,0.0,0.0,0.0,0.0,0.0,0.0,-0.5687857000000001,0.61781895,10.2577559,0.10471975511965978,0.06981317007977318,-0.03490658503988659,-715.0,324.0,-404.0,1600,1600,1599,1599,0,0,0,0
1763969512.443069,0.0,0.0,32.14,154.87,-0.06284977495670319,0.21576935052871704,0.9743484854698181,-0.011765168979763985,-3.0911977291107178,-0.11768532544374466,2.7030537128448486,0.001523899845778942,5.439622327685356e-05,0.0003933347761631012,0.0,0.0,0.0,0.0,0.0,0.0,-0.5687857000000001,0.61781895,10.2577559,0.10471975511965978,0.06981317007977318,-0.03490658503988659,-715.0,324.0,-404.0,1600,1600,1599,1599,0,0,0,0
1763969512.4764657,0.0,0.0,32.14,154.87,-0.06284977495670319,0.21576935052871704,0.9743484854698181,-0.011765168979763985,-3.0911920070648193,-0.11769605427980423,2.70304536819458,-3.154482692480087e-05,0.0009290957823395729,0.0005480898544192314,0.0,0.0,0.0,0.0,0.0,0.0,-0.5687857000000001,0.61781895,10.2577559,0.10471975511965978,0.06981317007977318,-0.03490658503988659,-715.0,324.0,-404.0,1600,1600,1599,1599,0,0,0,0
1763969512.509862,0.0,0.0,32.14,154.87,-0.06285566091537476,0.21577301621437073,0.9743472337722778,-0.011766470037400723,-3.0911920070648193,-0.11769605427980423,2.70304536819458,-3.154482692480087e-05,0.0009290957823395729,0.0005480898544192314,0.0,0.0,0.0,0.0,0.0,0.0,-0.5687857000000001,0.61781895,10.2577559,0.10471975511965978,0.06981317007977318,-0.03490658503988659,-715.0,324.0,-404.0,1600,1600,1599,1599,0,0,0,0
1763969512.5432558,0.0,0.0,32.13,154.87,-0.06285566091537476,0.21577301621437073,0.9743472337722778,-0.011766470037400723,-3.0911920070648193,-0.11769605427980423,2.70304536819458,-3.154482692480087e-05,0.0009290957823395729,0.0005480898544192314,0.0,0.0,0.0,0.0,0.0,0.0,-0.5687857000000001,0.61781895,10.2577559,0.10471975511965978,0.06981317007977318,-0.03490658503988659,-715.0,324.0,-404.0,1600,1600,1599,1599,0,0,0,0
1763969512.5766532,0.0,0.0,32.13,154.87,-0.06285566091537476,0.21577301621437073,0.9743472337722778,-0.011766470037400723,-3.0911920070648193,-0.11769605427980423,2.70304536819458,-3.154482692480087e-05,0.0009290957823395729,0.0005480898544192314,0.0,0.0,0.0,0.0,0.0,0.0,-0.5687857000000001,0.61781895,10.2577559,0.10471975511965978,0.06981317007977318,-0.03490658503988659,-715.0,324.0,-404.0,1600,1600,1599,1599,0,0,0,0
1763969512.6100488,0.0,0.0,32.13,154.87,-0.06285566091537476,0.21577301621437073,0.9743472337722778,-0.011766470037400723,-3.0911920070648193,-0.11769605427980423,2.70304536819458,-3.154482692480087e-05,0.0009290957823395729,0.0005480898544192314,0.0,0.0,0.0,0.0,0.0,0.0,-0.5687857000000001,0.61781895,10.2577559,0.10471975511965978,0.06981317007977318,-0.03490658503988659,-715.0,324.0,-404.0,1600,1600,1599,1599,0,0,0,0
1763969512.6434412,0.0,0.0,32.13,154.87,-0.06285566091537476,0.21577301621437073,0.9743472337722778,-0.011766470037400723,-3.0911920070648193,-0.11769605427980423,2.70304536819458,-3.154482692480087e-05,0.0009290957823395729,0.0005480898544192314,0.0,0.0,0.0,0.0,0.0,0.0,-0.55897905,0.61781895,10.2577559,0.08726646259971647,0.08726646259971647,-0.03490658503988659,-721.0,320.0,-399.0,1600,1600,1599,1599,0,0,0,0
1763969512.6768312,0.0,0.0,32.13,154.87,-0.06285566091537476,0.21577301621437073,0.9743472337722778,-0.011766470037400723,-3.0911715030670166,-0.11770106106996536,2.703068733215332,0.0002799476496875286,-0.0004634689539670944,-5.799555219709873e-05,0.0,0.0,0.0,0.0,0.0,0.0,-0.55897905,0.61781895,10.2577559,0.08726646259971647,0.08726646259971647,-0.03490658503988659,-721.0,320.0,-399.0,1600,1600,1599,1599,0,0,0,0
1763969512.7107825,0.0,0.0,32.13,154.87,-0.06286017596721649,0.21576088666915894,0.9743495583534241,-0.01177667174488306,-3.0911715030670166,-0.11770106106996536,2.703068733215332,0.0002799476496875286,-0.0004634689539670944,-5.799555219709873e-05,0.0,0.0,0.0,0.0,0.0,0.0,-0.55897905,0.61781895,10.2577559,0.08726646259971647,0.08726646259971647,-0.03490658503988659,-721.0,320.0,-399.0,1600,1600,1599,1599,0,0,0,0
1763969512.7441947,0.0,0.0,32.13,154.87,-0.06286017596721649,0.21576088666915894,0.9743495583534241,-0.01177667174488306,-3.0911715030670166,-0.11770106106996536,2.703068733215332,0.0002799476496875286,-0.0004634689539670944,-5.799555219709873e-05,0.0,0.0,0.0,0.0,0.0,0.0,-0.55897905,0.61781895,10.2577559,0.08726646259971647,0.08726646259971647,-0.03490658503988659,-721.0,320.0,-399.0,1600,1600,1599,1599,0,0,0,0
1763969512.7776127,0.0,0.0,32.13,154.87,-0.06286017596721649,0.21576088666915894,0.9743495583534241,-0.01177667174488306,-3.0911715030670166,-0.11770106106996536,2.703068733215332,0.0002799476496875286,-0.0004634689539670944,-5.799555219709873e-05,0.0,0.0,0.0,0.0,0.0,0.0,-0.55897905,0.61781895,10.2577559,0.08726646259971647,0.08726646259971647,-0.03490658503988659,-721.0,320.0,-399.0,1600,1600,1599,1599,0,0,0,0
1763969512.8110306,0.0,0.0,32.13,154.87,-0.06286017596721649,0.21576088666915894,0.9743495583534241,-0.01177667174488306,-3.0911715030670166,-0.11770106106996536,2.703068733215332,0.0002799476496875286,-0.0004634689539670944,-5.799555219709873e-05,0.0,0.0,0.0,0.0,0.0,0.0,-0.55897905,0.61781895,10.2577559,0.08726646259971647,0.08726646259971647,-0.03490658503988659,-721.0,320.0,-399.0,1600,1600,1599,1599,0,0,0,0
1763969512.8444517,0.0,0.0,32.13,154.87,-0.06286017596721649,0.21576088666915894,0.9743495583534241,-0.01177667174488306,-3.0911715030670166,-0.11770106106996536,2.703068733215332,0.0002799476496875286,-0.0004634689539670944,-5.799555219709873e-05,0.0,0.0,0.0,0.0,0.0,0.0,-0.55897905,0.61781895,10.24794925,0.08726646259971647,0.06981317007977318,-0.05235987755982989,-721.0,320.0,-399.0,1600,1600,1599,1599,0,0,0,0
1763969512.8778915,0.0,0.0,32.13,154.87,-0.06286017596721649,0.21576088666915894,0.9743495583534241,-0.01177667174488306,-3.091172456741333,-0.11771894991397858,2.7030787467956543,0.00026585860177874565,-0.00047469232231378555,0.00010713818483054638,0.0,0.0,0.0,0.0,0.0,0.0,-0.55897905,0.61781895,10.24794925,0.08726646259971647,0.06981317007977318,-0.05235987755982989,-721.0,320.0,-399.0,1600,1600,1599,1599,0,0,0,0
1763969512.9113119,0.0,0.0,32.13,154.87,-0.06286872178316116,0.2157556563615799,0.9743502140045166,-0.011774582788348198,-3.091172456741333,-0.11771894991397858,2.7030787467956543,0.00026585860177874565,-0.00047469232231378555,0.00010713818483054638,0.0,0.0,0.0,0.0,0.0,0.0,-0.55897905,0.61781895,10.24794925,0.08726646259971647,0.06981317007977318,-0.05235987755982989,-721.0,320.0,-399.0,1600,1600,1599,1599,0,0,0,0
1763969512.9446983,0.0,0.0,32.13,154.87,-0.06286872178316116,0.2157556563615799,0.9743502140045166,-0.011774582788348198,-3.091172456741333,-0.11771894991397858,2.7030787467956543,0.00026585860177874565,-0.00047469232231378555,0.00010713818483054638,0.0,0.0,0.0,0.0,0.0,0.0,-0.55897905,0.61781895,10.24794925,0.08726646259971647,0.06981317007977318,-0.05235987755982989,-721.0,320.0,-399.0,1600,1600,1599,1599,0,0,0,0
1763969512.9781113,0.0,0.0,32.13,154.87,-0.06286872178316116,0.2157556563615799,0.9743502140045166,-0.011774582788348198,-3.091172456741333,-0.11771894991397858,2.7030787467956543,0.00026585860177874565,-0.00047469232231378555,0.00010713818483054638,0.0,0.0,0.0,0.0,0.0,0.0,-0.55897905,0.61781895,10.24794925,0.08726646259971647,0.06981317007977318,-0.05235987755982989,-721.0,320.0,-399.0,1600,1600,1599,1599,0,0,0,0
1763969513.0115187,0.0,0.0,32.13,154.87,-0.06286872178316116,0.2157556563615799,0.9743502140045166,-0.011774582788348198,-3.091172456741333,-0.11771894991397858,2.7030787467956543,0.00026585860177874565,-0.00047469232231378555,0.00010713818483054638,0.0,0.0,0.0,0.0,0.0,0.0,-0.55897905,0.61781895,10.2577559,0.08726646259971647,0.06981317007977318,-0.05235987755982989,-721.0,320.0,-399.0,1600,1600,1599,1599,0,0,0,0
1763969513.0449216,0.0,0.0,32.13,154.87,-0.06286872178316116,0.2157556563615799,0.9743502140045166,-0.011774582788348198,-3.0911643505096436,-0.11772086471319199,2.7030863761901855,3.458699211478233e-05,0.0004472509026527405,0.0011597382836043835,0.0,0.0,0.0,0.0,0.0,0.0,-0.55897905,0.61781895,10.2577559,0.08726646259971647,0.06981317007977318,-0.05235987755982989,-721.0,320.0,-399.0,1600,1600,1599,1599,0,0,0,0
1763969513.078325,0.0,0.0,32.13,154.87,-0.06287048757076263,0.21575167775154114,0.9743510484695435,-0.01177858468145132,-3.0911643505096436,-0.11772086471319199,2.7030863761901855,3.458699211478233e-05,0.0004472509026527405,0.0011597382836043835,0.0,0.0,0.0,0.0,0.0,0.0,-0.55897905,0.61781895,10.2577559,0.08726646259971647,0.06981317007977318,-0.05235987755982989,-721.0,320.0,-399.0,1600,1600,1599,1599,0,0,0,0
1763969513.1117191,0.0,0.0,32.24,154.87,-0.06287048757076263,0.21575167775154114,0.9743510484695435,-0.01177858468145132,-3.0911643505096436,-0.11772086471319199,2.7030863761901855,3.458699211478233e-05,0.0004472509026527405,0.0011597382836043835,0.0,0.0,0.0,0.0,0.0,0.0,-0.55897905,0.61781895,10.2577559,0.08726646259971647,0.06981317007977318,-0.05235987755982989,-721.0,320.0,-399.0,1600,1600,1599,1599,0,0,0,0
1763969513.1451125,0.0,0.0,32.24,154.87,-0.06287048757076263,0.21575167775154114,0.9743510484695435,-0.01177858468145132,-3.0911643505096436,-0.11772086471319199,2.7030863761901855,3.458699211478233e-05,0.0004472509026527405,0.0011597382836043835,0.0,0.0,0.0,0.0,0.0,0.0,-0.55897905,0.61781895,10.2577559,0.08726646259971647,0.06981317007977318,-0.05235987755982989,-721.0,320.0,-399.0,1600,1600,1599,1599,0,0,0,0
1763969513.1785088,0.0,0.0,32.24,154.87,-0.06287048757076263,0.21575167775154114,0.9743510484695435,-0.01177858468145132,-3.0911643505096436,-0.11772086471319199,2.7030863761901855,3.458699211478233e-05,0.0004472509026527405,0.0011597382836043835,0.0,0.0,0.0,0.0,0.0,0.0,-0.55897905,0.6080123,10.2577559,0.08726646259971647,0.06981317007977318,-0.017453292519943295,-718.0,322.0,-397.0,1600,1600,1599,1599,0,0,0,0
1763969513.2119155,0.0,0.0,32.24,154.87,-0.06287048757076263,0.21575167775154114,0.9743510484695435,-0.01177858468145132,-3.091163396835327,-0.11774349212646484,2.7030839920043945,-0.0008275401778519154,0.0007420675829052925,0.000218286644667387,0.0,0.0,0.0,0.0,0.0,0.0,-0.55897905,0.6080123,10.2577559,0.08726646259971647,0.06981317007977318,-0.017453292519943295,-718.0,322.0,-397.0,1600,1600,1599,1599,0,0,0,0
1763969513.2453268,0.0,0.0,32.24,154.87,-0.06288161128759384,0.21575240790843964,0.974350094795227,-0.011776466853916645,-3.091163396835327,-0.11774349212646484,2.7030839920043945,-0.0008275401778519154,0.0007420675829052925,0.000218286644667387,0.0,0.0,0.0,0.0,0.0,0.0,-0.55897905,0.6080123,10.2577559,0.08726646259971647,0.06981317007977318,-0.017453292519943295,-718.0,322.0,-397.0,1600,1600,1599,1599,0,0,0,0
1763969513.278743,0.0,0.0,32.24,154.87,-0.06288161128759384,0.21575240790843964,0.974350094795227,-0.011776466853916645,-3.091163396835327,-0.11774349212646484,2.7030839920043945,-0.0008275401778519154,0.0007420675829052925,0.000218286644667387,0.0,0.0,0.0,0.0,0.0,0.0,-0.55897905,0.6080123,10.2577559,0.08726646259971647,0.06981317007977318,-0.017453292519943295,-718.0,322.0,-397.0,1600,1600,1599,1599,0,0,0,0
1763969513.3121605,0.0,0.0,32.24,154.87,-0.06288161128759384,0.21575240790843964,0.974350094795227,-0.011776466853916645,-3.091163396835327,-0.11774349212646484,2.7030839920043945,-0.0008275401778519154,0.0007420675829052925,0.000218286644667387,0.0,0.0,0.0,0.0,0.0,0.0,-0.55897905,0.6080123,10.2577559,0.08726646259971647,0.06981317007977318,-0.017453292519943295,-718.0,322.0,-397.0,1600,1600,1599,1599,0,0,0,0
1763969513.3455772,0.0,0.0,32.24,154.87,-0.06288161128759384,0.21575240790843964,0.974350094795227,-0.011776466853916645,-3.091163396835327,-0.11774349212646484,2.7030839920043945,-0.0008275401778519154,0.0007420675829052925,0.000218286644667387,0.0,0.0,0.0,0.0,0.0,0.0,-0.5687857000000001,0.61781895,10.2577559,0.06981317007977318,0.08726646259971647,-0.03490658503988659,-718.0,322.0,-397.0,1600,1600,1599,1599,0,0,0,0
1763969513.3799431,0.0,0.0,32.24,154.87,-0.06288161128759384,0.21575240790843964,0.974350094795227,-0.011776466853916645,-3.091176748275757,-0.1177436038851738,2.703092098236084,-1.2543518096208572e-05,-0.0007548534777015448,-1.606391742825508e-05,0.0,0.0,0.0,0.0,0.0,0.0,-0.5687857000000001,0.61781895,10.2577559,0.06981317007977318,0.08726646259971647,-0.03490658503988659,-718.0,322.0,-397.0,1600,1600,1599,1599,0,0,0,0
1763969513.4133713,0.0,0.0,32.24,154.87,-0.06288019567728043,0.2157488763332367,0.9743511080741882,-0.01177024282515049,-3.091176748275757,-0.1177436038851738,2.703092098236084,-1.2543518096208572e-05,-0.0007548534777015448,-1.606391742825508e-05,0.0,0.0,0.0,0.0,0.0,0.0,-0.5687857000000001,0.61781895,10.2577559,0.06981317007977318,0.08726646259971647,-0.03490658503988659,-718.0,322.0,-397.0,1600,1600,1599,1599,0,0,0,0
1763969513.4467893,0.0,0.0,32.24,154.87,-0.06288019567728043,0.2157488763332367,0.9743511080741882,-0.01177024282515049,-3.091176748275757,-0.1177436038851738,2.703092098236084,-1.2543518096208572e-05,-0.0007548534777015448,-1.606391742825508e-05,0.0,0.0,0.0,0.0,0.0,0.0,-0.5687857000000001,0.61781895,10.2577559,0.06981317007977318,0.08726646259971647,-0.03490658503988659,-718.0,322.0,-397.0,1600,1600,1599,1599,0,0,0,0
1763969513.4802117,0.0,0.0,32.24,154.87,-0.06288019567728043,0.2157488763332367,0.9743511080741882,-0.01177024282515049,-3.091176748275757,-0.1177436038851738,2.703092098236084,-1.2543518096208572e-05,-0.0007548534777015448,-1.606391742825508e-05,0.0,0.0,0.0,0.0,0.0,0.0,-0.5687857000000001,0.61781895,10.2577559,0.06981317007977318,0.08726646259971647,-0.03490658503988659,-718.0,322.0,-397.0,1600,1600,1599,1599,0,0,0,0
1763969513.5136342,0.0,0.0,32.24,154.87,-0.06288019567728043,0.2157488763332367,0.9743511080741882,-0.01177024282515049,-3.091176748275757,-0.1177436038851738,2.703092098236084,-1.2543518096208572e-05,-0.0007548534777015448,-1.606391742825508e-05,0.0,0.0,0.0,0.0,0.0,0.0,-0.5687857000000001,0.61781895,10.24794925,0.08726646259971647,0.05235987755982989,-0.05235987755982989,-718.0,322.0,-397.0,1600,1600,1599,1599,0,0,0,0
1763969513.5470502,0.0,0.0,32.24,154.87,-0.06288019567728043,0.2157488763332367,0.9743511080741882,-0.01177024282515049,-3.0911803245544434,-0.11773909628391266,2.7030997276306152,0.00013175001367926598,0.0005263034254312515,-0.0006655070465058088,0.0,0.0,0.0,0.0,0.0,0.0,-0.5687857000000001,0.61781895,10.24794925,0.08726646259971647,0.05235987755982989,-0.05235987755982989,-718.0,322.0,-397.0,1600,1600,1599,1599,0,0,0,0
1763969513.5804636,0.0,0.0,32.24,154.87,-0.06288019567728043,0.2157488763332367,0.9743511080741882,-0.01177024282515049,-3.0911803245544434,-0.11773909628391266,2.7030997276306152,0.00013175001367926598,0.0005263034254312515,-0.0006655070465058088,0.0,0.0,0.0,0.0,0.0,0.0,-0.5687857000000001,0.61781895,10.24794925,0.08726646259971647,0.05235987755982989,-0.05235987755982989,-718.0,322.0,-397.0,1600,1600,1599,1599,0,0,0,0
1763969513.6138835,0.0,0.0,32.24,154.87,-0.06287754327058792,0.21574531495571136,0.9743520617485046,-0.011769126169383526,-3.0911803245544434,-0.11773909628391266,2.7030997276306152,0.00013175001367926598,0.0005263034254312515,-0.0006655070465058088,0.0,0.0,0.0,0.0,0.0,0.0,-0.5687857000000001,0.61781895,10.24794925,0.08726646259971647,0.05235987755982989,-0.05235987755982989,-718.0,322.0,-397.0,1600,1600,1599,1599,0,0,0,0
1763969513.6472983,0.0,0.0,32.24,154.87,-0.06287754327058792,0.21574531495571136,0.9743520617485046,-0.011769126169383526,-3.0911803245544434,-0.11773909628391266,2.7030997276306152,0.00013175001367926598,0.0005263034254312515,-0.0006655070465058088,0.0,0.0,0.0,0.0,0.0,0.0,-0.55897905,0.6080123,10.24794925,0.08726646259971647,0.08726646259971647,-0.05235987755982989,-716.0,318.0,-402.0,1600,1600,1599,1599,0,0,0,0
1763969513.6807134,0.0,0.0,32.18,154.87,-0.06287754327058792,0.21574531495571136,0.9743520617485046,-0.011769126169383526,-3.0911803245544434,-0.11773909628391266,2.7030997276306152,0.00013175001367926598,0.0005263034254312515,-0.0006655070465058088,0.0,0.0,0.0,0.0,0.0,0.0,-0.55897905,0.6080123,10.24794925,0.08726646259971647,0.08726646259971647,-0.05235987755982989,-716.0,318.0,-402.0,1600,1600,1599,1599,0,0,0,0
1763969513.7141345,0.0,0.0,32.18,154.87,-0.06287754327058792,0.21574531495571136,0.9743520617485046,-0.011769126169383526,-3.091174840927124,-0.11774042248725891,2.7031233310699463,0.0012278524227440357,-0.0003891894593834877,-0.0010363950859755278,0.0,0.0,0.0,0.0,0.0,0.0,-0.55897905,0.6080123,10.24794925,0.08726646259971647,0.08726646259971647,-0.05235987755982989,-716.0,318.0,-402.0,1600,1600,1599,1599,0,0,0,0
1763969513.747548,0.0,0.0,32.18,154.87,-0.06287866085767746,0.21573364734649658,0.9743545055389404,-0.01177246030420065,-3.091174840927124,-0.11774042248725891,2.7031233310699463,0.0012278524227440357,-0.0003891894593834877,-0.0010363950859755278,0.0,0.0,0.0,0.0,0.0,0.0,-0.55897905,0.6080123,10.24794925,0.08726646259971647,0.08726646259971647,-0.05235987755982989,-716.0,318.0,-402.0,1600,1600,1599,1599,0,0,0,0
1763969513.7809634,0.0,0.0,32.18,154.87,-0.06287866085767746,0.21573364734649658,0.9743545055389404,-0.01177246030420065,-3.091174840927124,-0.11774042248725891,2.7031233310699463,0.0012278524227440357,-0.0003891894593834877,-0.0010363950859755278,0.0,0.0,0.0,0.0,0.0,0.0,-0.55897905,0.6080123,10.24794925,0.08726646259971647,0.08726646259971647,-0.05235987755982989,-716.0,318.0,-402.0,1600,1600,1599,1599,0,0,0,0
1763969513.814378,0.0,0.0,32.18,154.87,-0.06287866085767746,0.21573364734649658,0.9743545055389404,-0.01177246030420065,-3.091174840927124,-0.11774042248725891,2.7031233310699463,0.0012278524227440357,-0.0003891894593834877,-0.0010363950859755278,0.0,0.0,0.0,0.0,0.0,0.0,-0.55897905,0.6080123,10.24794925,0.08726646259971647,0.08726646259971647,-0.05235987755982989,-716.0,318.0,-402.0,1600,1600,1599,1599,0,0,0,0
1763969513.847793,0.0,0.0,32.18,154.87,-0.06287866085767746,0.21573364734649658,0.9743545055389404,-0.01177246030420065,-3.091174840927124,-0.11774042248725891,2.7031233310699463,0.0012278524227440357,-0.0003891894593834877,-0.0010363950859755278,0.0,0.0,0.0,0.0,0.0,0.0,-0.55897905,0.61781895,10.2577559,0.10471975511965978,0.06981317007977318,-0.06981317007977318,-716.0,318.0,-402.0,1600,1600,1599,1599,0,0,0,0
1763969513.8812041,0.0,0.0,32.18,154.87,-0.06287866085767746,0.21573364734649658,0.9743545055389404,-0.01177246030420065,-3.0911591053009033,-0.11774581670761108,2.703125,0.0007339599542319775,-0.0009839015547186136,0.0005887304432690144,0.0,0.0,0.0,0.0,0.0,0.0,-0.55897905,0.61781895,10.2577559,0.10471975511965978,0.06981317007977318,-0.06981317007977318,-716.0,318.0,-402.0,1600,1600,1599,1599,0,0,0,0
1763969513.9146202,0.0,0.0,32.18,154.87,-0.06288296729326248,0.2157321572303772,0.9743545055389404,-0.011779584921896458,-3.0911591053009033,-0.11774581670761108,2.703125,0.0007339599542319775,-0.0009839015547186136,0.0005887304432690144,0.0,0.0,0.0,0.0,0.0,0.0,-0.55897905,0.61781895,10.2577559,0.10471975511965978,0.06981317007977318,-0.06981317007977318,-716.0,318.0,-402.0,1600,1600,1599,1599,0,0,0,0
1763969513.948034,0.0,0.0,32.18,154.87,-0.06288296729326248,0.2157321572303772,0.9743545055389404,-0.011779584921896458,-3.0911591053009033,-0.11774581670761108,2.703125,0.0007339599542319775,-0.0009839015547186136,0.0005887304432690144,0.0,0.0,0.0,0.0,0.0,0.0,-0.55897905,0.61781895,10.2577559,0.10471975511965978,0.06981317007977318,-0.06981317007977318,-716.0,318.0,-402.0,1600,1600,1599,1599,0,0,0,0
1763969513.9814599,0.0,0.0,32.18,154.87,-0.06288296729326248,0.2157321572303772,0.9743545055389404,-0.011779584921896458,-3.0911591053009033,-0.11774581670761108,2.703125,0.0007339599542319775,-0.0009839015547186136,0.0005887304432690144,0.0,0.0,0.0,0.0,0.0,0.0,-0.55897905,0.61781895,10.2577559,0.10471975511965978,0.06981317007977318,-0.06981317007977318,-716.0,318.0,-402.0,1600,1600,1599,1599,0,0,0,0
1763969514.0148737,0.0,0.0,32.18,154.87,-0.06288296729326248,0.2157321572303772,0.9743545055389404,-0.011779584921896458,-3.0911591053009033,-0.11774581670761108,2.703125,0.0007339599542319775,-0.0009839015547186136,0.0005887304432690144,0.0,0.0,0.0,0.0,0.0,0.0,-0.55897905,0.61781895,10.2577559,0.10471975511965978,0.06981317007977318,-0.06981317007977318,-716.0,318.0,-402.0,1600,1600,1599,1599,0,0,0,0
1763969514.0482883,0.0,0.0,32.18,154.87,-0.06288296729326248,0.2157321572303772,0.9743545055389404,-0.011779584921896458,-3.0911591053009033,-0.11774581670761108,2.703125,0.0007339599542319775,-0.0009839015547186136,0.0005887304432690144,0.0,0.0,0.0,0.0,0.0,0.0,-0.55897905,0.61781895,10.24794925,0.10471975511965978,0.05235987755982989,-0.03490658503988659,-716.0,318.0,-402.0,1600,1600,1599,1599,0,0,0,0
1763969514.081701,0.0,0.0,32.18,154.87,-0.06288296729326248,0.2157321572303772,0.9743545055389404,-0.011779584921896458,-3.091163396835327,-0.11772824823856354,2.703123092651367,0.001174336764961481,-0.0006680099759250879,0.0012668466661125422,0.0,0.0,0.0,0.0,0.0,0.0,-0.55897905,0.61781895,10.24794925,0.10471975511965978,0.05235987755982989,-0.03490658503988659,-716.0,318.0,-402.0,1600,1600,1599,1599,0,0,0,0
1763969514.1151173,0.0,0.0,32.18,154.87,-0.0628739595413208,0.21573366224765778,0.9743547439575195,-0.011779343709349632,-3.091163396835327,-0.11772824823856354,2.703123092651367,0.001174336764961481,-0.0006680099759250879,0.0012668466661125422,0.0,0.0,0.0,0.0,0.0,0.0,-0.55897905,0.61781895,10.24794925,0.10471975511965978,0.05235987755982989,-0.03490658503988659,-716.0,318.0,-402.0,1600,1600,1599,1599,0,0,0,0
1763969514.1485431,0.0,0.0,32.1,154.87,-0.0628739595413208,0.21573366224765778,0.9743547439575195,-0.011779343709349632,-3.091163396835327,-0.11772824823856354,2.703123092651367,0.001174336764961481,-0.0006680099759250879,0.0012668466661125422,0.0,0.0,0.0,0.0,0.0,0.0,-0.55897905,0.61781895,10.24794925,0.10471975511965978,0.05235987755982989,-0.03490658503988659,-716.0,318.0,-402.0,1600,1600,1599,1599,0,0,0,0
1763969514.181956,0.0,0.0,32.1,154.87,-0.0628739595413208,0.21573366224765778,0.9743547439575195,-0.011779343709349632,-3.091163396835327,-0.11772824823856354,2.703123092651367,0.001174336764961481,-0.0006680099759250879,0.0012668466661125422,0.0,0.0,0.0,0.0,0.0,0.0,-0.55897905,0.61781895,10.24794925,0.10471975511965978,0.05235987755982989,-0.03490658503988659,-716.0,318.0,-402.0,1600,1600,1599,1599,0,0,0,0
1763969514.2153575,0.0,0.0,32.1,154.87,-0.0628739595413208,0.21573366224765778,0.9743547439575195,-0.011779343709349632,-3.091163396835327,-0.11772824823856354,2.703123092651367,0.001174336764961481,-0.0006680099759250879,0.0012668466661125422,0.0,0.0,0.0,0.0,0.0,0.0,-0.55897905,0.61781895,10.24794925,0.10471975511965978,0.05235987755982989,-0.03490658503988659,-716.0,318.0,-402.0,1600,1600,1599,1599,0,0,0,0
1763969514.2487593,0.0,0.0,32.1,154.87,-0.0628739595413208,0.21573366224765778,0.9743547439575195,-0.011779343709349632,-3.091163396835327,-0.11772824823856354,2.703123092651367,0.001174336764961481,-0.0006680099759250879,0.0012668466661125422,0.0,0.0,0.0,0.0,0.0,0.0,-0.5687857000000001,0.61781895,10.24794925,0.10471975511965978,0.05235987755982989,-0.017453292519943295,-717.0,323.0,-403.0,1600,1600,1599,1599,0,0,0,0
1763969514.282153,0.0,0.0,32.1,154.87,-0.0628739595413208,0.21573366224765778,0.9743547439575195,-0.011779343709349632,-3.0911667346954346,-0.11770938336849213,2.703113317489624,0.0010958323255181313,-0.0008365544490516186,-0.0005726173985749483,0.0,0.0,0.0,0.0,0.0,0.0,-0.5687857000000001,0.61781895,10.24794925,0.10471975511965978,0.05235987755982989,-0.017453292519943295,-717.0,323.0,-403.0,1600,1600,1599,1599,0,0,0,0
1763969514.315547,0.0,0.0,32.1,154.87,-0.06286447495222092,0.21573884785175323,0.9743541479110718,-0.0117794806137681,-3.0911667346954346,-0.11770938336849213,2.703113317489624,0.0010958323255181313,-0.0008365544490516186,-0.0005726173985749483,0.0,0.0,0.0,0.0,0.0,0.0,-0.5687857000000001,0.61781895,10.24794925,0.10471975511965978,0.05235987755982989,-0.017453292519943295,-717.0,323.0,-403.0,1600,1600,1599,1599,0,0,0,0
1763969514.3489382,0.0,0.0,32.1,154.87,-0.06286447495222092,0.21573884785175323,0.9743541479110718,-0.0117794806137681,-3.0911667346954346,-0.11770938336849213,2.703113317489624,0.0010958323255181313,-0.0008365544490516186,-0.0005726173985749483,0.0,0.0,0.0,0.0,0.0,0.0,-0.5687857000000001,0.61781895,10.24794925,0.10471975511965978,0.05235987755982989,-0.017453292519943295,-717.0,323.0,-403.0,1600,1600,1599,1599,0,0,0,0
1763969514.3823311,0.0,0.0,32.1,154.87,-0.06286447495222092,0.21573884785175323,0.9743541479110718,-0.0117794806137681,-3.0911667346954346,-0.11770938336849213,2.703113317489624,0.0010958323255181313,-0.0008365544490516186,-0.0005726173985749483,0.0,0.0,0.0,0.0,0.0,0.0,-0.5687857000000001,0.61781895,10.24794925,0.10471975511965978,0.05235987755982989,-0.017453292519943295,-717.0,323.0,-403.0,1600,1600,1599,1599,0,0,0,0
1763969514.4157214,0.0,0.0,32.1,154.87,-0.06286447495222092,0.21573884785175323,0.9743541479110718,-0.0117794806137681,-3.0911667346954346,-0.11770938336849213,2.703113317489624,0.0010958323255181313,-0.0008365544490516186,-0.0005726173985749483,0.0,0.0,0.0,0.0,0.0,0.0,-0.5687857000000001,0.61781895,10.24794925,0.10471975511965978,0.05235987755982989,-0.017453292519943295,-717.0,323.0,-403.0,1600,1600,1599,1599,0,0,0,0
1763969514.4491143,0.0,0.0,32.1,154.87,-0.06286447495222092,0.21573884785175323,0.9743541479110718,-0.0117794806137681,-3.0911667346954346,-0.11770938336849213,2.703113317489624,0.0010958323255181313,-0.0008365544490516186,-0.0005726173985749483,0.0,0.0,0.0,0.0,0.0,0.0,-0.5687857000000001,0.61781895,10.24794925,0.10471975511965978,0.05235987755982989,-0.05235987755982989,-717.0,323.0,-403.0,1600,1600,1599,1599,0,0,0,0
1763969514.4825053,0.0,0.0,32.1,154.87,-0.06286447495222092,0.21573884785175323,0.9743541479110718,-0.0117794806137681,-3.091163396835327,-0.11773118376731873,2.7030832767486572,-0.0004686014726758003,0.0009540393948554993,0.0004061940126121044,0.0,0.0,0.0,0.0,0.0,0.0,-0.5687857000000001,0.61781895,10.24794925,0.10471975511965978,0.05235987755982989,-0.05235987755982989,-717.0,323.0,-403.0,1600,1600,1599,1599,0,0,0,0
1763969514.5159073,0.0,0.0,32.1,154.87,-0.06287562102079391,0.21575291454792023,0.9743503332138062,-0.011777774430811405,-3.091163396835327,-0.11773118376731873,2.7030832767486572,-0.0004686014726758003,0.0009540393948554993,0.0004061940126121044,0.0,0.0,0.0,0.0,0.0,0.0,-0.5687857000000001,0.61781895,10.24794925,0.10471975511965978,0.05235987755982989,-0.05235987755982989,-717.0,323.0,-403.0,1600,1600,1599,1599,0,0,0,0
1763969514.549303,0.0,0.0,32.1,154.87,-0.06287562102079391,0.21575291454792023,0.9743503332138062,-0.011777774430811405,-3.091163396835327,-0.11773118376731873,2.7030832767486572,-0.0004686014726758003,0.0009540393948554993,0.0004061940126121044,0.0,0.0,0.0,0.0,0.0,0.0,-0.5687857000000001,0.61781895,10.24794925,0.10471975511965978,0.05235987755982989,-0.05235987755982989,-717.0,323.0,-403.0,1600,1600,1599,1599,0,0,0,0
1763969514.582696,0.0,0.0,32.1,154.87,-0.06287562102079391,0.21575291454792023,0.9743503332138062,-0.011777774430811405,-3.091163396835327,-0.11773118376731873,2.7030832767486572,-0.0004686014726758003,0.0009540393948554993,0.0004061940126121044,0.0,0.0,0.0,0.0,0.0,0.0,-0.5687857000000001,0.61781895,10.24794925,0.10471975511965978,0.05235987755982989,-0.05235987755982989,-717.0,323.0,-403.0,1600,1600,1599,1599,0,0,0,0
1763969514.6160867,0.0,0.0,32.1,154.87,-0.06287562102079391,0.21575291454792023,0.9743503332138062,-0.011777774430811405,-3.091163396835327,-0.11773118376731873,2.7030832767486572,-0.0004686014726758003,0.0009540393948554993,0.0004061940126121044,0.0,0.0,0.0,0.0,0.0,0.0,-0.55897905,0.6080123,10.2577559,0.06981317007977318,0.08726646259971647,-0.03490658503988659,-717.0,323.0,-403.0,1600,1600,1599,1599,0,0,0,0
1763969514.6494784,0.0,0.0,32.1,154.87,-0.06287562102079391,0.21575291454792023,0.9743503332138062,-0.011777774430811405,-3.091165781021118,-0.1177465096116066,2.703080892562866,0.0010877838358283043,0.0007590269669890404,-0.00020808284170925617,0.0,0.0,0.0,0.0,0.0,0.0,-0.55897905,0.6080123,10.2577559,0.06981317007977318,0.08726646259971647,-0.03490658503988659,-717.0,323.0,-403.0,1600,1600,1599,1599,0,0,0,0
1763969514.6828697,0.0,0.0,32.1,154.87,-0.06288285553455353,0.21575391292572021,0.9743496775627136,-0.01177489198744297,-3.091165781021118,-0.1177465096116066,2.703080892562866,0.0010877838358283043,0.0007590269669890404,-0.00020808284170925617,0.0,0.0,0.0,0.0,0.0,0.0,-0.55897905,0.6080123,10.2577559,0.06981317007977318,0.08726646259971647,-0.03490658503988659,-717.0,323.0,-403.0,1600,1600,1599,1599,0,0,0,0
1763969514.7162607,0.0,0.0,32.1,154.87,-0.06288285553455353,0.21575391292572021,0.9743496775627136,-0.01177489198744297,-3.091165781021118,-0.1177465096116066,2.703080892562866,0.0010877838358283043,0.0007590269669890404,-0.00020808284170925617,0.0,0.0,0.0,0.0,0.0,0.0,-0.55897905,0.6080123,10.2577559,0.06981317007977318,0.08726646259971647,-0.03490658503988659,-717.0,323.0,-403.0,1600,1600,1599,1599,0,0,0,0
1763969514.7496612,0.0,0.0,32.18,154.87,-0.06288285553455353,0.21575391292572021,0.9743496775627136,-0.01177489198744297,-3.091165781021118,-0.1177465096116066,2.703080892562866,0.0010877838358283043,0.0007590269669890404,-0.00020808284170925617,0.0,0.0,0.0,0.0,0.0,0.0,-0.55897905,0.6080123,10.2577559,0.06981317007977318,0.08726646259971647,-0.03490658503988659,-717.0,323.0,-403.0,1600,1600,1599,1599,0,0,0,0
1763969514.7830558,0.0,0.0,32.18,154.87,-0.06288285553455353,0.21575391292572021,0.9743496775627136,-0.01177489198744297,-3.091165781021118,-0.1177465096116066,2.703080892562866,0.0010877838358283043,0.0007590269669890404,-0.00020808284170925617,0.0,0.0,0.0,0.0,0.0,0.0,-0.55897905,0.61781895,10.2577559,0.10471975511965978,0.08726646259971647,-0.05235987755982989,-716.0,321.0,-403.0,1600,1600,1599,1599,0,0,0,0
1763969514.8164454,0.0,0.0,32.18,154.87,-0.06288285553455353,0.21575391292572021,0.9743496775627136,-0.01177489198744297,-3.091146945953369,-0.11776511371135712,2.7030787467956543,-0.00031156884506344795,0.0007701646536588669,-0.00012264912948012352,0.0,0.0,0.0,0.0,0.0,0.0,-0.55897905,0.61781895,10.2577559,0.10471975511965978,0.08726646259971647,-0.05235987755982989,-716.0,321.0,-403.0,1600,1600,1599,1599,0,0,0,0
1763969514.8498473,0.0,0.0,32.18,154.87,-0.06289394944906235,0.2157539576292038,0.9743489027023315,-0.011781997047364712,-3.091146945953369,-0.11776511371135712,2.7030787467956543,-0.00031156884506344795,0.0007701646536588669,-0.00012264912948012352,0.0,0.0,0.0,0.0,0.0,0.0,-0.55897905,0.61781895,10.2577559,0.10471975511965978,0.08726646259971647,-0.05235987755982989,-716.0,321.0,-403.0,1600,1600,1599,1599,0,0,0,0
1763969514.883243,0.0,0.0,32.18,154.87,-0.06289394944906235,0.2157539576292038,0.9743489027023315,-0.011781997047364712,-3.091146945953369,-0.11776511371135712,2.7030787467956543,-0.00031156884506344795,0.0007701646536588669,-0.00012264912948012352,0.0,0.0,0.0,0.0,0.0,0.0,-0.55897905,0.61781895,10.2577559,0.10471975511965978,0.08726646259971647,-0.05235987755982989,-716.0,321.0,-403.0,1600,1600,1599,1599,0,0,0,0
1763969514.9166338,0.0,0.0,32.18,154.87,-0.06289394944906235,0.2157539576292038,0.9743489027023315,-0.011781997047364712,-3.091146945953369,-0.11776511371135712,2.7030787467956543,-0.00031156884506344795,0.0007701646536588669,-0.00012264912948012352,0.0,0.0,0.0,0.0,0.0,0.0,-0.55897905,0.61781895,10.2577559,0.10471975511965978,0.08726646259971647,-0.05235987755982989,-716.0,321.0,-403.0,1600,1600,1599,1599,0,0,0,0
1763969514.9500256,0.0,0.0,32.18,154.87,-0.06289394944906235,0.2157539576292038,0.9743489027023315,-0.011781997047364712,-3.091146945953369,-0.11776511371135712,2.7030787467956543,-0.00031156884506344795,0.0007701646536588669,-0.00012264912948012352,0.0,0.0,0.0,0.0,0.0,0.0,-0.5687857000000001,0.61781895,10.24794925,0.08726646259971647,0.08726646259971647,-0.05235987755982989,-716.0,321.0,-403.0,1600,1600,1599,1599,0,0,0,0
1763969514.983417,0.0,0.0,32.18,154.87,-0.06289394944906235,0.2157539576292038,0.9743489027023315,-0.011781997047364712,-3.091141939163208,-0.11777553707361221,2.7030701637268066,-0.0005026077851653099,0.0017048139125108719,0.0005225366912782192,0.0,0.0,0.0,0.0,0.0,0.0,-0.5687857000000001,0.61781895,10.24794925,0.08726646259971647,0.08726646259971647,-0.05235987755982989,-716.0,321.0,-403.0,1600,1600,1599,1599,0,0,0,0
1763969515.0168238,0.0,0.0,32.18,154.87,-0.06289961189031601,0.21575786173343658,0.974347710609436,-0.011782978661358356,-3.091141939163208,-0.11777553707361221,2.7030701637268066,-0.0005026077851653099,0.0017048139125108719,0.0005225366912782192,0.0,0.0,0.0,0.0,0.0,0.0,-0.5687857000000001,0.61781895,10.24794925,0.08726646259971647,0.08726646259971647,-0.05235987755982989,-716.0,321.0,-403.0,1600,1600,1599,1599,0,0,0,0
1763969515.050223,0.0,0.0,32.18,154.87,-0.06289961189031601,0.21575786173343658,0.974347710609436,-0.011782978661358356,-3.091141939163208,-0.11777553707361221,2.7030701637268066,-0.0005026077851653099,0.0017048139125108719,0.0005225366912782192,0.0,0.0,0.0,0.0,0.0,0.0,-0.5687857000000001,0.61781895,10.24794925,0.08726646259971647,0.08726646259971647,-0.05235987755982989,-716.0,321.0,-403.0,1600,1600,1599,1599,0,0,0,0
1763969515.083614,0.0,0.0,32.18,154.87,-0.06289961189031601,0.21575786173343658,0.974347710609436,-0.011782978661358356,-3.091141939163208,-0.11777553707361221,2.7030701637268066,-0.0005026077851653099,0.0017048139125108719,0.0005225366912782192,0.0,0.0,0.0,0.0,0.0,0.0,-0.5687857000000001,0.61781895,10.24794925,0.08726646259971647,0.08726646259971647,-0.05235987755982989,-716.0,321.0,-403.0,1600,1600,1599,1599,0,0,0,0
1763969515.1170068,0.0,0.0,32.18,154.87,-0.06289961189031601,0.21575786173343658,0.974347710609436,-0.011782978661358356,-3.091141939163208,-0.11777553707361221,2.7030701637268066,-0.0005026077851653099,0.0017048139125108719,0.0005225366912782192,0.0,0.0,0.0,0.0,0.0,0.0,-0.5687857000000001,0.61781895,10.24794925,0.06981317007977318,0.10471975511965978,-0.03490658503988659,-716.0,321.0,-403.0,1600,1600,1599,1599,0,0,0,0
1763969515.150396,0.0,0.0,32.18,154.87,-0.06289961189031601,0.21575786173343658,0.974347710609436,-0.011782978661358356,-3.091141939163208,-0.11777553707361221,2.7030701637268066,-0.0005026077851653099,0.0017048139125108719,0.0005225366912782192,0.0,0.0,0.0,0.0,0.0,0.0,-0.5687857000000001,0.61781895,10.24794925,0.06981317007977318,0.10471975511965978,-0.03490658503988659,-716.0,321.0,-403.0,1600,1600,1599,1599,0,0,0,0
1763969515.1837966,0.0,0.0,32.18,154.87,-0.06289961189031601,0.21575786173343658,0.974347710609436,-0.011782978661358356,-3.091141939163208,-0.11777553707361221,2.7030701637268066,-0.0005026077851653099,0.0017048139125108719,0.0005225366912782192,0.0,0.0,0.0,0.0,0.0,0.0,-0.5687857000000001,0.61781895,10.24794925,0.06981317007977318,0.10471975511965978,-0.03490658503988659,-716.0,321.0,-403.0,1600,1600,1599,1599,0,0,0,0
1763969515.217191,0.0,0.0,32.18,154.87,-0.06289961189031601,0.21575786173343658,0.974347710609436,-0.011782978661358356,-3.091141939163208,-0.11777553707361221,2.7030701637268066,-0.0005026077851653099,0.0017048139125108719,0.0005225366912782192,0.0,0.0,0.0,0.0,0.0,0.0,-0.55897905,0.61781895,10.24794925,0.08726646259971647,0.06981317007977318,-0.05235987755982989,-720.0,321.0,-404.0,1600,1600,1599,1599,0,0,0,0
1763969515.2505813,0.0,0.0,32.18,154.87,-0.06289961189031601,0.21575786173343658,0.974347710609436,-0.011782978661358356,-3.091141939163208,-0.11777553707361221,2.7030701637268066,-0.0005026077851653099,0.0017048139125108719,0.0005225366912782192,0.0,0.0,0.0,0.0,0.0,0.0,-0.55897905,0.61781895,10.24794925,0.08726646259971647,0.06981317007977318,-0.05235987755982989,-720.0,321.0,-404.0,1600,1600,1599,1599,0,0,0,0
1763969515.283973,0.0,0.0,32.18,154.87,-0.06289961189031601,0.21575786173343658,0.974347710609436,-0.011782978661358356,-3.0911550521850586,-0.11776665598154068,2.7030715942382812,-0.0007310877554118633,-0.0003913119435310364,-0.0006200915668159723,0.0,0.0,0.0,0.0,0.0,0.0,-0.55897905,0.61781895,10.24794925,0.08726646259971647,0.06981317007977318,-0.05235987755982989,-720.0,321.0,-404.0,1600,1600,1599,1599,0,0,0,0
1763969515.3173635,0.0,0.0,32.18,154.87,-0.06289386749267578,0.21575763821601868,0.9743481278419495,-0.011777595616877079,-3.0911550521850586,-0.11776665598154068,2.7030715942382812,-0.0007310877554118633,-0.0003913119435310364,-0.0006200915668159723,0.0,0.0,0.0,0.0,0.0,0.0,-0.55897905,0.61781895,10.24794925,0.08726646259971647,0.06981317007977318,-0.05235987755982989,-720.0,321.0,-404.0,1600,1600,1599,1599,0,0,0,0
1763969515.350753,0.0,0.0,32.18,154.87,-0.06289386749267578,0.21575763821601868,0.9743481278419495,-0.011777595616877079,-3.0911550521850586,-0.11776665598154068,2.7030715942382812,-0.0007310877554118633,-0.0003913119435310364,-0.0006200915668159723,0.0,0.0,0.0,0.0,0.0,0.0,-0.55897905,0.61781895,10.24794925,0.08726646259971647,0.06981317007977318,-0.05235987755982989,-720.0,321.0,-404.0,1600,1600,1599,1599,0,0,0,0
1763969515.3841434,0.0,0.0,32.18,154.87,-0.06289386749267578,0.21575763821601868,0.9743481278419495,-0.011777595616877079,-3.0911550521850586,-0.11776665598154068,2.7030715942382812,-0.0007310877554118633,-0.0003913119435310364,-0.0006200915668159723,0.0,0.0,0.0,0.0,0.0,0.0,-0.55897905,0.6080123,10.24794925,0.06981317007977318,0.06981317007977318,-0.05235987755982989,-720.0,321.0,-404.0,1600,1600,1599,1599,0,0,0,0
1763969515.4175463,0.0,0.0,32.18,154.87,-0.06289386749267578,0.21575763821601868,0.9743481278419495,-0.011777595616877079,-3.0911550521850586,-0.11776665598154068,2.7030715942382812,-0.0007310877554118633,-0.0003913119435310364,-0.0006200915668159723,0.0,0.0,0.0,0.0,0.0,0.0,-0.55897905,0.6080123,10.24794925,0.06981317007977318,0.06981317007977318,-0.05235987755982989,-720.0,321.0,-404.0,1600,1600,1599,1599,0,0,0,0
1763969515.450952,0.0,0.0,32.18,154.87,-0.06289386749267578,0.21575763821601868,0.9743481278419495,-0.011777595616877079,-3.0911550521850586,-0.11776665598154068,2.7030715942382812,-0.0007310877554118633,-0.0003913119435310364,-0.0006200915668159723,0.0,0.0,0.0,0.0,0.0,0.0,-0.55897905,0.61781895,10.24794925,0.10471975511965978,0.06981317007977318,-0.05235987755982989,-720.0,321.0,-404.0,1600,1600,1599,1599,0,0,0,0
1763969515.4843504,0.0,0.0,32.18,154.87,-0.06289386749267578,0.21575763821601868,0.9743481278419495,-0.011777595616877079,-3.091146945953369,-0.11778084188699722,2.7030856609344482,0.0008058827370405197,-9.155785664916039e-05,-0.0005279192700982094,0.0,0.0,0.0,0.0,0.0,0.0,-0.55897905,0.61781895,10.24794925,0.10471975511965978,0.06981317007977318,-0.05235987755982989,-720.0,321.0,-404.0,1600,1600,1599,1599,0,0,0,0
1763969515.5177407,0.0,0.0,32.18,154.87,-0.0629015564918518,0.2157503068447113,0.9743492603302002,-0.011780423112213612,-3.091146945953369,-0.11778084188699722,2.7030856609344482,0.0008058827370405197,-9.155785664916039e-05,-0.0005279192700982094,0.0,0.0,0.0,0.0,0.0,0.0,-0.55897905,0.61781895,10.24794925,0.10471975511965978,0.06981317007977318,-0.05235987755982989,-720.0,321.0,-404.0,1600,1600,1599,1599,0,0,0,0
1763969515.5511441,0.0,0.0,32.18,154.87,-0.0629015564918518,0.2157503068447113,0.9743492603302002,-0.011780423112213612,-3.091146945953369,-0.11778084188699722,2.7030856609344482,0.0008058827370405197,-9.155785664916039e-05,-0.0005279192700982094,0.0,0.0,0.0,0.0,0.0,0.0,-0.55897905,0.61781895,10.24794925,0.10471975511965978,0.06981317007977318,-0.05235987755982989,-720.0,321.0,-404.0,1600,1600,1599,1599,0,0,0,0
1763969515.5845394,0.0,0.0,32.18,154.87,-0.0629015564918518,0.2157503068447113,0.9743492603302002,-0.011780423112213612,-3.0911738872528076,-0.11777830868959427,2.7030880451202393,-0.00032193586230278015,-0.00018033944070339203,-0.00022931001149117947,0.0,0.0,0.0,0.0,0.0,0.0,-0.55897905,0.61781895,10.24794925,0.10471975511965978,0.06981317007977318,-0.05235987755982989,-720.0,321.0,-404.0,1600,1600,1599,1599,0,0,0,0
1763969515.6179302,0.0,0.0,32.18,154.87,-0.0629015564918518,0.2157503068447113,0.9743492603302002,-0.011780423112213612,-3.0911738872528076,-0.11777830868959427,2.7030880451202393,-0.00032193586230278015,-0.00018033944070339203,-0.00022931001149117947,0.0,0.0,0.0,0.0,0.0,0.0,-0.55897905,0.61781895,10.24794925,0.10471975511965978,0.06981317007977318,-0.05235987755982989,-720.0,321.0,-404.0,1600,1600,1599,1599,0,0,0,0
1763969515.6513214,0.0,0.0,32.18,154.87,-0.0629015564918518,0.2157503068447113,0.9743492603302002,-0.011780423112213612,-3.0911738872528076,-0.11777830868959427,2.7030880451202393,-0.00032193586230278015,-0.00018033944070339203,-0.00022931001149117947,0.0,0.0,0.0,0.0,0.0,0.0,-0.55897905,0.61781895,10.24794925,0.10471975511965978,0.06981317007977318,-0.05235987755982989,-720.0,321.0,-404.0,1600,1600,1599,1599,0,0,0,0
1763969515.6847408,0.0,0.0,32.18,154.87,-0.0629015564918518,0.2157503068447113,0.9743492603302002,-0.011780423112213612,-3.0911738872528076,-0.11777830868959427,2.7030880451202393,-0.00032193586230278015,-0.00018033944070339203,-0.00022931001149117947,0.0,0.0,0.0,0.0,0.0,0.0,-0.55897905,0.61781895,10.24794925,0.08726646259971647,0.06981317007977318,-0.05235987755982989,-723.0,324.0,-401.0,1600,1600,1599,1599,0,0,0,0
1763969515.718157,0.0,0.0,32.18,154.87,-0.0629015564918518,0.2157503068447113,0.9743492603302002,-0.011780423112213612,-3.0911905765533447,-0.11772019416093826,2.7029943466186523,0.0030088135972619057,1.6092322766780853e-05,0.0003229409921914339,0.0,0.0,0.0,0.0,0.0,0.0,-0.55897905,0.61781895,10.24794925,0.08726646259971647,0.06981317007977318,-0.05235987755982989,-723.0,324.0,-401.0,1600,1600,1599,1599,0,0,0,0
1763969515.7515666,0.0,0.0,32.18,154.87,-0.06286787241697311,0.2157973051071167,0.9743412137031555,-0.011762946844100952,-3.0911905765533447,-0.11772019416093826,2.7029943466186523,0.0030088135972619057,1.6092322766780853e-05,0.0003229409921914339,0.0,0.0,0.0,0.0,0.0,0.0,-0.55897905,0.61781895,10.24794925,0.08726646259971647,0.06981317007977318,-0.05235987755982989,-723.0,324.0,-401.0,1600,1600,1599,1599,0,0,0,0
1763969515.785119,0.0,0.0,32.13,154.87,-0.06286787241697311,0.2157973051071167,0.9743412137031555,-0.011762946844100952,-3.0911905765533447,-0.11772019416093826,2.7029943466186523,0.0030088135972619057,1.6092322766780853e-05,0.0003229409921914339,0.0,0.0,0.0,0.0,0.0,0.0,-0.55897905,0.61781895,10.24794925,0.08726646259971647,0.06981317007977318,-0.05235987755982989,-723.0,324.0,-401.0,1600,1600,1599,1599,0,0,0,0
1763969515.8186665,0.0,0.0,32.13,154.87,-0.06286787241697311,0.2157973051071167,0.9743412137031555,-0.011762946844100952,-3.0911905765533447,-0.11772019416093826,2.7029943466186523,0.0030088135972619057,1.6092322766780853e-05,0.0003229409921914339,0.0,0.0,0.0,0.0,0.0,0.0,-0.55897905,0.61781895,10.24794925,0.08726646259971647,0.06981317007977318,-0.05235987755982989,-723.0,324.0,-401.0,1600,1600,1599,1599,0,0,0,0
1763969515.8520675,0.0,0.0,32.13,154.87,-0.06286787241697311,0.2157973051071167,0.9743412137031555,-0.011762946844100952,-3.0911905765533447,-0.11772019416093826,2.7029943466186523,0.0030088135972619057,1.6092322766780853e-05,0.0003229409921914339,0.0,0.0,0.0,0.0,0.0,0.0,-0.5687857000000001,0.61781895,10.2577559,0.13962634015954636,0.06981317007977318,-0.03490658503988659,-714.0,325.0,-405.0,1600,1600,1599,1599,0,0,0,0
1763969515.885513,0.0,0.0,32.13,154.87,-0.06286787241697311,0.2157973051071167,0.9743412137031555,-0.011762946844100952,-3.0911717414855957,-0.11772400885820389,2.7029716968536377,0.001306056510657072,0.00013943994417786598,-0.0004331886302679777,0.0,0.0,0.0,0.0,0.0,0.0,-0.5687857000000001,0.61781895,10.2577559,0.13962634015954636,0.06981317007977318,-0.03490658503988659,-714.0,325.0,-405.0,1600,1600,1599,1599,0,0,0,0
1763969515.9189284,0.0,0.0,32.13,154.87,-0.06287188082933426,0.21580766141414642,0.9743385910987854,-0.011770965531468391,-3.0911717414855957,-0.11772400885820389,2.7029716968536377,0.001306056510657072,0.00013943994417786598,-0.0004331886302679777,0.0,0.0,0.0,0.0,0.0,0.0,-0.5687857000000001,0.61781895,10.2577559,0.13962634015954636,0.06981317007977318,-0.03490658503988659,-714.0,325.0,-405.0,1600,1600,1599,1599,0,0,0,0
1763969515.9523458,0.0,0.0,32.13,154.86,-0.06287188082933426,0.21580766141414642,0.9743385910987854,-0.011770965531468391,-3.0911717414855957,-0.11772400885820389,2.7029716968536377,0.001306056510657072,0.00013943994417786598,-0.0004331886302679777,0.0,0.0,0.0,0.0,0.0,0.0,-0.5687857000000001,0.61781895,10.2577559,0.13962634015954636,0.06981317007977318,-0.03490658503988659,-714.0,325.0,-405.0,1600,1600,1599,1599,0,0,0,0
1763969515.9857469,0.0,0.0,32.13,154.86,-0.06287188082933426,0.21580766141414642,0.9743385910987854,-0.011770965531468391,-3.0911717414855957,-0.11772400885820389,2.7029716968536377,0.001306056510657072,0.00013943994417786598,-0.0004331886302679777,0.0,0.0,0.0,0.0,0.0,0.0,-0.5687857000000001,0.61781895,10.2577559,0.13962634015954636,0.06981317007977318,-0.03490658503988659,-714.0,325.0,-405.0,1600,1600,1599,1599,0,0,0,0
1763969516.0191503,0.0,0.0,32.13,154.86,-0.06287188082933426,0.21580766141414642,0.9743385910987854,-0.011770965531468391,-3.0911717414855957,-0.11772400885820389,2.7029716968536377,0.001306056510657072,0.00013943994417786598,-0.0004331886302679777,0.0,0.0,0.0,0.0,0.0,0.0,-0.55897905,0.61781895,10.24794925,0.10471975511965978,0.06981317007977318,-0.05235987755982989,-714.0,325.0,-405.0,1600,1600,1599,1599,0,0,0,0
1763969516.0525527,0.0,0.0,32.13,154.86,-0.06287188082933426,0.21580766141414642,0.9743385910987854,-0.011770965531468391,-3.091172456741333,-0.11772121489048004,2.702953815460205,-0.0006273170001804829,-0.000773357693105936,-0.00012172269634902477,0.0,0.0,0.0,0.0,0.0,0.0,-0.55897905,0.61781895,10.24794925,0.10471975511965978,0.06981317007977318,-0.05235987755982989,-714.0,325.0,-405.0,1600,1600,1599,1599,0,0,0,0
1763969516.0859563,0.0,0.0,32.13,154.86,-0.0628705695271492,0.21581648290157318,0.9743366837501526,-0.011770415119826794,-3.091172456741333,-0.11772121489048004,2.702953815460205,-0.0006273170001804829,-0.000773357693105936,-0.00012172269634902477,0.0,0.0,0.0,0.0,0.0,0.0,-0.55897905,0.61781895,10.24794925,0.10471975511965978,0.06981317007977318,-0.05235987755982989,-714.0,325.0,-405.0,1600,1600,1599,1599,0,0,0,0
1763969516.1193585,0.0,0.0,32.13,154.86,-0.0628705695271492,0.21581648290157318,0.9743366837501526,-0.011770415119826794,-3.091172456741333,-0.11772121489048004,2.702953815460205,-0.0006273170001804829,-0.000773357693105936,-0.00012172269634902477,0.0,0.0,0.0,0.0,0.0,0.0,-0.55897905,0.61781895,10.24794925,0.10471975511965978,0.06981317007977318,-0.05235987755982989,-714.0,325.0,-405.0,1600,1600,1599,1599,0,0,0,0
1763969516.1527603,0.0,0.0,32.13,154.86,-0.0628705695271492,0.21581648290157318,0.9743366837501526,-0.011770415119826794,-3.091172456741333,-0.11772121489048004,2.702953815460205,-0.0006273170001804829,-0.000773357693105936,-0.00012172269634902477,0.0,0.0,0.0,0.0,0.0,0.0,-0.55897905,0.61781895,10.24794925,0.10471975511965978,0.06981317007977318,-0.05235987755982989,-714.0,325.0,-405.0,1600,1600,1599,1599,0,0,0,0
1763969516.1861622,0.0,0.0,32.13,154.86,-0.0628705695271492,0.21581648290157318,0.9743366837501526,-0.011770415119826794,-3.091172456741333,-0.11772121489048004,2.702953815460205,-0.0006273170001804829,-0.000773357693105936,-0.00012172269634902477,0.0,0.0,0.0,0.0,0.0,0.0,-0.55897905,0.61781895,10.24794925,0.10471975511965978,0.06981317007977318,-0.05235987755982989,-714.0,325.0,-405.0,1600,1600,1599,1599,0,0,0,0
1763969516.2195673,0.0,0.0,32.13,154.86,-0.0628705695271492,0.21581648290157318,0.9743366837501526,-0.011770415119826794,-3.091172456741333,-0.11772121489048004,2.702953815460205,-0.0006273170001804829,-0.000773357693105936,-0.00012172269634902477,0.0,0.0,0.0,0.0,0.0,0.0,-0.5687857000000001,0.61781895,10.24794925,0.06981317007977318,0.05235987755982989,-0.05235987755982989,-714.0,325.0,-405.0,1600,1600,1599,1599,0,0,0,0
1763969516.2529767,0.0,0.0,32.13,154.86,-0.0628705695271492,0.21581648290157318,0.9743366837501526,-0.011770415119826794,-3.091160297393799,-0.11773528903722763,2.7029595375061035,0.0011141616851091385,0.0005118642002344131,-0.00045781396329402924,0.0,0.0,0.0,0.0,0.0,0.0,-0.5687857000000001,0.61781895,10.24794925,0.06981317007977318,0.05235987755982989,-0.05235987755982989,-714.0,325.0,-405.0,1600,1600,1599,1599,0,0,0,0
1763969516.2863832,0.0,0.0,32.13,154.86,-0.06287869811058044,0.2158130258321762,0.9743368029594421,-0.01177500281482935,-3.091160297393799,-0.11773528903722763,2.7029595375061035,0.0011141616851091385,0.0005118642002344131,-0.00045781396329402924,0.0,0.0,0.0,0.0,0.0,0.0,-0.5687857000000001,0.61781895,10.24794925,0.06981317007977318,0.05235987755982989,-0.05235987755982989,-714.0,325.0,-405.0,1600,1600,1599,1599,0,0,0,0
1763969516.3197908,0.0,0.0,32.12,154.86,-0.06287869811058044,0.2158130258321762,0.9743368029594421,-0.01177500281482935,-3.091160297393799,-0.11773528903722763,2.7029595375061035,0.0011141616851091385,0.0005118642002344131,-0.00045781396329402924,0.0,0.0,0.0,0.0,0.0,0.0,-0.5687857000000001,0.61781895,10.24794925,0.06981317007977318,0.05235987755982989,-0.05235987755982989,-714.0,325.0,-405.0,1600,1600,1599,1599,0,0,0,0
1763969516.3531992,0.0,0.0,32.12,154.86,-0.06287869811058044,0.2158130258321762,0.9743368029594421,-0.01177500281482935,-3.091160297393799,-0.11773528903722763,2.7029595375061035,0.0011141616851091385,0.0005118642002344131,-0.00045781396329402924,0.0,0.0,0.0,0.0,0.0,0.0,-0.5687857000000001,0.61781895,10.24794925,0.06981317007977318,0.05235987755982989,-0.05235987755982989,-714.0,325.0,-405.0,1600,1600,1599,1599,0,0,0,0
1763969516.3866053,0.0,0.0,32.12,154.86,-0.06287869811058044,0.2158130258321762,0.9743368029594421,-0.01177500281482935,-3.091160297393799,-0.11773528903722763,2.7029595375061035,0.0011141616851091385,0.0005118642002344131,-0.00045781396329402924,0.0,0.0,0.0,0.0,0.0,0.0,-0.5687857000000001,0.61781895,10.24794925,0.06981317007977318,0.05235987755982989,-0.05235987755982989,-714.0,325.0,-405.0,1600,1600,1599,1599,0,0,0,0
1763969516.4200208,0.0,0.0,32.12,154.86,-0.06287869811058044,0.2158130258321762,0.9743368029594421,-0.01177500281482935,-3.091160297393799,-0.11773528903722763,2.7029595375061035,0.0011141616851091385,0.0005118642002344131,-0.00045781396329402924,0.0,0.0,0.0,0.0,0.0,0.0,-0.5687857000000001,0.61781895,10.2577559,0.10471975511965978,0.08726646259971647,-0.05235987755982989,-719.0,318.0,-401.0,1600,1600,1599,1599,0,0,0,0
1763969516.453425,0.0,0.0,32.12,154.86,-0.06287869811058044,0.2158130258321762,0.9743368029594421,-0.01177500281482935,-3.091165781021118,-0.11773010343313217,2.702968120574951,-0.00019194697961211205,-0.0009129401296377182,0.0008501959964632988,0.0,0.0,0.0,0.0,0.0,0.0,-0.5687857000000001,0.61781895,10.2577559,0.10471975511965978,0.08726646259971647,-0.05235987755982989,-719.0,318.0,-401.0,1600,1600,1599,1599,0,0,0,0
1763969516.4868283,0.0,0.0,32.12,154.86,-0.06287551671266556,0.21580910682678223,0.9743379354476929,-0.01177310198545456,-3.091165781021118,-0.11773010343313217,2.702968120574951,-0.00019194697961211205,-0.0009129401296377182,0.0008501959964632988,0.0,0.0,0.0,0.0,0.0,0.0,-0.5687857000000001,0.61781895,10.2577559,0.10471975511965978,0.08726646259971647,-0.05235987755982989,-719.0,318.0,-401.0,1600,1600,1599,1599,0,0,0,0
1763969516.5202336,0.0,0.0,32.12,154.86,-0.06287551671266556,0.21580910682678223,0.9743379354476929,-0.01177310198545456,-3.091165781021118,-0.11773010343313217,2.702968120574951,-0.00019194697961211205,-0.0009129401296377182,0.0008501959964632988,0.0,0.0,0.0,0.0,0.0,0.0,-0.5687857000000001,0.61781895,10.2577559,0.10471975511965978,0.08726646259971647,-0.05235987755982989,-719.0,318.0,-401.0,1600,1600,1599,1599,0,0,0,0
1763969516.5536418,0.0,0.0,32.12,154.86,-0.06287551671266556,0.21580910682678223,0.9743379354476929,-0.01177310198545456,-3.091165781021118,-0.11773010343313217,2.702968120574951,-0.00019194697961211205,-0.0009129401296377182,0.0008501959964632988,0.0,0.0,0.0,0.0,0.0,0.0,-0.5687857000000001,0.61781895,10.2577559,0.10471975511965978,0.08726646259971647,-0.05235987755982989,-719.0,318.0,-401.0,1600,1600,1599,1599,0,0,0,0
1763969516.5870483,0.0,0.0,32.12,154.86,-0.06287551671266556,0.21580910682678223,0.9743379354476929,-0.01177310198545456,-3.0912275314331055,-0.11777392029762268,2.7031614780426025,-0.001420827116817236,0.0004007238894701004,0.0007134419865906239,0.0,0.0,0.0,0.0,0.0,0.0,-0.5687857000000001,0.61781895,10.2577559,0.10471975511965978,0.08726646259971647,-0.05235987755982989,-719.0,318.0,-401.0,1600,1600,1599,1599,0,0,0,0
1763969516.6204576,0.0,0.0,32.12,154.86,-0.06288906186819077,0.21571606397628784,0.9743580222129822,-0.011744341813027859,-3.0912275314331055,-0.11777392029762268,2.7031614780426025,-0.001420827116817236,0.0004007238894701004,0.0007134419865906239,0.0,0.0,0.0,0.0,0.0,0.0,-0.5687857000000001,0.61781895,10.2577559,0.10471975511965978,0.08726646259971647,-0.05235987755982989,-719.0,318.0,-401.0,1600,1600,1599,1599,0,0,0,0
1763969516.6538613,0.0,0.0,32.13,154.87,-0.06288906186819077,0.21571606397628784,0.9743580222129822,-0.011744341813027859,-3.0912275314331055,-0.11777392029762268,2.7031614780426025,-0.001420827116817236,0.0004007238894701004,0.0007134419865906239,0.0,0.0,0.0,0.0,0.0,0.0,-0.5687857000000001,0.61781895,10.2577559,0.10471975511965978,0.08726646259971647,-0.05235987755982989,-719.0,318.0,-401.0,1600,1600,1599,1599,0,0,0,0
1763969516.6872675,0.0,0.0,32.13,154.87,-0.06288906186819077,0.21571606397628784,0.9743580222129822,-0.011744341813027859,-3.0912275314331055,-0.11777392029762268,2.7031614780426025,-0.001420827116817236,0.0004007238894701004,0.0007134419865906239,0.0,0.0,0.0,0.0,0.0,0.0,-0.5687857000000001,0.61781895,10.2577559,0.10471975511965978,0.08726646259971647,-0.05235987755982989,-719.0,318.0,-401.0,1600,1600,1599,1599,0,0,0,0
1763969516.7206736,0.0,0.0,32.13,154.87,-0.06288906186819077,0.21571606397628784,0.9743580222129822,-0.011744341813027859,-3.0912275314331055,-0.11777392029762268,2.7031614780426025,-0.001420827116817236,0.0004007238894701004,0.0007134419865906239,0.0,0.0,0.0,0.0,0.0,0.0,-0.5687857000000001,0.61781895,10.2577559,0.10471975511965978,0.08726646259971647,-0.05235987755982989,-719.0,318.0,-401.0,1600,1600,1599,1599,0,0,0,0
1763969516.7540812,0.0,0.0,32.13,154.87,-0.06288906186819077,0.21571606397628784,0.9743580222129822,-0.011744341813027859,-3.0912275314331055,-0.11777392029762268,2.7031614780426025,-0.001420827116817236,0.0004007238894701004,0.0007134419865906239,0.0,0.0,0.0,0.0,0.0,0.0,-0.5687857000000001,0.61781895,10.24794925,0.05235987755982989,0.06981317007977318,-0.03490658503988659,-715.0,318.0,-402.0,1600,1600,1599,1599,0,0,0,0
1763969516.7874913,0.0,0.0,32.13,154.87,-0.06288906186819077,0.21571606397628784,0.9743580222129822,-0.011744341813027859,-3.091230869293213,-0.11778487265110016,2.703174114227295,0.0010409639216959476,-0.0006515143904834986,-0.0002962523140013218,0.0,0.0,0.0,0.0,0.0,0.0,-0.5687857000000001,0.61781895,10.24794925,0.05235987755982989,0.06981317007977318,-0.03490658503988659,-715.0,318.0,-402.0,1600,1600,1599,1599,0,0,0,0
1763969516.8208966,0.0,0.0,32.13,154.87,-0.06289395689964294,0.21570979058742523,0.9743591547012329,-0.011741874739527702,-3.091230869293213,-0.11778487265110016,2.703174114227295,0.0010409639216959476,-0.0006515143904834986,-0.0002962523140013218,0.0,0.0,0.0,0.0,0.0,0.0,-0.5687857000000001,0.61781895,10.24794925,0.05235987755982989,0.06981317007977318,-0.03490658503988659,-715.0,318.0,-402.0,1600,1600,1599,1599,0,0,0,0
1763969516.8543053,0.0,0.0,32.13,154.88,-0.06289395689964294,0.21570979058742523,0.9743591547012329,-0.011741874739527702,-3.091230869293213,-0.11778487265110016,2.703174114227295,0.0010409639216959476,-0.0006515143904834986,-0.0002962523140013218,0.0,0.0,0.0,0.0,0.0,0.0,-0.5687857000000001,0.61781895,10.24794925,0.05235987755982989,0.06981317007977318,-0.03490658503988659,-715.0,318.0,-402.0,1600,1600,1599,1599,0,0,0,0
1763969516.887712,0.0,0.0,32.13,154.88,-0.06289395689964294,0.21570979058742523,0.9743591547012329,-0.011741874739527702,-3.091230869293213,-0.11778487265110016,2.703174114227295,0.0010409639216959476,-0.0006515143904834986,-0.0002962523140013218,0.0,0.0,0.0,0.0,0.0,0.0,-0.5687857000000001,0.61781895,10.24794925,0.05235987755982989,0.06981317007977318,-0.03490658503988659,-715.0,318.0,-402.0,1600,1600,1599,1599,0,0,0,0
1763969516.9211168,0.0,0.0,32.13,154.88,-0.06289395689964294,0.21570979058742523,0.9743591547012329,-0.011741874739527702,-3.091230869293213,-0.11778487265110016,2.703174114227295,0.0010409639216959476,-0.0006515143904834986,-0.0002962523140013218,0.0,0.0,0.0,0.0,0.0,0.0,-0.5687857000000001,0.61781895,10.24794925,0.05235987755982989,0.06981317007977318,-0.03490658503988659,-715.0,318.0,-402.0,1600,1600,1599,1599,0,0,0,0
1763969516.954533,0.0,0.0,32.13,154.88,-0.06289395689964294,0.21570979058742523,0.9743591547012329,-0.011741874739527702,-3.091230869293213,-0.11778487265110016,2.703174114227295,0.0010409639216959476,-0.0006515143904834986,-0.0002962523140013218,0.0,0.0,0.0,0.0,0.0,0.0,-0.55897905,0.61781895,10.24794925,0.10471975511965978,0.05235987755982989,-0.05235987755982989,-715.0,318.0,-402.0,1600,1600,1599,1599,0,0,0,0
1763969516.987937,0.0,0.0,32.13,154.88,-0.06289395689964294,0.21570979058742523,0.9743591547012329,-0.011741874739527702,-3.091251850128174,-0.11778903007507324,2.703183650970459,-0.001786799868568778,5.3099822252988815e-05,-0.00023823813535273075,0.0,0.0,0.0,0.0,0.0,0.0,-0.55897905,0.61781895,10.24794925,0.10471975511965978,0.05235987755982989,-0.05235987755982989,-715.0,318.0,-402.0,1600,1600,1599,1599,0,0,0,0
1763969517.0213437,0.0,0.0,32.13,154.88,-0.06289367377758026,0.2157057374715805,0.9743602275848389,-0.011731560342013836,-3.091251850128174,-0.11778903007507324,2.703183650970459,-0.001786799868568778,5.3099822252988815e-05,-0.00023823813535273075,0.0,0.0,0.0,0.0,0.0,0.0,-0.55897905,0.61781895,10.24794925,0.10471975511965978,0.05235987755982989,-0.05235987755982989,-715.0,318.0,-402.0,1600,1600,1599,1599,0,0,0,0
1763969517.0547829,0.0,0.0,32.13,154.88,-0.06289367377758026,0.2157057374715805,0.9743602275848389,-0.011731560342013836,-3.091251850128174,-0.11778903007507324,2.703183650970459,-0.001786799868568778,5.3099822252988815e-05,-0.00023823813535273075,0.0,0.0,0.0,0.0,0.0,0.0,-0.55897905,0.61781895,10.24794925,0.10471975511965978,0.05235987755982989,-0.05235987755982989,-715.0,318.0,-402.0,1600,1600,1599,1599,0,0,0,0
1763969517.0881906,0.0,0.0,32.13,154.88,-0.06289367377758026,0.2157057374715805,0.9743602275848389,-0.011731560342013836,-3.091251850128174,-0.11778903007507324,2.703183650970459,-0.001786799868568778,5.3099822252988815e-05,-0.00023823813535273075,0.0,0.0,0.0,0.0,0.0,0.0,-0.55897905,0.61781895,10.24794925,0.10471975511965978,0.05235987755982989,-0.05235987755982989,-715.0,318.0,-402.0,1600,1600,1599,1599,0,0,0,0
1763969517.1215985,0.0,0.0,32.13,154.88,-0.06289367377758026,0.2157057374715805,0.9743602275848389,-0.011731560342013836,-3.091251850128174,-0.11778903007507324,2.703183650970459,-0.001786799868568778,5.3099822252988815e-05,-0.00023823813535273075,0.0,0.0,0.0,0.0,0.0,0.0,-0.55897905,0.61781895,10.24794925,0.10471975511965978,0.05235987755982989,-0.05235987755982989,-715.0,318.0,-402.0,1600,1600,1599,1599,0,0,0,0
1763969517.1550066,0.0,0.0,32.13,154.88,-0.06289367377758026,0.2157057374715805,0.9743602275848389,-0.011731560342013836,-3.091251850128174,-0.11778903007507324,2.703183650970459,-0.001786799868568778,5.3099822252988815e-05,-0.00023823813535273075,0.0,0.0,0.0,0.0,0.0,0.0,-0.55897905,0.6080123,10.24794925,0.05235987755982989,0.06981317007977318,-0.05235987755982989,-715.0,318.0,-402.0,1600,1600,1599,1599,0,0,0,0
1763969517.1908207,0.0,0.0,32.13,154.88,-0.06289367377758026,0.2157057374715805,0.9743602275848389,-0.011731560342013836,-3.0912532806396484,-0.11779818683862686,2.7031784057617188,0.0003000670112669468,0.0009617540054023266,-0.0020321907941251993,0.0,0.0,0.0,0.0,0.0,0.0,-0.55897905,0.6080123,10.24794925,0.05235987755982989,0.06981317007977318,-0.05235987755982989,-715.0,318.0,-402.0,1600,1600,1599,1599,0,0,0,0
1763969517.224229,0.0,0.0,32.13,154.88,-0.06289802491664886,0.2157081663608551,0.974359393119812,-0.011729707941412926,-3.0912532806396484,-0.11779818683862686,2.7031784057617188,0.0003000670112669468,0.0009617540054023266,-0.0020321907941251993,0.0,0.0,0.0,0.0,0.0,0.0,-0.55897905,0.6080123,10.24794925,0.05235987755982989,0.06981317007977318,-0.05235987755982989,-715.0,318.0,-402.0,1600,1600,1599,1599,0,0,0,0
1763969517.257635,0.0,0.0,32.34,154.88,-0.06289802491664886,0.2157081663608551,0.974359393119812,-0.011729707941412926,-3.0912532806396484,-0.11779818683862686,2.7031784057617188,0.0003000670112669468,0.0009617540054023266,-0.0020321907941251993,0.0,0.0,0.0,0.0,0.0,0.0,-0.55897905,0.6080123,10.24794925,0.05235987755982989,0.06981317007977318,-0.05235987755982989,-715.0,318.0,-402.0,1600,1600,1599,1599,0,0,0,0
1763969517.2910385,0.0,0.0,32.34,154.88,-0.06289802491664886,0.2157081663608551,0.974359393119812,-0.011729707941412926,-3.0912532806396484,-0.11779818683862686,2.7031784057617188,0.0003000670112669468,0.0009617540054023266,-0.0020321907941251993,0.0,0.0,0.0,0.0,0.0,0.0,-0.55897905,0.6080123,10.24794925,0.05235987755982989,0.06981317007977318,-0.05235987755982989,-715.0,318.0,-402.0,1600,1600,1599,1599,0,0,0,0
1763969517.3244424,0.0,0.0,32.34,154.88,-0.06289802491664886,0.2157081663608551,0.974359393119812,-0.011729707941412926,-3.0912532806396484,-0.11779818683862686,2.7031784057617188,0.0003000670112669468,0.0009617540054023266,-0.0020321907941251993,0.0,0.0,0.0,0.0,0.0,0.0,-0.55897905,0.6080123,10.24794925,0.05235987755982989,0.06981317007977318,-0.05235987755982989,-715.0,318.0,-402.0,1600,1600,1599,1599,0,0,0,0
1763969517.3578467,0.0,0.0,32.34,154.88,-0.06289802491664886,0.2157081663608551,0.974359393119812,-0.011729707941412926,-3.0912532806396484,-0.11779818683862686,2.7031784057617188,0.0003000670112669468,0.0009617540054023266,-0.0020321907941251993,0.0,0.0,0.0,0.0,0.0,0.0,-0.5687857000000001,0.61781895,10.24794925,0.08726646259971647,0.08726646259971647,-0.08726646259971647,-714.0,320.0,-400.0,1600,1600,1599,1599,0,0,0,0
1763969517.3912485,0.0,0.0,32.34,154.88,-0.06289802491664886,0.2157081663608551,0.974359393119812,-0.011729707941412926,-3.091254711151123,-0.11779855936765671,2.703164577484131,-8.086021989583969e-05,-0.000534476712346077,-0.00011499435640871525,0.0,0.0,0.0,0.0,0.0,0.0,-0.5687857000000001,0.61781895,10.24794925,0.08726646259971647,0.08726646259971647,-0.08726646259971647,-714.0,320.0,-400.0,1600,1600,1599,1599,0,0,0,0
1763969517.4246507,0.0,0.0,32.34,154.88,-0.06289802491664886,0.2157081663608551,0.974359393119812,-0.011729707941412926,-3.0912258625030518,-0.11791913956403732,2.7031500339508057,0.00021253013983368874,0.0008707256056368351,-0.0012463296297937632,0.0,0.0,0.0,0.0,0.0,0.0,-0.5687857000000001,0.61781895,10.24794925,0.08726646259971647,0.08726646259971647,-0.08726646259971647,-714.0,320.0,-400.0,1600,1600,1599,1599,0,0,0,0
1763969517.458057,0.0,0.0,32.34,154.88,-0.06296002119779587,0.21571889519691467,0.974353015422821,-0.011728942394256592,-3.0912258625030518,-0.11791913956403732,2.7031500339508057,0.00021253013983368874,0.0008707256056368351,-0.0012463296297937632,0.0,0.0,0.0,0.0,0.0,0.0,-0.5687857000000001,0.61781895,10.24794925,0.08726646259971647,0.08726646259971647,-0.08726646259971647,-714.0,320.0,-400.0,1600,1600,1599,1599,0,0,0,0
1763969517.4917257,0.0,0.0,32.34,154.88,-0.06296002119779587,0.21571889519691467,0.974353015422821,-0.011728942394256592,-3.0912258625030518,-0.11791913956403732,2.7031500339508057,0.00021253013983368874,0.0008707256056368351,-0.0012463296297937632,0.0,0.0,0.0,0.0,0.0,0.0,-0.5687857000000001,0.61781895,10.24794925,0.08726646259971647,0.08726646259971647,-0.08726646259971647,-714.0,320.0,-400.0,1600,1600,1599,1599,0,0,0,0
1763969517.5251465,0.0,0.0,32.11,154.87,-0.06296002119779587,0.21571889519691467,0.974353015422821,-0.011728942394256592,-3.0912258625030518,-0.11791913956403732,2.7031500339508057,0.00021253013983368874,0.0008707256056368351,-0.0012463296297937632,0.0,0.0,0.0,0.0,0.0,0.0,-0.5687857000000001,0.61781895,10.24794925,0.08726646259971647,0.08726646259971647,-0.08726646259971647,-714.0,320.0,-400.0,1600,1600,1599,1599,0,0,0,0
1763969517.5585701,0.0,0.0,32.11,154.87,-0.06296002119779587,0.21571889519691467,0.974353015422821,-0.011728942394256592,-3.0912258625030518,-0.11791913956403732,2.7031500339508057,0.00021253013983368874,0.0008707256056368351,-0.0012463296297937632,0.0,0.0,0.0,0.0,0.0,0.0,-0.57859235,0.6276256,10.2577559,0.08726646259971647,0.08726646259971647,-0.06981317007977318,-721.0,319.0,-403.0,1600,1600,1599,1599,0,0,0,0
1763969517.5919864,0.0,0.0,32.11,154.87,-0.06296002119779587,0.21571889519691467,0.974353015422821,-0.011728942394256592,-3.0912258625030518,-0.11791913956403732,2.7031500339508057,0.00021253013983368874,0.0008707256056368351,-0.0012463296297937632,0.0,0.0,0.0,0.0,0.0,0.0,-0.57859235,0.6276256,10.2577559,0.08726646259971647,0.08726646259971647,-0.06981317007977318,-721.0,319.0,-403.0,1600,1600,1599,1599,0,0,0,0
1763969517.6254056,0.0,0.0,32.11,154.87,-0.06296002119779587,0.21571889519691467,0.974353015422821,-0.011728942394256592,-3.0912258625030518,-0.11791913956403732,2.7031500339508057,0.00021253013983368874,0.0008707256056368351,-0.0012463296297937632,0.0,0.0,0.0,0.0,0.0,0.0,-0.55897905,0.61781895,10.2577559,0.08726646259971647,0.06981317007977318,-0.05235987755982989,-721.0,319.0,-403.0,1600,1600,1599,1599,0,0,0,0
1763969517.658821,0.0,0.0,32.11,154.87,-0.06296002119779587,0.21571889519691467,0.974353015422821,-0.011728942394256592,-3.0912277698516846,-0.11790086328983307,2.703157424926758,-0.00030144257470965385,-0.0004620286636054516,5.445349961519241e-05,0.0,0.0,0.0,0.0,0.0,0.0,-0.55897905,0.61781895,10.2577559,0.08726646259971647,0.06981317007977318,-0.05235987755982989,-721.0,319.0,-403.0,1600,1600,1599,1599,0,0,0,0
1763969517.6922395,0.0,0.0,32.11,154.87,-0.06295085698366165,0.21571561694145203,0.9743543267250061,-0.011730183847248554,-3.0912277698516846,-0.11790086328983307,2.703157424926758,-0.00030144257470965385,-0.0004620286636054516,5.445349961519241e-05,0.0,0.0,0.0,0.0,0.0,0.0,-0.55897905,0.61781895,10.2577559,0.08726646259971647,0.06981317007977318,-0.05235987755982989,-721.0,319.0,-403.0,1600,1600,1599,1599,0,0,0,0
1763969517.725646,0.0,0.0,32.11,154.87,-0.06295085698366165,0.21571561694145203,0.9743543267250061,-0.011730183847248554,-3.0912277698516846,-0.11790086328983307,2.703157424926758,-0.00030144257470965385,-0.0004620286636054516,5.445349961519241e-05,0.0,0.0,0.0,0.0,0.0,0.0,-0.55897905,0.61781895,10.2577559,0.08726646259971647,0.06981317007977318,-0.05235987755982989,-721.0,319.0,-403.0,1600,1600,1599,1599,0,0,0,0
1763969517.7590537,0.0,0.0,32.11,154.87,-0.06295085698366165,0.21571561694145203,0.9743543267250061,-0.011730183847248554,-3.091218948364258,-0.11789379268884659,2.7031726837158203,0.00018366798758506775,0.0006795115768909454,-0.0001447813119739294,0.0,0.0,0.0,0.0,0.0,0.0,-0.55897905,0.61781895,10.2577559,0.08726646259971647,0.06981317007977318,-0.05235987755982989,-721.0,319.0,-403.0,1600,1600,1599,1599,0,0,0,0
1763969517.7924752,0.0,0.0,32.11,154.87,-0.06294829398393631,0.21570807695388794,0.9743561744689941,-0.011735797859728336,-3.091218948364258,-0.11789379268884659,2.7031726837158203,0.00018366798758506775,0.0006795115768909454,-0.0001447813119739294,0.0,0.0,0.0,0.0,0.0,0.0,-0.55897905,0.61781895,10.2577559,0.08726646259971647,0.06981317007977318,-0.05235987755982989,-721.0,319.0,-403.0,1600,1600,1599,1599,0,0,0,0
1763969517.8261878,0.0,0.0,32.11,154.88,-0.06294829398393631,0.21570807695388794,0.9743561744689941,-0.011735797859728336,-3.091218948364258,-0.11789379268884659,2.7031726837158203,0.00018366798758506775,0.0006795115768909454,-0.0001447813119739294,0.0,0.0,0.0,0.0,0.0,0.0,-0.55897905,0.61781895,10.2577559,0.08726646259971647,0.06981317007977318,-0.05235987755982989,-721.0,319.0,-403.0,1600,1600,1599,1599,0,0,0,0
1763969517.8596158,0.0,0.0,32.11,154.88,-0.06294829398393631,0.21570807695388794,0.9743561744689941,-0.011735797859728336,-3.091218948364258,-0.11789379268884659,2.7031726837158203,0.00018366798758506775,0.0006795115768909454,-0.0001447813119739294,0.0,0.0,0.0,0.0,0.0,0.0,-0.55897905,0.61781895,10.2577559,0.08726646259971647,0.06981317007977318,-0.05235987755982989,-721.0,319.0,-403.0,1600,1600,1599,1599,0,0,0,0
1763969517.8930433,0.0,0.0,32.11,154.88,-0.06294829398393631,0.21570807695388794,0.9743561744689941,-0.011735797859728336,-3.091218948364258,-0.11789379268884659,2.7031726837158203,0.00018366798758506775,0.0006795115768909454,-0.0001447813119739294,0.0,0.0,0.0,0.0,0.0,0.0,-0.55897905,0.61781895,10.2577559,0.08726646259971647,0.06981317007977318,-0.05235987755982989,-721.0,319.0,-403.0,1600,1600,1599,1599,0,0,0,0
1763969517.9264677,0.0,0.0,32.11,154.88,-0.06294829398393631,0.21570807695388794,0.9743561744689941,-0.011735797859728336,-3.091218948364258,-0.11789379268884659,2.7031726837158203,0.00018366798758506775,0.0006795115768909454,-0.0001447813119739294,0.0,0.0,0.0,0.0,0.0,0.0,-0.55897905,0.6080123,10.24794925,0.08726646259971647,0.08726646259971647,-0.05235987755982989,-721.0,319.0,-403.0,1600,1600,1599,1599,0,0,0,0
1763969517.959904,0.0,0.0,32.11,154.88,-0.06294829398393631,0.21570807695388794,0.9743561744689941,-0.011735797859728336,-3.091212034225464,-0.1178859993815422,2.7031731605529785,0.0011552008800208569,0.0008377069607377052,0.0006053405813872814,0.0,0.0,0.0,0.0,0.0,0.0,-0.55897905,0.6080123,10.24794925,0.08726646259971647,0.08726646259971647,-0.05235987755982989,-721.0,319.0,-403.0,1600,1600,1599,1599,0,0,0,0
1763969517.9933255,0.0,0.0,32.11,154.88,-0.06294524669647217,0.21570773422718048,0.9743562936782837,-0.01174006424844265,-3.091212034225464,-0.1178859993815422,2.7031731605529785,0.0011552008800208569,0.0008377069607377052,0.0006053405813872814,0.0,0.0,0.0,0.0,0.0,0.0,-0.55897905,0.6080123,10.24794925,0.08726646259971647,0.08726646259971647,-0.05235987755982989,-721.0,319.0,-403.0,1600,1600,1599,1599,0,0,0,0
1763969518.0268176,0.0,0.0,32.11,154.88,-0.06294524669647217,0.21570773422718048,0.9743562936782837,-0.01174006424844265,-3.091212034225464,-0.1178859993815422,2.7031731605529785,0.0011552008800208569,0.0008377069607377052,0.0006053405813872814,0.0,0.0,0.0,0.0,0.0,0.0,-0.55897905,0.6080123,10.24794925,0.08726646259971647,0.08726646259971647,-0.05235987755982989,-721.0,319.0,-403.0,1600,1600,1599,1599,0,0,0,0
1763969518.0602481,0.0,0.0,32.22,154.88,-0.06294524669647217,0.21570773422718048,0.9743562936782837,-0.01174006424844265,-3.091212034225464,-0.1178859993815422,2.7031731605529785,0.0011552008800208569,0.0008377069607377052,0.0006053405813872814,0.0,0.0,0.0,0.0,0.0,0.0,-0.55897905,0.6080123,10.24794925,0.08726646259971647,0.08726646259971647,-0.05235987755982989,-721.0,319.0,-403.0,1600,1600,1599,1599,0,0,0,0
1763969518.093687,0.0,0.0,32.22,154.88,-0.06294524669647217,0.21570773422718048,0.9743562936782837,-0.01174006424844265,-3.091212034225464,-0.1178859993815422,2.7031731605529785,0.0011552008800208569,0.0008377069607377052,0.0006053405813872814,0.0,0.0,0.0,0.0,0.0,0.0,-0.57859235,0.6080123,10.24794925,0.10471975511965978,0.08726646259971647,-0.03490658503988659,-717.0,322.0,-402.0,1600,1600,1599,1599,0,0,0,0
1763969518.127115,0.0,0.0,32.22,154.88,-0.06294524669647217,0.21570773422718048,0.9743562936782837,-0.01174006424844265,-3.091151237487793,-0.11787032335996628,2.703112840652466,0.0027847187593579292,0.0008742944337427616,-0.00023084599524736404,0.0,0.0,0.0,0.0,0.0,0.0,-0.57859235,0.6080123,10.24794925,0.10471975511965978,0.08726646259971647,-0.03490658503988659,-717.0,322.0,-402.0,1600,1600,1599,1599,0,0,0,0
1763969518.1605294,0.0,0.0,32.22,154.88,-0.06294450163841248,0.215735524892807,0.974349856376648,-0.011769435368478298,-3.091151237487793,-0.11787032335996628,2.703112840652466,0.0027847187593579292,0.0008742944337427616,-0.00023084599524736404,0.0,0.0,0.0,0.0,0.0,0.0,-0.57859235,0.6080123,10.24794925,0.10471975511965978,0.08726646259971647,-0.03490658503988659,-717.0,322.0,-402.0,1600,1600,1599,1599,0,0,0,0
1763969518.1939638,0.0,0.0,32.11,154.87,-0.06294450163841248,0.215735524892807,0.974349856376648,-0.011769435368478298,-3.091151237487793,-0.11787032335996628,2.703112840652466,0.0027847187593579292,0.0008742944337427616,-0.00023084599524736404,0.0,0.0,0.0,0.0,0.0,0.0,-0.57859235,0.6080123,10.24794925,0.10471975511965978,0.08726646259971647,-0.03490658503988659,-717.0,322.0,-402.0,1600,1600,1599,1599,0,0,0,0
1763969518.2273948,0.0,0.0,32.11,154.87,-0.06294450163841248,0.215735524892807,0.974349856376648,-0.011769435368478298,-3.091151237487793,-0.11787032335996628,2.703112840652466,0.0027847187593579292,0.0008742944337427616,-0.00023084599524736404,0.0,0.0,0.0,0.0,0.0,0.0,-0.57859235,0.6080123,10.24794925,0.10471975511965978,0.08726646259971647,-0.03490658503988659,-717.0,322.0,-402.0,1600,1600,1599,1599,0,0,0,0
1763969518.2627888,0.0,0.0,32.11,154.87,-0.06294450163841248,0.215735524892807,0.974349856376648,-0.011769435368478298,-3.091151237487793,-0.11787032335996628,2.703112840652466,0.0027847187593579292,0.0008742944337427616,-0.00023084599524736404,0.0,0.0,0.0,0.0,0.0,0.0,-0.57859235,0.6080123,10.24794925,0.10471975511965978,0.08726646259971647,-0.03490658503988659,-717.0,322.0,-402.0,1600,1600,1599,1599,0,0,0,0
1763969518.2962024,0.0,0.0,32.11,154.87,-0.06294450163841248,0.215735524892807,0.974349856376648,-0.011769435368478298,-3.091151237487793,-0.11787032335996628,2.703112840652466,0.0027847187593579292,0.0008742944337427616,-0.00023084599524736404,0.0,0.0,0.0,0.0,0.0,0.0,-0.5687857000000001,0.6080123,10.24794925,0.13962634015954636,0.08726646259971647,-0.05235987755982989,-716.0,322.0,-398.0,1600,1600,1599,1599,0,0,0,0
1763969518.3297822,0.0,0.0,32.11,154.87,-0.06294450163841248,0.215735524892807,0.974349856376648,-0.011769435368478298,-3.091151237487793,-0.11787032335996628,2.703112840652466,0.0027847187593579292,0.0008742944337427616,-0.00023084599524736404,0.0,0.0,0.0,0.0,0.0,0.0,-0.5687857000000001,0.6080123,10.24794925,0.13962634015954636,0.08726646259971647,-0.05235987755982989,-716.0,322.0,-398.0,1600,1600,1599,1599,0,0,0,0
1763969518.3632052,0.0,0.0,32.11,154.87,-0.06294450163841248,0.215735524892807,0.974349856376648,-0.011769435368478298,-3.091151237487793,-0.11787032335996628,2.703112840652466,0.0027847187593579292,0.0008742944337427616,-0.00023084599524736404,0.0,0.0,0.0,0.0,0.0,0.0,-0.588399,0.6276256,10.267562550000001,0.06981317007977318,0.10471975511965978,-0.06981317007977318,-720.0,318.0,-402.0,1600,1600,1599,1599,0,0,0,0
1763969518.3966324,0.0,0.0,32.11,154.87,-0.06294450163841248,0.215735524892807,0.974349856376648,-0.011769435368478298,-3.0911335945129395,-0.11789852380752563,2.7031238079071045,-0.0006839046254754066,0.001864689402282238,-0.0011077800299972296,0.0,0.0,0.0,0.0,0.0,0.0,-0.588399,0.6276256,10.267562550000001,0.06981317007977318,0.10471975511965978,-0.06981317007977318,-720.0,318.0,-402.0,1600,1600,1599,1599,0,0,0,0
1763969518.430047,0.0,0.0,32.11,154.87,-0.06296006590127945,0.21572910249233246,0.9743501543998718,-0.01177525706589222,-3.0911335945129395,-0.11789852380752563,2.7031238079071045,-0.0006839046254754066,0.001864689402282238,-0.0011077800299972296,0.0,0.0,0.0,0.0,0.0,0.0,-0.588399,0.6276256,10.267562550000001,0.06981317007977318,0.10471975511965978,-0.06981317007977318,-720.0,318.0,-402.0,1600,1600,1599,1599,0,0,0,0
1763969518.4634583,0.0,0.0,32.09,154.87,-0.06296006590127945,0.21572910249233246,0.9743501543998718,-0.01177525706589222,-3.0911335945129395,-0.11789852380752563,2.7031238079071045,-0.0006839046254754066,0.001864689402282238,-0.0011077800299972296,0.0,0.0,0.0,0.0,0.0,0.0,-0.588399,0.6276256,10.267562550000001,0.06981317007977318,0.10471975511965978,-0.06981317007977318,-720.0,318.0,-402.0,1600,1600,1599,1599,0,0,0,0
1763969518.4968772,0.0,0.0,32.09,154.87,-0.06296006590127945,0.21572910249233246,0.9743501543998718,-0.01177525706589222,-3.0911178588867188,-0.11794254183769226,2.7031493186950684,0.00024911388754844666,0.00047622574493288994,9.714695625007153e-05,0.0,0.0,0.0,0.0,0.0,0.0,-0.588399,0.6276256,10.267562550000001,0.06981317007977318,0.10471975511965978,-0.06981317007977318,-720.0,318.0,-402.0,1600,1600,1599,1599,0,0,0,0
1763969518.530295,0.0,0.0,32.09,154.87,-0.06296006590127945,0.21572910249233246,0.9743501543998718,-0.01177525706589222,-3.0911178588867188,-0.11794254183769226,2.7031493186950684,0.00024911388754844666,0.00047622574493288994,9.714695625007153e-05,0.0,0.0,0.0,0.0,0.0,0.0,-0.588399,0.6276256,10.267562550000001,0.06981317007977318,0.10471975511965978,-0.06981317007977318,-720.0,318.0,-402.0,1600,1600,1599,1599,0,0,0,0
1763969518.563798,0.0,0.0,32.09,154.87,-0.06296006590127945,0.21572910249233246,0.9743501543998718,-0.01177525706589222,-3.0911178588867188,-0.11794254183769226,2.7031493186950684,0.00024911388754844666,0.00047622574493288994,9.714695625007153e-05,0.0,0.0,0.0,0.0,0.0,0.0,-0.588399,0.6276256,10.267562550000001,0.06981317007977318,0.10471975511965978,-0.06981317007977318,-720.0,318.0,-402.0,1600,1600,1599,1599,0,0,0,0
1763969518.597213,0.0,0.0,32.09,154.87,-0.06296006590127945,0.21572910249233246,0.9743501543998718,-0.01177525706589222,-3.0911214351654053,-0.11790881305932999,2.7031428813934326,-0.0013565798290073872,0.00030054571107029915,-3.048684448003769e-05,0.0,0.0,0.0,0.0,0.0,0.0,-0.588399,0.6276256,10.267562550000001,0.06981317007977318,0.10471975511965978,-0.06981317007977318,-720.0,318.0,-402.0,1600,1600,1599,1599,0,0,0,0
1763969518.630635,0.0,0.0,32.09,154.87,-0.06296627968549728,0.21571923792362213,0.9743519425392151,-0.011780708096921444,-3.0911214351654053,-0.11790881305932999,2.7031428813934326,-0.0013565798290073872,0.00030054571107029915,-3.048684448003769e-05,0.0,0.0,0.0,0.0,0.0,0.0,-0.588399,0.6276256,10.267562550000001,0.06981317007977318,0.10471975511965978,-0.06981317007977318,-720.0,318.0,-402.0,1600,1600,1599,1599,0,0,0,0
1763969518.6640582,0.0,0.0,32.09,154.87,-0.06296627968549728,0.21571923792362213,0.9743519425392151,-0.011780708096921444,-3.0911214351654053,-0.11790881305932999,2.7031428813934326,-0.0013565798290073872,0.00030054571107029915,-3.048684448003769e-05,0.0,0.0,0.0,0.0,0.0,0.0,-0.588399,0.6276256,10.267562550000001,0.06981317007977318,0.10471975511965978,-0.06981317007977318,-720.0,318.0,-402.0,1600,1600,1599,1599,0,0,0,0
1763969518.697475,0.0,0.0,32.09,154.87,-0.06296627968549728,0.21571923792362213,0.9743519425392151,-0.011780708096921444,-3.0911343097686768,-0.11790265142917633,2.7031519412994385,-0.0017823281232267618,-0.0008463058620691299,-8.332333527505398e-05,0.0,0.0,0.0,0.0,0.0,0.0,-0.588399,0.6276256,10.267562550000001,0.06981317007977318,0.10471975511965978,-0.06981317007977318,-720.0,318.0,-402.0,1600,1600,1599,1599,0,0,0,0
1763969518.730893,0.0,0.0,32.09,154.87,-0.06296183168888092,0.2157154083251953,0.9743531346321106,-0.01177537813782692,-3.0911343097686768,-0.11790265142917633,2.7031519412994385,-0.0017823281232267618,-0.0008463058620691299,-8.332333527505398e-05,0.0,0.0,0.0,0.0,0.0,0.0,-0.588399,0.6276256,10.267562550000001,0.06981317007977318,0.10471975511965978,-0.06981317007977318,-720.0,318.0,-402.0,1600,1600,1599,1599,0,0,0,0
1763969518.764309,0.0,0.0,32.07,154.87,-0.06296183168888092,0.2157154083251953,0.9743531346321106,-0.01177537813782692,-3.0911343097686768,-0.11790265142917633,2.7031519412994385,-0.0017823281232267618,-0.0008463058620691299,-8.332333527505398e-05,0.0,0.0,0.0,0.0,0.0,0.0,-0.588399,0.6276256,10.267562550000001,0.06981317007977318,0.10471975511965978,-0.06981317007977318,-720.0,318.0,-402.0,1600,1600,1599,1599,0,0,0,0
1763969518.7977262,0.0,0.0,32.07,154.87,-0.06296183168888092,0.2157154083251953,0.9743531346321106,-0.01177537813782692,-3.0911343097686768,-0.11790265142917633,2.7031519412994385,-0.0017823281232267618,-0.0008463058620691299,-8.332333527505398e-05,0.0,0.0,0.0,0.0,0.0,0.0,-0.588399,0.6276256,10.267562550000001,0.06981317007977318,0.10471975511965978,-0.06981317007977318,-720.0,318.0,-402.0,1600,1600,1599,1599,0,0,0,0
1763969518.8311443,0.0,0.0,32.07,154.87,-0.06296183168888092,0.2157154083251953,0.9743531346321106,-0.01177537813782692,-3.0911343097686768,-0.11790265142917633,2.7031519412994385,-0.0017823281232267618,-0.0008463058620691299,-8.332333527505398e-05,0.0,0.0,0.0,0.0,0.0,0.0,-0.588399,0.6276256,10.267562550000001,0.06981317007977318,0.10471975511965978,-0.06981317007977318,-720.0,318.0,-402.0,1600,1600,1599,1599,0,0,0,0
1763969518.8645642,0.0,0.0,32.07,154.87,-0.06296183168888092,0.2157154083251953,0.9743531346321106,-0.01177537813782692,-3.0911343097686768,-0.11790265142917633,2.7031519412994385,-0.0017823281232267618,-0.0008463058620691299,-8.332333527505398e-05,0.0,0.0,0.0,0.0,0.0,0.0,-0.5687857000000001,0.59820565,10.24794925,0.05235987755982989,0.05235987755982989,-0.05235987755982989,-719.0,320.0,-400.0,1600,1600,1599,1599,0,0,0,0
1763969518.8979843,0.0,0.0,32.07,154.87,-0.06296183168888092,0.2157154083251953,0.9743531346321106,-0.01177537813782692,-3.091193675994873,-0.11780006438493729,2.7030506134033203,0.00046729203313589096,0.00010001705959439278,0.0007827747613191605,0.0,0.0,0.0,0.0,0.0,0.0,-0.5687857000000001,0.59820565,10.24794925,0.05235987755982989,0.05235987755982989,-0.05235987755982989,-719.0,320.0,-400.0,1600,1600,1599,1599,0,0,0,0
1763969518.9314039,0.0,0.0,32.07,154.87,-0.06290609389543533,0.2157684713602066,0.9743452072143555,-0.011754496023058891,-3.091193675994873,-0.11780006438493729,2.7030506134033203,0.00046729203313589096,0.00010001705959439278,0.0007827747613191605,0.0,0.0,0.0,0.0,0.0,0.0,-0.5687857000000001,0.59820565,10.24794925,0.05235987755982989,0.05235987755982989,-0.05235987755982989,-719.0,320.0,-400.0,1600,1600,1599,1599,0,0,0,0
1763969518.9648213,0.0,0.0,32.22,154.87,-0.06290609389543533,0.2157684713602066,0.9743452072143555,-0.011754496023058891,-3.091193675994873,-0.11780006438493729,2.7030506134033203,0.00046729203313589096,0.00010001705959439278,0.0007827747613191605,0.0,0.0,0.0,0.0,0.0,0.0,-0.5687857000000001,0.59820565,10.24794925,0.05235987755982989,0.05235987755982989,-0.05235987755982989,-719.0,320.0,-400.0,1600,1600,1599,1599,0,0,0,0
1763969518.9982407,0.0,0.0,32.22,154.87,-0.06290609389543533,0.2157684713602066,0.9743452072143555,-0.011754496023058891,-3.091193675994873,-0.11780006438493729,2.7030506134033203,0.00046729203313589096,0.00010001705959439278,0.0007827747613191605,0.0,0.0,0.0,0.0,0.0,0.0,-0.5687857000000001,0.59820565,10.24794925,0.05235987755982989,0.05235987755982989,-0.05235987755982989,-719.0,320.0,-400.0,1600,1600,1599,1599,0,0,0,0
1763969519.0316722,0.0,0.0,32.22,154.87,-0.06290609389543533,0.2157684713602066,0.9743452072143555,-0.011754496023058891,-3.091193675994873,-0.11780006438493729,2.7030506134033203,0.00046729203313589096,0.00010001705959439278,0.0007827747613191605,0.0,0.0,0.0,0.0,0.0,0.0,-0.5099458,0.57859235,10.24794925,0.08726646259971647,0.06981317007977318,-0.03490658503988659,-725.0,321.0,-403.0,1600,1600,1599,1599,0,0,0,0
1763969519.0651119,0.0,0.0,32.22,154.87,-0.06290609389543533,0.2157684713602066,0.9743452072143555,-0.011754496023058891,-3.0910775661468506,-0.11792407929897308,2.7030017375946045,0.0016529392451047897,0.0011459914967417717,-7.069972343742847e-05,0.0,0.0,0.0,0.0,0.0,0.0,-0.5099458,0.57859235,10.24794925,0.08726646259971647,0.06981317007977318,-0.03490658503988659,-725.0,321.0,-403.0,1600,1600,1599,1599,0,0,0,0
1763969519.0985453,0.0,0.0,32.22,154.87,-0.06297927349805832,0.21578633785247803,0.9743360877037048,-0.011795992031693459,-3.0910775661468506,-0.11792407929897308,2.7030017375946045,0.0016529392451047897,0.0011459914967417717,-7.069972343742847e-05,0.0,0.0,0.0,0.0,0.0,0.0,-0.5099458,0.57859235,10.24794925,0.08726646259971647,0.06981317007977318,-0.03490658503988659,-725.0,321.0,-403.0,1600,1600,1599,1599,0,0,0,0
1763969519.131966,0.0,0.0,32.22,154.87,-0.06297927349805832,0.21578633785247803,0.9743360877037048,-0.011795992031693459,-3.0910775661468506,-0.11792407929897308,2.7030017375946045,0.0016529392451047897,0.0011459914967417717,-7.069972343742847e-05,0.0,0.0,0.0,0.0,0.0,0.0,-0.5099458,0.57859235,10.24794925,0.08726646259971647,0.06981317007977318,-0.03490658503988659,-725.0,321.0,-403.0,1600,1600,1599,1599,0,0,0,0
1763969519.1654031,0.0,0.0,32.22,154.87,-0.06297927349805832,0.21578633785247803,0.9743360877037048,-0.011795992031693459,-3.091113805770874,-0.1179163008928299,2.703061580657959,-0.001118415966629982,-0.0030503012239933014,-0.0016258114483207464,0.0,0.0,0.0,0.0,0.0,0.0,-0.5099458,0.57859235,10.24794925,0.08726646259971647,0.06981317007977318,-0.03490658503988659,-725.0,321.0,-403.0,1600,1600,1599,1599,0,0,0,0
1763969519.1988246,0.0,0.0,32.22,154.87,-0.06297122687101364,0.2157585620880127,0.974342942237854,-0.011781016364693642,-3.091113805770874,-0.1179163008928299,2.703061580657959,-0.001118415966629982,-0.0030503012239933014,-0.0016258114483207464,0.0,0.0,0.0,0.0,0.0,0.0,-0.5099458,0.57859235,10.24794925,0.08726646259971647,0.06981317007977318,-0.03490658503988659,-725.0,321.0,-403.0,1600,1600,1599,1599,0,0,0,0
1763969519.232237,0.0,0.0,32.04,154.87,-0.06297122687101364,0.2157585620880127,0.974342942237854,-0.011781016364693642,-3.091113805770874,-0.1179163008928299,2.703061580657959,-0.001118415966629982,-0.0030503012239933014,-0.0016258114483207464,0.0,0.0,0.0,0.0,0.0,0.0,-0.5099458,0.57859235,10.24794925,0.08726646259971647,0.06981317007977318,-0.03490658503988659,-725.0,321.0,-403.0,1600,1600,1599,1599,0,0,0,0
1763969519.2656405,0.0,0.0,32.04,154.87,-0.06297122687101364,0.2157585620880127,0.974342942237854,-0.011781016364693642,-3.0911834239959717,-0.11785701662302017,2.7031047344207764,-0.0010073697194457054,-0.0020721652545034885,-0.0001638366375118494,0.0,0.0,0.0,0.0,0.0,0.0,-0.5099458,0.57859235,10.24794925,0.08726646259971647,0.06981317007977318,-0.03490658503988659,-725.0,321.0,-403.0,1600,1600,1599,1599,0,0,0,0
1763969519.2990618,0.0,0.0,32.04,154.87,-0.06293461471796036,0.21574077010154724,0.9743494987487793,-0.011754974722862244,-3.0911834239959717,-0.11785701662302017,2.7031047344207764,-0.0010073697194457054,-0.0020721652545034885,-0.0001638366375118494,0.0,0.0,0.0,0.0,0.0,0.0,-0.5099458,0.57859235,10.24794925,0.08726646259971647,0.06981317007977318,-0.03490658503988659,-725.0,321.0,-403.0,1600,1600,1599,1599,0,0,0,0
1763969519.3324873,0.0,0.0,32.04,154.87,-0.06293461471796036,0.21574077010154724,0.9743494987487793,-0.011754974722862244,-3.0911834239959717,-0.11785701662302017,2.7031047344207764,-0.0010073697194457054,-0.0020721652545034885,-0.0001638366375118494,0.0,0.0,0.0,0.0,0.0,0.0,-0.5099458,0.57859235,10.24794925,0.08726646259971647,0.06981317007977318,-0.03490658503988659,-725.0,321.0,-403.0,1600,1600,1599,1599,0,0,0,0
1763969519.3659093,0.0,0.0,32.04,154.87,-0.06293461471796036,0.21574077010154724,0.9743494987487793,-0.011754974722862244,-3.0911834239959717,-0.11785701662302017,2.7031047344207764,-0.0010073697194457054,-0.0020721652545034885,-0.0001638366375118494,0.0,0.0,0.0,0.0,0.0,0.0,-0.5099458,0.57859235,10.24794925,0.08726646259971647,0.06981317007977318,-0.03490658503988659,-725.0,321.0,-403.0,1600,1600,1599,1599,0,0,0,0
1763969519.3993425,0.0,0.0,32.04,154.87,-0.06293461471796036,0.21574077010154724,0.9743494987487793,-0.011754974722862244,-3.0911834239959717,-0.11785701662302017,2.7031047344207764,-0.0010073697194457054,-0.0020721652545034885,-0.0001638366375118494,0.0,0.0,0.0,0.0,0.0,0.0,-0.59820565,0.63743225,10.2577559,0.06981317007977318,0.03490658503988659,-0.05235987755982989,-722.0,318.0,-402.0,1600,1600,1599,1599,0,0,0,0
1763969519.4327655,0.0,0.0,32.04,154.87,-0.06293461471796036,0.21574077010154724,0.9743494987487793,-0.011754974722862244,-3.0910816192626953,-0.11802662163972855,2.7029831409454346,-0.002575260354205966,-0.0018399690743535757,-0.00019071251153945923,0.0,0.0,0.0,0.0,0.0,0.0,-0.59820565,0.63743225,10.2577559,0.06981317007977318,0.03490658503988659,-0.05235987755982989,-722.0,318.0,-402.0,1600,1600,1599,1599,0,0,0,0
1763969519.466199,0.0,0.0,32.04,154.87,-0.06302886456251144,0.21579359471797943,0.9743313789367676,-0.01178219635039568,-3.0910816192626953,-0.11802662163972855,2.7029831409454346,-0.002575260354205966,-0.0018399690743535757,-0.00019071251153945923,0.0,0.0,0.0,0.0,0.0,0.0,-0.59820565,0.63743225,10.2577559,0.06981317007977318,0.03490658503988659,-0.05235987755982989,-722.0,318.0,-402.0,1600,1600,1599,1599,0,0,0,0
1763969519.499633,0.0,0.0,32.18,154.86,-0.06302886456251144,0.21579359471797943,0.9743313789367676,-0.01178219635039568,-3.0910816192626953,-0.11802662163972855,2.7029831409454346,-0.002575260354205966,-0.0018399690743535757,-0.00019071251153945923,0.0,0.0,0.0,0.0,0.0,0.0,-0.59820565,0.63743225,10.2577559,0.06981317007977318,0.03490658503988659,-0.05235987755982989,-722.0,318.0,-402.0,1600,1600,1599,1599,0,0,0,0
1763969519.5330544,0.0,0.0,32.18,154.86,-0.06302886456251144,0.21579359471797943,0.9743313789367676,-0.01178219635039568,-3.0910816192626953,-0.11802662163972855,2.7029831409454346,-0.002575260354205966,-0.0018399690743535757,-0.00019071251153945923,0.0,0.0,0.0,0.0,0.0,0.0,-0.59820565,0.63743225,10.2577559,0.06981317007977318,0.03490658503988659,-0.05235987755982989,-722.0,318.0,-402.0,1600,1600,1599,1599,0,0,0,0
1763969519.566476,0.0,0.0,32.18,154.86,-0.06302886456251144,0.21579359471797943,0.9743313789367676,-0.01178219635039568,-3.0910816192626953,-0.11802662163972855,2.7029831409454346,-0.002575260354205966,-0.0018399690743535757,-0.00019071251153945923,0.0,0.0,0.0,0.0,0.0,0.0,-0.59820565,0.63743225,10.2577559,0.06981317007977318,0.03490658503988659,-0.05235987755982989,-722.0,318.0,-402.0,1600,1600,1599,1599,0,0,0,0
1763969519.599896,0.0,0.0,32.18,154.86,-0.06302886456251144,0.21579359471797943,0.9743313789367676,-0.01178219635039568,-3.0910816192626953,-0.11802662163972855,2.7029831409454346,-0.002575260354205966,-0.0018399690743535757,-0.00019071251153945923,0.0,0.0,0.0,0.0,0.0,0.0,-0.57859235,0.6080123,10.24794925,0.03490658503988659,0.03490658503988659,-0.05235987755982989,-721.0,322.0,-405.0,1600,1600,1599,1599,0,0,0,0
1763969519.6333134,0.0,0.0,32.18,154.86,-0.06302886456251144,0.21579359471797943,0.9743313789367676,-0.01178219635039568,-3.0910816192626953,-0.11802662163972855,2.7029831409454346,-0.002575260354205966,-0.0018399690743535757,-0.00019071251153945923,0.0,0.0,0.0,0.0,0.0,0.0,-0.57859235,0.6080123,10.24794925,0.03490658503988659,0.03490658503988659,-0.05235987755982989,-721.0,322.0,-405.0,1600,1600,1599,1599,0,0,0,0
1763969519.666732,0.0,0.0,32.18,154.86,-0.06302886456251144,0.21579359471797943,0.9743313789367676,-0.01178219635039568,-3.0910816192626953,-0.11802662163972855,2.7029831409454346,-0.002575260354205966,-0.0018399690743535757,-0.00019071251153945923,0.0,0.0,0.0,0.0,0.0,0.0,-0.53936575,0.588399,10.24794925,0.06981317007977318,0.08726646259971647,-0.03490658503988659,-718.0,321.0,-397.0,1600,1600,1599,1599,0,0,0,0
1763969519.7001514,0.0,0.0,32.18,154.86,-0.06302886456251144,0.21579359471797943,0.9743313789367676,-0.01178219635039568,-3.09110689163208,-0.11800941079854965,2.702981472015381,-0.0011896672658622265,0.0006167110987007618,0.0002660765312612057,0.0,0.0,0.0,0.0,0.0,0.0,-0.53936575,0.588399,10.24794925,0.06981317007977318,0.08726646259971647,-0.03490658503988659,-718.0,321.0,-397.0,1600,1600,1599,1599,0,0,0,0
1763969519.73357,0.0,0.0,32.18,154.86,-0.06301778554916382,0.21579551696777344,0.974331796169281,-0.011771729215979576,-3.09110689163208,-0.11800941079854965,2.702981472015381,-0.0011896672658622265,0.0006167110987007618,0.0002660765312612057,0.0,0.0,0.0,0.0,0.0,0.0,-0.53936575,0.588399,10.24794925,0.06981317007977318,0.08726646259971647,-0.03490658503988659,-718.0,321.0,-397.0,1600,1600,1599,1599,0,0,0,0
1763969519.7669957,0.0,0.0,32.16,154.86,-0.06301778554916382,0.21579551696777344,0.974331796169281,-0.011771729215979576,-3.09110689163208,-0.11800941079854965,2.702981472015381,-0.0011896672658622265,0.0006167110987007618,0.0002660765312612057,0.0,0.0,0.0,0.0,0.0,0.0,-0.53936575,0.588399,10.24794925,0.06981317007977318,0.08726646259971647,-0.03490658503988659,-718.0,321.0,-397.0,1600,1600,1599,1599,0,0,0,0
1763969519.8004131,0.0,0.0,32.16,154.86,-0.06301778554916382,0.21579551696777344,0.974331796169281,-0.011771729215979576,-3.091085433959961,-0.11801239103078842,2.702944278717041,0.0023674461990594864,0.0013344492763280869,-0.00018947618082165718,0.0,0.0,0.0,0.0,0.0,0.0,-0.53936575,0.588399,10.24794925,0.06981317007977318,0.08726646259971647,-0.03490658503988659,-718.0,321.0,-397.0,1600,1600,1599,1599,0,0,0,0
1763969519.8338819,0.0,0.0,32.16,154.86,-0.06301778554916382,0.21579551696777344,0.974331796169281,-0.011771729215979576,-3.091085433959961,-0.11801239103078842,2.702944278717041,0.0023674461990594864,0.0013344492763280869,-0.00018947618082165718,0.0,0.0,0.0,0.0,0.0,0.0,-0.53936575,0.588399,10.24794925,0.06981317007977318,0.08726646259971647,-0.03490658503988659,-718.0,321.0,-397.0,1600,1600,1599,1599,0,0,0,0
1763969519.8672807,0.0,0.0,32.16,154.86,-0.06302175670862198,0.21581298112869263,0.974327564239502,-0.011780652217566967,-3.091085433959961,-0.11801239103078842,2.702944278717041,0.0023674461990594864,0.0013344492763280869,-0.00018947618082165718,0.0,0.0,0.0,0.0,0.0,0.0,-0.53936575,0.588399,10.24794925,0.06981317007977318,0.08726646259971647,-0.03490658503988659,-718.0,321.0,-397.0,1600,1600,1599,1599,0,0,0,0
1763969519.9006948,0.0,0.0,32.16,154.86,-0.06302175670862198,0.21581298112869263,0.974327564239502,-0.011780652217566967,-3.091085433959961,-0.11801239103078842,2.702944278717041,0.0023674461990594864,0.0013344492763280869,-0.00018947618082165718,0.0,0.0,0.0,0.0,0.0,0.0,-0.51975245,0.588399,10.24794925,0.12217304763960307,0.08726646259971647,-0.05235987755982989,-718.0,321.0,-397.0,1600,1600,1599,1599,0,0,0,0
1763969519.9341085,0.0,0.0,32.16,154.86,-0.06302175670862198,0.21581298112869263,0.974327564239502,-0.011780652217566967,-3.091085433959961,-0.11801239103078842,2.702944278717041,0.0023674461990594864,0.0013344492763280869,-0.00018947618082165718,0.0,0.0,0.0,0.0,0.0,0.0,-0.51975245,0.588399,10.24794925,0.12217304763960307,0.08726646259971647,-0.05235987755982989,-718.0,321.0,-397.0,1600,1600,1599,1599,0,0,0,0
1763969519.967524,0.0,0.0,32.16,154.86,-0.06302175670862198,0.21581298112869263,0.974327564239502,-0.011780652217566967,-3.091034173965454,-0.11805720627307892,2.702906608581543,0.0024614930152893066,0.0018413504585623741,0.000569524709135294,0.0,0.0,0.0,0.0,0.0,0.0,-0.51975245,0.588399,10.24794925,0.12217304763960307,0.08726646259971647,-0.05235987755982989,-718.0,321.0,-397.0,1600,1600,1599,1599,0,0,0,0
1763969520.0009444,0.0,0.0,32.16,154.86,-0.06304931640625,0.21582888066768646,0.9743220806121826,-0.011799533851444721,-3.091034173965454,-0.11805720627307892,2.702906608581543,0.0024614930152893066,0.0018413504585623741,0.000569524709135294,0.0,0.0,0.0,0.0,0.0,0.0,-0.51975245,0.588399,10.24794925,0.12217304763960307,0.08726646259971647,-0.05235987755982989,-718.0,321.0,-397.0,1600,1600,1599,1599,0,0,0,0
1763969520.0343592,0.0,0.0,32.16,154.86,-0.06304931640625,0.21582888066768646,0.9743220806121826,-0.011799533851444721,-3.091034173965454,-0.11805720627307892,2.702906608581543,0.0024614930152893066,0.0018413504585623741,0.000569524709135294,0.0,0.0,0.0,0.0,0.0,0.0,-0.51975245,0.588399,10.24794925,0.12217304763960307,0.08726646259971647,-0.05235987755982989,-718.0,321.0,-397.0,1600,1600,1599,1599,0,0,0,0
1763969520.0677762,0.0,0.0,32.16,154.86,-0.06304931640625,0.21582888066768646,0.9743220806121826,-0.011799533851444721,-3.091034173965454,-0.11805720627307892,2.702906608581543,0.0024614930152893066,0.0018413504585623741,0.000569524709135294,0.0,0.0,0.0,0.0,0.0,0.0,-0.51975245,0.588399,10.24794925,0.12217304763960307,0.08726646259971647,-0.05235987755982989,-718.0,321.0,-397.0,1600,1600,1599,1599,0,0,0,0
1763969520.1011927,0.0,0.0,32.16,154.86,-0.06304931640625,0.21582888066768646,0.9743220806121826,-0.011799533851444721,-3.091034173965454,-0.11805720627307892,2.702906608581543,0.0024614930152893066,0.0018413504585623741,0.000569524709135294,0.0,0.0,0.0,0.0,0.0,0.0,-0.57859235,0.6276256,10.2577559,0.10471975511965978,0.08726646259971647,-0.03490658503988659,-720.0,318.0,-400.0,1600,1600,1599,1599,0,0,0,0
1763969520.1346111,0.0,0.0,32.16,154.86,-0.06307137757539749,0.2158202975988388,0.9743223786354065,-0.011815211735665798,-3.091034173965454,-0.11805720627307892,2.702906608581543,0.0024614930152893066,0.0018413504585623741,0.000569524709135294,0.0,0.0,0.0,0.0,0.0,0.0,-0.57859235,0.6276256,10.2577559,0.10471975511965978,0.08726646259971647,-0.03490658503988659,-720.0,318.0,-400.0,1600,1600,1599,1599,0,0,0,0
1763969520.1680295,0.0,0.0,32.18,154.86,-0.06307137757539749,0.2158202975988388,0.9743223786354065,-0.011815211735665798,-3.091034173965454,-0.11805720627307892,2.702906608581543,0.0024614930152893066,0.0018413504585623741,0.000569524709135294,0.0,0.0,0.0,0.0,0.0,0.0,-0.57859235,0.6276256,10.2577559,0.10471975511965978,0.08726646259971647,-0.03490658503988659,-720.0,318.0,-400.0,1600,1600,1599,1599,0,0,0,0
1763969520.2014446,0.0,0.0,32.18,154.86,-0.06307137757539749,0.2158202975988388,0.9743223786354065,-0.011815211735665798,-3.091034173965454,-0.11805720627307892,2.702906608581543,0.0024614930152893066,0.0018413504585623741,0.000569524709135294,0.0,0.0,0.0,0.0,0.0,0.0,-0.57859235,0.6276256,10.2577559,0.10471975511965978,0.08726646259971647,-0.03490658503988659,-720.0,318.0,-400.0,1600,1600,1599,1599,0,0,0,0
1763969520.2348635,0.0,0.0,32.16,154.86,-0.06307137757539749,0.2158202975988388,0.9743223786354065,-0.011815211735665798,-3.091034173965454,-0.11805720627307892,2.702906608581543,0.0024614930152893066,0.0018413504585623741,0.000569524709135294,0.0,0.0,0.0,0.0,0.0,0.0,-0.57859235,0.6276256,10.2577559,0.10471975511965978,0.08726646259971647,-0.03490658503988659,-720.0,318.0,-400.0,1600,1600,1599,1599,0,0,0,0
1763969520.2682796,0.0,0.0,32.16,154.86,-0.06307137757539749,0.2158202975988388,0.9743223786354065,-0.011815211735665798,-3.091034173965454,-0.11805720627307892,2.702906608581543,0.0024614930152893066,0.0018413504585623741,0.000569524709135294,0.0,0.0,0.0,0.0,0.0,0.0,-0.5491724,0.6080123,10.2577559,0.12217304763960307,0.10471975511965978,-0.05235987755982989,-716.0,321.0,-407.0,1600,1600,1599,1599,0,0,0,0
1763969520.3016953,0.0,0.0,32.16,154.86,-0.06307137757539749,0.2158202975988388,0.9743223786354065,-0.011815211735665798,-3.091034173965454,-0.11805720627307892,2.702906608581543,0.0024614930152893066,0.0018413504585623741,0.000569524709135294,0.0,0.0,0.0,0.0,0.0,0.0,-0.5491724,0.6080123,10.2577559,0.12217304763960307,0.10471975511965978,-0.05235987755982989,-716.0,321.0,-407.0,1600,1600,1599,1599,0,0,0,0
1763969520.3351133,0.0,0.0,32.16,154.86,-0.06307137757539749,0.2158202975988388,0.9743223786354065,-0.011815211735665798,-3.091069459915161,-0.11793919652700424,2.7029330730438232,0.0008702073246240616,-0.000315024983137846,-0.0005326820537447929,0.0,0.0,0.0,0.0,0.0,0.0,-0.5491724,0.6080123,10.2577559,0.12217304763960307,0.10471975511965978,-0.05235987755982989,-716.0,321.0,-407.0,1600,1600,1599,1599,0,0,0,0
1763969520.3685272,0.0,0.0,32.16,154.86,-0.06298790872097015,0.21581928431987762,0.9743281602859497,-0.011796127073466778,-3.091069459915161,-0.11793919652700424,2.7029330730438232,0.0008702073246240616,-0.000315024983137846,-0.0005326820537447929,0.0,0.0,0.0,0.0,0.0,0.0,-0.5491724,0.6080123,10.2577559,0.12217304763960307,0.10471975511965978,-0.05235987755982989,-716.0,321.0,-407.0,1600,1600,1599,1599,0,0,0,0
1763969520.4019434,0.0,0.0,32.24,154.86,-0.06298790872097015,0.21581928431987762,0.9743281602859497,-0.011796127073466778,-3.091069459915161,-0.11793919652700424,2.7029330730438232,0.0008702073246240616,-0.000315024983137846,-0.0005326820537447929,0.0,0.0,0.0,0.0,0.0,0.0,-0.5491724,0.6080123,10.2577559,0.12217304763960307,0.10471975511965978,-0.05235987755982989,-716.0,321.0,-407.0,1600,1600,1599,1599,0,0,0,0
1763969520.435361,0.0,0.0,32.24,154.86,-0.06298790872097015,0.21581928431987762,0.9743281602859497,-0.011796127073466778,-3.091069459915161,-0.11793919652700424,2.7029330730438232,0.0008702073246240616,-0.000315024983137846,-0.0005326820537447929,0.0,0.0,0.0,0.0,0.0,0.0,-0.55897905,0.61781895,10.2577559,0.10471975511965978,0.06981317007977318,-0.05235987755982989,-714.0,320.0,-399.0,1600,1600,1599,1599,0,0,0,0
1763969520.4687793,0.0,0.0,32.24,154.86,-0.06298790872097015,0.21581928431987762,0.9743281602859497,-0.011796127073466778,-3.091069459915161,-0.11793919652700424,2.7029330730438232,0.0008702073246240616,-0.000315024983137846,-0.0005326820537447929,0.0,0.0,0.0,0.0,0.0,0.0,-0.55897905,0.61781895,10.2577559,0.10471975511965978,0.06981317007977318,-0.05235987755982989,-714.0,320.0,-399.0,1600,1600,1599,1599,0,0,0,0
1763969520.5021944,0.0,0.0,32.24,154.86,-0.06298790872097015,0.21581928431987762,0.9743281602859497,-0.011796127073466778,-3.0910627841949463,-0.11792989075183868,2.7029147148132324,-0.0019395635463297367,-0.001429515890777111,-1.85500830411911e-05,0.0,0.0,0.0,0.0,0.0,0.0,-0.55897905,0.61781895,10.2577559,0.10471975511965978,0.06981317007977318,-0.05235987755982989,-714.0,320.0,-399.0,1600,1600,1599,1599,0,0,0,0
1763969520.5356083,0.0,0.0,32.24,154.86,-0.06298419833183289,0.21582823991775513,0.9743264317512512,-0.011799775063991547,-3.0910627841949463,-0.11792989075183868,2.7029147148132324,-0.0019395635463297367,-0.001429515890777111,-1.85500830411911e-05,0.0,0.0,0.0,0.0,0.0,0.0,-0.55897905,0.61781895,10.2577559,0.10471975511965978,0.06981317007977318,-0.05235987755982989,-714.0,320.0,-399.0,1600,1600,1599,1599,0,0,0,0
1763969520.5690296,0.0,0.0,32.24,154.86,-0.06298419833183289,0.21582823991775513,0.9743264317512512,-0.011799775063991547,-3.0910627841949463,-0.11792989075183868,2.7029147148132324,-0.0019395635463297367,-0.001429515890777111,-1.85500830411911e-05,0.0,0.0,0.0,0.0,0.0,0.0,-0.588399,0.6276256,10.2577559,0.05235987755982989,0.05235987755982989,-0.05235987755982989,-714.0,320.0,-399.0,1600,1600,1599,1599,0,0,0,0
1763969520.602447,0.0,0.0,32.24,154.86,-0.06298419833183289,0.21582823991775513,0.9743264317512512,-0.011799775063991547,-3.0910627841949463,-0.11792989075183868,2.7029147148132324,-0.0019395635463297367,-0.001429515890777111,-1.85500830411911e-05,0.0,0.0,0.0,0.0,0.0,0.0,-0.588399,0.6276256,10.2577559,0.05235987755982989,0.05235987755982989,-0.05235987755982989,-714.0,320.0,-399.0,1600,1600,1599,1599,0,0,0,0
1763969520.6358654,0.0,0.0,32.24,154.86,-0.06298419833183289,0.21582823991775513,0.9743264317512512,-0.011799775063991547,-3.0910823345184326,-0.11791669577360153,2.702937126159668,-0.0018365888390690088,-0.0016278685070574284,-0.0008352149743586779,0.0,0.0,0.0,0.0,0.0,0.0,-0.588399,0.6276256,10.2577559,0.05235987755982989,0.05235987755982989,-0.05235987755982989,-714.0,320.0,-399.0,1600,1600,1599,1599,0,0,0,0
1763969520.6692812,0.0,0.0,32.24,154.86,-0.06298419833183289,0.21582823991775513,0.9743264317512512,-0.011799775063991547,-3.0910823345184326,-0.11791669577360153,2.702937126159668,-0.0018365888390690088,-0.0016278685070574284,-0.0008352149743586779,0.0,0.0,0.0,0.0,0.0,0.0,-0.588399,0.6276256,10.2577559,0.05235987755982989,0.05235987755982989,-0.05235987755982989,-714.0,320.0,-399.0,1600,1600,1599,1599,0,0,0,0
1763969520.7026975,0.0,0.0,32.24,154.86,-0.06297554820775986,0.2158181220293045,0.9743292331695557,-0.01179244089871645,-3.0910823345184326,-0.11791669577360153,2.702937126159668,-0.0018365888390690088,-0.0016278685070574284,-0.0008352149743586779,0.0,0.0,0.0,0.0,0.0,0.0,-0.588399,0.6276256,10.2577559,0.05235987755982989,0.05235987755982989,-0.05235987755982989,-714.0,320.0,-399.0,1600,1600,1599,1599,0,0,0,0
1763969520.7361186,0.0,0.0,32.24,154.86,-0.06297554820775986,0.2158181220293045,0.9743292331695557,-0.01179244089871645,-3.0910823345184326,-0.11791669577360153,2.702937126159668,-0.0018365888390690088,-0.0016278685070574284,-0.0008352149743586779,0.0,0.0,0.0,0.0,0.0,0.0,-0.588399,0.6276256,10.2577559,0.05235987755982989,0.03490658503988659,-0.05235987755982989,-714.0,320.0,-399.0,1600,1600,1599,1599,0,0,0,0
1763969520.7695363,0.0,0.0,32.24,154.86,-0.06297554820775986,0.2158181220293045,0.9743292331695557,-0.01179244089871645,-3.0910823345184326,-0.11791669577360153,2.702937126159668,-0.0018365888390690088,-0.0016278685070574284,-0.0008352149743586779,0.0,0.0,0.0,0.0,0.0,0.0,-0.588399,0.6276256,10.2577559,0.05235987755982989,0.03490658503988659,-0.05235987755982989,-714.0,320.0,-399.0,1600,1600,1599,1599,0,0,0,0
1763969520.8029523,0.0,0.0,32.24,154.86,-0.06297554820775986,0.2158181220293045,0.9743292331695557,-0.01179244089871645,-3.0910823345184326,-0.11791669577360153,2.702937126159668,-0.0018365888390690088,-0.0016278685070574284,-0.0008352149743586779,0.0,0.0,0.0,0.0,0.0,0.0,-0.588399,0.6276256,10.2577559,0.05235987755982989,0.03490658503988659,-0.05235987755982989,-714.0,320.0,-399.0,1600,1600,1599,1599,0,0,0,0
1763969520.8363736,0.0,0.0,32.24,154.86,-0.06297554820775986,0.2158181220293045,0.9743292331695557,-0.01179244089871645,-3.0910823345184326,-0.11791669577360153,2.702937126159668,-0.0018365888390690088,-0.0016278685070574284,-0.0008352149743586779,0.0,0.0,0.0,0.0,0.0,0.0,-0.5687857000000001,0.61781895,10.24794925,0.06981317007977318,0.06981317007977318,-0.017453292519943295,-717.0,319.0,-403.0,1600,1600,1599,1599,0,0,0,0
1763969520.869793,0.0,0.0,32.24,154.86,-0.06297554820775986,0.2158181220293045,0.9743292331695557,-0.01179244089871645,-3.0910868644714355,-0.11788500845432281,2.7029244899749756,-0.000793257262557745,-0.0005093715153634548,0.0015988117083907127,0.0,0.0,0.0,0.0,0.0,0.0,-0.5687857000000001,0.61781895,10.24794925,0.06981317007977318,0.06981317007977318,-0.017453292519943295,-717.0,319.0,-403.0,1600,1600,1599,1599,0,0,0,0
1763969520.9032116,0.0,0.0,32.24,154.86,-0.0629597082734108,0.21582499146461487,0.9743288159370422,-0.01179331261664629,-3.0910868644714355,-0.11788500845432281,2.7029244899749756,-0.000793257262557745,-0.0005093715153634548,0.0015988117083907127,0.0,0.0,0.0,0.0,0.0,0.0,-0.5687857000000001,0.61781895,10.24794925,0.06981317007977318,0.06981317007977318,-0.017453292519943295,-717.0,319.0,-403.0,1600,1600,1599,1599,0,0,0,0
1763969520.93663,0.0,0.0,32.24,154.86,-0.0629597082734108,0.21582499146461487,0.9743288159370422,-0.01179331261664629,-3.0910868644714355,-0.11788500845432281,2.7029244899749756,-0.000793257262557745,-0.0005093715153634548,0.0015988117083907127,0.0,0.0,0.0,0.0,0.0,0.0,-0.5687857000000001,0.61781895,10.24794925,0.06981317007977318,0.06981317007977318,-0.017453292519943295,-717.0,319.0,-403.0,1600,1600,1599,1599,0,0,0,0
1763969520.9700499,0.0,0.0,32.24,154.86,-0.0629597082734108,0.21582499146461487,0.9743288159370422,-0.01179331261664629,-3.0911028385162354,-0.11787224560976028,2.7027511596679688,-0.00033085374161601067,-1.2930482625961304e-05,0.0008023986592888832,0.0,0.0,0.0,0.0,0.0,0.0,-0.5687857000000001,0.61781895,10.24794925,0.06981317007977318,0.06981317007977318,-0.017453292519943295,-717.0,319.0,-403.0,1600,1600,1599,1599,0,0,0,0
1763969521.0034707,0.0,0.0,32.24,154.86,-0.06295279413461685,0.21591009199619293,0.9743105173110962,-0.011781487613916397,-3.0911028385162354,-0.11787224560976028,2.7027511596679688,-0.00033085374161601067,-1.2930482625961304e-05,0.0008023986592888832,0.0,0.0,0.0,0.0,0.0,0.0,-0.5687857000000001,0.61781895,10.24794925,0.06981317007977318,0.06981317007977318,-0.017453292519943295,-717.0,319.0,-403.0,1600,1600,1599,1599,0,0,0,0
1763969521.0368893,0.0,0.0,32.21,154.85,-0.06295279413461685,0.21591009199619293,0.9743105173110962,-0.011781487613916397,-3.0911028385162354,-0.11787224560976028,2.7027511596679688,-0.00033085374161601067,-1.2930482625961304e-05,0.0008023986592888832,0.0,0.0,0.0,0.0,0.0,0.0,-0.5687857000000001,0.61781895,10.24794925,0.06981317007977318,0.06981317007977318,-0.017453292519943295,-717.0,319.0,-403.0,1600,1600,1599,1599,0,0,0,0
1763969521.0703075,0.0,0.0,32.21,154.85,-0.06295279413461685,0.21591009199619293,0.9743105173110962,-0.011781487613916397,-3.0911028385162354,-0.11787224560976028,2.7027511596679688,-0.00033085374161601067,-1.2930482625961304e-05,0.0008023986592888832,0.0,0.0,0.0,0.0,0.0,0.0,-0.5687857000000001,0.61781895,10.24794925,0.06981317007977318,0.06981317007977318,-0.017453292519943295,-717.0,319.0,-403.0,1600,1600,1599,1599,0,0,0,0
1763969521.1037428,0.0,0.0,32.21,154.85,-0.06295279413461685,0.21591009199619293,0.9743105173110962,-0.011781487613916397,-3.0911028385162354,-0.11787224560976028,2.7027511596679688,-0.00033085374161601067,-1.2930482625961304e-05,0.0008023986592888832,0.0,0.0,0.0,0.0,0.0,0.0,-0.5687857000000001,0.61781895,10.24794925,0.06981317007977318,0.06981317007977318,-0.017453292519943295,-717.0,319.0,-403.0,1600,1600,1599,1599,0,0,0,0
1763969521.1371596,0.0,0.0,32.21,154.85,-0.06295279413461685,0.21591009199619293,0.9743105173110962,-0.011781487613916397,-3.0911028385162354,-0.11787224560976028,2.7027511596679688,-0.00033085374161601067,-1.2930482625961304e-05,0.0008023986592888832,0.0,0.0,0.0,0.0,0.0,0.0,-0.57859235,0.63743225,10.2577559,0.08726646259971647,0.06981317007977318,-0.03490658503988659,-717.0,323.0,-401.0,1600,1600,1599,1599,0,0,0,0
1763969521.170575,0.0,0.0,32.21,154.85,-0.06295279413461685,0.21591009199619293,0.9743105173110962,-0.011781487613916397,-3.0911190509796143,-0.11786972731351852,2.702755928039551,-0.000917692668735981,-0.00015939166769385338,-0.0005459908861666918,0.0,0.0,0.0,0.0,0.0,0.0,-0.57859235,0.63743225,10.2577559,0.08726646259971647,0.06981317007977318,-0.03490658503988659,-717.0,323.0,-401.0,1600,1600,1599,1599,0,0,0,0
1763969521.2039917,0.0,0.0,32.21,154.85,-0.0629497841000557,0.215908482670784,0.974311113357544,-0.011773956939578056,-3.0911190509796143,-0.11786972731351852,2.702755928039551,-0.000917692668735981,-0.00015939166769385338,-0.0005459908861666918,0.0,0.0,0.0,0.0,0.0,0.0,-0.57859235,0.63743225,10.2577559,0.08726646259971647,0.06981317007977318,-0.03490658503988659,-717.0,323.0,-401.0,1600,1600,1599,1599,0,0,0,0
1763969521.2374122,0.0,0.0,32.21,154.85,-0.0629497841000557,0.215908482670784,0.974311113357544,-0.011773956939578056,-3.0911190509796143,-0.11786972731351852,2.702755928039551,-0.000917692668735981,-0.00015939166769385338,-0.0005459908861666918,0.0,0.0,0.0,0.0,0.0,0.0,-0.57859235,0.63743225,10.2577559,0.08726646259971647,0.06981317007977318,-0.03490658503988659,-717.0,323.0,-401.0,1600,1600,1599,1599,0,0,0,0
1763969521.2707882,0.0,0.0,32.21,154.85,-0.0629497841000557,0.215908482670784,0.974311113357544,-0.011773956939578056,-3.0911190509796143,-0.11786972731351852,2.702755928039551,-0.000917692668735981,-0.00015939166769385338,-0.0005459908861666918,0.0,0.0,0.0,0.0,0.0,0.0,-0.57859235,0.63743225,10.2577559,0.08726646259971647,0.06981317007977318,-0.03490658503988659,-717.0,323.0,-401.0,1600,1600,1599,1599,0,0,0,0
1763969521.3042061,0.0,0.0,32.21,154.85,-0.0629497841000557,0.215908482670784,0.974311113357544,-0.011773956939578056,-3.0911190509796143,-0.11786972731351852,2.702755928039551,-0.000917692668735981,-0.00015939166769385338,-0.0005459908861666918,0.0,0.0,0.0,0.0,0.0,0.0,-0.59820565,0.63743225,10.2577559,0.06981317007977318,0.06981317007977318,-0.05235987755982989,-717.0,323.0,-401.0,1600,1600,1599,1599,0,0,0,0
1763969521.3376234,0.0,0.0,32.21,154.85,-0.0629497841000557,0.215908482670784,0.974311113357544,-0.011773956939578056,-3.0911498069763184,-0.11783295124769211,2.702759265899658,5.598645657300949e-05,-0.0020019104704260826,-0.0001488237176090479,0.0,0.0,0.0,0.0,0.0,0.0,-0.59820565,0.63743225,10.2577559,0.06981317007977318,0.06981317007977318,-0.05235987755982989,-717.0,323.0,-401.0,1600,1600,1599,1599,0,0,0,0
1763969521.3710403,0.0,0.0,32.21,154.85,-0.06292854249477386,0.21590851247310638,0.9743126630783081,-0.011763107031583786,-3.0911498069763184,-0.11783295124769211,2.702759265899658,5.598645657300949e-05,-0.0020019104704260826,-0.0001488237176090479,0.0,0.0,0.0,0.0,0.0,0.0,-0.59820565,0.63743225,10.2577559,0.06981317007977318,0.06981317007977318,-0.05235987755982989,-717.0,323.0,-401.0,1600,1600,1599,1599,0,0,0,0
1763969521.404456,0.0,0.0,32.35,154.85,-0.06292854249477386,0.21590851247310638,0.9743126630783081,-0.011763107031583786,-3.0911498069763184,-0.11783295124769211,2.702759265899658,5.598645657300949e-05,-0.0020019104704260826,-0.0001488237176090479,0.0,0.0,0.0,0.0,0.0,0.0,-0.59820565,0.63743225,10.2577559,0.06981317007977318,0.06981317007977318,-0.05235987755982989,-717.0,323.0,-401.0,1600,1600,1599,1599,0,0,0,0
1763969521.437875,0.0,0.0,32.35,154.85,-0.06292854249477386,0.21590851247310638,0.9743126630783081,-0.011763107031583786,-3.0911498069763184,-0.11783295124769211,2.702759265899658,5.598645657300949e-05,-0.0020019104704260826,-0.0001488237176090479,0.0,0.0,0.0,0.0,0.0,0.0,-0.57859235,0.61781895,10.24794925,0.08726646259971647,0.03490658503988659,-0.05235987755982989,-724.0,323.0,-403.0,1600,1600,1599,1599,0,0,0,0
1763969521.4712698,0.0,0.0,32.35,154.85,-0.06292854249477386,0.21590851247310638,0.9743126630783081,-0.011763107031583786,-3.091157913208008,-0.11781888455152512,2.7027390003204346,-3.897491842508316e-05,-5.939509719610214e-05,5.429377779364586e-06,0.0,0.0,0.0,0.0,0.0,0.0,-0.57859235,0.61781895,10.24794925,0.08726646259971647,0.03490658503988659,-0.05235987755982989,-724.0,323.0,-403.0,1600,1600,1599,1599,0,0,0,0
1763969521.5046704,0.0,0.0,32.35,154.85,-0.0629209354519844,0.21591877937316895,0.9743108749389648,-0.011760039255023003,-3.091157913208008,-0.11781888455152512,2.7027390003204346,-3.897491842508316e-05,-5.939509719610214e-05,5.429377779364586e-06,0.0,0.0,0.0,0.0,0.0,0.0,-0.57859235,0.61781895,10.24794925,0.08726646259971647,0.03490658503988659,-0.05235987755982989,-724.0,323.0,-403.0,1600,1600,1599,1599,0,0,0,0
1763969521.5380714,0.0,0.0,32.35,154.85,-0.0629209354519844,0.21591877937316895,0.9743108749389648,-0.011760039255023003,-3.091157913208008,-0.11781888455152512,2.7027390003204346,-3.897491842508316e-05,-5.939509719610214e-05,5.429377779364586e-06,0.0,0.0,0.0,0.0,0.0,0.0,-0.57859235,0.61781895,10.24794925,0.08726646259971647,0.03490658503988659,-0.05235987755982989,-724.0,323.0,-403.0,1600,1600,1599,1599,0,0,0,0
1763969521.5714736,0.0,0.0,32.35,154.85,-0.0629209354519844,0.21591877937316895,0.9743108749389648,-0.011760039255023003,-3.091157913208008,-0.11781888455152512,2.7027390003204346,-3.897491842508316e-05,-5.939509719610214e-05,5.429377779364586e-06,0.0,0.0,0.0,0.0,0.0,0.0,-0.57859235,0.61781895,10.24794925,0.08726646259971647,0.03490658503988659,-0.05235987755982989,-724.0,323.0,-403.0,1600,1600,1599,1599,0,0,0,0
1763969521.6048756,0.0,0.0,32.35,154.85,-0.0629209354519844,0.21591877937316895,0.9743108749389648,-0.011760039255023003,-3.091157913208008,-0.11781888455152512,2.7027390003204346,-3.897491842508316e-05,-5.939509719610214e-05,5.429377779364586e-06,0.0,0.0,0.0,0.0,0.0,0.0,-0.57859235,0.61781895,10.24794925,0.08726646259971647,0.03490658503988659,-0.05235987755982989,-724.0,323.0,-403.0,1600,1600,1599,1599,0,0,0,0
1763969521.6382766,0.0,0.0,32.35,154.85,-0.0629209354519844,0.21591877937316895,0.9743108749389648,-0.011760039255023003,-3.091157913208008,-0.11781888455152512,2.7027390003204346,-3.897491842508316e-05,-5.939509719610214e-05,5.429377779364586e-06,0.0,0.0,0.0,0.0,0.0,0.0,-0.5491724,0.6080123,10.2577559,0.08726646259971647,0.06981317007977318,-0.05235987755982989,-724.0,323.0,-403.0,1600,1600,1599,1599,0,0,0,0
1763969521.6716776,0.0,0.0,32.35,154.85,-0.0629209354519844,0.21591877937316895,0.9743108749389648,-0.011760039255023003,-3.0911476612091064,-0.11783857643604279,2.702739715576172,-0.0009704828262329102,0.00033358437940478325,-0.0007065571844577789,0.0,0.0,0.0,0.0,0.0,0.0,-0.5491724,0.6080123,10.2577559,0.08726646259971647,0.06981317007977318,-0.05235987755982989,-724.0,323.0,-403.0,1600,1600,1599,1599,0,0,0,0
1763969521.7050798,0.0,0.0,32.35,154.85,-0.06293164193630219,0.21591782569885254,0.9743104577064514,-0.0117629524320364,-3.0911476612091064,-0.11783857643604279,2.702739715576172,-0.0009704828262329102,0.00033358437940478325,-0.0007065571844577789,0.0,0.0,0.0,0.0,0.0,0.0,-0.5491724,0.6080123,10.2577559,0.08726646259971647,0.06981317007977318,-0.05235987755982989,-724.0,323.0,-403.0,1600,1600,1599,1599,0,0,0,0
1763969521.7384815,0.0,0.0,32.35,154.85,-0.06293164193630219,0.21591782569885254,0.9743104577064514,-0.0117629524320364,-3.0911476612091064,-0.11783857643604279,2.702739715576172,-0.0009704828262329102,0.00033358437940478325,-0.0007065571844577789,0.0,0.0,0.0,0.0,0.0,0.0,-0.5491724,0.6080123,10.2577559,0.08726646259971647,0.06981317007977318,-0.05235987755982989,-724.0,323.0,-403.0,1600,1600,1599,1599,0,0,0,0
1763969521.7718823,0.0,0.0,32.35,154.85,-0.06293164193630219,0.21591782569885254,0.9743104577064514,-0.0117629524320364,-3.0911476612091064,-0.11783857643604279,2.702739715576172,-0.0009704828262329102,0.00033358437940478325,-0.0007065571844577789,0.0,0.0,0.0,0.0,0.0,0.0,-0.5491724,0.6080123,10.2577559,0.08726646259971647,0.06981317007977318,-0.05235987755982989,-724.0,323.0,-403.0,1600,1600,1599,1599,0,0,0,0
1763969521.8052998,0.0,0.0,32.35,154.85,-0.06293164193630219,0.21591782569885254,0.9743104577064514,-0.0117629524320364,-3.0911476612091064,-0.11783857643604279,2.702739715576172,-0.0009704828262329102,0.00033358437940478325,-0.0007065571844577789,0.0,0.0,0.0,0.0,0.0,0.0,-0.5491724,0.6080123,10.2577559,0.08726646259971647,0.06981317007977318,-0.05235987755982989,-724.0,323.0,-403.0,1600,1600,1599,1599,0,0,0,0
1763969521.8386984,0.0,0.0,32.35,154.85,-0.06293164193630219,0.21591782569885254,0.9743104577064514,-0.0117629524320364,-3.0911476612091064,-0.11783857643604279,2.702739715576172,-0.0009704828262329102,0.00033358437940478325,-0.0007065571844577789,0.0,0.0,0.0,0.0,0.0,0.0,-0.5491724,0.6080123,10.24794925,0.06981317007977318,0.06981317007977318,-0.05235987755982989,-724.0,323.0,-403.0,1600,1600,1599,1599,0,0,0,0
1763969521.8720996,0.0,0.0,32.02,154.85,-0.06293164193630219,0.21591782569885254,0.9743104577064514,-0.0117629524320364,-3.0911476612091064,-0.11783857643604279,2.702739715576172,-0.0009704828262329102,0.00033358437940478325,-0.0007065571844577789,0.0,0.0,0.0,0.0,0.0,0.0,-0.5491724,0.6080123,10.24794925,0.06981317007977318,0.06981317007977318,-0.05235987755982989,-724.0,323.0,-403.0,1600,1600,1599,1599,0,0,0,0
1763969521.9055016,0.0,0.0,32.02,154.85,-0.06293164193630219,0.21591782569885254,0.9743104577064514,-0.0117629524320364,-3.0911476612091064,-0.11783857643604279,2.702739715576172,-0.0009704828262329102,0.00033358437940478325,-0.0007065571844577789,0.0,0.0,0.0,0.0,0.0,0.0,-0.5491724,0.6080123,10.24794925,0.06981317007977318,0.06981317007977318,-0.05235987755982989,-724.0,323.0,-403.0,1600,1600,1599,1599,0,0,0,0
1763969521.9389033,0.0,0.0,32.02,154.85,-0.06293164193630219,0.21591782569885254,0.9743104577064514,-0.0117629524320364,-3.0910840034484863,-0.11785057932138443,2.7027580738067627,-0.00016083335503935814,0.00024669570848345757,0.0009440944995731115,0.0,0.0,0.0,0.0,0.0,0.0,-0.5491724,0.6080123,10.24794925,0.06981317007977318,0.06981317007977318,-0.05235987755982989,-724.0,323.0,-403.0,1600,1600,1599,1599,0,0,0,0
1763969521.9723039,0.0,0.0,32.02,154.85,-0.06293164193630219,0.21591782569885254,0.9743104577064514,-0.0117629524320364,-3.0910840034484863,-0.11785057932138443,2.7027580738067627,-0.00016083335503935814,0.00024669570848345757,0.0009440944995731115,0.0,0.0,0.0,0.0,0.0,0.0,-0.5491724,0.6080123,10.24794925,0.06981317007977318,0.06981317007977318,-0.05235987755982989,-724.0,323.0,-403.0,1600,1600,1599,1599,0,0,0,0
1763969522.0057049,0.0,0.0,32.02,154.85,-0.06293164193630219,0.21591782569885254,0.9743104577064514,-0.0117629524320364,-3.0910840034484863,-0.11785057932138443,2.7027580738067627,-0.00016083335503935814,0.00024669570848345757,0.0009440944995731115,0.0,0.0,0.0,0.0,0.0,0.0,-0.5491724,0.6080123,10.24794925,0.08726646259971647,0.06981317007977318,-0.03490658503988659,-717.0,315.0,-401.0,1600,1600,1599,1599,0,0,0,0
1763969522.0391064,0.0,0.0,32.02,154.85,-0.06293164193630219,0.21591782569885254,0.9743104577064514,-0.0117629524320364,-3.0910797119140625,-0.11787069588899612,2.702794313430786,8.242018520832062e-05,-0.0009715622290968895,-0.0004926326218992472,0.0,0.0,0.0,0.0,0.0,0.0,-0.5491724,0.6080123,10.24794925,0.08726646259971647,0.06981317007977318,-0.03490658503988659,-717.0,315.0,-401.0,1600,1600,1599,1599,0,0,0,0
1763969522.0725076,0.0,0.0,32.02,154.85,-0.06293164193630219,0.21591782569885254,0.9743104577064514,-0.0117629524320364,-3.0910797119140625,-0.11787069588899612,2.702794313430786,8.242018520832062e-05,-0.0009715622290968895,-0.0004926326218992472,0.0,0.0,0.0,0.0,0.0,0.0,-0.5491724,0.6080123,10.24794925,0.08726646259971647,0.06981317007977318,-0.03490658503988659,-717.0,315.0,-401.0,1600,1600,1599,1599,0,0,0,0
1763969522.1059108,0.0,0.0,32.02,154.85,-0.06293164193630219,0.21591782569885254,0.9743104577064514,-0.0117629524320364,-3.0910797119140625,-0.11787069588899612,2.702794313430786,8.242018520832062e-05,-0.0009715622290968895,-0.0004926326218992472,0.0,0.0,0.0,0.0,0.0,0.0,-0.5491724,0.6080123,10.2577559,0.08726646259971647,0.05235987755982989,-0.05235987755982989,-710.0,322.0,-402.0,1600,1600,1599,1599,0,0,0,0
1763969522.1393113,0.0,0.0,32.02,154.85,-0.06295428425073624,0.21588850021362305,0.9743150472640991,-0.011794254183769226,-3.0910797119140625,-0.11787069588899612,2.702794313430786,8.242018520832062e-05,-0.0009715622290968895,-0.0004926326218992472,0.0,0.0,0.0,0.0,0.0,0.0,-0.5491724,0.6080123,10.2577559,0.08726646259971647,0.05235987755982989,-0.05235987755982989,-710.0,322.0,-402.0,1600,1600,1599,1599,0,0,0,0
1763969522.172713,0.0,0.0,32.1,154.85,-0.06295428425073624,0.21588850021362305,0.9743150472640991,-0.011794254183769226,-3.0910797119140625,-0.11787069588899612,2.702794313430786,8.242018520832062e-05,-0.0009715622290968895,-0.0004926326218992472,0.0,0.0,0.0,0.0,0.0,0.0,-0.5491724,0.6080123,10.2577559,0.08726646259971647,0.05235987755982989,-0.05235987755982989,-710.0,322.0,-402.0,1600,1600,1599,1599,0,0,0,0
1763969522.206115,0.0,0.0,32.1,154.85,-0.06295428425073624,0.21588850021362305,0.9743150472640991,-0.011794254183769226,-3.0910556316375732,-0.11787939816713333,2.7027454376220703,8.33217054605484e-05,0.0006080423481762409,-0.000781534006819129,0.0,0.0,0.0,0.0,0.0,0.0,-0.5491724,0.6080123,10.2577559,0.08726646259971647,0.05235987755982989,-0.05235987755982989,-710.0,322.0,-402.0,1600,1600,1599,1599,0,0,0,0
1763969522.2395175,0.0,0.0,32.1,154.85,-0.0629613921046257,0.2159113585948944,0.9743094444274902,-0.011803464964032173,-3.0910556316375732,-0.11787939816713333,2.7027454376220703,8.33217054605484e-05,0.0006080423481762409,-0.000781534006819129,0.0,0.0,0.0,0.0,0.0,0.0,-0.5491724,0.6080123,10.2577559,0.08726646259971647,0.05235987755982989,-0.05235987755982989,-710.0,322.0,-402.0,1600,1600,1599,1599,0,0,0,0
1763969522.272919,0.0,0.0,32.1,154.85,-0.0629613921046257,0.2159113585948944,0.9743094444274902,-0.011803464964032173,-3.0910556316375732,-0.11787939816713333,2.7027454376220703,8.33217054605484e-05,0.0006080423481762409,-0.000781534006819129,0.0,0.0,0.0,0.0,0.0,0.0,-0.5491724,0.6080123,10.2577559,0.08726646259971647,0.05235987755982989,-0.05235987755982989,-710.0,322.0,-402.0,1600,1600,1599,1599,0,0,0,0
1763969522.3063219,0.0,0.0,32.1,154.85,-0.0629613921046257,0.2159113585948944,0.9743094444274902,-0.011803464964032173,-3.0910556316375732,-0.11787939816713333,2.7027454376220703,8.33217054605484e-05,0.0006080423481762409,-0.000781534006819129,0.0,0.0,0.0,0.0,0.0,0.0,-0.5491724,0.6080123,10.2577559,0.08726646259971647,0.05235987755982989,-0.05235987755982989,-710.0,322.0,-402.0,1600,1600,1599,1599,0,0,0,0
1763969522.3397236,0.0,0.0,32.1,154.85,-0.0629613921046257,0.2159113585948944,0.9743094444274902,-0.011803464964032173,-3.0910556316375732,-0.11787939816713333,2.7027454376220703,8.33217054605484e-05,0.0006080423481762409,-0.000781534006819129,0.0,0.0,0.0,0.0,0.0,0.0,-0.5491724,0.6080123,10.2577559,0.08726646259971647,0.05235987755982989,-0.05235987755982989,-710.0,322.0,-402.0,1600,1600,1599,1599,0,0,0,0
1763969522.3731256,0.0,0.0,32.1,154.85,-0.0629613921046257,0.2159113585948944,0.9743094444274902,-0.011803464964032173,-3.0910556316375732,-0.11787939816713333,2.7027454376220703,8.33217054605484e-05,0.0006080423481762409,-0.000781534006819129,0.0,0.0,0.0,0.0,0.0,0.0,-0.55897905,0.6080123,10.2577559,0.08726646259971647,0.08726646259971647,-0.05235987755982989,-710.0,322.0,-402.0,1600,1600,1599,1599,0,0,0,0
1763969522.4065266,0.0,0.0,32.1,154.85,-0.0629613921046257,0.2159113585948944,0.9743094444274902,-0.011803464964032173,-3.091031074523926,-0.11790783703327179,2.7026968002319336,0.00040864013135433197,0.000980324111878872,0.0008389109279960394,0.0,0.0,0.0,0.0,0.0,0.0,-0.55897905,0.6080123,10.2577559,0.08726646259971647,0.08726646259971647,-0.05235987755982989,-710.0,322.0,-402.0,1600,1600,1599,1599,0,0,0,0
1763969522.4399288,0.0,0.0,32.1,154.85,-0.06297816336154938,0.21593376994132996,0.9743033051490784,-0.011810733936727047,-3.091031074523926,-0.11790783703327179,2.7026968002319336,0.00040864013135433197,0.000980324111878872,0.0008389109279960394,0.0,0.0,0.0,0.0,0.0,0.0,-0.55897905,0.6080123,10.2577559,0.08726646259971647,0.08726646259971647,-0.05235987755982989,-710.0,322.0,-402.0,1600,1600,1599,1599,0,0,0,0
1763969522.4733312,0.0,0.0,32.1,154.85,-0.06297816336154938,0.21593376994132996,0.9743033051490784,-0.011810733936727047,-3.091031074523926,-0.11790783703327179,2.7026968002319336,0.00040864013135433197,0.000980324111878872,0.0008389109279960394,0.0,0.0,0.0,0.0,0.0,0.0,-0.55897905,0.6080123,10.2577559,0.08726646259971647,0.08726646259971647,-0.05235987755982989,-710.0,322.0,-402.0,1600,1600,1599,1599,0,0,0,0
1763969522.5067356,0.0,0.0,32.1,154.85,-0.06297816336154938,0.21593376994132996,0.9743033051490784,-0.011810733936727047,-3.091031074523926,-0.11790783703327179,2.7026968002319336,0.00040864013135433197,0.000980324111878872,0.0008389109279960394,0.0,0.0,0.0,0.0,0.0,0.0,-0.55897905,0.6080123,10.2577559,0.08726646259971647,0.08726646259971647,-0.05235987755982989,-710.0,322.0,-402.0,1600,1600,1599,1599,0,0,0,0
1763969522.5401382,0.0,0.0,32.1,154.85,-0.06297816336154938,0.21593376994132996,0.9743033051490784,-0.011810733936727047,-3.091031074523926,-0.11790783703327179,2.7026968002319336,0.00040864013135433197,0.000980324111878872,0.0008389109279960394,0.0,0.0,0.0,0.0,0.0,0.0,-0.55897905,0.6080123,10.2577559,0.08726646259971647,0.08726646259971647,-0.05235987755982989,-710.0,322.0,-402.0,1600,1600,1599,1599,0,0,0,0
1763969522.5735457,0.0,0.0,32.1,154.85,-0.06297816336154938,0.21593376994132996,0.9743033051490784,-0.011810733936727047,-3.091031074523926,-0.11790783703327179,2.7026968002319336,0.00040864013135433197,0.000980324111878872,0.0008389109279960394,0.0,0.0,0.0,0.0,0.0,0.0,-0.5687857000000001,0.61781895,10.2577559,0.08726646259971647,0.08726646259971647,-0.03490658503988659,-710.0,322.0,-402.0,1600,1600,1599,1599,0,0,0,0
1763969522.606969,0.0,0.0,32.1,154.85,-0.06297816336154938,0.21593376994132996,0.9743033051490784,-0.011810733936727047,-3.0910484790802,-0.11790648847818375,2.7026679515838623,-0.001845258055254817,-0.0002926359884440899,0.00014938483946025372,0.0,0.0,0.0,0.0,0.0,0.0,-0.5687857000000001,0.61781895,10.2577559,0.08726646259971647,0.08726646259971647,-0.03490658503988659,-710.0,322.0,-402.0,1600,1600,1599,1599,0,0,0,0
1763969522.6403716,0.0,0.0,32.1,154.85,-0.06297580152750015,0.21594837307929993,0.9743003249168396,-0.01180149894207716,-3.0910484790802,-0.11790648847818375,2.7026679515838623,-0.001845258055254817,-0.0002926359884440899,0.00014938483946025372,0.0,0.0,0.0,0.0,0.0,0.0,-0.5687857000000001,0.61781895,10.2577559,0.08726646259971647,0.08726646259971647,-0.03490658503988659,-710.0,322.0,-402.0,1600,1600,1599,1599,0,0,0,0
1763969522.673773,0.0,0.0,32.13,154.85,-0.06297580152750015,0.21594837307929993,0.9743003249168396,-0.01180149894207716,-3.0910484790802,-0.11790648847818375,2.7026679515838623,-0.001845258055254817,-0.0002926359884440899,0.00014938483946025372,0.0,0.0,0.0,0.0,0.0,0.0,-0.5687857000000001,0.61781895,10.2577559,0.08726646259971647,0.08726646259971647,-0.03490658503988659,-710.0,322.0,-402.0,1600,1600,1599,1599,0,0,0,0
1763969522.7082207,0.0,0.0,32.13,154.85,-0.06297580152750015,0.21594837307929993,0.9743003249168396,-0.01180149894207716,-3.0910484790802,-0.11790648847818375,2.7026679515838623,-0.001845258055254817,-0.0002926359884440899,0.00014938483946025372,0.0,0.0,0.0,0.0,0.0,0.0,-0.5687857000000001,0.61781895,10.2577559,0.08726646259971647,0.08726646259971647,-0.03490658503988659,-710.0,322.0,-402.0,1600,1600,1599,1599,0,0,0,0
1763969522.7416692,0.0,0.0,32.13,154.85,-0.06297580152750015,0.21594837307929993,0.9743003249168396,-0.01180149894207716,-3.0910484790802,-0.11790648847818375,2.7026679515838623,-0.001845258055254817,-0.0002926359884440899,0.00014938483946025372,0.0,0.0,0.0,0.0,0.0,0.0,-0.5687857000000001,0.61781895,10.2577559,0.08726646259971647,0.08726646259971647,-0.03490658503988659,-710.0,322.0,-402.0,1600,1600,1599,1599,0,0,0,0
1763969522.7750976,0.0,0.0,32.13,154.85,-0.06297580152750015,0.21594837307929993,0.9743003249168396,-0.01180149894207716,-3.0910484790802,-0.11790648847818375,2.7026679515838623,-0.001845258055254817,-0.0002926359884440899,0.00014938483946025372,0.0,0.0,0.0,0.0,0.0,0.0,-0.57859235,0.6276256,10.2577559,0.05235987755982989,0.06981317007977318,-0.05235987755982989,-716.0,321.0,-402.0,1600,1600,1599,1599,0,0,0,0
1763969522.8085268,0.0,0.0,32.13,154.85,-0.06297580152750015,0.21594837307929993,0.9743003249168396,-0.01180149894207716,-3.0909619331359863,-0.1178683340549469,2.7026875019073486,-0.0007175542414188385,-0.002051505958661437,-0.0001258219126611948,0.0,0.0,0.0,0.0,0.0,0.0,-0.57859235,0.6276256,10.2577559,0.05235987755982989,0.06981317007977318,-0.05235987755982989,-716.0,321.0,-402.0,1600,1600,1599,1599,0,0,0,0
1763969522.8419478,0.0,0.0,32.13,154.85,-0.06296645849943161,0.2159367948770523,0.9743028879165649,-0.011848504655063152,-3.0909619331359863,-0.1178683340549469,2.7026875019073486,-0.0007175542414188385,-0.002051505958661437,-0.0001258219126611948,0.0,0.0,0.0,0.0,0.0,0.0,-0.57859235,0.6276256,10.2577559,0.05235987755982989,0.06981317007977318,-0.05235987755982989,-716.0,321.0,-402.0,1600,1600,1599,1599,0,0,0,0
1763969522.875368,0.0,0.0,32.14,154.85,-0.06296645849943161,0.2159367948770523,0.9743028879165649,-0.011848504655063152,-3.0909619331359863,-0.1178683340549469,2.7026875019073486,-0.0007175542414188385,-0.002051505958661437,-0.0001258219126611948,0.0,0.0,0.0,0.0,0.0,0.0,-0.57859235,0.6276256,10.2577559,0.05235987755982989,0.06981317007977318,-0.05235987755982989,-716.0,321.0,-402.0,1600,1600,1599,1599,0,0,0,0
1763969522.9087892,0.0,0.0,32.14,154.85,-0.06296645849943161,0.2159367948770523,0.9743028879165649,-0.011848504655063152,-3.0909619331359863,-0.1178683340549469,2.7026875019073486,-0.0007175542414188385,-0.002051505958661437,-0.0001258219126611948,0.0,0.0,0.0,0.0,0.0,0.0,-0.57859235,0.6276256,10.2577559,0.05235987755982989,0.06981317007977318,-0.05235987755982989,-716.0,321.0,-402.0,1600,1600,1599,1599,0,0,0,0
1763969522.942199,0.0,0.0,32.14,154.85,-0.06296645849943161,0.2159367948770523,0.9743028879165649,-0.011848504655063152,-3.0909619331359863,-0.1178683340549469,2.7026875019073486,-0.0007175542414188385,-0.002051505958661437,-0.0001258219126611948,0.0,0.0,0.0,0.0,0.0,0.0,-0.588399,0.6276256,10.24794925,0.06981317007977318,0.03490658503988659,-0.05235987755982989,-718.0,320.0,-402.0,1600,1600,1599,1599,0,0,0,0
1763969522.975599,0.0,0.0,32.14,154.85,-0.06296645849943161,0.2159367948770523,0.9743028879165649,-0.011848504655063152,-3.090975761413574,-0.11784828454256058,2.702672243118286,0.00038392096757888794,0.00048037245869636536,0.00027957139536738396,0.0,0.0,0.0,0.0,0.0,0.0,-0.588399,0.6276256,10.24794925,0.06981317007977318,0.03490658503988659,-0.05235987755982989,-718.0,320.0,-402.0,1600,1600,1599,1599,0,0,0,0
1763969523.009023,0.0,0.0,32.14,154.85,-0.06295529752969742,0.21594510972499847,0.974301815032959,-0.011843515560030937,-3.090975761413574,-0.11784828454256058,2.702672243118286,0.00038392096757888794,0.00048037245869636536,0.00027957139536738396,0.0,0.0,0.0,0.0,0.0,0.0,-0.588399,0.6276256,10.24794925,0.06981317007977318,0.03490658503988659,-0.05235987755982989,-718.0,320.0,-402.0,1600,1600,1599,1599,0,0,0,0
1763969523.0424447,0.0,0.0,32.14,154.85,-0.06295529752969742,0.21594510972499847,0.974301815032959,-0.011843515560030937,-3.090975761413574,-0.11784828454256058,2.702672243118286,0.00038392096757888794,0.00048037245869636536,0.00027957139536738396,0.0,0.0,0.0,0.0,0.0,0.0,-0.588399,0.6276256,10.24794925,0.06981317007977318,0.03490658503988659,-0.05235987755982989,-718.0,320.0,-402.0,1600,1600,1599,1599,0,0,0,0
1763969523.0758643,0.0,0.0,32.14,154.85,-0.06295529752969742,0.21594510972499847,0.974301815032959,-0.011843515560030937,-3.090975761413574,-0.11784828454256058,2.702672243118286,0.00038392096757888794,0.00048037245869636536,0.00027957139536738396,0.0,0.0,0.0,0.0,0.0,0.0,-0.588399,0.6276256,10.24794925,0.06981317007977318,0.03490658503988659,-0.05235987755982989,-718.0,320.0,-402.0,1600,1600,1599,1599,0,0,0,0
1763969523.1092768,0.0,0.0,32.14,154.85,-0.06295529752969742,0.21594510972499847,0.974301815032959,-0.011843515560030937,-3.090975761413574,-0.11784828454256058,2.702672243118286,0.00038392096757888794,0.00048037245869636536,0.00027957139536738396,0.0,0.0,0.0,0.0,0.0,0.0,-0.588399,0.6276256,10.24794925,0.06981317007977318,0.03490658503988659,-0.05235987755982989,-718.0,320.0,-402.0,1600,1600,1599,1599,0,0,0,0
1763969523.1426802,0.0,0.0,32.14,154.85,-0.06295529752969742,0.21594510972499847,0.974301815032959,-0.011843515560030937,-3.090975761413574,-0.11784828454256058,2.702672243118286,0.00038392096757888794,0.00048037245869636536,0.00027957139536738396,0.0,0.0,0.0,0.0,0.0,0.0,-0.5687857000000001,0.61781895,10.2577559,0.08726646259971647,0.08726646259971647,-0.03490658503988659,-718.0,320.0,-402.0,1600,1600,1599,1599,0,0,0,0
1763969523.176079,0.0,0.0,32.14,154.85,-0.06295529752969742,0.21594510972499847,0.974301815032959,-0.011843515560030937,-3.0909690856933594,-0.11784505099058151,2.7026851177215576,0.0005533406510949135,0.0007133330218493938,-0.0005065868608653545,0.0,0.0,0.0,0.0,0.0,0.0,-0.5687857000000001,0.61781895,10.2577559,0.08726646259971647,0.08726646259971647,-0.03490658503988659,-718.0,320.0,-402.0,1600,1600,1599,1599,0,0,0,0
1763969523.209487,0.0,0.0,32.14,154.85,-0.06295529752969742,0.21594510972499847,0.974301815032959,-0.011843515560030937,-3.0909690856933594,-0.11784505099058151,2.7026851177215576,0.0005533406510949135,0.0007133330218493938,-0.0005065868608653545,0.0,0.0,0.0,0.0,0.0,0.0,-0.5687857000000001,0.61781895,10.2577559,0.08726646259971647,0.08726646259971647,-0.03490658503988659,-718.0,320.0,-402.0,1600,1600,1599,1599,0,0,0,0
1763969523.2428935,0.0,0.0,32.14,154.85,-0.06295434385538101,0.21593865752220154,0.9743033051490784,-0.011847435496747494,-3.0909690856933594,-0.11784505099058151,2.7026851177215576,0.0005533406510949135,0.0007133330218493938,-0.0005065868608653545,0.0,0.0,0.0,0.0,0.0,0.0,-0.5687857000000001,0.61781895,10.2577559,0.08726646259971647,0.08726646259971647,-0.03490658503988659,-718.0,320.0,-402.0,1600,1600,1599,1599,0,0,0,0
1763969523.276308,0.0,0.0,32.14,154.85,-0.06295434385538101,0.21593865752220154,0.9743033051490784,-0.011847435496747494,-3.0909690856933594,-0.11784505099058151,2.7026851177215576,0.0005533406510949135,0.0007133330218493938,-0.0005065868608653545,0.0,0.0,0.0,0.0,0.0,0.0,-0.55897905,0.59820565,10.2577559,0.08726646259971647,0.08726646259971647,-0.05235987755982989,-718.0,320.0,-402.0,1600,1600,1599,1599,0,0,0,0
1763969523.3097227,0.0,0.0,32.14,154.85,-0.06295434385538101,0.21593865752220154,0.9743033051490784,-0.011847435496747494,-3.0909690856933594,-0.11784505099058151,2.7026851177215576,0.0005533406510949135,0.0007133330218493938,-0.0005065868608653545,0.0,0.0,0.0,0.0,0.0,0.0,-0.55897905,0.59820565,10.2577559,0.08726646259971647,0.08726646259971647,-0.05235987755982989,-718.0,320.0,-402.0,1600,1600,1599,1599,0,0,0,0
1763969523.3431425,0.0,0.0,32.14,154.85,-0.06295434385538101,0.21593865752220154,0.9743033051490784,-0.011847435496747494,-3.0909595489501953,-0.11785881966352463,2.7026784420013428,-0.000617676880210638,0.001476823352277279,0.0006257351487874985,0.0,0.0,0.0,0.0,0.0,0.0,-0.55897905,0.59820565,10.2577559,0.08726646259971647,0.08726646259971647,-0.05235987755982989,-718.0,320.0,-402.0,1600,1600,1599,1599,0,0,0,0
1763969523.3765652,0.0,0.0,32.14,154.85,-0.06295434385538101,0.21593865752220154,0.9743033051490784,-0.011847435496747494,-3.0909595489501953,-0.11785881966352463,2.7026784420013428,-0.000617676880210638,0.001476823352277279,0.0006257351487874985,0.0,0.0,0.0,0.0,0.0,0.0,-0.55897905,0.59820565,10.2577559,0.08726646259971647,0.08726646259971647,-0.05235987755982989,-718.0,320.0,-402.0,1600,1600,1599,1599,0,0,0,0
1763969523.4099894,0.0,0.0,32.14,154.85,-0.0629621371626854,0.2159413993358612,0.9743021130561829,-0.011850433424115181,-3.0909595489501953,-0.11785881966352463,2.7026784420013428,-0.000617676880210638,0.001476823352277279,0.0006257351487874985,0.0,0.0,0.0,0.0,0.0,0.0,-0.55897905,0.59820565,10.2577559,0.08726646259971647,0.08726646259971647,-0.05235987755982989,-718.0,320.0,-402.0,1600,1600,1599,1599,0,0,0,0
1763969523.443408,0.0,0.0,32.14,154.85,-0.0629621371626854,0.2159413993358612,0.9743021130561829,-0.011850433424115181,-3.0909595489501953,-0.11785881966352463,2.7026784420013428,-0.000617676880210638,0.001476823352277279,0.0006257351487874985,0.0,0.0,0.0,0.0,0.0,0.0,-0.5491724,0.59820565,10.24794925,0.06981317007977318,0.10471975511965978,-0.03490658503988659,-719.0,320.0,-399.0,1600,1600,1599,1599,0,0,0,0
1763969523.4768286,0.0,0.0,32.11,154.85,-0.0629621371626854,0.2159413993358612,0.9743021130561829,-0.011850433424115181,-3.0909595489501953,-0.11785881966352463,2.7026784420013428,-0.000617676880210638,0.001476823352277279,0.0006257351487874985,0.0,0.0,0.0,0.0,0.0,0.0,-0.5491724,0.59820565,10.24794925,0.06981317007977318,0.10471975511965978,-0.03490658503988659,-719.0,320.0,-399.0,1600,1600,1599,1599,0,0,0,0
1763969523.5102458,0.0,0.0,32.11,154.85,-0.0629621371626854,0.2159413993358612,0.9743021130561829,-0.011850433424115181,-3.0909595489501953,-0.11785881966352463,2.7026784420013428,-0.000617676880210638,0.001476823352277279,0.0006257351487874985,0.0,0.0,0.0,0.0,0.0,0.0,-0.5491724,0.59820565,10.24794925,0.06981317007977318,0.10471975511965978,-0.03490658503988659,-719.0,320.0,-399.0,1600,1600,1599,1599,0,0,0,0
1763969523.543681,0.0,0.0,32.11,154.85,-0.0629621371626854,0.2159413993358612,0.9743021130561829,-0.011850433424115181,-3.0909595489501953,-0.11785881966352463,2.7026784420013428,-0.000617676880210638,0.001476823352277279,0.0006257351487874985,0.0,0.0,0.0,0.0,0.0,0.0,-0.5491724,0.59820565,10.24794925,0.06981317007977318,0.10471975511965978,-0.03490658503988659,-719.0,320.0,-399.0,1600,1600,1599,1599,0,0,0,0
1763969523.5771308,0.0,0.0,32.11,154.85,-0.0629621371626854,0.2159413993358612,0.9743021130561829,-0.011850433424115181,-3.0909595489501953,-0.11785881966352463,2.7026784420013428,-0.000617676880210638,0.001476823352277279,0.0006257351487874985,0.0,0.0,0.0,0.0,0.0,0.0,-0.5687857000000001,0.61781895,10.2577559,0.12217304763960307,0.10471975511965978,-0.06981317007977318,-719.0,320.0,-399.0,1600,1600,1599,1599,0,0,0,0
1763969523.610546,0.0,0.0,32.11,154.85,-0.0629621371626854,0.2159413993358612,0.9743021130561829,-0.011850433424115181,-3.090914487838745,-0.11788643151521683,2.7026634216308594,1.244526356458664e-05,0.0005348706617951393,-8.989637717604637e-05,0.0,0.0,0.0,0.0,0.0,0.0,-0.5687857000000001,0.61781895,10.2577559,0.12217304763960307,0.10471975511965978,-0.06981317007977318,-719.0,320.0,-399.0,1600,1600,1599,1599,0,0,0,0
1763969523.6439703,0.0,0.0,32.11,154.85,-0.0629621371626854,0.2159413993358612,0.9743021130561829,-0.011850433424115181,-3.0908734798431396,-0.11792005598545074,2.7026681900024414,0.0010195979848504066,-0.0004595620557665825,0.0003767171874642372,0.0,0.0,0.0,0.0,0.0,0.0,-0.5687857000000001,0.61781895,10.2577559,0.12217304763960307,0.10471975511965978,-0.06981317007977318,-719.0,320.0,-399.0,1600,1600,1599,1599,0,0,0,0
1763969523.6773908,0.0,0.0,32.11,154.85,-0.06300128996372223,0.21594247221946716,0.9742989540100098,-0.011885358020663261,-3.0908734798431396,-0.11792005598545074,2.7026681900024414,0.0010195979848504066,-0.0004595620557665825,0.0003767171874642372,0.0,0.0,0.0,0.0,0.0,0.0,-0.5687857000000001,0.61781895,10.2577559,0.12217304763960307,0.10471975511965978,-0.06981317007977318,-719.0,320.0,-399.0,1600,1600,1599,1599,0,0,0,0
1763969523.7108085,0.0,0.0,32.09,154.85,-0.06300128996372223,0.21594247221946716,0.9742989540100098,-0.011885358020663261,-3.0908734798431396,-0.11792005598545074,2.7026681900024414,0.0010195979848504066,-0.0004595620557665825,0.0003767171874642372,0.0,0.0,0.0,0.0,0.0,0.0,-0.5687857000000001,0.61781895,10.2577559,0.12217304763960307,0.10471975511965978,-0.06981317007977318,-719.0,320.0,-399.0,1600,1600,1599,1599,0,0,0,0
1763969523.7442517,0.0,0.0,32.09,154.85,-0.06300128996372223,0.21594247221946716,0.9742989540100098,-0.011885358020663261,-3.0908734798431396,-0.11792005598545074,2.7026681900024414,0.0010195979848504066,-0.0004595620557665825,0.0003767171874642372,0.0,0.0,0.0,0.0,0.0,0.0,-0.5687857000000001,0.61781895,10.2577559,0.12217304763960307,0.10471975511965978,-0.06981317007977318,-719.0,320.0,-399.0,1600,1600,1599,1599,0,0,0,0
1763969523.7776964,0.0,0.0,32.09,154.85,-0.06300128996372223,0.21594247221946716,0.9742989540100098,-0.011885358020663261,-3.0908734798431396,-0.11792005598545074,2.7026681900024414,0.0010195979848504066,-0.0004595620557665825,0.0003767171874642372,0.0,0.0,0.0,0.0,0.0,0.0,-0.588399,0.6276256,10.2577559,0.10471975511965978,0.06981317007977318,-0.03490658503988659,-721.0,323.0,-399.0,1600,1600,1599,1599,0,0,0,0
1763969523.8111253,0.0,0.0,32.09,154.85,-0.06300128996372223,0.21594247221946716,0.9742989540100098,-0.011885358020663261,-3.090876817703247,-0.11789200454950333,2.702671527862549,0.0007764236070215702,-0.001573141198605299,8.316570892930031e-05,0.0,0.0,0.0,0.0,0.0,0.0,-0.588399,0.6276256,10.2577559,0.10471975511965978,0.06981317007977318,-0.03490658503988659,-721.0,323.0,-399.0,1600,1600,1599,1599,0,0,0,0
1763969523.844544,0.0,0.0,32.09,154.85,-0.06298726052045822,0.21594157814979553,0.974299967288971,-0.011886926367878914,-3.090876817703247,-0.11789200454950333,2.702671527862549,0.0007764236070215702,-0.001573141198605299,8.316570892930031e-05,0.0,0.0,0.0,0.0,0.0,0.0,-0.588399,0.6276256,10.2577559,0.10471975511965978,0.06981317007977318,-0.03490658503988659,-721.0,323.0,-399.0,1600,1600,1599,1599,0,0,0,0
1763969523.877963,0.0,0.0,32.09,154.85,-0.06298726052045822,0.21594157814979553,0.974299967288971,-0.011886926367878914,-3.090876817703247,-0.11789200454950333,2.702671527862549,0.0007764236070215702,-0.001573141198605299,8.316570892930031e-05,0.0,0.0,0.0,0.0,0.0,0.0,-0.588399,0.6276256,10.2577559,0.10471975511965978,0.06981317007977318,-0.03490658503988659,-721.0,323.0,-399.0,1600,1600,1599,1599,0,0,0,0
1763969523.9113793,0.0,0.0,32.09,154.85,-0.06298726052045822,0.21594157814979553,0.974299967288971,-0.011886926367878914,-3.090876817703247,-0.11789200454950333,2.702671527862549,0.0007764236070215702,-0.001573141198605299,8.316570892930031e-05,0.0,0.0,0.0,0.0,0.0,0.0,-0.588399,0.6276256,10.2577559,0.10471975511965978,0.06981317007977318,-0.03490658503988659,-721.0,323.0,-399.0,1600,1600,1599,1599,0,0,0,0
1763969523.9447966,0.0,0.0,32.09,154.85,-0.06298726052045822,0.21594157814979553,0.974299967288971,-0.011886926367878914,-3.090876817703247,-0.11789200454950333,2.702671527862549,0.0007764236070215702,-0.001573141198605299,8.316570892930031e-05,0.0,0.0,0.0,0.0,0.0,0.0,-0.588399,0.6276256,10.2577559,0.10471975511965978,0.06981317007977318,-0.03490658503988659,-721.0,323.0,-399.0,1600,1600,1599,1599,0,0,0,0
1763969523.9782376,0.0,0.0,32.09,154.85,-0.06298726052045822,0.21594157814979553,0.974299967288971,-0.011886926367878914,-3.090876817703247,-0.11789200454950333,2.702671527862549,0.0007764236070215702,-0.001573141198605299,8.316570892930031e-05,0.0,0.0,0.0,0.0,0.0,0.0,-0.5687857000000001,0.61781895,10.2577559,0.10471975511965978,0.03490658503988659,-0.05235987755982989,-721.0,323.0,-399.0,1600,1600,1599,1599,0,0,0,0
1763969524.0116572,0.0,0.0,32.09,154.85,-0.06298726052045822,0.21594157814979553,0.974299967288971,-0.011886926367878914,-3.090869188308716,-0.11788807809352875,2.7026610374450684,0.002045676112174988,-0.00019064918160438538,0.0002134242095053196,0.0,0.0,0.0,0.0,0.0,0.0,-0.5687857000000001,0.61781895,10.2577559,0.10471975511965978,0.03490658503988659,-0.05235987755982989,-721.0,323.0,-399.0,1600,1600,1599,1599,0,0,0,0
1763969524.0450728,0.0,0.0,32.09,154.85,-0.06298726052045822,0.21594157814979553,0.974299967288971,-0.011886926367878914,-3.090869188308716,-0.11788807809352875,2.7026610374450684,0.002045676112174988,-0.00019064918160438538,0.0002134242095053196,0.0,0.0,0.0,0.0,0.0,0.0,-0.5687857000000001,0.61781895,10.2577559,0.10471975511965978,0.03490658503988659,-0.05235987755982989,-721.0,323.0,-399.0,1600,1600,1599,1599,0,0,0,0
1763969524.078496,0.0,0.0,32.09,154.85,-0.06298623234033585,0.21594639122486115,0.9742990732192993,-0.011890746653079987,-3.090869188308716,-0.11788807809352875,2.7026610374450684,0.002045676112174988,-0.00019064918160438538,0.0002134242095053196,0.0,0.0,0.0,0.0,0.0,0.0,-0.5687857000000001,0.61781895,10.2577559,0.10471975511965978,0.03490658503988659,-0.05235987755982989,-721.0,323.0,-399.0,1600,1600,1599,1599,0,0,0,0
1763969524.1119156,0.0,0.0,32.09,154.85,-0.06298623234033585,0.21594639122486115,0.9742990732192993,-0.011890746653079987,-3.090869188308716,-0.11788807809352875,2.7026610374450684,0.002045676112174988,-0.00019064918160438538,0.0002134242095053196,0.0,0.0,0.0,0.0,0.0,0.0,-0.5491724,0.61781895,10.24794925,0.12217304763960307,0.06981317007977318,-0.03490658503988659,-721.0,323.0,-399.0,1600,1600,1599,1599,0,0,0,0
1763969524.1453333,0.0,0.0,32.09,154.85,-0.06298623234033585,0.21594639122486115,0.9742990732192993,-0.011890746653079987,-3.090869188308716,-0.11788807809352875,2.7026610374450684,0.002045676112174988,-0.00019064918160438538,0.0002134242095053196,0.0,0.0,0.0,0.0,0.0,0.0,-0.5491724,0.61781895,10.24794925,0.12217304763960307,0.06981317007977318,-0.03490658503988659,-721.0,323.0,-399.0,1600,1600,1599,1599,0,0,0,0
1763969524.1787648,0.0,0.0,32.15,154.85,-0.06298623234033585,0.21594639122486115,0.9742990732192993,-0.011890746653079987,-3.090869188308716,-0.11788807809352875,2.7026610374450684,0.002045676112174988,-0.00019064918160438538,0.0002134242095053196,0.0,0.0,0.0,0.0,0.0,0.0,-0.5491724,0.61781895,10.24794925,0.12217304763960307,0.06981317007977318,-0.03490658503988659,-721.0,323.0,-399.0,1600,1600,1599,1599,0,0,0,0
1763969524.2121487,0.0,0.0,32.15,154.85,-0.06298623234033585,0.21594639122486115,0.9742990732192993,-0.011890746653079987,-3.090869188308716,-0.11788807809352875,2.7026610374450684,0.002045676112174988,-0.00019064918160438538,0.0002134242095053196,0.0,0.0,0.0,0.0,0.0,0.0,-0.5491724,0.61781895,10.24794925,0.12217304763960307,0.06981317007977318,-0.03490658503988659,-721.0,323.0,-399.0,1600,1600,1599,1599,0,0,0,0
1763969524.2455473,0.0,0.0,32.15,154.85,-0.06298623234033585,0.21594639122486115,0.9742990732192993,-0.011890746653079987,-3.090869188308716,-0.11788807809352875,2.7026610374450684,0.002045676112174988,-0.00019064918160438538,0.0002134242095053196,0.0,0.0,0.0,0.0,0.0,0.0,-0.5491724,0.61781895,10.24794925,0.12217304763960307,0.06981317007977318,-0.03490658503988659,-721.0,323.0,-399.0,1600,1600,1599,1599,0,0,0,0
1763969524.2789464,0.0,0.0,32.15,154.85,-0.06300021708011627,0.21592740714550018,0.9743021726608276,-0.011895068921148777,-3.090869188308716,-0.11788807809352875,2.7026610374450684,0.002045676112174988,-0.00019064918160438538,0.0002134242095053196,0.0,0.0,0.0,0.0,0.0,0.0,-0.5491724,0.61781895,10.24794925,0.12217304763960307,0.06981317007977318,-0.03490658503988659,-721.0,323.0,-399.0,1600,1600,1599,1599,0,0,0,0
1763969524.3123462,0.0,0.0,32.15,154.85,-0.06300021708011627,0.21592740714550018,0.9743021726608276,-0.011895068921148777,-3.090869188308716,-0.11788807809352875,2.7026610374450684,0.002045676112174988,-0.00019064918160438538,0.0002134242095053196,0.0,0.0,0.0,0.0,0.0,0.0,-0.5491724,0.61781895,10.24794925,0.12217304763960307,0.06981317007977318,-0.03490658503988659,-721.0,323.0,-399.0,1600,1600,1599,1599,0,0,0,0
1763969524.3457446,0.0,0.0,32.15,154.85,-0.06300021708011627,0.21592740714550018,0.9743021726608276,-0.011895068921148777,-3.090869188308716,-0.11788807809352875,2.7026610374450684,0.002045676112174988,-0.00019064918160438538,0.0002134242095053196,0.0,0.0,0.0,0.0,0.0,0.0,-0.5491724,0.61781895,10.24794925,0.12217304763960307,0.06981317007977318,-0.03490658503988659,-721.0,323.0,-399.0,1600,1600,1599,1599,0,0,0,0
1763969524.3791428,0.0,0.0,32.15,154.85,-0.06300021708011627,0.21592740714550018,0.9743021726608276,-0.011895068921148777,-3.090869188308716,-0.11788807809352875,2.7026610374450684,0.002045676112174988,-0.00019064918160438538,0.0002134242095053196,0.0,0.0,0.0,0.0,0.0,0.0,-0.5491724,0.61781895,10.24794925,0.12217304763960307,0.06981317007977318,-0.03490658503988659,-721.0,323.0,-399.0,1600,1600,1599,1599,0,0,0,0
1763969524.4125457,0.0,0.0,32.15,154.85,-0.06300021708011627,0.21592740714550018,0.9743021726608276,-0.011895068921148777,-3.090869188308716,-0.11788807809352875,2.7026610374450684,0.002045676112174988,-0.00019064918160438538,0.0002134242095053196,0.0,0.0,0.0,0.0,0.0,0.0,-0.5687857000000001,0.61781895,10.2577559,0.10471975511965978,0.08726646259971647,-0.05235987755982989,-719.0,317.0,-400.0,1600,1600,1599,1599,0,0,0,0
1763969524.445963,0.0,0.0,32.15,154.85,-0.06300021708011627,0.21592740714550018,0.9743021726608276,-0.011895068921148777,-3.090869188308716,-0.11788807809352875,2.7026610374450684,0.002045676112174988,-0.00019064918160438538,0.0002134242095053196,0.0,0.0,0.0,0.0,0.0,0.0,-0.5687857000000001,0.61781895,10.2577559,0.10471975511965978,0.08726646259971647,-0.05235987755982989,-719.0,317.0,-400.0,1600,1600,1599,1599,0,0,0,0
1763969524.4793844,0.0,0.0,32.15,154.85,-0.06300021708011627,0.21592740714550018,0.9743021726608276,-0.011895068921148777,-3.0908331871032715,-0.11789948493242264,2.7026965618133545,-2.427445724606514e-05,0.0006636716425418854,0.0011326544918119907,0.0,0.0,0.0,0.0,0.0,0.0,-0.5687857000000001,0.61781895,10.2577559,0.10471975511965978,0.08726646259971647,-0.05235987755982989,-719.0,317.0,-400.0,1600,1600,1599,1599,0,0,0,0
1763969524.5127952,0.0,0.0,32.15,154.85,-0.06300021708011627,0.21592740714550018,0.9743021726608276,-0.011895068921148777,-3.0908331871032715,-0.11789948493242264,2.7026965618133545,-2.427445724606514e-05,0.0006636716425418854,0.0011326544918119907,0.0,0.0,0.0,0.0,0.0,0.0,-0.5687857000000001,0.61781895,10.2577559,0.10471975511965978,0.08726646259971647,-0.05235987755982989,-719.0,317.0,-400.0,1600,1600,1599,1599,0,0,0,0
1763969524.5461984,0.0,0.0,32.15,154.85,-0.06300021708011627,0.21592740714550018,0.9743021726608276,-0.011895068921148777,-3.0908331871032715,-0.11789948493242264,2.7026965618133545,-2.427445724606514e-05,0.0006636716425418854,0.0011326544918119907,0.0,0.0,0.0,0.0,0.0,0.0,-0.5687857000000001,0.6080123,10.2577559,0.10471975511965978,0.05235987755982989,-0.03490658503988659,-719.0,322.0,-401.0,1600,1600,1599,1599,0,0,0,0
1763969524.5796,0.0,0.0,32.15,154.85,-0.06300021708011627,0.21592740714550018,0.9743021726608276,-0.011895068921148777,-3.090836763381958,-0.11790230125188828,2.7026336193084717,0.0013182219117879868,-0.0011971669737249613,0.0002730067353695631,0.0,0.0,0.0,0.0,0.0,0.0,-0.5687857000000001,0.6080123,10.2577559,0.10471975511965978,0.05235987755982989,-0.03490658503988659,-719.0,322.0,-401.0,1600,1600,1599,1599,0,0,0,0
1763969524.6130042,0.0,0.0,32.15,154.85,-0.06299680471420288,0.21595847606658936,0.9742954969406128,-0.011904085986316204,-3.090836763381958,-0.11790230125188828,2.7026336193084717,0.0013182219117879868,-0.0011971669737249613,0.0002730067353695631,0.0,0.0,0.0,0.0,0.0,0.0,-0.5687857000000001,0.6080123,10.2577559,0.10471975511965978,0.05235987755982989,-0.03490658503988659,-719.0,322.0,-401.0,1600,1600,1599,1599,0,0,0,0
1763969524.646408,0.0,0.0,32.04,154.84,-0.06299680471420288,0.21595847606658936,0.9742954969406128,-0.011904085986316204,-3.090836763381958,-0.11790230125188828,2.7026336193084717,0.0013182219117879868,-0.0011971669737249613,0.0002730067353695631,0.0,0.0,0.0,0.0,0.0,0.0,-0.5687857000000001,0.6080123,10.2577559,0.10471975511965978,0.05235987755982989,-0.03490658503988659,-719.0,322.0,-401.0,1600,1600,1599,1599,0,0,0,0
1763969524.679807,0.0,0.0,32.04,154.84,-0.06299680471420288,0.21595847606658936,0.9742954969406128,-0.011904085986316204,-3.090836763381958,-0.11790230125188828,2.7026336193084717,0.0013182219117879868,-0.0011971669737249613,0.0002730067353695631,0.0,0.0,0.0,0.0,0.0,0.0,-0.5687857000000001,0.6080123,10.2577559,0.10471975511965978,0.05235987755982989,-0.03490658503988659,-719.0,322.0,-401.0,1600,1600,1599,1599,0,0,0,0
1763969524.713219,0.0,0.0,32.04,154.84,-0.06299680471420288,0.21595847606658936,0.9742954969406128,-0.011904085986316204,-3.090855121612549,-0.11791969835758209,2.7026290893554688,-0.0010098973289132118,0.0009353845380246639,0.0007546655833721161,0.0,0.0,0.0,0.0,0.0,0.0,-0.5687857000000001,0.6080123,10.2577559,0.10471975511965978,0.05235987755982989,-0.03490658503988659,-719.0,322.0,-401.0,1600,1600,1599,1599,0,0,0,0
1763969524.746658,0.0,0.0,32.04,154.84,-0.063003309071064,0.21596099436283112,0.9742946624755859,-0.011893026530742645,-3.090855121612549,-0.11791969835758209,2.7026290893554688,-0.0010098973289132118,0.0009353845380246639,0.0007546655833721161,0.0,0.0,0.0,0.0,0.0,0.0,-0.5687857000000001,0.6080123,10.2577559,0.10471975511965978,0.05235987755982989,-0.03490658503988659,-719.0,322.0,-401.0,1600,1600,1599,1599,0,0,0,0
1763969524.780067,0.0,0.0,32.04,154.84,-0.063003309071064,0.21596099436283112,0.9742946624755859,-0.011893026530742645,-3.090855121612549,-0.11791969835758209,2.7026290893554688,-0.0010098973289132118,0.0009353845380246639,0.0007546655833721161,0.0,0.0,0.0,0.0,0.0,0.0,-0.5687857000000001,0.6080123,10.2577559,0.10471975511965978,0.05235987755982989,-0.03490658503988659,-719.0,322.0,-401.0,1600,1600,1599,1599,0,0,0,0
1763969524.8135335,0.0,0.0,32.04,154.84,-0.063003309071064,0.21596099436283112,0.9742946624755859,-0.011893026530742645,-3.090855121612549,-0.11791969835758209,2.7026290893554688,-0.0010098973289132118,0.0009353845380246639,0.0007546655833721161,0.0,0.0,0.0,0.0,0.0,0.0,-0.5687857000000001,0.61781895,10.2577559,0.06981317007977318,0.08726646259971647,-0.03490658503988659,-719.0,322.0,-401.0,1600,1600,1599,1599,0,0,0,0
1763969524.8469718,0.0,0.0,32.04,154.84,-0.063003309071064,0.21596099436283112,0.9742946624755859,-0.011893026530742645,-3.09086012840271,-0.11793090403079987,2.702629327774048,-0.0008114045485854149,-3.0720606446266174e-05,4.796311259269714e-06,0.0,0.0,0.0,0.0,0.0,0.0,-0.5687857000000001,0.61781895,10.2577559,0.06981317007977318,0.08726646259971647,-0.03490658503988659,-719.0,322.0,-401.0,1600,1600,1599,1599,0,0,0,0
1763969524.8808305,0.0,0.0,32.04,154.84,-0.063003309071064,0.21596099436283112,0.9742946624755859,-0.011893026530742645,-3.09086012840271,-0.11793090403079987,2.702629327774048,-0.0008114045485854149,-3.0720606446266174e-05,4.796311259269714e-06,0.0,0.0,0.0,0.0,0.0,0.0,-0.5687857000000001,0.61781895,10.2577559,0.06981317007977318,0.08726646259971647,-0.03490658503988659,-719.0,322.0,-401.0,1600,1600,1599,1599,0,0,0,0
1763969524.914245,0.0,0.0,32.04,154.84,-0.06300824880599976,0.2159608006477356,0.9742943644523621,-0.011889460496604443,-3.09086012840271,-0.11793090403079987,2.702629327774048,-0.0008114045485854149,-3.0720606446266174e-05,4.796311259269714e-06,0.0,0.0,0.0,0.0,0.0,0.0,-0.5687857000000001,0.61781895,10.2577559,0.06981317007977318,0.08726646259971647,-0.03490658503988659,-719.0,322.0,-401.0,1600,1600,1599,1599,0,0,0,0
1763969524.9477026,0.0,0.0,32.04,154.84,-0.06300824880599976,0.2159608006477356,0.9742943644523621,-0.011889460496604443,-3.09086012840271,-0.11793090403079987,2.702629327774048,-0.0008114045485854149,-3.0720606446266174e-05,4.796311259269714e-06,0.0,0.0,0.0,0.0,0.0,0.0,-0.5687857000000001,0.6080123,10.24794925,0.06981317007977318,0.06981317007977318,-0.05235987755982989,-720.0,325.0,-401.0,1600,1600,1599,1599,0,0,0,0
1763969524.9811175,0.0,0.0,32.03,154.84,-0.06300824880599976,0.2159608006477356,0.9742943644523621,-0.011889460496604443,-3.09086012840271,-0.11793090403079987,2.702629327774048,-0.0008114045485854149,-3.0720606446266174e-05,4.796311259269714e-06,0.0,0.0,0.0,0.0,0.0,0.0,-0.5687857000000001,0.6080123,10.24794925,0.06981317007977318,0.06981317007977318,-0.05235987755982989,-720.0,325.0,-401.0,1600,1600,1599,1599,0,0,0,0
1763969525.0145173,0.0,0.0,32.03,154.84,-0.06300824880599976,0.2159608006477356,0.9742943644523621,-0.011889460496604443,-3.090864419937134,-0.11792957037687302,2.7026095390319824,-0.0006820834241807461,0.00017906632274389267,0.00029376521706581116,0.0,0.0,0.0,0.0,0.0,0.0,-0.5687857000000001,0.6080123,10.24794925,0.06981317007977318,0.06981317007977318,-0.05235987755982989,-720.0,325.0,-401.0,1600,1600,1599,1599,0,0,0,0
1763969525.0479162,0.0,0.0,32.03,154.84,-0.06300723552703857,0.21597063541412354,0.9742922782897949,-0.011886821128427982,-3.090864419937134,-0.11792957037687302,2.7026095390319824,-0.0006820834241807461,0.00017906632274389267,0.00029376521706581116,0.0,0.0,0.0,0.0,0.0,0.0,-0.5687857000000001,0.6080123,10.24794925,0.06981317007977318,0.06981317007977318,-0.05235987755982989,-720.0,325.0,-401.0,1600,1600,1599,1599,0,0,0,0
1763969525.081308,0.0,0.0,32.03,154.84,-0.06300723552703857,0.21597063541412354,0.9742922782897949,-0.011886821128427982,-3.090864419937134,-0.11792957037687302,2.7026095390319824,-0.0006820834241807461,0.00017906632274389267,0.00029376521706581116,0.0,0.0,0.0,0.0,0.0,0.0,-0.5687857000000001,0.6080123,10.24794925,0.06981317007977318,0.06981317007977318,-0.05235987755982989,-720.0,325.0,-401.0,1600,1600,1599,1599,0,0,0,0
1763969525.1147137,0.0,0.0,32.03,154.84,-0.06300723552703857,0.21597063541412354,0.9742922782897949,-0.011886821128427982,-3.090864419937134,-0.11792957037687302,2.7026095390319824,-0.0006820834241807461,0.00017906632274389267,0.00029376521706581116,0.0,0.0,0.0,0.0,0.0,0.0,-0.5687857000000001,0.6080123,10.24794925,0.06981317007977318,0.06981317007977318,-0.05235987755982989,-720.0,325.0,-401.0,1600,1600,1599,1599,0,0,0,0
1763969525.1481674,0.0,0.0,32.03,154.84,-0.06300723552703857,0.21597063541412354,0.9742922782897949,-0.011886821128427982,-3.090864419937134,-0.11792957037687302,2.7026095390319824,-0.0006820834241807461,0.00017906632274389267,0.00029376521706581116,0.0,0.0,0.0,0.0,0.0,0.0,-0.5687857000000001,0.61781895,10.24794925,0.06981317007977318,0.06981317007977318,-0.03490658503988659,-720.0,325.0,-401.0,1600,1600,1599,1599,0,0,0,0
1763969525.1818342,0.0,0.0,32.03,154.84,-0.06300723552703857,0.21597063541412354,0.9742922782897949,-0.011886821128427982,-3.090989589691162,-0.11800389736890793,2.702727794647217,-0.002997920149937272,0.0007838737219572067,-0.0012277106288820505,0.0,0.0,0.0,0.0,0.0,0.0,-0.5687857000000001,0.61781895,10.24794925,0.06981317007977318,0.06981317007977318,-0.03490658503988659,-720.0,325.0,-401.0,1600,1600,1599,1599,0,0,0,0
1763969525.2152512,0.0,0.0,32.03,154.84,-0.0630292221903801,0.21591557562351227,0.9743039011955261,-0.011821471154689789,-3.090989589691162,-0.11800389736890793,2.702727794647217,-0.002997920149937272,0.0007838737219572067,-0.0012277106288820505,0.0,0.0,0.0,0.0,0.0,0.0,-0.5687857000000001,0.61781895,10.24794925,0.06981317007977318,0.06981317007977318,-0.03490658503988659,-720.0,325.0,-401.0,1600,1600,1599,1599,0,0,0,0
1763969525.248666,0.0,0.0,32.23,154.85,-0.0630292221903801,0.21591557562351227,0.9743039011955261,-0.011821471154689789,-3.090989589691162,-0.11800389736890793,2.702727794647217,-0.002997920149937272,0.0007838737219572067,-0.0012277106288820505,0.0,0.0,0.0,0.0,0.0,0.0,-0.5687857000000001,0.61781895,10.24794925,0.06981317007977318,0.06981317007977318,-0.03490658503988659,-720.0,325.0,-401.0,1600,1600,1599,1599,0,0,0,0
1763969525.2820625,0.0,0.0,32.23,154.85,-0.0630292221903801,0.21591557562351227,0.9743039011955261,-0.011821471154689789,-3.090989589691162,-0.11800389736890793,2.702727794647217,-0.002997920149937272,0.0007838737219572067,-0.0012277106288820505,0.0,0.0,0.0,0.0,0.0,0.0,-0.5687857000000001,0.61781895,10.24794925,0.06981317007977318,0.06981317007977318,-0.03490658503988659,-720.0,325.0,-401.0,1600,1600,1599,1599,0,0,0,0
1763969525.3154635,0.0,0.0,32.23,154.85,-0.0630292221903801,0.21591557562351227,0.9743039011955261,-0.011821471154689789,-3.090989589691162,-0.11800389736890793,2.702727794647217,-0.002997920149937272,0.0007838737219572067,-0.0012277106288820505,0.0,0.0,0.0,0.0,0.0,0.0,-0.5687857000000001,0.61781895,10.24794925,0.06981317007977318,0.06981317007977318,-0.03490658503988659,-720.0,325.0,-401.0,1600,1600,1599,1599,0,0,0,0
1763969525.3488555,0.0,0.0,32.23,154.85,-0.0630292221903801,0.21591557562351227,0.9743039011955261,-0.011821471154689789,-3.090989589691162,-0.11800389736890793,2.702727794647217,-0.002997920149937272,0.0007838737219572067,-0.0012277106288820505,0.0,0.0,0.0,0.0,0.0,0.0,-0.57859235,0.6276256,10.2577559,0.03490658503988659,0.08726646259971647,-0.06981317007977318,-711.0,319.0,-399.0,1600,1600,1599,1599,0,0,0,0
1763969525.3822527,0.0,0.0,32.23,154.85,-0.0630292221903801,0.21591557562351227,0.9743039011955261,-0.011821471154689789,-3.091001510620117,-0.11797807365655899,2.7027463912963867,0.0005291951820254326,-0.0006149616092443466,-0.0005336266476660967,0.0,0.0,0.0,0.0,0.0,0.0,-0.57859235,0.6276256,10.2577559,0.03490658503988659,0.08726646259971647,-0.06981317007977318,-711.0,319.0,-399.0,1600,1600,1599,1599,0,0,0,0
1763969525.4156463,0.0,0.0,32.23,154.85,-0.0630292221903801,0.21591557562351227,0.9743039011955261,-0.011821471154689789,-3.091001510620117,-0.11797807365655899,2.7027463912963867,0.0005291951820254326,-0.0006149616092443466,-0.0005336266476660967,0.0,0.0,0.0,0.0,0.0,0.0,-0.57859235,0.6276256,10.2577559,0.03490658503988659,0.08726646259971647,-0.06981317007977318,-711.0,319.0,-399.0,1600,1600,1599,1599,0,0,0,0
1763969525.4490464,0.0,0.0,32.23,154.85,-0.0630292221903801,0.21591557562351227,0.9743039011955261,-0.011821471154689789,-3.091001510620117,-0.11797807365655899,2.7027463912963867,0.0005291951820254326,-0.0006149616092443466,-0.0005336266476660967,0.0,0.0,0.0,0.0,0.0,0.0,-0.55897905,0.59820565,10.2577559,0.08726646259971647,0.05235987755982989,-0.05235987755982989,-714.0,320.0,-403.0,1600,1600,1599,1599,0,0,0,0
1763969525.4824405,0.0,0.0,32.23,154.85,-0.06301526725292206,0.21590736508369446,0.974306583404541,-0.011819117702543736,-3.091001510620117,-0.11797807365655899,2.7027463912963867,0.0005291951820254326,-0.0006149616092443466,-0.0005336266476660967,0.0,0.0,0.0,0.0,0.0,0.0,-0.55897905,0.59820565,10.2577559,0.08726646259971647,0.05235987755982989,-0.05235987755982989,-714.0,320.0,-403.0,1600,1600,1599,1599,0,0,0,0
1763969525.516165,0.0,0.0,32.17,154.85,-0.06301526725292206,0.21590736508369446,0.974306583404541,-0.011819117702543736,-3.091001510620117,-0.11797807365655899,2.7027463912963867,0.0005291951820254326,-0.0006149616092443466,-0.0005336266476660967,0.0,0.0,0.0,0.0,0.0,0.0,-0.55897905,0.59820565,10.2577559,0.08726646259971647,0.05235987755982989,-0.05235987755982989,-714.0,320.0,-403.0,1600,1600,1599,1599,0,0,0,0
1763969525.5507917,0.0,0.0,32.17,154.85,-0.0630069375038147,0.21591676771640778,0.9743050932884216,-0.011820252984762192,-3.091001510620117,-0.11797807365655899,2.7027463912963867,0.0005291951820254326,-0.0006149616092443466,-0.0005336266476660967,0.0,0.0,0.0,0.0,0.0,0.0,-0.55897905,0.59820565,10.2577559,0.08726646259971647,0.05235987755982989,-0.05235987755982989,-714.0,320.0,-403.0,1600,1600,1599,1599,0,0,0,0
1763969525.5842166,0.0,0.0,32.17,154.85,-0.0630069375038147,0.21591676771640778,0.9743050932884216,-0.011820252984762192,-3.091001510620117,-0.11797807365655899,2.7027463912963867,0.0005291951820254326,-0.0006149616092443466,-0.0005336266476660967,0.0,0.0,0.0,0.0,0.0,0.0,-0.55897905,0.59820565,10.2577559,0.08726646259971647,0.05235987755982989,-0.05235987755982989,-714.0,320.0,-403.0,1600,1600,1599,1599,0,0,0,0
1763969525.617633,0.0,0.0,32.17,154.85,-0.0630069375038147,0.21591676771640778,0.9743050932884216,-0.011820252984762192,-3.091001510620117,-0.11797807365655899,2.7027463912963867,0.0005291951820254326,-0.0006149616092443466,-0.0005336266476660967,0.0,0.0,0.0,0.0,0.0,0.0,-0.55897905,0.59820565,10.2577559,0.08726646259971647,0.05235987755982989,-0.05235987755982989,-714.0,320.0,-403.0,1600,1600,1599,1599,0,0,0,0
1763969525.6510334,0.0,0.0,32.17,154.85,-0.0630069375038147,0.21591676771640778,0.9743050932884216,-0.011820252984762192,-3.091001510620117,-0.11797807365655899,2.7027463912963867,0.0005291951820254326,-0.0006149616092443466,-0.0005336266476660967,0.0,0.0,0.0,0.0,0.0,0.0,-0.55897905,0.59820565,10.2577559,0.08726646259971647,0.05235987755982989,-0.05235987755982989,-714.0,320.0,-403.0,1600,1600,1599,1599,0,0,0,0
1763969525.6844308,0.0,0.0,32.17,154.85,-0.0630069375038147,0.21591676771640778,0.9743050932884216,-0.011820252984762192,-3.091001510620117,-0.11797807365655899,2.7027463912963867,0.0005291951820254326,-0.0006149616092443466,-0.0005336266476660967,0.0,0.0,0.0,0.0,0.0,0.0,-0.53936575,0.59820565,10.2577559,0.08726646259971647,0.06981317007977318,-0.03490658503988659,-714.0,320.0,-403.0,1600,1600,1599,1599,0,0,0,0
1763969525.7178326,0.0,0.0,32.17,154.85,-0.0630069375038147,0.21591676771640778,0.9743050932884216,-0.011820252984762192,-3.091015100479126,-0.11797656863927841,2.7027194499969482,-0.0028486947994679213,0.0002459026873111725,-3.469991497695446e-05,0.0,0.0,0.0,0.0,0.0,0.0,-0.53936575,0.59820565,10.2577559,0.08726646259971647,0.06981317007977318,-0.03490658503988659,-714.0,320.0,-403.0,1600,1600,1599,1599,0,0,0,0
1763969525.7512302,0.0,0.0,32.17,154.85,-0.0630132257938385,0.21592091023921967,0.9743038415908813,-0.011811817064881325,-3.091015100479126,-0.11797656863927841,2.7027194499969482,-0.0028486947994679213,0.0002459026873111725,-3.469991497695446e-05,0.0,0.0,0.0,0.0,0.0,0.0,-0.53936575,0.59820565,10.2577559,0.08726646259971647,0.06981317007977318,-0.03490658503988659,-714.0,320.0,-403.0,1600,1600,1599,1599,0,0,0,0
1763969525.7846277,0.0,0.0,32.17,154.85,-0.0630132257938385,0.21592091023921967,0.9743038415908813,-0.011811817064881325,-3.091015100479126,-0.11797656863927841,2.7027194499969482,-0.0028486947994679213,0.0002459026873111725,-3.469991497695446e-05,0.0,0.0,0.0,0.0,0.0,0.0,-0.53936575,0.59820565,10.2577559,0.08726646259971647,0.06981317007977318,-0.03490658503988659,-714.0,320.0,-403.0,1600,1600,1599,1599,0,0,0,0
1763969525.8180223,0.0,0.0,32.17,154.85,-0.0630132257938385,0.21592091023921967,0.9743038415908813,-0.011811817064881325,-3.091015100479126,-0.11797656863927841,2.7027194499969482,-0.0028486947994679213,0.0002459026873111725,-3.469991497695446e-05,0.0,0.0,0.0,0.0,0.0,0.0,-0.53936575,0.59820565,10.2577559,0.08726646259971647,0.06981317007977318,-0.03490658503988659,-714.0,320.0,-403.0,1600,1600,1599,1599,0,0,0,0
1763969525.8514252,0.0,0.0,32.17,154.85,-0.0630132257938385,0.21592091023921967,0.9743038415908813,-0.011811817064881325,-3.091015100479126,-0.11797656863927841,2.7027194499969482,-0.0028486947994679213,0.0002459026873111725,-3.469991497695446e-05,0.0,0.0,0.0,0.0,0.0,0.0,-0.53936575,0.59820565,10.2577559,0.08726646259971647,0.06981317007977318,-0.03490658503988659,-714.0,320.0,-403.0,1600,1600,1599,1599,0,0,0,0
1763969525.884855,0.0,0.0,32.17,154.85,-0.0630132257938385,0.21592091023921967,0.9743038415908813,-0.011811817064881325,-3.091015100479126,-0.11797656863927841,2.7027194499969482,-0.0028486947994679213,0.0002459026873111725,-3.469991497695446e-05,0.0,0.0,0.0,0.0,0.0,0.0,-0.55897905,0.61781895,10.2577559,0.03490658503988659,0.06981317007977318,-0.05235987755982989,-714.0,320.0,-403.0,1600,1600,1599,1599,0,0,0,0
1763969525.918269,0.0,0.0,32.17,154.85,-0.0630132257938385,0.21592091023921967,0.9743038415908813,-0.011811817064881325,-3.091017246246338,-0.1179829090833664,2.702716588973999,-0.0009805290028452873,0.0008758539333939552,-7.756799459457397e-05,0.0,0.0,0.0,0.0,0.0,0.0,-0.55897905,0.61781895,10.2577559,0.03490658503988659,0.06981317007977318,-0.05235987755982989,-714.0,320.0,-403.0,1600,1600,1599,1599,0,0,0,0
1763969525.9516702,0.0,0.0,32.17,154.85,-0.0630132257938385,0.21592091023921967,0.9743038415908813,-0.011811817064881325,-3.091017246246338,-0.1179829090833664,2.702716588973999,-0.0009805290028452873,0.0008758539333939552,-7.756799459457397e-05,0.0,0.0,0.0,0.0,0.0,0.0,-0.55897905,0.61781895,10.2577559,0.03490658503988659,0.06981317007977318,-0.05235987755982989,-714.0,320.0,-403.0,1600,1600,1599,1599,0,0,0,0
1763969525.9850688,0.0,0.0,32.17,154.85,-0.0630132257938385,0.21592091023921967,0.9743038415908813,-0.011811817064881325,-3.091017246246338,-0.1179829090833664,2.702716588973999,-0.0009805290028452873,0.0008758539333939552,-7.756799459457397e-05,0.0,0.0,0.0,0.0,0.0,0.0,-0.55897905,0.61781895,10.2577559,0.03490658503988659,0.06981317007977318,-0.05235987755982989,-714.0,320.0,-403.0,1600,1600,1599,1599,0,0,0,0
1763969526.0184622,0.0,0.0,32.17,154.85,-0.0630132257938385,0.21592091023921967,0.9743038415908813,-0.011811817064881325,-3.091017246246338,-0.1179829090833664,2.702716588973999,-0.0009805290028452873,0.0008758539333939552,-7.756799459457397e-05,0.0,0.0,0.0,0.0,0.0,0.0,-0.55897905,0.61781895,10.2577559,0.03490658503988659,0.06981317007977318,-0.05235987755982989,-714.0,320.0,-403.0,1600,1600,1599,1599,0,0,0,0
1763969526.0518572,0.0,0.0,32.17,154.85,-0.0630132257938385,0.21592091023921967,0.9743038415908813,-0.011811817064881325,-3.0909953117370605,-0.1179385632276535,2.7027859687805176,-0.0016413410194218159,-0.0004937304183840752,-8.364906534552574e-06,0.0,0.0,0.0,0.0,0.0,0.0,-0.55897905,0.61781895,10.2577559,0.03490658503988659,0.06981317007977318,-0.05235987755982989,-714.0,320.0,-403.0,1600,1600,1599,1599,0,0,0,0
1763969526.08525,0.0,0.0,32.17,154.85,-0.06299646198749542,0.21588864922523499,0.974311888217926,-0.011827659793198109,-3.0909953117370605,-0.1179385632276535,2.7027859687805176,-0.0016413410194218159,-0.0004937304183840752,-8.364906534552574e-06,0.0,0.0,0.0,0.0,0.0,0.0,-0.55897905,0.61781895,10.2577559,0.03490658503988659,0.06981317007977318,-0.05235987755982989,-714.0,320.0,-403.0,1600,1600,1599,1599,0,0,0,0
1763969526.1186533,0.0,0.0,32.25,154.85,-0.06299646198749542,0.21588864922523499,0.974311888217926,-0.011827659793198109,-3.0909953117370605,-0.1179385632276535,2.7027859687805176,-0.0016413410194218159,-0.0004937304183840752,-8.364906534552574e-06,0.0,0.0,0.0,0.0,0.0,0.0,-0.55897905,0.61781895,10.2577559,0.03490658503988659,0.06981317007977318,-0.05235987755982989,-714.0,320.0,-403.0,1600,1600,1599,1599,0,0,0,0
1763969526.1520536,0.0,0.0,32.25,154.85,-0.06299646198749542,0.21588864922523499,0.974311888217926,-0.011827659793198109,-3.0909953117370605,-0.1179385632276535,2.7027859687805176,-0.0016413410194218159,-0.0004937304183840752,-8.364906534552574e-06,0.0,0.0,0.0,0.0,0.0,0.0,-0.55897905,0.61781895,10.2577559,0.03490658503988659,0.06981317007977318,-0.05235987755982989,-714.0,320.0,-403.0,1600,1600,1599,1599,0,0,0,0
1763969526.185469,0.0,0.0,32.25,154.85,-0.06299646198749542,0.21588864922523499,0.974311888217926,-0.011827659793198109,-3.0909953117370605,-0.1179385632276535,2.7027859687805176,-0.0016413410194218159,-0.0004937304183840752,-8.364906534552574e-06,0.0,0.0,0.0,0.0,0.0,0.0,-0.5687857000000001,0.6276256,10.24794925,0.05235987755982989,0.06981317007977318,-0.05235987755982989,-716.0,321.0,-403.0,1600,1600,1599,1599,0,0,0,0
1763969526.2188673,0.0,0.0,32.25,154.85,-0.06299646198749542,0.21588864922523499,0.974311888217926,-0.011827659793198109,-3.090996265411377,-0.11793667823076248,2.702829360961914,-0.0006158621981739998,-0.00039752479642629623,-0.0012283034157007933,0.0,0.0,0.0,0.0,0.0,0.0,-0.5687857000000001,0.6276256,10.24794925,0.05235987755982989,0.06981317007977318,-0.05235987755982989,-716.0,321.0,-403.0,1600,1600,1599,1599,0,0,0,0
1763969526.252262,0.0,0.0,32.25,154.85,-0.06299518048763275,0.2158675193786621,0.9743166565895081,-0.01182874571532011,-3.090996265411377,-0.11793667823076248,2.702829360961914,-0.0006158621981739998,-0.00039752479642629623,-0.0012283034157007933,0.0,0.0,0.0,0.0,0.0,0.0,-0.5687857000000001,0.6276256,10.24794925,0.05235987755982989,0.06981317007977318,-0.05235987755982989,-716.0,321.0,-403.0,1600,1600,1599,1599,0,0,0,0
1763969526.2856548,0.0,0.0,32.19,154.86,-0.06299518048763275,0.2158675193786621,0.9743166565895081,-0.01182874571532011,-3.090996265411377,-0.11793667823076248,2.702829360961914,-0.0006158621981739998,-0.00039752479642629623,-0.0012283034157007933,0.0,0.0,0.0,0.0,0.0,0.0,-0.5687857000000001,0.6276256,10.24794925,0.05235987755982989,0.06981317007977318,-0.05235987755982989,-716.0,321.0,-403.0,1600,1600,1599,1599,0,0,0,0
1763969526.319055,0.0,0.0,32.19,154.86,-0.06299518048763275,0.2158675193786621,0.9743166565895081,-0.01182874571532011,-3.090996265411377,-0.11793667823076248,2.702829360961914,-0.0006158621981739998,-0.00039752479642629623,-0.0012283034157007933,0.0,0.0,0.0,0.0,0.0,0.0,-0.5687857000000001,0.6276256,10.24794925,0.05235987755982989,0.06981317007977318,-0.05235987755982989,-716.0,321.0,-403.0,1600,1600,1599,1599,0,0,0,0
1763969526.3524523,0.0,0.0,32.19,154.86,-0.06299518048763275,0.2158675193786621,0.9743166565895081,-0.01182874571532011,-3.090996265411377,-0.11793667823076248,2.702829360961914,-0.0006158621981739998,-0.00039752479642629623,-0.0012283034157007933,0.0,0.0,0.0,0.0,0.0,0.0,-0.5687857000000001,0.6276256,10.24794925,0.05235987755982989,0.06981317007977318,-0.05235987755982989,-716.0,321.0,-403.0,1600,1600,1599,1599,0,0,0,0
1763969526.3858547,0.0,0.0,32.19,154.86,-0.06299518048763275,0.2158675193786621,0.9743166565895081,-0.01182874571532011,-3.090996265411377,-0.11793667823076248,2.702829360961914,-0.0006158621981739998,-0.00039752479642629623,-0.0012283034157007933,0.0,0.0,0.0,0.0,0.0,0.0,-0.5687857000000001,0.61781895,10.2577559,0.06981317007977318,0.06981317007977318,-0.06981317007977318,-717.0,314.0,-397.0,1600,1600,1599,1599,0,0,0,0
1763969526.4192512,0.0,0.0,32.19,154.86,-0.06299518048763275,0.2158675193786621,0.9743166565895081,-0.01182874571532011,-3.090996265411377,-0.11793667823076248,2.702829360961914,-0.0006158621981739998,-0.00039752479642629623,-0.0012283034157007933,0.0,0.0,0.0,0.0,0.0,0.0,-0.5687857000000001,0.61781895,10.2577559,0.06981317007977318,0.06981317007977318,-0.06981317007977318,-717.0,314.0,-397.0,1600,1600,1599,1599,0,0,0,0
1763969526.4526541,0.0,0.0,32.19,154.86,-0.06299518048763275,0.2158675193786621,0.9743166565895081,-0.01182874571532011,-3.090993642807007,-0.11793027073144913,2.702852487564087,0.0005927449092268944,7.570534944534302e-05,-6.593717262148857e-05,0.0,0.0,0.0,0.0,0.0,0.0,-0.5687857000000001,0.61781895,10.2577559,0.06981317007977318,0.06981317007977318,-0.06981317007977318,-717.0,314.0,-397.0,1600,1600,1599,1599,0,0,0,0
1763969526.486056,0.0,0.0,32.19,154.86,-0.06299518048763275,0.2158675193786621,0.9743166565895081,-0.01182874571532011,-3.090993642807007,-0.11793027073144913,2.702852487564087,0.0005927449092268944,7.570534944534302e-05,-6.593717262148857e-05,0.0,0.0,0.0,0.0,0.0,0.0,-0.5687857000000001,0.61781895,10.2577559,0.06981317007977318,0.06981317007977318,-0.06981317007977318,-717.0,314.0,-397.0,1600,1600,1599,1599,0,0,0,0
1763969526.519462,0.0,0.0,32.19,154.86,-0.06299518048763275,0.2158675193786621,0.9743166565895081,-0.01182874571532011,-3.090993642807007,-0.11793027073144913,2.702852487564087,0.0005927449092268944,7.570534944534302e-05,-6.593717262148857e-05,0.0,0.0,0.0,0.0,0.0,0.0,-0.5687857000000001,0.61781895,10.2577559,0.06981317007977318,0.06981317007977318,-0.06981317007977318,-717.0,314.0,-397.0,1600,1600,1599,1599,0,0,0,0
1763969526.5528636,0.0,0.0,32.19,154.86,-0.06299518048763275,0.2158675193786621,0.9743166565895081,-0.01182874571532011,-3.090993642807007,-0.11793027073144913,2.702852487564087,0.0005927449092268944,7.570534944534302e-05,-6.593717262148857e-05,0.0,0.0,0.0,0.0,0.0,0.0,-0.5687857000000001,0.61781895,10.2577559,0.06981317007977318,0.06981317007977318,-0.06981317007977318,-717.0,314.0,-397.0,1600,1600,1599,1599,0,0,0,0
1763969526.5862622,0.0,0.0,32.19,154.86,-0.06299518048763275,0.2158675193786621,0.9743166565895081,-0.01182874571532011,-3.090993642807007,-0.11793027073144913,2.702852487564087,0.0005927449092268944,7.570534944534302e-05,-6.593717262148857e-05,0.0,0.0,0.0,0.0,0.0,0.0,-0.55897905,0.61781895,10.2577559,0.05235987755982989,0.06981317007977318,-0.03490658503988659,-717.0,314.0,-397.0,1600,1600,1599,1599,0,0,0,0
1763969526.619656,0.0,0.0,32.19,154.86,-0.06299518048763275,0.2158675193786621,0.9743166565895081,-0.01182874571532011,-3.090972900390625,-0.11794807761907578,2.7028863430023193,0.00023440038785338402,0.0001943684183061123,-0.00012940983287990093,0.0,0.0,0.0,0.0,0.0,0.0,-0.55897905,0.61781895,10.2577559,0.05235987755982989,0.06981317007977318,-0.03490658503988659,-717.0,314.0,-397.0,1600,1600,1599,1599,0,0,0,0
1763969526.6530519,0.0,0.0,32.19,154.86,-0.06299518048763275,0.2158675193786621,0.9743166565895081,-0.01182874571532011,-3.090972900390625,-0.11794807761907578,2.7028863430023193,0.00023440038785338402,0.0001943684183061123,-0.00012940983287990093,0.0,0.0,0.0,0.0,0.0,0.0,-0.55897905,0.61781895,10.2577559,0.05235987755982989,0.06981317007977318,-0.03490658503988659,-717.0,314.0,-397.0,1600,1600,1599,1599,0,0,0,0
1763969526.686444,0.0,0.0,32.19,154.86,-0.06300289928913116,0.21583887934684753,0.9743223190307617,-0.011840643361210823,-3.090972900390625,-0.11794807761907578,2.7028863430023193,0.00023440038785338402,0.0001943684183061123,-0.00012940983287990093,0.0,0.0,0.0,0.0,0.0,0.0,-0.55897905,0.61781895,10.2577559,0.05235987755982989,0.06981317007977318,-0.03490658503988659,-717.0,314.0,-397.0,1600,1600,1599,1599,0,0,0,0
1763969526.7198486,0.0,0.0,32.19,154.86,-0.06300289928913116,0.21583887934684753,0.9743223190307617,-0.011840643361210823,-3.090972900390625,-0.11794807761907578,2.7028863430023193,0.00023440038785338402,0.0001943684183061123,-0.00012940983287990093,0.0,0.0,0.0,0.0,0.0,0.0,-0.55897905,0.61781895,10.2577559,0.08726646259971647,0.06981317007977318,-0.05235987755982989,-717.0,320.0,-408.0,1600,1600,1599,1599,0,0,0,0
1763969526.7536786,0.0,0.0,32.14,154.86,-0.06300289928913116,0.21583887934684753,0.9743223190307617,-0.011840643361210823,-3.090972900390625,-0.11794807761907578,2.7028863430023193,0.00023440038785338402,0.0001943684183061123,-0.00012940983287990093,0.0,0.0,0.0,0.0,0.0,0.0,-0.55897905,0.61781895,10.2577559,0.08726646259971647,0.06981317007977318,-0.05235987755982989,-717.0,320.0,-408.0,1600,1600,1599,1599,0,0,0,0
1763969526.787092,0.0,0.0,32.14,154.86,-0.06300289928913116,0.21583887934684753,0.9743223190307617,-0.011840643361210823,-3.090972900390625,-0.11794807761907578,2.7028863430023193,0.00023440038785338402,0.0001943684183061123,-0.00012940983287990093,0.0,0.0,0.0,0.0,0.0,0.0,-0.55897905,0.61781895,10.2577559,0.08726646259971647,0.06981317007977318,-0.05235987755982989,-717.0,320.0,-408.0,1600,1600,1599,1599,0,0,0,0
1763969526.8205416,0.0,0.0,32.14,154.86,-0.06300289928913116,0.21583887934684753,0.9743223190307617,-0.011840643361210823,-3.0908989906311035,-0.11795392632484436,2.7030210494995117,-0.0009901481680572033,0.0003227274864912033,0.0009694935288280249,0.0,0.0,0.0,0.0,0.0,0.0,-0.55897905,0.61781895,10.2577559,0.08726646259971647,0.06981317007977318,-0.05235987755982989,-717.0,320.0,-408.0,1600,1600,1599,1599,0,0,0,0
1763969526.853941,0.0,0.0,32.14,154.86,-0.06300289928913116,0.21583887934684753,0.9743223190307617,-0.011840643361210823,-3.0908989906311035,-0.11795392632484436,2.7030210494995117,-0.0009901481680572033,0.0003227274864912033,0.0009694935288280249,0.0,0.0,0.0,0.0,0.0,0.0,-0.55897905,0.61781895,10.2577559,0.06981317007977318,0.06981317007977318,-0.03490658503988659,-717.0,319.0,-407.0,1600,1600,1599,1599,0,0,0,0
1763969526.887343,0.0,0.0,32.14,154.86,-0.06301292777061462,0.21577082574367523,0.9743363261222839,-0.011880317702889442,-3.0908989906311035,-0.11795392632484436,2.7030210494995117,-0.0009901481680572033,0.0003227274864912033,0.0009694935288280249,0.0,0.0,0.0,0.0,0.0,0.0,-0.55897905,0.61781895,10.2577559,0.06981317007977318,0.06981317007977318,-0.03490658503988659,-717.0,319.0,-407.0,1600,1600,1599,1599,0,0,0,0
1763969526.9207478,0.0,0.0,32.05,154.87,-0.06301292777061462,0.21577082574367523,0.9743363261222839,-0.011880317702889442,-3.0908989906311035,-0.11795392632484436,2.7030210494995117,-0.0009901481680572033,0.0003227274864912033,0.0009694935288280249,0.0,0.0,0.0,0.0,0.0,0.0,-0.55897905,0.61781895,10.2577559,0.06981317007977318,0.06981317007977318,-0.03490658503988659,-717.0,319.0,-407.0,1600,1600,1599,1599,0,0,0,0
1763969526.95415,0.0,0.0,32.05,154.87,-0.06301292777061462,0.21577082574367523,0.9743363261222839,-0.011880317702889442,-3.0909039974212646,-0.11796123534440994,2.7030279636383057,-7.948838174343109e-06,-0.0002445089630782604,0.00010525248944759369,0.0,0.0,0.0,0.0,0.0,0.0,-0.55897905,0.61781895,10.2577559,0.06981317007977318,0.06981317007977318,-0.03490658503988659,-717.0,319.0,-407.0,1600,1600,1599,1599,0,0,0,0
1763969526.9875488,0.0,0.0,32.05,154.87,-0.0630159005522728,0.21576736867427826,0.9743368625640869,-0.011877303943037987,-3.0909039974212646,-0.11796123534440994,2.7030279636383057,-7.948838174343109e-06,-0.0002445089630782604,0.00010525248944759369,0.0,0.0,0.0,0.0,0.0,0.0,-0.55897905,0.61781895,10.2577559,0.06981317007977318,0.06981317007977318,-0.03490658503988659,-717.0,319.0,-407.0,1600,1600,1599,1599,0,0,0,0
1763969527.0209427,0.0,0.0,32.05,154.87,-0.0630159005522728,0.21576736867427826,0.9743368625640869,-0.011877303943037987,-3.0909039974212646,-0.11796123534440994,2.7030279636383057,-7.948838174343109e-06,-0.0002445089630782604,0.00010525248944759369,0.0,0.0,0.0,0.0,0.0,0.0,-0.55897905,0.61781895,10.2577559,0.06981317007977318,0.06981317007977318,-0.03490658503988659,-717.0,319.0,-407.0,1600,1600,1599,1599,0,0,0,0
1763969527.0543377,0.0,0.0,32.05,154.87,-0.0630159005522728,0.21576736867427826,0.9743368625640869,-0.011877303943037987,-3.0909039974212646,-0.11796123534440994,2.7030279636383057,-7.948838174343109e-06,-0.0002445089630782604,0.00010525248944759369,0.0,0.0,0.0,0.0,0.0,0.0,-0.55897905,0.61781895,10.2577559,0.06981317007977318,0.06981317007977318,-0.03490658503988659,-717.0,319.0,-407.0,1600,1600,1599,1599,0,0,0,0
1763969527.0877306,0.0,0.0,32.05,154.87,-0.0630159005522728,0.21576736867427826,0.9743368625640869,-0.011877303943037987,-3.0909039974212646,-0.11796123534440994,2.7030279636383057,-7.948838174343109e-06,-0.0002445089630782604,0.00010525248944759369,0.0,0.0,0.0,0.0,0.0,0.0,-0.57859235,0.6080123,10.24794925,0.08726646259971647,0.06981317007977318,-0.05235987755982989,-717.0,319.0,-407.0,1600,1600,1599,1599,0,0,0,0
1763969527.1211414,0.0,0.0,32.05,154.87,-0.0630159005522728,0.21576736867427826,0.9743368625640869,-0.011877303943037987,-3.090906858444214,-0.11797738820314407,2.7030351161956787,-0.0006107063964009285,-0.00018080277368426323,-0.0006021943408995867,0.0,0.0,0.0,0.0,0.0,0.0,-0.57859235,0.6080123,10.24794925,0.08726646259971647,0.06981317007977318,-0.05235987755982989,-717.0,319.0,-407.0,1600,1600,1599,1599,0,0,0,0
1763969527.154582,0.0,0.0,32.05,154.87,-0.0630234107375145,0.21576371788978577,0.9743372797966003,-0.01187433023005724,-3.090906858444214,-0.11797738820314407,2.7030351161956787,-0.0006107063964009285,-0.00018080277368426323,-0.0006021943408995867,0.0,0.0,0.0,0.0,0.0,0.0,-0.57859235,0.6080123,10.24794925,0.08726646259971647,0.06981317007977318,-0.05235987755982989,-717.0,319.0,-407.0,1600,1600,1599,1599,0,0,0,0
1763969527.187985,0.0,0.0,32.02,154.87,-0.0630234107375145,0.21576371788978577,0.9743372797966003,-0.01187433023005724,-3.090906858444214,-0.11797738820314407,2.7030351161956787,-0.0006107063964009285,-0.00018080277368426323,-0.0006021943408995867,0.0,0.0,0.0,0.0,0.0,0.0,-0.57859235,0.6080123,10.24794925,0.08726646259971647,0.06981317007977318,-0.05235987755982989,-717.0,319.0,-407.0,1600,1600,1599,1599,0,0,0,0
1763969527.2213824,0.0,0.0,32.02,154.87,-0.0630234107375145,0.21576371788978577,0.9743372797966003,-0.01187433023005724,-3.090906858444214,-0.11797738820314407,2.7030351161956787,-0.0006107063964009285,-0.00018080277368426323,-0.0006021943408995867,0.0,0.0,0.0,0.0,0.0,0.0,-0.57859235,0.6080123,10.24794925,0.08726646259971647,0.06981317007977318,-0.05235987755982989,-717.0,319.0,-407.0,1600,1600,1599,1599,0,0,0,0
1763969527.2547808,0.0,0.0,32.02,154.87,-0.0630234107375145,0.21576371788978577,0.9743372797966003,-0.01187433023005724,-3.090906858444214,-0.11797738820314407,2.7030351161956787,-0.0006107063964009285,-0.00018080277368426323,-0.0006021943408995867,0.0,0.0,0.0,0.0,0.0,0.0,-0.5687857000000001,0.6276256,10.24794925,0.06981317007977318,0.06981317007977318,-0.05235987755982989,-721.0,323.0,-404.0,1600,1600,1599,1599,0,0,0,0
1763969527.2881753,0.0,0.0,32.02,154.87,-0.0630234107375145,0.21576371788978577,0.9743372797966003,-0.01187433023005724,-3.0909078121185303,-0.11796458810567856,2.7030258178710938,-0.0001842002384364605,-0.0019938473124057055,-0.0005120914429426193,0.0,0.0,0.0,0.0,0.0,0.0,-0.5687857000000001,0.6276256,10.24794925,0.06981317007977318,0.06981317007977318,-0.05235987755982989,-721.0,323.0,-404.0,1600,1600,1599,1599,0,0,0,0
1763969527.321588,0.0,0.0,32.02,154.87,-0.06301714479923248,0.2157684713602066,0.974336564540863,-0.011875014752149582,-3.0909078121185303,-0.11796458810567856,2.7030258178710938,-0.0001842002384364605,-0.0019938473124057055,-0.0005120914429426193,0.0,0.0,0.0,0.0,0.0,0.0,-0.5687857000000001,0.6276256,10.24794925,0.06981317007977318,0.06981317007977318,-0.05235987755982989,-721.0,323.0,-404.0,1600,1600,1599,1599,0,0,0,0
1763969527.354992,0.0,0.0,32.02,154.87,-0.06301714479923248,0.2157684713602066,0.974336564540863,-0.011875014752149582,-3.0909078121185303,-0.11796458810567856,2.7030258178710938,-0.0001842002384364605,-0.0019938473124057055,-0.0005120914429426193,0.0,0.0,0.0,0.0,0.0,0.0,-0.5687857000000001,0.6276256,10.24794925,0.06981317007977318,0.06981317007977318,-0.05235987755982989,-721.0,323.0,-404.0,1600,1600,1599,1599,0,0,0,0
1763969527.3883893,0.0,0.0,32.02,154.87,-0.06301714479923248,0.2157684713602066,0.974336564540863,-0.011875014752149582,-3.090898275375366,-0.11784771084785461,2.7030279636383057,0.0006307144649326801,-0.0006597617175430059,-0.0009929828811436892,0.0,0.0,0.0,0.0,0.0,0.0,-0.5687857000000001,0.6276256,10.24794925,0.06981317007977318,0.06981317007977318,-0.05235987755982989,-721.0,323.0,-404.0,1600,1600,1599,1599,0,0,0,0
1763969527.4217968,0.0,0.0,32.02,154.87,-0.06296126544475555,0.21576933562755585,0.9743398427963257,-0.011892537586390972,-3.090898275375366,-0.11784771084785461,2.7030279636383057,0.0006307144649326801,-0.0006597617175430059,-0.0009929828811436892,0.0,0.0,0.0,0.0,0.0,0.0,-0.5687857000000001,0.6276256,10.24794925,0.06981317007977318,0.06981317007977318,-0.05235987755982989,-721.0,323.0,-404.0,1600,1600,1599,1599,0,0,0,0
1763969527.4552228,0.0,0.0,32.24,154.87,-0.06296126544475555,0.21576933562755585,0.9743398427963257,-0.011892537586390972,-3.090898275375366,-0.11784771084785461,2.7030279636383057,0.0006307144649326801,-0.0006597617175430059,-0.0009929828811436892,0.0,0.0,0.0,0.0,0.0,0.0,-0.5687857000000001,0.6276256,10.24794925,0.06981317007977318,0.06981317007977318,-0.05235987755982989,-721.0,323.0,-404.0,1600,1600,1599,1599,0,0,0,0
1763969527.4886348,0.0,0.0,32.24,154.87,-0.06296126544475555,0.21576933562755585,0.9743398427963257,-0.011892537586390972,-3.090898275375366,-0.11784771084785461,2.7030279636383057,0.0006307144649326801,-0.0006597617175430059,-0.0009929828811436892,0.0,0.0,0.0,0.0,0.0,0.0,-0.5687857000000001,0.6276256,10.24794925,0.06981317007977318,0.06981317007977318,-0.05235987755982989,-721.0,323.0,-404.0,1600,1600,1599,1599,0,0,0,0
1763969527.5220375,0.0,0.0,32.24,154.87,-0.06296126544475555,0.21576933562755585,0.9743398427963257,-0.011892537586390972,-3.090898275375366,-0.11784771084785461,2.7030279636383057,0.0006307144649326801,-0.0006597617175430059,-0.0009929828811436892,0.0,0.0,0.0,0.0,0.0,0.0,-0.5687857000000001,0.61781895,10.2577559,0.10471975511965978,0.05235987755982989,-0.06981317007977318,-716.0,320.0,-401.0,1600,1600,1599,1599,0,0,0,0
1763969527.5554526,0.0,0.0,32.24,154.87,-0.06296126544475555,0.21576933562755585,0.9743398427963257,-0.011892537586390972,-3.090895652770996,-0.11785973608493805,2.703033685684204,0.0015272991731762886,0.0006926017813384533,0.00018185214139521122,0.0,0.0,0.0,0.0,0.0,0.0,-0.5687857000000001,0.61781895,10.2577559,0.10471975511965978,0.05235987755982989,-0.06981317007977318,-716.0,320.0,-401.0,1600,1600,1599,1599,0,0,0,0
1763969527.5888755,0.0,0.0,32.24,154.87,-0.06296736747026443,0.21576625108718872,0.9743400812149048,-0.011892677284777164,-3.090895652770996,-0.11785973608493805,2.703033685684204,0.0015272991731762886,0.0006926017813384533,0.00018185214139521122,0.0,0.0,0.0,0.0,0.0,0.0,-0.5687857000000001,0.61781895,10.2577559,0.10471975511965978,0.05235987755982989,-0.06981317007977318,-716.0,320.0,-401.0,1600,1600,1599,1599,0,0,0,0
1763969527.6222444,0.0,0.0,32.24,154.87,-0.06296736747026443,0.21576625108718872,0.9743400812149048,-0.011892677284777164,-3.090895652770996,-0.11785973608493805,2.703033685684204,0.0015272991731762886,0.0006926017813384533,0.00018185214139521122,0.0,0.0,0.0,0.0,0.0,0.0,-0.5687857000000001,0.61781895,10.2577559,0.10471975511965978,0.05235987755982989,-0.06981317007977318,-716.0,320.0,-401.0,1600,1600,1599,1599,0,0,0,0
1763969527.6556575,0.0,0.0,32.24,154.87,-0.06296736747026443,0.21576625108718872,0.9743400812149048,-0.011892677284777164,-3.090895652770996,-0.11785973608493805,2.703033685684204,0.0015272991731762886,0.0006926017813384533,0.00018185214139521122,0.0,0.0,0.0,0.0,0.0,0.0,-0.5687857000000001,0.61781895,10.2577559,0.10471975511965978,0.05235987755982989,-0.06981317007977318,-716.0,320.0,-401.0,1600,1600,1599,1599,0,0,0,0
1763969527.6893525,0.0,0.0,32.24,154.87,-0.06296736747026443,0.21576625108718872,0.9743400812149048,-0.011892677284777164,-3.090895652770996,-0.11785973608493805,2.703033685684204,0.0015272991731762886,0.0006926017813384533,0.00018185214139521122,0.0,0.0,0.0,0.0,0.0,0.0,-0.5687857000000001,0.61781895,10.2577559,0.10471975511965978,0.05235987755982989,-0.06981317007977318,-716.0,320.0,-401.0,1600,1600,1599,1599,0,0,0,0
1763969527.7228308,0.0,0.0,32.24,154.87,-0.06296736747026443,0.21576625108718872,0.9743400812149048,-0.011892677284777164,-3.090895652770996,-0.11785973608493805,2.703033685684204,0.0015272991731762886,0.0006926017813384533,0.00018185214139521122,0.0,0.0,0.0,0.0,0.0,0.0,-0.5687857000000001,0.6080123,10.2577559,0.10471975511965978,0.08726646259971647,-0.03490658503988659,-716.0,320.0,-401.0,1600,1600,1599,1599,0,0,0,0
1763969527.756274,0.0,0.0,32.24,154.87,-0.06296736747026443,0.21576625108718872,0.9743400812149048,-0.011892677284777164,-3.0908844470977783,-0.1178586333990097,2.7030301094055176,0.001328861340880394,-0.0006986421067267656,-0.00017432495951652527,0.0,0.0,0.0,0.0,0.0,0.0,-0.5687857000000001,0.6080123,10.2577559,0.10471975511965978,0.08726646259971647,-0.03490658503988659,-716.0,320.0,-401.0,1600,1600,1599,1599,0,0,0,0
1763969527.7896872,0.0,0.0,32.24,154.87,-0.06296804547309875,0.21576771140098572,0.9743396639823914,-0.011898094788193703,-3.0908844470977783,-0.1178586333990097,2.7030301094055176,0.001328861340880394,-0.0006986421067267656,-0.00017432495951652527,0.0,0.0,0.0,0.0,0.0,0.0,-0.5687857000000001,0.6080123,10.2577559,0.10471975511965978,0.08726646259971647,-0.03490658503988659,-716.0,320.0,-401.0,1600,1600,1599,1599,0,0,0,0
1763969527.8230853,0.0,0.0,32.07,154.87,-0.06296804547309875,0.21576771140098572,0.9743396639823914,-0.011898094788193703,-3.0908844470977783,-0.1178586333990097,2.7030301094055176,0.001328861340880394,-0.0006986421067267656,-0.00017432495951652527,0.0,0.0,0.0,0.0,0.0,0.0,-0.5687857000000001,0.6080123,10.2577559,0.10471975511965978,0.08726646259971647,-0.03490658503988659,-716.0,320.0,-401.0,1600,1600,1599,1599,0,0,0,0
1763969527.8564873,0.0,0.0,32.07,154.87,-0.06296804547309875,0.21576771140098572,0.9743396639823914,-0.011898094788193703,-3.0908844470977783,-0.1178586333990097,2.7030301094055176,0.001328861340880394,-0.0006986421067267656,-0.00017432495951652527,0.0,0.0,0.0,0.0,0.0,0.0,-0.5687857000000001,0.6080123,10.2577559,0.10471975511965978,0.08726646259971647,-0.03490658503988659,-716.0,320.0,-401.0,1600,1600,1599,1599,0,0,0,0
1763969527.8898888,0.0,0.0,32.07,154.87,-0.06296804547309875,0.21576771140098572,0.9743396639823914,-0.011898094788193703,-3.0908844470977783,-0.1178586333990097,2.7030301094055176,0.001328861340880394,-0.0006986421067267656,-0.00017432495951652527,0.0,0.0,0.0,0.0,0.0,0.0,-0.5687857000000001,0.6080123,10.2577559,0.10471975511965978,0.08726646259971647,-0.03490658503988659,-716.0,320.0,-401.0,1600,1600,1599,1599,0,0,0,0
1763969527.9235337,0.0,0.0,32.07,154.87,-0.06296804547309875,0.21576771140098572,0.9743396639823914,-0.011898094788193703,-3.0908844470977783,-0.1178586333990097,2.7030301094055176,0.001328861340880394,-0.0006986421067267656,-0.00017432495951652527,0.0,0.0,0.0,0.0,0.0,0.0,-0.5687857000000001,0.61781895,10.2577559,0.10471975511965978,0.05235987755982989,-0.05235987755982989,-717.0,317.0,-400.0,1600,1600,1599,1599,0,0,0,0
1763969527.9569345,0.0,0.0,32.07,154.87,-0.06296804547309875,0.21576771140098572,0.9743396639823914,-0.011898094788193703,-3.0908894538879395,-0.11786115169525146,2.7030584812164307,-0.00030856719240546227,-0.0002023647539317608,-0.002135899616405368,0.0,0.0,0.0,0.0,0.0,0.0,-0.5687857000000001,0.61781895,10.2577559,0.10471975511965978,0.05235987755982989,-0.05235987755982989,-717.0,317.0,-400.0,1600,1600,1599,1599,0,0,0,0
1763969527.9903374,0.0,0.0,32.07,154.87,-0.06296856701374054,0.21575398743152618,0.9743427038192749,-0.011896285228431225,-3.0908894538879395,-0.11786115169525146,2.7030584812164307,-0.00030856719240546227,-0.0002023647539317608,-0.002135899616405368,0.0,0.0,0.0,0.0,0.0,0.0,-0.5687857000000001,0.61781895,10.2577559,0.10471975511965978,0.05235987755982989,-0.05235987755982989,-717.0,317.0,-400.0,1600,1600,1599,1599,0,0,0,0
1763969528.0237386,0.0,0.0,32.07,154.87,-0.06296856701374054,0.21575398743152618,0.9743427038192749,-0.011896285228431225,-3.0908894538879395,-0.11786115169525146,2.7030584812164307,-0.00030856719240546227,-0.0002023647539317608,-0.002135899616405368,0.0,0.0,0.0,0.0,0.0,0.0,-0.5687857000000001,0.61781895,10.2577559,0.10471975511965978,0.05235987755982989,-0.05235987755982989,-717.0,317.0,-400.0,1600,1600,1599,1599,0,0,0,0
1763969528.0571392,0.0,0.0,32.07,154.87,-0.06296856701374054,0.21575398743152618,0.9743427038192749,-0.011896285228431225,-3.0908894538879395,-0.11786115169525146,2.7030584812164307,-0.00030856719240546227,-0.0002023647539317608,-0.002135899616405368,0.0,0.0,0.0,0.0,0.0,0.0,-0.5687857000000001,0.61781895,10.2577559,0.10471975511965978,0.05235987755982989,-0.05235987755982989,-717.0,317.0,-400.0,1600,1600,1599,1599,0,0,0,0
1763969528.0905893,0.0,0.0,32.07,154.87,-0.06296856701374054,0.21575398743152618,0.9743427038192749,-0.011896285228431225,-3.0908894538879395,-0.11786115169525146,2.7030584812164307,-0.00030856719240546227,-0.0002023647539317608,-0.002135899616405368,0.0,0.0,0.0,0.0,0.0,0.0,-0.5687857000000001,0.61781895,10.2577559,0.10471975511965978,0.05235987755982989,-0.05235987755982989,-717.0,317.0,-400.0,1600,1600,1599,1599,0,0,0,0
1763969528.123991,0.0,0.0,32.07,154.87,-0.06296856701374054,0.21575398743152618,0.9743427038192749,-0.011896285228431225,-3.0908894538879395,-0.11786115169525146,2.7030584812164307,-0.00030856719240546227,-0.0002023647539317608,-0.002135899616405368,0.0,0.0,0.0,0.0,0.0,0.0,-0.5687857000000001,0.6276256,10.2577559,0.08726646259971647,0.06981317007977318,-0.08726646259971647,-717.0,317.0,-400.0,1600,1600,1599,1599,0,0,0,0
1763969528.157393,0.0,0.0,32.07,154.87,-0.06296856701374054,0.21575398743152618,0.9743427038192749,-0.011896285228431225,-3.090888738632202,-0.11785676330327988,2.7030646800994873,0.001229795627295971,0.000168477650731802,-0.0005857809446752071,0.0,0.0,0.0,0.0,0.0,0.0,-0.5687857000000001,0.6276256,10.2577559,0.08726646259971647,0.06981317007977318,-0.08726646259971647,-717.0,317.0,-400.0,1600,1600,1599,1599,0,0,0,0
1763969528.190791,0.0,0.0,32.07,154.87,-0.0629664734005928,0.21575093269348145,0.974343478679657,-0.011897311545908451,-3.090888738632202,-0.11785676330327988,2.7030646800994873,0.001229795627295971,0.000168477650731802,-0.0005857809446752071,0.0,0.0,0.0,0.0,0.0,0.0,-0.5687857000000001,0.6276256,10.2577559,0.08726646259971647,0.06981317007977318,-0.08726646259971647,-717.0,317.0,-400.0,1600,1600,1599,1599,0,0,0,0
1763969528.2241912,0.0,0.0,32.07,154.87,-0.0629664734005928,0.21575093269348145,0.974343478679657,-0.011897311545908451,-3.090888738632202,-0.11785676330327988,2.7030646800994873,0.001229795627295971,0.000168477650731802,-0.0005857809446752071,0.0,0.0,0.0,0.0,0.0,0.0,-0.5687857000000001,0.6276256,10.2577559,0.08726646259971647,0.06981317007977318,-0.08726646259971647,-717.0,317.0,-400.0,1600,1600,1599,1599,0,0,0,0
1763969528.2575927,0.0,0.0,32.07,154.87,-0.0629664734005928,0.21575093269348145,0.974343478679657,-0.011897311545908451,-3.090888738632202,-0.11785676330327988,2.7030646800994873,0.001229795627295971,0.000168477650731802,-0.0005857809446752071,0.0,0.0,0.0,0.0,0.0,0.0,-0.5687857000000001,0.6276256,10.2577559,0.08726646259971647,0.06981317007977318,-0.08726646259971647,-717.0,317.0,-400.0,1600,1600,1599,1599,0,0,0,0
1763969528.2909951,0.0,0.0,32.07,154.87,-0.0629664734005928,0.21575093269348145,0.974343478679657,-0.011897311545908451,-3.090888738632202,-0.11785676330327988,2.7030646800994873,0.001229795627295971,0.000168477650731802,-0.0005857809446752071,0.0,0.0,0.0,0.0,0.0,0.0,-0.5687857000000001,0.6276256,10.2577559,0.08726646259971647,0.06981317007977318,-0.08726646259971647,-717.0,317.0,-400.0,1600,1600,1599,1599,0,0,0,0
1763969528.3243968,0.0,0.0,32.07,154.87,-0.0629664734005928,0.21575093269348145,0.974343478679657,-0.011897311545908451,-3.090888738632202,-0.11785676330327988,2.7030646800994873,0.001229795627295971,0.000168477650731802,-0.0005857809446752071,0.0,0.0,0.0,0.0,0.0,0.0,-0.57859235,0.61781895,10.2577559,0.10471975511965978,0.06981317007977318,-0.05235987755982989,-717.0,317.0,-400.0,1600,1600,1599,1599,0,0,0,0
1763969528.3577988,0.0,0.0,32.07,154.87,-0.0629664734005928,0.21575093269348145,0.974343478679657,-0.011897311545908451,-3.090888738632202,-0.11785676330327988,2.7030646800994873,0.001229795627295971,0.000168477650731802,-0.0005857809446752071,0.0,0.0,0.0,0.0,0.0,0.0,-0.57859235,0.61781895,10.2577559,0.10471975511965978,0.06981317007977318,-0.05235987755982989,-717.0,317.0,-400.0,1600,1600,1599,1599,0,0,0,0
1763969528.3912008,0.0,0.0,32.07,154.87,-0.0629664734005928,0.21575093269348145,0.974343478679657,-0.011897311545908451,-3.090888738632202,-0.11785676330327988,2.7030646800994873,0.001229795627295971,0.000168477650731802,-0.0005857809446752071,0.0,0.0,0.0,0.0,0.0,0.0,-0.55897905,0.61781895,10.2577559,0.08726646259971647,0.05235987755982989,-0.05235987755982989,-715.0,322.0,-403.0,1600,1600,1599,1599,0,0,0,0
1763969528.4246056,0.0,0.0,32.07,154.87,-0.0629664734005928,0.21575093269348145,0.974343478679657,-0.011897311545908451,-3.090930938720703,-0.11771954596042633,2.7028698921203613,0.0006220857612788677,0.001950861420482397,-0.0006016921252012253,0.0,0.0,0.0,0.0,0.0,0.0,-0.55897905,0.61781895,10.2577559,0.08726646259971647,0.05235987755982989,-0.05235987755982989,-715.0,322.0,-403.0,1600,1600,1599,1599,0,0,0,0
1763969528.458025,0.0,0.0,32.07,154.87,-0.0628962591290474,0.21584975719451904,0.9743263125419617,-0.011885536834597588,-3.090930938720703,-0.11771954596042633,2.7028698921203613,0.0006220857612788677,0.001950861420482397,-0.0006016921252012253,0.0,0.0,0.0,0.0,0.0,0.0,-0.55897905,0.61781895,10.2577559,0.08726646259971647,0.05235987755982989,-0.05235987755982989,-715.0,322.0,-403.0,1600,1600,1599,1599,0,0,0,0
1763969528.4914236,0.0,0.0,32.09,154.86,-0.0628962591290474,0.21584975719451904,0.9743263125419617,-0.011885536834597588,-3.090930938720703,-0.11771954596042633,2.7028698921203613,0.0006220857612788677,0.001950861420482397,-0.0006016921252012253,0.0,0.0,0.0,0.0,0.0,0.0,-0.55897905,0.61781895,10.2577559,0.08726646259971647,0.05235987755982989,-0.05235987755982989,-715.0,322.0,-403.0,1600,1600,1599,1599,0,0,0,0
1763969528.5248413,0.0,0.0,32.09,154.86,-0.0628962591290474,0.21584975719451904,0.9743263125419617,-0.011885536834597588,-3.090930938720703,-0.11771954596042633,2.7028698921203613,0.0006220857612788677,0.001950861420482397,-0.0006016921252012253,0.0,0.0,0.0,0.0,0.0,0.0,-0.55897905,0.61781895,10.2577559,0.08726646259971647,0.05235987755982989,-0.05235987755982989,-715.0,322.0,-403.0,1600,1600,1599,1599,0,0,0,0
1763969528.558239,0.0,0.0,32.09,154.86,-0.0628962591290474,0.21584975719451904,0.9743263125419617,-0.011885536834597588,-3.090930938720703,-0.11771954596042633,2.7028698921203613,0.0006220857612788677,0.001950861420482397,-0.0006016921252012253,0.0,0.0,0.0,0.0,0.0,0.0,-0.5687857000000001,0.61781895,10.2577559,0.10471975511965978,0.10471975511965978,-0.05235987755982989,-715.0,322.0,-403.0,1600,1600,1599,1599,0,0,0,0
1763969528.5916595,0.0,0.0,32.09,154.86,-0.0628962591290474,0.21584975719451904,0.9743263125419617,-0.011885536834597588,-3.090937376022339,-0.11772635579109192,2.7028555870056152,-0.000570894218981266,0.0012287572026252747,0.0006224738899618387,0.0,0.0,0.0,0.0,0.0,0.0,-0.5687857000000001,0.61781895,10.2577559,0.10471975511965978,0.10471975511965978,-0.05235987755982989,-715.0,322.0,-403.0,1600,1600,1599,1599,0,0,0,0
1763969528.6250591,0.0,0.0,32.09,154.86,-0.06289897859096527,0.21585692465305328,0.9743245840072632,-0.011881292797625065,-3.090937376022339,-0.11772635579109192,2.7028555870056152,-0.000570894218981266,0.0012287572026252747,0.0006224738899618387,0.0,0.0,0.0,0.0,0.0,0.0,-0.5687857000000001,0.61781895,10.2577559,0.10471975511965978,0.10471975511965978,-0.05235987755982989,-715.0,322.0,-403.0,1600,1600,1599,1599,0,0,0,0
1763969528.6584623,0.0,0.0,32.09,154.86,-0.06289897859096527,0.21585692465305328,0.9743245840072632,-0.011881292797625065,-3.090937376022339,-0.11772635579109192,2.7028555870056152,-0.000570894218981266,0.0012287572026252747,0.0006224738899618387,0.0,0.0,0.0,0.0,0.0,0.0,-0.5687857000000001,0.61781895,10.2577559,0.10471975511965978,0.10471975511965978,-0.05235987755982989,-715.0,322.0,-403.0,1600,1600,1599,1599,0,0,0,0
1763969528.6918633,0.0,0.0,32.09,154.86,-0.06289897859096527,0.21585692465305328,0.9743245840072632,-0.011881292797625065,-3.090937376022339,-0.11772635579109192,2.7028555870056152,-0.000570894218981266,0.0012287572026252747,0.0006224738899618387,0.0,0.0,0.0,0.0,0.0,0.0,-0.5687857000000001,0.61781895,10.2577559,0.10471975511965978,0.10471975511965978,-0.05235987755982989,-715.0,322.0,-403.0,1600,1600,1599,1599,0,0,0,0
1763969528.725284,0.0,0.0,32.09,154.86,-0.06289897859096527,0.21585692465305328,0.9743245840072632,-0.011881292797625065,-3.090937376022339,-0.11772635579109192,2.7028555870056152,-0.000570894218981266,0.0012287572026252747,0.0006224738899618387,0.0,0.0,0.0,0.0,0.0,0.0,-0.5687857000000001,0.61781895,10.24794925,0.06981317007977318,0.08726646259971647,-0.03490658503988659,-715.0,322.0,-403.0,1600,1600,1599,1599,0,0,0,0
1763969528.7586854,0.0,0.0,32.09,154.86,-0.06289897859096527,0.21585692465305328,0.9743245840072632,-0.011881292797625065,-3.0909371376037598,-0.11773142963647842,2.7028281688690186,0.00036005815491080284,5.5761076509952545e-05,0.00024126283824443817,0.0,0.0,0.0,0.0,0.0,0.0,-0.5687857000000001,0.61781895,10.24794925,0.06981317007977318,0.08726646259971647,-0.03490658503988659,-715.0,322.0,-403.0,1600,1600,1599,1599,0,0,0,0
1763969528.7923083,0.0,0.0,32.09,154.86,-0.06290163844823837,0.21587006747722626,0.9743214845657349,-0.011879993602633476,-3.0909371376037598,-0.11773142963647842,2.7028281688690186,0.00036005815491080284,5.5761076509952545e-05,0.00024126283824443817,0.0,0.0,0.0,0.0,0.0,0.0,-0.5687857000000001,0.61781895,10.24794925,0.06981317007977318,0.08726646259971647,-0.03490658503988659,-715.0,322.0,-403.0,1600,1600,1599,1599,0,0,0,0
1763969528.8257122,0.0,0.0,32.24,154.86,-0.06290163844823837,0.21587006747722626,0.9743214845657349,-0.011879993602633476,-3.0909371376037598,-0.11773142963647842,2.7028281688690186,0.00036005815491080284,5.5761076509952545e-05,0.00024126283824443817,0.0,0.0,0.0,0.0,0.0,0.0,-0.5687857000000001,0.61781895,10.24794925,0.06981317007977318,0.08726646259971647,-0.03490658503988659,-715.0,322.0,-403.0,1600,1600,1599,1599,0,0,0,0
1763969528.8591335,0.0,0.0,32.24,154.86,-0.06290163844823837,0.21587006747722626,0.9743214845657349,-0.011879993602633476,-3.0909371376037598,-0.11773142963647842,2.7028281688690186,0.00036005815491080284,5.5761076509952545e-05,0.00024126283824443817,0.0,0.0,0.0,0.0,0.0,0.0,-0.5687857000000001,0.61781895,10.24794925,0.06981317007977318,0.08726646259971647,-0.03490658503988659,-715.0,322.0,-403.0,1600,1600,1599,1599,0,0,0,0
1763969528.8925424,0.0,0.0,32.24,154.86,-0.06290163844823837,0.21587006747722626,0.9743214845657349,-0.011879993602633476,-3.0909371376037598,-0.11773142963647842,2.7028281688690186,0.00036005815491080284,5.5761076509952545e-05,0.00024126283824443817,0.0,0.0,0.0,0.0,0.0,0.0,-0.5687857000000001,0.61781895,10.2577559,0.08726646259971647,0.06981317007977318,-0.03490658503988659,-714.0,321.0,-398.0,1600,1600,1599,1599,0,0,0,0
1763969528.925962,0.0,0.0,32.24,154.86,-0.06290163844823837,0.21587006747722626,0.9743214845657349,-0.011879993602633476,-3.0909156799316406,-0.11776620894670486,2.7026898860931396,-0.0004184502176940441,-0.00030523166060447693,0.0006576308514922857,0.0,0.0,0.0,0.0,0.0,0.0,-0.5687857000000001,0.61781895,10.2577559,0.08726646259971647,0.06981317007977318,-0.03490658503988659,-714.0,321.0,-398.0,1600,1600,1599,1599,0,0,0,0
1763969528.9593806,0.0,0.0,32.24,154.86,-0.06292171776294708,0.2159360945224762,0.9743055105209351,-0.011882309801876545,-3.0909156799316406,-0.11776620894670486,2.7026898860931396,-0.0004184502176940441,-0.00030523166060447693,0.0006576308514922857,0.0,0.0,0.0,0.0,0.0,0.0,-0.5687857000000001,0.61781895,10.2577559,0.08726646259971647,0.06981317007977318,-0.03490658503988659,-714.0,321.0,-398.0,1600,1600,1599,1599,0,0,0,0
1763969528.9927838,0.0,0.0,32.13,154.85,-0.06292171776294708,0.2159360945224762,0.9743055105209351,-0.011882309801876545,-3.0909156799316406,-0.11776620894670486,2.7026898860931396,-0.0004184502176940441,-0.00030523166060447693,0.0006576308514922857,0.0,0.0,0.0,0.0,0.0,0.0,-0.5687857000000001,0.61781895,10.2577559,0.08726646259971647,0.06981317007977318,-0.03490658503988659,-714.0,321.0,-398.0,1600,1600,1599,1599,0,0,0,0
1763969529.0262022,0.0,0.0,32.13,154.85,-0.06292171776294708,0.2159360945224762,0.9743055105209351,-0.011882309801876545,-3.0909228324890137,-0.11777832359075546,2.70267915725708,-0.00021562865003943443,0.0010539423674345016,6.51476439088583e-05,0.0,0.0,0.0,0.0,0.0,0.0,-0.5687857000000001,0.61781895,10.2577559,0.08726646259971647,0.06981317007977318,-0.03490658503988659,-714.0,321.0,-398.0,1600,1600,1599,1599,0,0,0,0
1763969529.05962,0.0,0.0,32.13,154.85,-0.06292688846588135,0.21594130992889404,0.9743041396141052,-0.011877093464136124,-3.0909228324890137,-0.11777832359075546,2.70267915725708,-0.00021562865003943443,0.0010539423674345016,6.51476439088583e-05,0.0,0.0,0.0,0.0,0.0,0.0,-0.5687857000000001,0.61781895,10.2577559,0.08726646259971647,0.06981317007977318,-0.03490658503988659,-714.0,321.0,-398.0,1600,1600,1599,1599,0,0,0,0
1763969529.093034,0.0,0.0,32.13,154.85,-0.06292688846588135,0.21594130992889404,0.9743041396141052,-0.011877093464136124,-3.0909228324890137,-0.11777832359075546,2.70267915725708,-0.00021562865003943443,0.0010539423674345016,6.51476439088583e-05,0.0,0.0,0.0,0.0,0.0,0.0,-0.5687857000000001,0.61781895,10.2577559,0.08726646259971647,0.06981317007977318,-0.03490658503988659,-714.0,321.0,-398.0,1600,1600,1599,1599,0,0,0,0
1763969529.1264498,0.0,0.0,32.13,154.85,-0.06292688846588135,0.21594130992889404,0.9743041396141052,-0.011877093464136124,-3.0909228324890137,-0.11777832359075546,2.70267915725708,-0.00021562865003943443,0.0010539423674345016,6.51476439088583e-05,0.0,0.0,0.0,0.0,0.0,0.0,-0.5687857000000001,0.61781895,10.2577559,0.08726646259971647,0.06981317007977318,-0.03490658503988659,-714.0,321.0,-398.0,1600,1600,1599,1599,0,0,0,0
1763969529.1598718,0.0,0.0,32.13,154.85,-0.06292688846588135,0.21594130992889404,0.9743041396141052,-0.011877093464136124,-3.0909228324890137,-0.11777832359075546,2.70267915725708,-0.00021562865003943443,0.0010539423674345016,6.51476439088583e-05,0.0,0.0,0.0,0.0,0.0,0.0,-0.5687857000000001,0.6080123,10.2577559,0.08726646259971647,0.08726646259971647,-0.05235987755982989,-714.0,319.0,-402.0,1600,1600,1599,1599,0,0,0,0
1763969529.1933446,0.0,0.0,32.13,154.85,-0.06292688846588135,0.21594130992889404,0.9743041396141052,-0.011877093464136124,-3.090918779373169,-0.11777979135513306,2.7026801109313965,-0.0008150152862071991,0.0004956838674843311,-0.00014124484732747078,0.0,0.0,0.0,0.0,0.0,0.0,-0.5687857000000001,0.6080123,10.2577559,0.08726646259971647,0.08726646259971647,-0.05235987755982989,-714.0,319.0,-402.0,1600,1600,1599,1599,0,0,0,0
1763969529.2267873,0.0,0.0,32.13,154.85,-0.06292803585529327,0.2159407138824463,0.9743041396141052,-0.011878936551511288,-3.090918779373169,-0.11777979135513306,2.7026801109313965,-0.0008150152862071991,0.0004956838674843311,-0.00014124484732747078,0.0,0.0,0.0,0.0,0.0,0.0,-0.5687857000000001,0.6080123,10.2577559,0.08726646259971647,0.08726646259971647,-0.05235987755982989,-714.0,319.0,-402.0,1600,1600,1599,1599,0,0,0,0
1763969529.260207,0.0,0.0,32.13,154.85,-0.06292803585529327,0.2159407138824463,0.9743041396141052,-0.011878936551511288,-3.090918779373169,-0.11777979135513306,2.7026801109313965,-0.0008150152862071991,0.0004956838674843311,-0.00014124484732747078,0.0,0.0,0.0,0.0,0.0,0.0,-0.5687857000000001,0.6080123,10.2577559,0.08726646259971647,0.08726646259971647,-0.05235987755982989,-714.0,319.0,-402.0,1600,1600,1599,1599,0,0,0,0
1763969529.2936316,0.0,0.0,32.13,154.85,-0.06292803585529327,0.2159407138824463,0.9743041396141052,-0.011878936551511288,-3.090918779373169,-0.11777979135513306,2.7026801109313965,-0.0008150152862071991,0.0004956838674843311,-0.00014124484732747078,0.0,0.0,0.0,0.0,0.0,0.0,-0.5687857000000001,0.6080123,10.2577559,0.08726646259971647,0.08726646259971647,-0.05235987755982989,-714.0,319.0,-402.0,1600,1600,1599,1599,0,0,0,0
1763969529.3270512,0.0,0.0,32.13,154.85,-0.06292803585529327,0.2159407138824463,0.9743041396141052,-0.011878936551511288,-3.090918779373169,-0.11777979135513306,2.7026801109313965,-0.0008150152862071991,0.0004956838674843311,-0.00014124484732747078,0.0,0.0,0.0,0.0,0.0,0.0,-0.5687857000000001,0.61781895,10.2577559,0.06981317007977318,0.08726646259971647,-0.05235987755982989,-714.0,319.0,-402.0,1600,1600,1599,1599,0,0,0,0
1763969529.3604693,0.0,0.0,32.13,154.85,-0.06292803585529327,0.2159407138824463,0.9743041396141052,-0.011878936551511288,-3.090899705886841,-0.11779595911502838,2.7026901245117188,-0.0006233798339962959,0.00023677712306380272,-0.0005471068434417248,0.0,0.0,0.0,0.0,0.0,0.0,-0.5687857000000001,0.61781895,10.2577559,0.06981317007977318,0.08726646259971647,-0.05235987755982989,-714.0,319.0,-402.0,1600,1600,1599,1599,0,0,0,0
1763969529.393892,0.0,0.0,32.13,154.85,-0.0629379078745842,0.2159349024295807,0.9743046760559082,-0.01188681274652481,-3.090899705886841,-0.11779595911502838,2.7026901245117188,-0.0006233798339962959,0.00023677712306380272,-0.0005471068434417248,0.0,0.0,0.0,0.0,0.0,0.0,-0.5687857000000001,0.61781895,10.2577559,0.06981317007977318,0.08726646259971647,-0.05235987755982989,-714.0,319.0,-402.0,1600,1600,1599,1599,0,0,0,0
1763969529.427311,0.0,0.0,32.16,154.85,-0.0629379078745842,0.2159349024295807,0.9743046760559082,-0.01188681274652481,-3.090899705886841,-0.11779595911502838,2.7026901245117188,-0.0006233798339962959,0.00023677712306380272,-0.0005471068434417248,0.0,0.0,0.0,0.0,0.0,0.0,-0.5687857000000001,0.61781895,10.2577559,0.06981317007977318,0.08726646259971647,-0.05235987755982989,-714.0,319.0,-402.0,1600,1600,1599,1599,0,0,0,0
1763969529.4607327,0.0,0.0,32.16,154.85,-0.0629379078745842,0.2159349024295807,0.9743046760559082,-0.01188681274652481,-3.090899705886841,-0.11779595911502838,2.7026901245117188,-0.0006233798339962959,0.00023677712306380272,-0.0005471068434417248,0.0,0.0,0.0,0.0,0.0,0.0,-0.5687857000000001,0.61781895,10.2577559,0.06981317007977318,0.08726646259971647,-0.05235987755982989,-714.0,319.0,-402.0,1600,1600,1599,1599,0,0,0,0
1763969529.4941735,0.0,0.0,32.16,154.85,-0.0629379078745842,0.2159349024295807,0.9743046760559082,-0.01188681274652481,-3.090899705886841,-0.11779595911502838,2.7026901245117188,-0.0006233798339962959,0.00023677712306380272,-0.0005471068434417248,0.0,0.0,0.0,0.0,0.0,0.0,-0.5687857000000001,0.61781895,10.2577559,0.06981317007977318,0.08726646259971647,-0.05235987755982989,-714.0,319.0,-402.0,1600,1600,1599,1599,0,0,0,0
1763969529.5275922,0.0,0.0,32.16,154.85,-0.0629379078745842,0.2159349024295807,0.9743046760559082,-0.01188681274652481,-3.090899705886841,-0.11779595911502838,2.7026901245117188,-0.0006233798339962959,0.00023677712306380272,-0.0005471068434417248,0.0,0.0,0.0,0.0,0.0,0.0,-0.5687857000000001,0.61781895,10.2577559,0.06981317007977318,0.06981317007977318,-0.05235987755982989,-712.0,317.0,-404.0,1600,1600,1599,1599,0,0,0,0
1763969529.5610158,0.0,0.0,32.16,154.85,-0.0629379078745842,0.2159349024295807,0.9743046760559082,-0.01188681274652481,-3.0908777713775635,-0.11779125034809113,2.702690839767456,0.0012459750287234783,-0.001367863267660141,0.0005940054543316364,0.0,0.0,0.0,0.0,0.0,0.0,-0.5687857000000001,0.61781895,10.2577559,0.06981317007977318,0.06981317007977318,-0.05235987755982989,-712.0,317.0,-404.0,1600,1600,1599,1599,0,0,0,0
1763969529.5944428,0.0,0.0,32.16,154.85,-0.06293798238039017,0.21593399345874786,0.974304735660553,-0.011898033320903778,-3.0908777713775635,-0.11779125034809113,2.702690839767456,0.0012459750287234783,-0.001367863267660141,0.0005940054543316364,0.0,0.0,0.0,0.0,0.0,0.0,-0.5687857000000001,0.61781895,10.2577559,0.06981317007977318,0.06981317007977318,-0.05235987755982989,-712.0,317.0,-404.0,1600,1600,1599,1599,0,0,0,0
1763969529.6278572,0.0,0.0,32.16,154.85,-0.06293798238039017,0.21593399345874786,0.974304735660553,-0.011898033320903778,-3.0908777713775635,-0.11779125034809113,2.702690839767456,0.0012459750287234783,-0.001367863267660141,0.0005940054543316364,0.0,0.0,0.0,0.0,0.0,0.0,-0.5687857000000001,0.61781895,10.2577559,0.06981317007977318,0.06981317007977318,-0.05235987755982989,-712.0,317.0,-404.0,1600,1600,1599,1599,0,0,0,0
1763969529.6612744,0.0,0.0,32.16,154.85,-0.06293798238039017,0.21593399345874786,0.974304735660553,-0.011898033320903778,-3.0908777713775635,-0.11779125034809113,2.702690839767456,0.0012459750287234783,-0.001367863267660141,0.0005940054543316364,0.0,0.0,0.0,0.0,0.0,0.0,-0.5687857000000001,0.61781895,10.2577559,0.06981317007977318,0.06981317007977318,-0.05235987755982989,-712.0,317.0,-404.0,1600,1600,1599,1599,0,0,0,0
1763969529.6946902,0.0,0.0,32.16,154.85,-0.06293798238039017,0.21593399345874786,0.974304735660553,-0.011898033320903778,-3.0908777713775635,-0.11779125034809113,2.702690839767456,0.0012459750287234783,-0.001367863267660141,0.0005940054543316364,0.0,0.0,0.0,0.0,0.0,0.0,-0.5687857000000001,0.61781895,10.2577559,0.06981317007977318,0.06981317007977318,-0.05235987755982989,-712.0,317.0,-404.0,1600,1600,1599,1599,0,0,0,0
1763969529.7281156,0.0,0.0,32.16,154.85,-0.06293798238039017,0.21593399345874786,0.974304735660553,-0.011898033320903778,-3.0908777713775635,-0.11779125034809113,2.702690839767456,0.0012459750287234783,-0.001367863267660141,0.0005940054543316364,0.0,0.0,0.0,0.0,0.0,0.0,-0.5687857000000001,0.61781895,10.2577559,0.10471975511965978,0.05235987755982989,-0.03490658503988659,-712.0,317.0,-404.0,1600,1600,1599,1599,0,0,0,0
1763969529.761537,0.0,0.0,32.16,154.85,-0.06293798238039017,0.21593399345874786,0.974304735660553,-0.011898033320903778,-3.0908701419830322,-0.11778902262449265,2.702690362930298,0.0006026839837431908,-0.00020329654216766357,0.00021688267588615417,0.0,0.0,0.0,0.0,0.0,0.0,-0.5687857000000001,0.61781895,10.2577559,0.10471975511965978,0.05235987755982989,-0.03490658503988659,-712.0,317.0,-404.0,1600,1600,1599,1599,0,0,0,0
1763969529.7949526,0.0,0.0,32.16,154.85,-0.06293770670890808,0.21593400835990906,0.974304735660553,-0.01190192624926567,-3.0908701419830322,-0.11778902262449265,2.702690362930298,0.0006026839837431908,-0.00020329654216766357,0.00021688267588615417,0.0,0.0,0.0,0.0,0.0,0.0,-0.5687857000000001,0.61781895,10.2577559,0.10471975511965978,0.05235987755982989,-0.03490658503988659,-712.0,317.0,-404.0,1600,1600,1599,1599,0,0,0,0
1763969529.8283787,0.0,0.0,32.16,154.85,-0.06293770670890808,0.21593400835990906,0.974304735660553,-0.01190192624926567,-3.0908701419830322,-0.11778902262449265,2.702690362930298,0.0006026839837431908,-0.00020329654216766357,0.00021688267588615417,0.0,0.0,0.0,0.0,0.0,0.0,-0.5687857000000001,0.61781895,10.2577559,0.10471975511965978,0.05235987755982989,-0.03490658503988659,-712.0,317.0,-404.0,1600,1600,1599,1599,0,0,0,0
1763969529.8618114,0.0,0.0,32.16,154.85,-0.06293770670890808,0.21593400835990906,0.974304735660553,-0.01190192624926567,-3.090893268585205,-0.11778075993061066,2.7028934955596924,0.0012697414495050907,-0.00046409014612436295,0.00011422415263950825,0.0,0.0,0.0,0.0,0.0,0.0,-0.5687857000000001,0.61781895,10.2577559,0.10471975511965978,0.05235987755982989,-0.03490658503988659,-712.0,317.0,-404.0,1600,1600,1599,1599,0,0,0,0
1763969529.8952317,0.0,0.0,32.16,154.85,-0.06293001025915146,0.21583597362041473,0.9743269681930542,-0.0118980398401618,-3.090893268585205,-0.11778075993061066,2.7028934955596924,0.0012697414495050907,-0.00046409014612436295,0.00011422415263950825,0.0,0.0,0.0,0.0,0.0,0.0,-0.5687857000000001,0.61781895,10.2577559,0.10471975511965978,0.05235987755982989,-0.03490658503988659,-712.0,317.0,-404.0,1600,1600,1599,1599,0,0,0,0
1763969529.9286597,0.0,0.0,32.05,154.86,-0.06293001025915146,0.21583597362041473,0.9743269681930542,-0.0118980398401618,-3.090893268585205,-0.11778075993061066,2.7028934955596924,0.0012697414495050907,-0.00046409014612436295,0.00011422415263950825,0.0,0.0,0.0,0.0,0.0,0.0,-0.5687857000000001,0.61781895,10.2577559,0.10471975511965978,0.05235987755982989,-0.03490658503988659,-712.0,317.0,-404.0,1600,1600,1599,1599,0,0,0,0
1763969529.9620855,0.0,0.0,32.05,154.86,-0.06293001025915146,0.21583597362041473,0.9743269681930542,-0.0118980398401618,-3.090893268585205,-0.11778075993061066,2.7028934955596924,0.0012697414495050907,-0.00046409014612436295,0.00011422415263950825,0.0,0.0,0.0,0.0,0.0,0.0,-0.5687857000000001,0.61781895,10.2577559,0.10471975511965978,0.05235987755982989,-0.03490658503988659,-712.0,317.0,-404.0,1600,1600,1599,1599,0,0,0,0
1763969529.9955058,0.0,0.0,32.05,154.86,-0.06293001025915146,0.21583597362041473,0.9743269681930542,-0.0118980398401618,-3.090893268585205,-0.11778075993061066,2.7028934955596924,0.0012697414495050907,-0.00046409014612436295,0.00011422415263950825,0.0,0.0,0.0,0.0,0.0,0.0,-0.5687857000000001,0.6080123,10.2577559,0.10471975511965978,0.06981317007977318,-0.05235987755982989,-719.0,318.0,-400.0,1600,1600,1599,1599,0,0,0,0
1763969530.0289364,0.0,0.0,32.05,154.86,-0.06293001025915146,0.21583597362041473,0.9743269681930542,-0.0118980398401618,-3.090919256210327,-0.1177835687994957,2.702906608581543,-0.00039765844121575356,0.0005442025139927864,-0.0001515042968094349,0.0,0.0,0.0,0.0,0.0,0.0,-0.5687857000000001,0.6080123,10.2577559,0.10471975511965978,0.06981317007977318,-0.05235987755982989,-719.0,318.0,-400.0,1600,1600,1599,1599,0,0,0,0
1763969530.062376,0.0,0.0,32.05,154.86,-0.06292849034070969,0.21583035588264465,0.9743285179138184,-0.01188548095524311,-3.090919256210327,-0.1177835687994957,2.702906608581543,-0.00039765844121575356,0.0005442025139927864,-0.0001515042968094349,0.0,0.0,0.0,0.0,0.0,0.0,-0.5687857000000001,0.6080123,10.2577559,0.10471975511965978,0.06981317007977318,-0.05235987755982989,-719.0,318.0,-400.0,1600,1600,1599,1599,0,0,0,0
1763969530.0958056,0.0,0.0,32.05,154.86,-0.06292849034070969,0.21583035588264465,0.9743285179138184,-0.01188548095524311,-3.090919256210327,-0.1177835687994957,2.702906608581543,-0.00039765844121575356,0.0005442025139927864,-0.0001515042968094349,0.0,0.0,0.0,0.0,0.0,0.0,-0.5687857000000001,0.6080123,10.2577559,0.10471975511965978,0.06981317007977318,-0.05235987755982989,-719.0,318.0,-400.0,1600,1600,1599,1599,0,0,0,0
1763969530.1292322,0.0,0.0,32.05,154.86,-0.06292849034070969,0.21583035588264465,0.9743285179138184,-0.01188548095524311,-3.090919256210327,-0.1177835687994957,2.702906608581543,-0.00039765844121575356,0.0005442025139927864,-0.0001515042968094349,0.0,0.0,0.0,0.0,0.0,0.0,-0.5687857000000001,0.6080123,10.2577559,0.10471975511965978,0.06981317007977318,-0.05235987755982989,-719.0,318.0,-400.0,1600,1600,1599,1599,0,0,0,0
1763969530.162662,0.0,0.0,32.05,154.86,-0.06292849034070969,0.21583035588264465,0.9743285179138184,-0.01188548095524311,-3.090919256210327,-0.1177835687994957,2.702906608581543,-0.00039765844121575356,0.0005442025139927864,-0.0001515042968094349,0.0,0.0,0.0,0.0,0.0,0.0,-0.5687857000000001,0.6080123,10.2577559,0.10471975511965978,0.06981317007977318,-0.05235987755982989,-719.0,318.0,-400.0,1600,1600,1599,1599,0,0,0,0
1763969530.1960847,0.0,0.0,32.05,154.86,-0.06292849034070969,0.21583035588264465,0.9743285179138184,-0.01188548095524311,-3.090919256210327,-0.1177835687994957,2.702906608581543,-0.00039765844121575356,0.0005442025139927864,-0.0001515042968094349,0.0,0.0,0.0,0.0,0.0,0.0,-0.55897905,0.6080123,10.24794925,0.08726646259971647,0.08726646259971647,-0.05235987755982989,-719.0,318.0,-400.0,1600,1600,1599,1599,0,0,0,0
1763969530.2295134,0.0,0.0,32.05,154.86,-0.06292849034070969,0.21583035588264465,0.9743285179138184,-0.01188548095524311,-3.090925693511963,-0.11779311299324036,2.7029147148132324,0.000378243625164032,0.0008139819838106632,-0.0013045265804976225,0.0,0.0,0.0,0.0,0.0,0.0,-0.55897905,0.6080123,10.24794925,0.08726646259971647,0.08726646259971647,-0.05235987755982989,-719.0,318.0,-400.0,1600,1600,1599,1599,0,0,0,0
1763969530.2629344,0.0,0.0,32.05,154.86,-0.06293237954378128,0.21582646667957306,0.9743291735649109,-0.011881495825946331,-3.090925693511963,-0.11779311299324036,2.7029147148132324,0.000378243625164032,0.0008139819838106632,-0.0013045265804976225,0.0,0.0,0.0,0.0,0.0,0.0,-0.55897905,0.6080123,10.24794925,0.08726646259971647,0.08726646259971647,-0.05235987755982989,-719.0,318.0,-400.0,1600,1600,1599,1599,0,0,0,0
1763969530.2964137,0.0,0.0,32.05,154.86,-0.06293237954378128,0.21582646667957306,0.9743291735649109,-0.011881495825946331,-3.090925693511963,-0.11779311299324036,2.7029147148132324,0.000378243625164032,0.0008139819838106632,-0.0013045265804976225,0.0,0.0,0.0,0.0,0.0,0.0,-0.55897905,0.6080123,10.24794925,0.08726646259971647,0.08726646259971647,-0.05235987755982989,-719.0,318.0,-400.0,1600,1600,1599,1599,0,0,0,0
1763969530.329915,0.0,0.0,32.05,154.86,-0.06293237954378128,0.21582646667957306,0.9743291735649109,-0.011881495825946331,-3.090925693511963,-0.11779311299324036,2.7029147148132324,0.000378243625164032,0.0008139819838106632,-0.0013045265804976225,0.0,0.0,0.0,0.0,0.0,0.0,-0.55897905,0.6080123,10.24794925,0.08726646259971647,0.08726646259971647,-0.05235987755982989,-719.0,318.0,-400.0,1600,1600,1599,1599,0,0,0,0
1763969530.3634174,0.0,0.0,32.05,154.86,-0.06293237954378128,0.21582646667957306,0.9743291735649109,-0.011881495825946331,-3.090925693511963,-0.11779311299324036,2.7029147148132324,0.000378243625164032,0.0008139819838106632,-0.0013045265804976225,0.0,0.0,0.0,0.0,0.0,0.0,-0.5687857000000001,0.61781895,10.2577559,0.08726646259971647,0.08726646259971647,-0.06981317007977318,-719.0,318.0,-400.0,1600,1600,1599,1599,0,0,0,0
1763969530.3968463,0.0,0.0,32.05,154.86,-0.06293237954378128,0.21582646667957306,0.9743291735649109,-0.011881495825946331,-3.0909152030944824,-0.11779894679784775,2.7029037475585938,0.0007762466557323933,0.0005772407166659832,-0.00017373403534293175,0.0,0.0,0.0,0.0,0.0,0.0,-0.5687857000000001,0.61781895,10.2577559,0.08726646259971647,0.08726646259971647,-0.06981317007977318,-719.0,318.0,-400.0,1600,1600,1599,1599,0,0,0,0
1763969530.4302714,0.0,0.0,32.05,154.86,-0.06293641030788422,0.21583126485347748,0.9743277430534363,-0.011885619722306728,-3.0909152030944824,-0.11779894679784775,2.7029037475585938,0.0007762466557323933,0.0005772407166659832,-0.00017373403534293175,0.0,0.0,0.0,0.0,0.0,0.0,-0.5687857000000001,0.61781895,10.2577559,0.08726646259971647,0.08726646259971647,-0.06981317007977318,-719.0,318.0,-400.0,1600,1600,1599,1599,0,0,0,0
1763969530.4638414,0.0,0.0,32.07,154.86,-0.06293641030788422,0.21583126485347748,0.9743277430534363,-0.011885619722306728,-3.0909152030944824,-0.11779894679784775,2.7029037475585938,0.0007762466557323933,0.0005772407166659832,-0.00017373403534293175,0.0,0.0,0.0,0.0,0.0,0.0,-0.5687857000000001,0.61781895,10.2577559,0.08726646259971647,0.08726646259971647,-0.06981317007977318,-719.0,318.0,-400.0,1600,1600,1599,1599,0,0,0,0
1763969530.497284,0.0,0.0,32.07,154.86,-0.06293641030788422,0.21583126485347748,0.9743277430534363,-0.011885619722306728,-3.0908985137939453,-0.1178361028432846,2.7028884887695312,0.0008581248112022877,0.0010438854806125164,-1.6983598470687866e-05,0.0,0.0,0.0,0.0,0.0,0.0,-0.5687857000000001,0.61781895,10.2577559,0.08726646259971647,0.08726646259971647,-0.06981317007977318,-719.0,318.0,-400.0,1600,1600,1599,1599,0,0,0,0
1763969530.5308454,0.0,0.0,32.07,154.86,-0.06295640766620636,0.21583746373653412,0.9743250012397766,-0.011889281682670116,-3.0908985137939453,-0.1178361028432846,2.7028884887695312,0.0008581248112022877,0.0010438854806125164,-1.6983598470687866e-05,0.0,0.0,0.0,0.0,0.0,0.0,-0.5687857000000001,0.61781895,10.2577559,0.08726646259971647,0.08726646259971647,-0.06981317007977318,-719.0,318.0,-400.0,1600,1600,1599,1599,0,0,0,0
1763969530.564273,0.0,0.0,32.07,154.86,-0.06295640766620636,0.21583746373653412,0.9743250012397766,-0.011889281682670116,-3.0908985137939453,-0.1178361028432846,2.7028884887695312,0.0008581248112022877,0.0010438854806125164,-1.6983598470687866e-05,0.0,0.0,0.0,0.0,0.0,0.0,-0.5687857000000001,0.61781895,10.2577559,0.08726646259971647,0.08726646259971647,-0.06981317007977318,-719.0,318.0,-400.0,1600,1600,1599,1599,0,0,0,0
1763969530.5977027,0.0,0.0,32.07,154.86,-0.06295640766620636,0.21583746373653412,0.9743250012397766,-0.011889281682670116,-3.0908985137939453,-0.1178361028432846,2.7028884887695312,0.0008581248112022877,0.0010438854806125164,-1.6983598470687866e-05,0.0,0.0,0.0,0.0,0.0,0.0,-0.5687857000000001,0.61781895,10.2577559,0.08726646259971647,0.08726646259971647,-0.06981317007977318,-719.0,318.0,-400.0,1600,1600,1599,1599,0,0,0,0
1763969530.6311312,0.0,0.0,32.07,154.86,-0.06295640766620636,0.21583746373653412,0.9743250012397766,-0.011889281682670116,-3.0908985137939453,-0.1178361028432846,2.7028884887695312,0.0008581248112022877,0.0010438854806125164,-1.6983598470687866e-05,0.0,0.0,0.0,0.0,0.0,0.0,-0.5687857000000001,0.61781895,10.2577559,0.08726646259971647,0.08726646259971647,-0.06981317007977318,-719.0,318.0,-400.0,1600,1600,1599,1599,0,0,0,0
1763969530.6645558,0.0,0.0,32.07,154.86,-0.06295640766620636,0.21583746373653412,0.9743250012397766,-0.011889281682670116,-3.0908985137939453,-0.1178361028432846,2.7028884887695312,0.0008581248112022877,0.0010438854806125164,-1.6983598470687866e-05,0.0,0.0,0.0,0.0,0.0,0.0,-0.5687857000000001,0.6276256,10.2577559,0.10471975511965978,0.08726646259971647,-0.05235987755982989,-716.0,321.0,-400.0,1600,1600,1599,1599,0,0,0,0
1763969530.6979885,0.0,0.0,32.07,154.86,-0.06295640766620636,0.21583746373653412,0.9743250012397766,-0.011889281682670116,-3.090888500213623,-0.11783253401517868,2.7029032707214355,-0.001036378089338541,-0.0010388302616775036,-0.0011041441466659307,0.0,0.0,0.0,0.0,0.0,0.0,-0.5687857000000001,0.6276256,10.2577559,0.10471975511965978,0.08726646259971647,-0.05235987755982989,-716.0,321.0,-400.0,1600,1600,1599,1599,0,0,0,0
1763969530.7315743,0.0,0.0,32.07,154.86,-0.06295565515756607,0.21583008766174316,0.9743267297744751,-0.0118949506431818,-3.090888500213623,-0.11783253401517868,2.7029032707214355,-0.001036378089338541,-0.0010388302616775036,-0.0011041441466659307,0.0,0.0,0.0,0.0,0.0,0.0,-0.5687857000000001,0.6276256,10.2577559,0.10471975511965978,0.08726646259971647,-0.05235987755982989,-716.0,321.0,-400.0,1600,1600,1599,1599,0,0,0,0
1763969530.76498,0.0,0.0,32.07,154.86,-0.06295565515756607,0.21583008766174316,0.9743267297744751,-0.0118949506431818,-3.090888500213623,-0.11783253401517868,2.7029032707214355,-0.001036378089338541,-0.0010388302616775036,-0.0011041441466659307,0.0,0.0,0.0,0.0,0.0,0.0,-0.5687857000000001,0.6276256,10.2577559,0.10471975511965978,0.08726646259971647,-0.05235987755982989,-716.0,321.0,-400.0,1600,1600,1599,1599,0,0,0,0
1763969530.7984161,0.0,0.0,32.07,154.86,-0.06295565515756607,0.21583008766174316,0.9743267297744751,-0.0118949506431818,-3.0907225608825684,-0.11795281618833542,2.7027549743652344,-0.0004162280820310116,-0.0018021580763161182,0.0023031230084598064,0.0,0.0,0.0,0.0,0.0,0.0,-0.5687857000000001,0.6276256,10.2577559,0.10471975511965978,0.08726646259971647,-0.05235987755982989,-716.0,321.0,-400.0,1600,1600,1599,1599,0,0,0,0
1763969530.8318403,0.0,0.0,32.07,154.86,-0.06303297728300095,0.21589477360248566,0.9743066430091858,-0.011957972310483456,-3.0907225608825684,-0.11795281618833542,2.7027549743652344,-0.0004162280820310116,-0.0018021580763161182,0.0023031230084598064,0.0,0.0,0.0,0.0,0.0,0.0,-0.5687857000000001,0.6276256,10.2577559,0.10471975511965978,0.08726646259971647,-0.05235987755982989,-716.0,321.0,-400.0,1600,1600,1599,1599,0,0,0,0
1763969530.8652763,0.0,0.0,32.17,154.85,-0.06303297728300095,0.21589477360248566,0.9743066430091858,-0.011957972310483456,-3.0907225608825684,-0.11795281618833542,2.7027549743652344,-0.0004162280820310116,-0.0018021580763161182,0.0023031230084598064,0.0,0.0,0.0,0.0,0.0,0.0,-0.5687857000000001,0.6276256,10.2577559,0.10471975511965978,0.08726646259971647,-0.05235987755982989,-716.0,321.0,-400.0,1600,1600,1599,1599,0,0,0,0
1763969530.8987105,0.0,0.0,32.17,154.85,-0.06303297728300095,0.21589477360248566,0.9743066430091858,-0.011957972310483456,-3.0907225608825684,-0.11795281618833542,2.7027549743652344,-0.0004162280820310116,-0.0018021580763161182,0.0023031230084598064,0.0,0.0,0.0,0.0,0.0,0.0,-0.5687857000000001,0.6276256,10.2577559,0.10471975511965978,0.08726646259971647,-0.05235987755982989,-716.0,321.0,-400.0,1600,1600,1599,1599,0,0,0,0
1763969530.9321284,0.0,0.0,32.17,154.85,-0.06303297728300095,0.21589477360248566,0.9743066430091858,-0.011957972310483456,-3.090721845626831,-0.11795632541179657,2.702744722366333,0.0010724542662501335,-0.002247587777674198,0.0003626516554504633,0.0,0.0,0.0,0.0,0.0,0.0,-0.5687857000000001,0.6276256,10.2577559,0.10471975511965978,0.08726646259971647,-0.05235987755982989,-716.0,321.0,-400.0,1600,1600,1599,1599,0,0,0,0
1763969530.9655566,0.0,0.0,32.17,154.85,-0.06303297728300095,0.21589477360248566,0.9743066430091858,-0.011957972310483456,-3.090721845626831,-0.11795632541179657,2.702744722366333,0.0010724542662501335,-0.002247587777674198,0.0003626516554504633,0.0,0.0,0.0,0.0,0.0,0.0,-0.588399,0.6276256,10.2381426,0.10471975511965978,0.03490658503988659,-0.03490658503988659,-717.0,323.0,-398.0,1600,1600,1599,1599,0,0,0,0
1763969530.9989815,0.0,0.0,32.17,154.85,-0.06303484737873077,0.2158997356891632,0.9743053913116455,-0.011957698501646519,-3.090721845626831,-0.11795632541179657,2.702744722366333,0.0010724542662501335,-0.002247587777674198,0.0003626516554504633,0.0,0.0,0.0,0.0,0.0,0.0,-0.588399,0.6276256,10.2381426,0.10471975511965978,0.03490658503988659,-0.03490658503988659,-717.0,323.0,-398.0,1600,1600,1599,1599,0,0,0,0
1763969531.032415,0.0,0.0,32.17,154.85,-0.06303484737873077,0.2158997356891632,0.9743053913116455,-0.011957698501646519,-3.090721845626831,-0.11795632541179657,2.702744722366333,0.0010724542662501335,-0.002247587777674198,0.0003626516554504633,0.0,0.0,0.0,0.0,0.0,0.0,-0.588399,0.6276256,10.2381426,0.10471975511965978,0.03490658503988659,-0.03490658503988659,-717.0,323.0,-398.0,1600,1600,1599,1599,0,0,0,0
1763969531.0658362,0.0,0.0,32.17,154.85,-0.06303484737873077,0.2158997356891632,0.9743053913116455,-0.011957698501646519,-3.090721845626831,-0.11795632541179657,2.702744722366333,0.0010724542662501335,-0.002247587777674198,0.0003626516554504633,0.0,0.0,0.0,0.0,0.0,0.0,-0.588399,0.6276256,10.2381426,0.10471975511965978,0.03490658503988659,-0.03490658503988659,-717.0,323.0,-398.0,1600,1600,1599,1599,0,0,0,0
1763969531.0992548,0.0,0.0,32.17,154.85,-0.06303484737873077,0.2158997356891632,0.9743053913116455,-0.011957698501646519,-3.090751886367798,-0.11795466393232346,2.7027554512023926,0.0020605744794011116,-0.0017024795524775982,0.0006702370010316372,0.0,0.0,0.0,0.0,0.0,0.0,-0.588399,0.6276256,10.2381426,0.10471975511965978,0.03490658503988659,-0.03490658503988659,-717.0,323.0,-398.0,1600,1600,1599,1599,0,0,0,0
1763969531.1326725,0.0,0.0,32.17,154.85,-0.06303484737873077,0.2158997356891632,0.9743053913116455,-0.011957698501646519,-3.090751886367798,-0.11795466393232346,2.7027554512023926,0.0020605744794011116,-0.0017024795524775982,0.0006702370010316372,0.0,0.0,0.0,0.0,0.0,0.0,-0.57859235,0.6276256,10.2577559,0.12217304763960307,0.03490658503988659,-0.03490658503988659,-717.0,323.0,-398.0,1600,1600,1599,1599,0,0,0,0
1763969531.1660967,0.0,0.0,32.17,154.85,-0.06303072720766068,0.21589554846286774,0.9743067622184753,-0.01194353774189949,-3.090751886367798,-0.11795466393232346,2.7027554512023926,0.0020605744794011116,-0.0017024795524775982,0.0006702370010316372,0.0,0.0,0.0,0.0,0.0,0.0,-0.57859235,0.6276256,10.2577559,0.12217304763960307,0.03490658503988659,-0.03490658503988659,-717.0,323.0,-398.0,1600,1600,1599,1599,0,0,0,0
1763969531.1995165,0.0,0.0,32.17,154.85,-0.06303072720766068,0.21589554846286774,0.9743067622184753,-0.01194353774189949,-3.090751886367798,-0.11795466393232346,2.7027554512023926,0.0020605744794011116,-0.0017024795524775982,0.0006702370010316372,0.0,0.0,0.0,0.0,0.0,0.0,-0.57859235,0.6276256,10.2577559,0.12217304763960307,0.03490658503988659,-0.03490658503988659,-717.0,323.0,-398.0,1600,1600,1599,1599,0,0,0,0
1763969531.2336116,0.0,0.0,32.17,154.85,-0.06303072720766068,0.21589554846286774,0.9743067622184753,-0.01194353774189949,-3.0907883644104004,-0.11791335046291351,2.7027435302734375,-0.00022386712953448296,-0.0005574338138103485,0.00045864377170801163,0.0,0.0,0.0,0.0,0.0,0.0,-0.57859235,0.6276256,10.2577559,0.12217304763960307,0.03490658503988659,-0.03490658503988659,-717.0,323.0,-398.0,1600,1600,1599,1599,0,0,0,0
1763969531.2670302,0.0,0.0,32.17,154.85,-0.06300673633813858,0.21590326726436615,0.9743067026138306,-0.011929874308407307,-3.0907883644104004,-0.11791335046291351,2.7027435302734375,-0.00022386712953448296,-0.0005574338138103485,0.00045864377170801163,0.0,0.0,0.0,0.0,0.0,0.0,-0.57859235,0.6276256,10.2577559,0.12217304763960307,0.03490658503988659,-0.03490658503988659,-717.0,323.0,-398.0,1600,1600,1599,1599,0,0,0,0
1763969531.3004527,0.0,0.0,32.1,154.85,-0.06300673633813858,0.21590326726436615,0.9743067026138306,-0.011929874308407307,-3.0907883644104004,-0.11791335046291351,2.7027435302734375,-0.00022386712953448296,-0.0005574338138103485,0.00045864377170801163,0.0,0.0,0.0,0.0,0.0,0.0,-0.57859235,0.6276256,10.2577559,0.12217304763960307,0.03490658503988659,-0.03490658503988659,-717.0,323.0,-398.0,1600,1600,1599,1599,0,0,0,0
1763969531.3339179,0.0,0.0,32.1,154.85,-0.06300673633813858,0.21590326726436615,0.9743067026138306,-0.011929874308407307,-3.090799331665039,-0.1178874671459198,2.702726364135742,-0.0022062412463128567,-0.0012116585858166218,-4.2912084609270096e-05,0.0,0.0,0.0,0.0,0.0,0.0,-0.57859235,0.6276256,10.2577559,0.12217304763960307,0.03490658503988659,-0.03490658503988659,-717.0,323.0,-398.0,1600,1600,1599,1599,0,0,0,0
1763969531.3673854,0.0,0.0,32.1,154.85,-0.06299306452274323,0.21591240167617798,0.9743056297302246,-0.011926837265491486,-3.090799331665039,-0.1178874671459198,2.702726364135742,-0.0022062412463128567,-0.0012116585858166218,-4.2912084609270096e-05,0.0,0.0,0.0,0.0,0.0,0.0,-0.57859235,0.6276256,10.2577559,0.12217304763960307,0.03490658503988659,-0.03490658503988659,-717.0,323.0,-398.0,1600,1600,1599,1599,0,0,0,0
1763969531.4008124,0.0,0.0,32.1,154.85,-0.06299306452274323,0.21591240167617798,0.9743056297302246,-0.011926837265491486,-3.090799331665039,-0.1178874671459198,2.702726364135742,-0.0022062412463128567,-0.0012116585858166218,-4.2912084609270096e-05,0.0,0.0,0.0,0.0,0.0,0.0,-0.57859235,0.6276256,10.2577559,0.12217304763960307,0.03490658503988659,-0.03490658503988659,-717.0,323.0,-398.0,1600,1600,1599,1599,0,0,0,0
1763969531.434235,0.0,0.0,32.1,154.85,-0.06299306452274323,0.21591240167617798,0.9743056297302246,-0.011926837265491486,-3.0908584594726562,-0.11784829944372177,2.702601432800293,-9.346799924969673e-05,-0.0004604891873896122,0.0005562191363424063,0.0,0.0,0.0,0.0,0.0,0.0,-0.57859235,0.6276256,10.2577559,0.12217304763960307,0.03490658503988659,-0.03490658503988659,-717.0,323.0,-398.0,1600,1600,1599,1599,0,0,0,0
1763969531.4677067,0.0,0.0,32.1,154.85,-0.06296835839748383,0.2159758359193802,0.97429358959198,-0.011898376978933811,-3.0908584594726562,-0.11784829944372177,2.702601432800293,-9.346799924969673e-05,-0.0004604891873896122,0.0005562191363424063,0.0,0.0,0.0,0.0,0.0,0.0,-0.57859235,0.6276256,10.2577559,0.12217304763960307,0.03490658503988659,-0.03490658503988659,-717.0,323.0,-398.0,1600,1600,1599,1599,0,0,0,0
1763969531.501128,0.0,0.0,32.1,154.84,-0.06296835839748383,0.2159758359193802,0.97429358959198,-0.011898376978933811,-3.0908584594726562,-0.11784829944372177,2.702601432800293,-9.346799924969673e-05,-0.0004604891873896122,0.0005562191363424063,0.0,0.0,0.0,0.0,0.0,0.0,-0.57859235,0.6276256,10.2577559,0.12217304763960307,0.03490658503988659,-0.03490658503988659,-717.0,323.0,-398.0,1600,1600,1599,1599,0,0,0,0
1763969531.5345461,0.0,0.0,32.1,154.84,-0.06296835839748383,0.2159758359193802,0.97429358959198,-0.011898376978933811,-3.0908584594726562,-0.11784829944372177,2.702601432800293,-9.346799924969673e-05,-0.0004604891873896122,0.0005562191363424063,0.0,0.0,0.0,0.0,0.0,0.0,-0.57859235,0.6276256,10.2577559,0.12217304763960307,0.03490658503988659,-0.03490658503988659,-717.0,323.0,-398.0,1600,1600,1599,1599,0,0,0,0
1763969531.5679646,0.0,0.0,32.1,154.84,-0.06296835839748383,0.2159758359193802,0.97429358959198,-0.011898376978933811,-3.0908584594726562,-0.11784829944372177,2.702601432800293,-9.346799924969673e-05,-0.0004604891873896122,0.0005562191363424063,0.0,0.0,0.0,0.0,0.0,0.0,-0.57859235,0.6276256,10.2577559,0.12217304763960307,0.03490658503988659,-0.03490658503988659,-717.0,323.0,-398.0,1600,1600,1599,1599,0,0,0,0
1763969531.6013877,0.0,0.0,32.1,154.84,-0.06296835839748383,0.2159758359193802,0.97429358959198,-0.011898376978933811,-3.0908584594726562,-0.11784829944372177,2.702601432800293,-9.346799924969673e-05,-0.0004604891873896122,0.0005562191363424063,0.0,0.0,0.0,0.0,0.0,0.0,-0.5491724,0.6080123,10.2381426,0.08726646259971647,0.06981317007977318,-0.03490658503988659,-719.0,320.0,-397.0,1600,1600,1599,1599,0,0,0,0
1763969531.6348119,0.0,0.0,32.1,154.84,-0.06296835839748383,0.2159758359193802,0.97429358959198,-0.011898376978933811,-3.090822458267212,-0.11786904186010361,2.702589750289917,0.0019912184216082096,0.0002602729946374893,0.00011352822184562683,0.0,0.0,0.0,0.0,0.0,0.0,-0.5491724,0.6080123,10.2381426,0.08726646259971647,0.06981317007977318,-0.03490658503988659,-719.0,320.0,-397.0,1600,1600,1599,1599,0,0,0,0
1763969531.6682303,0.0,0.0,32.1,154.84,-0.06298241019248962,0.21598002314567566,0.9742915034294128,-0.011913281865417957,-3.090822458267212,-0.11786904186010361,2.702589750289917,0.0019912184216082096,0.0002602729946374893,0.00011352822184562683,0.0,0.0,0.0,0.0,0.0,0.0,-0.5491724,0.6080123,10.2381426,0.08726646259971647,0.06981317007977318,-0.03490658503988659,-719.0,320.0,-397.0,1600,1600,1599,1599,0,0,0,0
1763969531.7016475,0.0,0.0,32.07,154.84,-0.06298241019248962,0.21598002314567566,0.9742915034294128,-0.011913281865417957,-3.090822458267212,-0.11786904186010361,2.702589750289917,0.0019912184216082096,0.0002602729946374893,0.00011352822184562683,0.0,0.0,0.0,0.0,0.0,0.0,-0.5491724,0.6080123,10.2381426,0.08726646259971647,0.06981317007977318,-0.03490658503988659,-719.0,320.0,-397.0,1600,1600,1599,1599,0,0,0,0
1763969531.7350657,0.0,0.0,32.07,154.84,-0.06298241019248962,0.21598002314567566,0.9742915034294128,-0.011913281865417957,-3.090822458267212,-0.11786904186010361,2.702589750289917,0.0019912184216082096,0.0002602729946374893,0.00011352822184562683,0.0,0.0,0.0,0.0,0.0,0.0,-0.5491724,0.6080123,10.2381426,0.08726646259971647,0.06981317007977318,-0.03490658503988659,-719.0,320.0,-397.0,1600,1600,1599,1599,0,0,0,0
1763969531.768487,0.0,0.0,32.07,154.84,-0.06298241019248962,0.21598002314567566,0.9742915034294128,-0.011913281865417957,-3.090822458267212,-0.11786904186010361,2.702589750289917,0.0019912184216082096,0.0002602729946374893,0.00011352822184562683,0.0,0.0,0.0,0.0,0.0,0.0,-0.5295591,0.59820565,10.2381426,0.12217304763960307,0.06981317007977318,-0.05235987755982989,-719.0,315.0,-406.0,1600,1600,1599,1599,0,0,0,0
1763969531.801904,0.0,0.0,32.07,154.84,-0.06298241019248962,0.21598002314567566,0.9742915034294128,-0.011913281865417957,-3.0907652378082275,-0.117928147315979,2.702608108520508,0.001583001110702753,0.0013862038031220436,0.0014932360500097275,0.0,0.0,0.0,0.0,0.0,0.0,-0.5295591,0.59820565,10.2381426,0.12217304763960307,0.06981317007977318,-0.05235987755982989,-719.0,315.0,-406.0,1600,1600,1599,1599,0,0,0,0
1763969531.835321,0.0,0.0,32.07,154.84,-0.06301724910736084,0.21596813201904297,0.9742916822433472,-0.011935265734791756,-3.0907652378082275,-0.117928147315979,2.702608108520508,0.001583001110702753,0.0013862038031220436,0.0014932360500097275,0.0,0.0,0.0,0.0,0.0,0.0,-0.5295591,0.59820565,10.2381426,0.12217304763960307,0.06981317007977318,-0.05235987755982989,-719.0,315.0,-406.0,1600,1600,1599,1599,0,0,0,0
1763969531.868741,0.0,0.0,32.07,154.84,-0.06301724910736084,0.21596813201904297,0.9742916822433472,-0.011935265734791756,-3.0907652378082275,-0.117928147315979,2.702608108520508,0.001583001110702753,0.0013862038031220436,0.0014932360500097275,0.0,0.0,0.0,0.0,0.0,0.0,-0.5295591,0.59820565,10.2381426,0.12217304763960307,0.06981317007977318,-0.05235987755982989,-719.0,315.0,-406.0,1600,1600,1599,1599,0,0,0,0
1763969531.902161,0.0,0.0,32.07,154.84,-0.06301724910736084,0.21596813201904297,0.9742916822433472,-0.011935265734791756,-3.0907652378082275,-0.117928147315979,2.702608108520508,0.001583001110702753,0.0013862038031220436,0.0014932360500097275,0.0,0.0,0.0,0.0,0.0,0.0,-0.5295591,0.59820565,10.2381426,0.12217304763960307,0.06981317007977318,-0.05235987755982989,-719.0,315.0,-406.0,1600,1600,1599,1599,0,0,0,0
1763969531.9355795,0.0,0.0,32.07,154.84,-0.06301724910736084,0.21596813201904297,0.9742916822433472,-0.011935265734791756,-3.0907652378082275,-0.117928147315979,2.702608108520508,0.001583001110702753,0.0013862038031220436,0.0014932360500097275,0.0,0.0,0.0,0.0,0.0,0.0,-0.5295591,0.59820565,10.2381426,0.12217304763960307,0.06981317007977318,-0.05235987755982989,-719.0,315.0,-406.0,1600,1600,1599,1599,0,0,0,0
1763969531.9689949,0.0,0.0,32.07,154.84,-0.06301724910736084,0.21596813201904297,0.9742916822433472,-0.011935265734791756,-3.0907652378082275,-0.117928147315979,2.702608108520508,0.001583001110702753,0.0013862038031220436,0.0014932360500097275,0.0,0.0,0.0,0.0,0.0,0.0,-0.55897905,0.6080123,10.24794925,0.12217304763960307,0.08726646259971647,-0.017453292519943295,-719.0,315.0,-406.0,1600,1600,1599,1599,0,0,0,0
1763969532.0024135,0.0,0.0,32.07,154.84,-0.06301724910736084,0.21596813201904297,0.9742916822433472,-0.011935265734791756,-3.0907371044158936,-0.11795854568481445,2.7026195526123047,0.001794525422155857,0.0009133927524089813,0.0007948619313538074,0.0,0.0,0.0,0.0,0.0,0.0,-0.55897905,0.6080123,10.24794925,0.12217304763960307,0.08726646259971647,-0.017453292519943295,-719.0,315.0,-406.0,1600,1600,1599,1599,0,0,0,0
1763969532.0358343,0.0,0.0,32.07,154.84,-0.06301724910736084,0.21596813201904297,0.9742916822433472,-0.011935265734791756,-3.0907371044158936,-0.11795854568481445,2.7026195526123047,0.001794525422155857,0.0009133927524089813,0.0007948619313538074,0.0,0.0,0.0,0.0,0.0,0.0,-0.55897905,0.6080123,10.24794925,0.12217304763960307,0.08726646259971647,-0.017453292519943295,-719.0,315.0,-406.0,1600,1600,1599,1599,0,0,0,0
1763969532.0692568,0.0,0.0,32.07,154.84,-0.0630350261926651,0.21596108376979828,0.9742918610572815,-0.011946085840463638,-3.0907371044158936,-0.11795854568481445,2.7026195526123047,0.001794525422155857,0.0009133927524089813,0.0007948619313538074,0.0,0.0,0.0,0.0,0.0,0.0,-0.55897905,0.6080123,10.24794925,0.12217304763960307,0.08726646259971647,-0.017453292519943295,-719.0,315.0,-406.0,1600,1600,1599,1599,0,0,0,0
1763969532.1026793,0.0,0.0,32.07,154.84,-0.0630350261926651,0.21596108376979828,0.9742918610572815,-0.011946085840463638,-3.0907371044158936,-0.11795854568481445,2.7026195526123047,0.001794525422155857,0.0009133927524089813,0.0007948619313538074,0.0,0.0,0.0,0.0,0.0,0.0,-0.588399,0.63743225,10.2577559,0.12217304763960307,0.08726646259971647,-0.03490658503988659,-719.0,315.0,-406.0,1600,1600,1599,1599,0,0,0,0
1763969532.1360974,0.0,0.0,32.07,154.84,-0.0630350261926651,0.21596108376979828,0.9742918610572815,-0.011946085840463638,-3.0907371044158936,-0.11795854568481445,2.7026195526123047,0.001794525422155857,0.0009133927524089813,0.0007948619313538074,0.0,0.0,0.0,0.0,0.0,0.0,-0.588399,0.63743225,10.2577559,0.12217304763960307,0.08726646259971647,-0.03490658503988659,-719.0,315.0,-406.0,1600,1600,1599,1599,0,0,0,0
1763969532.1695206,0.0,0.0,32.07,154.84,-0.0630350261926651,0.21596108376979828,0.9742918610572815,-0.011946085840463638,-3.0907626152038574,-0.11796710640192032,2.702638626098633,-0.0022680494002997875,-0.000668821856379509,0.0006857938133180141,0.0,0.0,0.0,0.0,0.0,0.0,-0.588399,0.63743225,10.2577559,0.12217304763960307,0.08726646259971647,-0.03490658503988659,-719.0,315.0,-406.0,1600,1600,1599,1599,0,0,0,0
1763969532.2029378,0.0,0.0,32.07,154.84,-0.06303632259368896,0.21595247089862823,0.9742938876152039,-0.01193330530077219,-3.0907626152038574,-0.11796710640192032,2.702638626098633,-0.0022680494002997875,-0.000668821856379509,0.0006857938133180141,0.0,0.0,0.0,0.0,0.0,0.0,-0.588399,0.63743225,10.2577559,0.12217304763960307,0.08726646259971647,-0.03490658503988659,-719.0,315.0,-406.0,1600,1600,1599,1599,0,0,0,0
1763969532.2363584,0.0,0.0,32.02,154.84,-0.06303632259368896,0.21595247089862823,0.9742938876152039,-0.01193330530077219,-3.0907626152038574,-0.11796710640192032,2.702638626098633,-0.0022680494002997875,-0.000668821856379509,0.0006857938133180141,0.0,0.0,0.0,0.0,0.0,0.0,-0.588399,0.63743225,10.2577559,0.12217304763960307,0.08726646259971647,-0.03490658503988659,-719.0,315.0,-406.0,1600,1600,1599,1599,0,0,0,0
1763969532.269779,0.0,0.0,32.02,154.84,-0.06303632259368896,0.21595247089862823,0.9742938876152039,-0.01193330530077219,-3.0907626152038574,-0.11796710640192032,2.702638626098633,-0.0022680494002997875,-0.000668821856379509,0.0006857938133180141,0.0,0.0,0.0,0.0,0.0,0.0,-0.588399,0.63743225,10.2577559,0.12217304763960307,0.08726646259971647,-0.03490658503988659,-719.0,315.0,-406.0,1600,1600,1599,1599,0,0,0,0
1763969532.303198,0.0,0.0,32.02,154.84,-0.06303632259368896,0.21595247089862823,0.9742938876152039,-0.01193330530077219,-3.0907626152038574,-0.11796710640192032,2.702638626098633,-0.0022680494002997875,-0.000668821856379509,0.0006857938133180141,0.0,0.0,0.0,0.0,0.0,0.0,-0.588399,0.63743225,10.2577559,0.12217304763960307,0.08726646259971647,-0.03490658503988659,-719.0,315.0,-406.0,1600,1600,1599,1599,0,0,0,0
1763969532.3366337,0.0,0.0,32.02,154.84,-0.06303632259368896,0.21595247089862823,0.9742938876152039,-0.01193330530077219,-3.0907626152038574,-0.11796710640192032,2.702638626098633,-0.0022680494002997875,-0.000668821856379509,0.0006857938133180141,0.0,0.0,0.0,0.0,0.0,0.0,-0.6080123,0.6668522,10.2577559,0.05235987755982989,0.05235987755982989,-0.03490658503988659,-722.0,317.0,-398.0,1600,1600,1599,1599,0,0,0,0
1763969532.3700542,0.0,0.0,32.02,154.84,-0.06303632259368896,0.21595247089862823,0.9742938876152039,-0.01193330530077219,-3.0909433364868164,-0.11779399961233139,2.702526807785034,0.0022441758774220943,-0.0006079063750803471,0.0009204333182424307,0.0,0.0,0.0,0.0,0.0,0.0,-0.6080123,0.6668522,10.2577559,0.05235987755982989,0.05235987755982989,-0.03490658503988659,-722.0,317.0,-398.0,1600,1600,1599,1599,0,0,0,0
1763969532.4035478,0.0,0.0,32.02,154.84,-0.06293319910764694,0.21601584553718567,0.9742873907089233,-0.01186057273298502,-3.0909433364868164,-0.11779399961233139,2.702526807785034,0.0022441758774220943,-0.0006079063750803471,0.0009204333182424307,0.0,0.0,0.0,0.0,0.0,0.0,-0.6080123,0.6668522,10.2577559,0.05235987755982989,0.05235987755982989,-0.03490658503988659,-722.0,317.0,-398.0,1600,1600,1599,1599,0,0,0,0
1763969532.4369667,0.0,0.0,31.94,154.84,-0.06293319910764694,0.21601584553718567,0.9742873907089233,-0.01186057273298502,-3.0909433364868164,-0.11779399961233139,2.702526807785034,0.0022441758774220943,-0.0006079063750803471,0.0009204333182424307,0.0,0.0,0.0,0.0,0.0,0.0,-0.6080123,0.6668522,10.2577559,0.05235987755982989,0.05235987755982989,-0.03490658503988659,-722.0,317.0,-398.0,1600,1600,1599,1599,0,0,0,0
1763969532.4703946,0.0,0.0,31.94,154.84,-0.06293319910764694,0.21601584553718567,0.9742873907089233,-0.01186057273298502,-3.0909180641174316,-0.11779077351093292,2.702500343322754,0.00023017032071948051,-0.00034694699570536613,-9.231735020875931e-05,0.0,0.0,0.0,0.0,0.0,0.0,-0.6080123,0.6668522,10.2577559,0.05235987755982989,0.05235987755982989,-0.03490658503988659,-722.0,317.0,-398.0,1600,1600,1599,1599,0,0,0,0
1763969532.503819,0.0,0.0,31.94,154.84,-0.06293319910764694,0.21601584553718567,0.9742873907089233,-0.01186057273298502,-3.0909180641174316,-0.11779077351093292,2.702500343322754,0.00023017032071948051,-0.00034694699570536613,-9.231735020875931e-05,0.0,0.0,0.0,0.0,0.0,0.0,-0.6080123,0.6668522,10.2577559,0.05235987755982989,0.05235987755982989,-0.03490658503988659,-722.0,317.0,-398.0,1600,1600,1599,1599,0,0,0,0
1763969532.537241,0.0,0.0,31.94,154.84,-0.06293453276157379,0.216028094291687,0.9742844104766846,-0.011872471310198307,-3.0909180641174316,-0.11779077351093292,2.702500343322754,0.00023017032071948051,-0.00034694699570536613,-9.231735020875931e-05,0.0,0.0,0.0,0.0,0.0,0.0,-0.6080123,0.6668522,10.2577559,0.05235987755982989,0.05235987755982989,-0.03490658503988659,-722.0,317.0,-398.0,1600,1600,1599,1599,0,0,0,0
1763969532.5706615,0.0,0.0,31.94,154.84,-0.06293453276157379,0.216028094291687,0.9742844104766846,-0.011872471310198307,-3.0909180641174316,-0.11779077351093292,2.702500343322754,0.00023017032071948051,-0.00034694699570536613,-9.231735020875931e-05,0.0,0.0,0.0,0.0,0.0,0.0,-0.5687857000000001,0.61781895,10.24794925,0.08726646259971647,0.06981317007977318,-0.05235987755982989,-715.0,321.0,-405.0,1600,1600,1599,1599,0,0,0,0
1763969532.6040854,0.0,0.0,31.99,154.84,-0.06293453276157379,0.216028094291687,0.9742844104766846,-0.011872471310198307,-3.0909180641174316,-0.11779077351093292,2.702500343322754,0.00023017032071948051,-0.00034694699570536613,-9.231735020875931e-05,0.0,0.0,0.0,0.0,0.0,0.0,-0.5687857000000001,0.61781895,10.24794925,0.08726646259971647,0.06981317007977318,-0.05235987755982989,-715.0,321.0,-405.0,1600,1600,1599,1599,0,0,0,0
1763969532.6375027,0.0,0.0,31.99,154.84,-0.06293453276157379,0.216028094291687,0.9742844104766846,-0.011872471310198307,-3.0909125804901123,-0.11779584735631943,2.7024900913238525,0.00017356639727950096,-0.00045401183888316154,0.0008416580967605114,0.0,0.0,0.0,0.0,0.0,0.0,-0.5687857000000001,0.61781895,10.24794925,0.08726646259971647,0.06981317007977318,-0.05235987755982989,-715.0,321.0,-405.0,1600,1600,1599,1599,0,0,0,0
1763969532.6709216,0.0,0.0,31.99,154.84,-0.06293763965368271,0.21603278815746307,0.9742831587791443,-0.011874218471348286,-3.0909125804901123,-0.11779584735631943,2.7024900913238525,0.00017356639727950096,-0.00045401183888316154,0.0008416580967605114,0.0,0.0,0.0,0.0,0.0,0.0,-0.5687857000000001,0.61781895,10.24794925,0.08726646259971647,0.06981317007977318,-0.05235987755982989,-715.0,321.0,-405.0,1600,1600,1599,1599,0,0,0,0
1763969532.7043433,0.0,0.0,31.99,154.84,-0.06293763965368271,0.21603278815746307,0.9742831587791443,-0.011874218471348286,-3.0909125804901123,-0.11779584735631943,2.7024900913238525,0.00017356639727950096,-0.00045401183888316154,0.0008416580967605114,0.0,0.0,0.0,0.0,0.0,0.0,-0.5687857000000001,0.61781895,10.24794925,0.08726646259971647,0.06981317007977318,-0.05235987755982989,-715.0,321.0,-405.0,1600,1600,1599,1599,0,0,0,0
1763969532.7377641,0.0,0.0,31.99,154.84,-0.06293763965368271,0.21603278815746307,0.9742831587791443,-0.011874218471348286,-3.0909125804901123,-0.11779584735631943,2.7024900913238525,0.00017356639727950096,-0.00045401183888316154,0.0008416580967605114,0.0,0.0,0.0,0.0,0.0,0.0,-0.5687857000000001,0.61781895,10.24794925,0.08726646259971647,0.06981317007977318,-0.05235987755982989,-715.0,321.0,-405.0,1600,1600,1599,1599,0,0,0,0
1763969532.7711823,0.0,0.0,31.99,154.84,-0.06293763965368271,0.21603278815746307,0.9742831587791443,-0.011874218471348286,-3.0909125804901123,-0.11779584735631943,2.7024900913238525,0.00017356639727950096,-0.00045401183888316154,0.0008416580967605114,0.0,0.0,0.0,0.0,0.0,0.0,-0.57859235,0.6276256,10.24794925,0.08726646259971647,0.06981317007977318,-0.03490658503988659,-715.0,321.0,-405.0,1600,1600,1599,1599,0,0,0,0
1763969532.8045995,0.0,0.0,31.99,154.84,-0.06293763965368271,0.21603278815746307,0.9742831587791443,-0.011874218471348286,-3.0909030437469482,-0.11780048161745071,2.7024879455566406,0.0001640734262764454,6.045261397957802e-05,-2.52528116106987e-05,0.0,0.0,0.0,0.0,0.0,0.0,-0.57859235,0.6276256,10.24794925,0.08726646259971647,0.06981317007977318,-0.03490658503988659,-715.0,321.0,-405.0,1600,1600,1599,1599,0,0,0,0
1763969532.8379993,0.0,0.0,31.99,154.84,-0.06294096261262894,0.2160334587097168,0.9742827415466309,-0.011878360994160175,-3.0909030437469482,-0.11780048161745071,2.7024879455566406,0.0001640734262764454,6.045261397957802e-05,-2.52528116106987e-05,0.0,0.0,0.0,0.0,0.0,0.0,-0.57859235,0.6276256,10.24794925,0.08726646259971647,0.06981317007977318,-0.03490658503988659,-715.0,321.0,-405.0,1600,1600,1599,1599,0,0,0,0
1763969532.871403,0.0,0.0,31.99,154.84,-0.06294096261262894,0.2160334587097168,0.9742827415466309,-0.011878360994160175,-3.0909030437469482,-0.11780048161745071,2.7024879455566406,0.0001640734262764454,6.045261397957802e-05,-2.52528116106987e-05,0.0,0.0,0.0,0.0,0.0,0.0,-0.57859235,0.6276256,10.24794925,0.08726646259971647,0.06981317007977318,-0.03490658503988659,-715.0,321.0,-405.0,1600,1600,1599,1599,0,0,0,0
1763969532.9048064,0.0,0.0,31.99,154.84,-0.06294096261262894,0.2160334587097168,0.9742827415466309,-0.011878360994160175,-3.0909030437469482,-0.11780048161745071,2.7024879455566406,0.0001640734262764454,6.045261397957802e-05,-2.52528116106987e-05,0.0,0.0,0.0,0.0,0.0,0.0,-0.57859235,0.6276256,10.24794925,0.08726646259971647,0.06981317007977318,-0.03490658503988659,-715.0,321.0,-405.0,1600,1600,1599,1599,0,0,0,0
1763969532.9382093,0.0,0.0,31.99,154.84,-0.06294096261262894,0.2160334587097168,0.9742827415466309,-0.011878360994160175,-3.0909030437469482,-0.11780048161745071,2.7024879455566406,0.0001640734262764454,6.045261397957802e-05,-2.52528116106987e-05,0.0,0.0,0.0,0.0,0.0,0.0,-0.57859235,0.6276256,10.2577559,0.08726646259971647,0.06981317007977318,-0.05235987755982989,-715.0,321.0,-405.0,1600,1600,1599,1599,0,0,0,0
1763969532.971617,0.0,0.0,31.99,154.84,-0.06294096261262894,0.2160334587097168,0.9742827415466309,-0.011878360994160175,-3.0909364223480225,-0.11779145896434784,2.702486515045166,0.0008989796042442322,-0.00018777837976813316,-0.00022349855862557888,0.0,0.0,0.0,0.0,0.0,0.0,-0.57859235,0.6276256,10.2577559,0.08726646259971647,0.06981317007977318,-0.05235987755982989,-715.0,321.0,-405.0,1600,1600,1599,1599,0,0,0,0
1763969533.0050209,0.0,0.0,32.02,154.84,-0.06294096261262894,0.2160334587097168,0.9742827415466309,-0.011878360994160175,-3.0909364223480225,-0.11779145896434784,2.702486515045166,0.0008989796042442322,-0.00018777837976813316,-0.00022349855862557888,0.0,0.0,0.0,0.0,0.0,0.0,-0.57859235,0.6276256,10.2577559,0.08726646259971647,0.06981317007977318,-0.05235987755982989,-715.0,321.0,-405.0,1600,1600,1599,1599,0,0,0,0
1763969533.0384243,0.0,0.0,32.02,154.84,-0.06294096261262894,0.2160334587097168,0.9742827415466309,-0.011878360994160175,-3.0909364223480225,-0.11779145896434784,2.702486515045166,0.0008989796042442322,-0.00018777837976813316,-0.00022349855862557888,0.0,0.0,0.0,0.0,0.0,0.0,-0.57859235,0.6276256,10.2577559,0.08726646259971647,0.06981317007977318,-0.05235987755982989,-715.0,321.0,-405.0,1600,1600,1599,1599,0,0,0,0
1763969533.071828,0.0,0.0,32.02,154.84,-0.06294096261262894,0.2160334587097168,0.9742827415466309,-0.011878360994160175,-3.0909364223480225,-0.11779145896434784,2.702486515045166,0.0008989796042442322,-0.00018777837976813316,-0.00022349855862557888,0.0,0.0,0.0,0.0,0.0,0.0,-0.57859235,0.6276256,10.2577559,0.08726646259971647,0.06981317007977318,-0.05235987755982989,-715.0,321.0,-405.0,1600,1600,1599,1599,0,0,0,0
1763969533.1052313,0.0,0.0,32.02,154.84,-0.06294096261262894,0.2160334587097168,0.9742827415466309,-0.011878360994160175,-3.0909364223480225,-0.11779145896434784,2.702486515045166,0.0008989796042442322,-0.00018777837976813316,-0.00022349855862557888,0.0,0.0,0.0,0.0,0.0,0.0,-0.57859235,0.6276256,10.2577559,0.08726646259971647,0.06981317007977318,-0.05235987755982989,-715.0,321.0,-405.0,1600,1600,1599,1599,0,0,0,0
1763969533.1387348,0.0,0.0,32.02,154.84,-0.06294096261262894,0.2160334587097168,0.9742827415466309,-0.011878360994160175,-3.0909364223480225,-0.11779145896434784,2.702486515045166,0.0008989796042442322,-0.00018777837976813316,-0.00022349855862557888,0.0,0.0,0.0,0.0,0.0,0.0,-0.55897905,0.61781895,10.2577559,0.08726646259971647,0.06981317007977318,-0.05235987755982989,-714.0,318.0,-400.0,1600,1600,1599,1599,0,0,0,0
1763969533.1721294,0.0,0.0,32.02,154.84,-0.062923364341259,0.21603573858737946,0.9742835760116577,-0.0118597112596035,-3.0909364223480225,-0.11779145896434784,2.702486515045166,0.0008989796042442322,-0.00018777837976813316,-0.00022349855862557888,0.0,0.0,0.0,0.0,0.0,0.0,-0.55897905,0.61781895,10.2577559,0.08726646259971647,0.06981317007977318,-0.05235987755982989,-714.0,318.0,-400.0,1600,1600,1599,1599,0,0,0,0
1763969533.2055347,0.0,0.0,32.02,154.84,-0.062923364341259,0.21603573858737946,0.9742835760116577,-0.0118597112596035,-3.0909364223480225,-0.11779145896434784,2.702486515045166,0.0008989796042442322,-0.00018777837976813316,-0.00022349855862557888,0.0,0.0,0.0,0.0,0.0,0.0,-0.55897905,0.61781895,10.2577559,0.08726646259971647,0.06981317007977318,-0.05235987755982989,-714.0,318.0,-400.0,1600,1600,1599,1599,0,0,0,0
1763969533.238939,0.0,0.0,32.02,154.84,-0.062923364341259,0.21603573858737946,0.9742835760116577,-0.0118597112596035,-3.0908761024475098,-0.1178877204656601,2.7026212215423584,0.001208015251904726,-0.0008766145911067724,-0.000773468753322959,0.0,0.0,0.0,0.0,0.0,0.0,-0.55897905,0.61781895,10.2577559,0.08726646259971647,0.06981317007977318,-0.05235987755982989,-714.0,318.0,-400.0,1600,1600,1599,1599,0,0,0,0
1763969533.272365,0.0,0.0,32.02,154.84,-0.06298553198575974,0.21596606075763702,0.9742947220802307,-0.011886077001690865,-3.0908761024475098,-0.1178877204656601,2.7026212215423584,0.001208015251904726,-0.0008766145911067724,-0.000773468753322959,0.0,0.0,0.0,0.0,0.0,0.0,-0.55897905,0.61781895,10.2577559,0.08726646259971647,0.06981317007977318,-0.05235987755982989,-714.0,318.0,-400.0,1600,1600,1599,1599,0,0,0,0
1763969533.3057716,0.0,0.0,31.89,154.84,-0.06298553198575974,0.21596606075763702,0.9742947220802307,-0.011886077001690865,-3.0908761024475098,-0.1178877204656601,2.7026212215423584,0.001208015251904726,-0.0008766145911067724,-0.000773468753322959,0.0,0.0,0.0,0.0,0.0,0.0,-0.55897905,0.61781895,10.2577559,0.08726646259971647,0.06981317007977318,-0.05235987755982989,-714.0,318.0,-400.0,1600,1600,1599,1599,0,0,0,0
1763969533.3391755,0.0,0.0,31.89,154.84,-0.06298553198575974,0.21596606075763702,0.9742947220802307,-0.011886077001690865,-3.0908761024475098,-0.1178877204656601,2.7026212215423584,0.001208015251904726,-0.0008766145911067724,-0.000773468753322959,0.0,0.0,0.0,0.0,0.0,0.0,-0.55897905,0.61781895,10.2577559,0.08726646259971647,0.06981317007977318,-0.05235987755982989,-714.0,318.0,-400.0,1600,1600,1599,1599,0,0,0,0
1763969533.3725789,0.0,0.0,31.89,154.84,-0.06298553198575974,0.21596606075763702,0.9742947220802307,-0.011886077001690865,-3.0908761024475098,-0.1178877204656601,2.7026212215423584,0.001208015251904726,-0.0008766145911067724,-0.000773468753322959,0.0,0.0,0.0,0.0,0.0,0.0,-0.55897905,0.61781895,10.2577559,0.08726646259971647,0.06981317007977318,-0.05235987755982989,-714.0,318.0,-400.0,1600,1600,1599,1599,0,0,0,0
1763969533.4059827,0.0,0.0,31.89,154.84,-0.06298553198575974,0.21596606075763702,0.9742947220802307,-0.011886077001690865,-3.0908761024475098,-0.1178877204656601,2.7026212215423584,0.001208015251904726,-0.0008766145911067724,-0.000773468753322959,0.0,0.0,0.0,0.0,0.0,0.0,-0.5687857000000001,0.61781895,10.24794925,0.10471975511965978,0.05235987755982989,-0.05235987755982989,-720.0,317.0,-402.0,1600,1600,1599,1599,0,0,0,0
1763969533.439387,0.0,0.0,31.89,154.84,-0.06298553198575974,0.21596606075763702,0.9742947220802307,-0.011886077001690865,-3.0908761024475098,-0.1178877204656601,2.7026212215423584,0.001208015251904726,-0.0008766145911067724,-0.000773468753322959,0.0,0.0,0.0,0.0,0.0,0.0,-0.5687857000000001,0.61781895,10.24794925,0.10471975511965978,0.05235987755982989,-0.05235987755982989,-720.0,317.0,-402.0,1600,1600,1599,1599,0,0,0,0
1763969533.4727921,0.0,0.0,31.89,154.84,-0.06298553198575974,0.21596606075763702,0.9742947220802307,-0.011886077001690865,-3.09088397026062,-0.11790246516466141,2.70263409614563,0.0012800870463252068,-6.522750481963158e-05,-0.0007330288644880056,0.0,0.0,0.0,0.0,0.0,0.0,-0.5687857000000001,0.61781895,10.24794925,0.10471975511965978,0.05235987755982989,-0.05235987755982989,-720.0,317.0,-402.0,1600,1600,1599,1599,0,0,0,0
1763969533.506197,0.0,0.0,31.89,154.84,-0.06298553198575974,0.21596606075763702,0.9742947220802307,-0.011886077001690865,-3.09088397026062,-0.11790246516466141,2.70263409614563,0.0012800870463252068,-6.522750481963158e-05,-0.0007330288644880056,0.0,0.0,0.0,0.0,0.0,0.0,-0.5687857000000001,0.6080123,10.2577559,0.10471975511965978,0.06981317007977318,-0.05235987755982989,-720.0,317.0,-402.0,1600,1600,1599,1599,0,0,0,0
1763969533.5396016,0.0,0.0,31.89,154.84,-0.06299180537462234,0.21595969796180725,0.9742957949638367,-0.011881119571626186,-3.09088397026062,-0.11790246516466141,2.70263409614563,0.0012800870463252068,-6.522750481963158e-05,-0.0007330288644880056,0.0,0.0,0.0,0.0,0.0,0.0,-0.5687857000000001,0.6080123,10.2577559,0.10471975511965978,0.06981317007977318,-0.05235987755982989,-720.0,317.0,-402.0,1600,1600,1599,1599,0,0,0,0
1763969533.573007,0.0,0.0,31.89,154.84,-0.06299180537462234,0.21595969796180725,0.9742957949638367,-0.011881119571626186,-3.09088397026062,-0.11790246516466141,2.70263409614563,0.0012800870463252068,-6.522750481963158e-05,-0.0007330288644880056,0.0,0.0,0.0,0.0,0.0,0.0,-0.5687857000000001,0.6080123,10.2577559,0.10471975511965978,0.06981317007977318,-0.05235987755982989,-720.0,317.0,-402.0,1600,1600,1599,1599,0,0,0,0
1763969533.6064122,0.0,0.0,31.89,154.84,-0.06299180537462234,0.21595969796180725,0.9742957949638367,-0.011881119571626186,-3.09088397026062,-0.11790246516466141,2.70263409614563,0.0012800870463252068,-6.522750481963158e-05,-0.0007330288644880056,0.0,0.0,0.0,0.0,0.0,0.0,-0.5687857000000001,0.6080123,10.2577559,0.10471975511965978,0.06981317007977318,-0.05235987755982989,-720.0,317.0,-402.0,1600,1600,1599,1599,0,0,0,0
1763969533.6398172,0.0,0.0,31.89,154.84,-0.06298179924488068,0.2159581333398819,0.9742968678474426,-0.011876421980559826,-3.09088397026062,-0.11790246516466141,2.70263409614563,0.0012800870463252068,-6.522750481963158e-05,-0.0007330288644880056,0.0,0.0,0.0,0.0,0.0,0.0,-0.5687857000000001,0.6080123,10.2577559,0.10471975511965978,0.06981317007977318,-0.05235987755982989,-720.0,317.0,-402.0,1600,1600,1599,1599,0,0,0,0
1763969533.6732225,0.0,0.0,31.89,154.84,-0.06298179924488068,0.2159581333398819,0.9742968678474426,-0.011876421980559826,-3.09088397026062,-0.11790246516466141,2.70263409614563,0.0012800870463252068,-6.522750481963158e-05,-0.0007330288644880056,0.0,0.0,0.0,0.0,0.0,0.0,-0.5687857000000001,0.6276256,10.2577559,0.05235987755982989,0.10471975511965978,-0.03490658503988659,-721.0,319.0,-403.0,1600,1600,1599,1599,0,0,0,0
1763969533.7066257,0.0,0.0,31.94,154.84,-0.06298179924488068,0.2159581333398819,0.9742968678474426,-0.011876421980559826,-3.09088397026062,-0.11790246516466141,2.70263409614563,0.0012800870463252068,-6.522750481963158e-05,-0.0007330288644880056,0.0,0.0,0.0,0.0,0.0,0.0,-0.5687857000000001,0.6276256,10.2577559,0.05235987755982989,0.10471975511965978,-0.03490658503988659,-721.0,319.0,-403.0,1600,1600,1599,1599,0,0,0,0
1763969533.740031,0.0,0.0,31.94,154.84,-0.06298179924488068,0.2159581333398819,0.9742968678474426,-0.011876421980559826,-3.0909130573272705,-0.11788418889045715,2.7026350498199463,-0.0008744210936129093,-0.001984932692721486,0.0020343256182968616,0.0,0.0,0.0,0.0,0.0,0.0,-0.5687857000000001,0.6276256,10.2577559,0.05235987755982989,0.10471975511965978,-0.03490658503988659,-721.0,319.0,-403.0,1600,1600,1599,1599,0,0,0,0
1763969533.773435,0.0,0.0,31.94,154.84,-0.06297974288463593,0.21596060693264008,0.974296510219574,-0.011868886649608612,-3.0909130573272705,-0.11788418889045715,2.7026350498199463,-0.0008744210936129093,-0.001984932692721486,0.0020343256182968616,0.0,0.0,0.0,0.0,0.0,0.0,-0.5687857000000001,0.6276256,10.2577559,0.05235987755982989,0.10471975511965978,-0.03490658503988659,-721.0,319.0,-403.0,1600,1600,1599,1599,0,0,0,0
1763969533.8068397,0.0,0.0,31.94,154.84,-0.06297974288463593,0.21596060693264008,0.974296510219574,-0.011868886649608612,-3.0909130573272705,-0.11788418889045715,2.7026350498199463,-0.0008744210936129093,-0.001984932692721486,0.0020343256182968616,0.0,0.0,0.0,0.0,0.0,0.0,-0.5687857000000001,0.6276256,10.2577559,0.05235987755982989,0.10471975511965978,-0.03490658503988659,-721.0,319.0,-403.0,1600,1600,1599,1599,0,0,0,0
1763969533.8402448,0.0,0.0,31.94,154.84,-0.06297974288463593,0.21596060693264008,0.974296510219574,-0.011868886649608612,-3.0909130573272705,-0.11788418889045715,2.7026350498199463,-0.0008744210936129093,-0.001984932692721486,0.0020343256182968616,0.0,0.0,0.0,0.0,0.0,0.0,-0.5687857000000001,0.6276256,10.2577559,0.05235987755982989,0.10471975511965978,-0.03490658503988659,-721.0,319.0,-403.0,1600,1600,1599,1599,0,0,0,0
1763969533.8736498,0.0,0.0,31.94,154.84,-0.06297974288463593,0.21596060693264008,0.974296510219574,-0.011868886649608612,-3.0909130573272705,-0.11788418889045715,2.7026350498199463,-0.0008744210936129093,-0.001984932692721486,0.0020343256182968616,0.0,0.0,0.0,0.0,0.0,0.0,-0.5687857000000001,0.61781895,10.24794925,0.06981317007977318,0.03490658503988659,-0.017453292519943295,-721.0,319.0,-403.0,1600,1600,1599,1599,0,0,0,0
1763969533.9070547,0.0,0.0,31.94,154.84,-0.06297974288463593,0.21596060693264008,0.974296510219574,-0.011868886649608612,-3.090911626815796,-0.11787712574005127,2.702650785446167,-0.0005411375313997269,0.0006672842428088188,6.561586633324623e-05,0.0,0.0,0.0,0.0,0.0,0.0,-0.5687857000000001,0.61781895,10.24794925,0.06981317007977318,0.03490658503988659,-0.017453292519943295,-721.0,319.0,-403.0,1600,1600,1599,1599,0,0,0,0
1763969533.9404585,0.0,0.0,31.94,154.84,-0.06297638267278671,0.21595297753810883,0.974298357963562,-0.01187091413885355,-3.090911626815796,-0.11787712574005127,2.702650785446167,-0.0005411375313997269,0.0006672842428088188,6.561586633324623e-05,0.0,0.0,0.0,0.0,0.0,0.0,-0.5687857000000001,0.61781895,10.24794925,0.06981317007977318,0.03490658503988659,-0.017453292519943295,-721.0,319.0,-403.0,1600,1600,1599,1599,0,0,0,0
1763969533.973863,0.0,0.0,31.94,154.84,-0.06297638267278671,0.21595297753810883,0.974298357963562,-0.01187091413885355,-3.090930461883545,-0.11788974702358246,2.702791929244995,-0.00034943176433444023,-0.0009968923404812813,-0.001205978449434042,0.0,0.0,0.0,0.0,0.0,0.0,-0.5687857000000001,0.61781895,10.24794925,0.06981317007977318,0.03490658503988659,-0.017453292519943295,-721.0,319.0,-403.0,1600,1600,1599,1599,0,0,0,0
1763969534.0072665,0.0,0.0,31.94,154.84,-0.06297965347766876,0.21588462591171265,0.9743133783340454,-0.011864794418215752,-3.090930461883545,-0.11788974702358246,2.702791929244995,-0.00034943176433444023,-0.0009968923404812813,-0.001205978449434042,0.0,0.0,0.0,0.0,0.0,0.0,-0.5687857000000001,0.61781895,10.24794925,0.06981317007977318,0.03490658503988659,-0.017453292519943295,-721.0,319.0,-403.0,1600,1600,1599,1599,0,0,0,0
1763969534.040672,0.0,0.0,32.07,154.85,-0.06297965347766876,0.21588462591171265,0.9743133783340454,-0.011864794418215752,-3.090930461883545,-0.11788974702358246,2.702791929244995,-0.00034943176433444023,-0.0009968923404812813,-0.001205978449434042,0.0,0.0,0.0,0.0,0.0,0.0,-0.5687857000000001,0.61781895,10.24794925,0.06981317007977318,0.03490658503988659,-0.017453292519943295,-721.0,319.0,-403.0,1600,1600,1599,1599,0,0,0,0
1763969534.0740767,0.0,0.0,32.07,154.85,-0.06297965347766876,0.21588462591171265,0.9743133783340454,-0.011864794418215752,-3.090930461883545,-0.11788974702358246,2.702791929244995,-0.00034943176433444023,-0.0009968923404812813,-0.001205978449434042,0.0,0.0,0.0,0.0,0.0,0.0,-0.5687857000000001,0.61781895,10.24794925,0.06981317007977318,0.03490658503988659,-0.017453292519943295,-721.0,319.0,-403.0,1600,1600,1599,1599,0,0,0,0
1763969534.1074805,0.0,0.0,32.07,154.85,-0.06297965347766876,0.21588462591171265,0.9743133783340454,-0.011864794418215752,-3.090930461883545,-0.11788974702358246,2.702791929244995,-0.00034943176433444023,-0.0009968923404812813,-0.001205978449434042,0.0,0.0,0.0,0.0,0.0,0.0,-0.5687857000000001,0.6080123,10.24794925,0.08726646259971647,0.05235987755982989,-0.06981317007977318,-725.0,320.0,-405.0,1600,1600,1599,1599,0,0,0,0
1763969534.140889,0.0,0.0,32.07,154.85,-0.06297965347766876,0.21588462591171265,0.9743133783340454,-0.011864794418215752,-3.090930938720703,-0.11788451671600342,2.7027997970581055,0.00018892483785748482,0.0012971083633601665,0.0009970397222787142,0.0,0.0,0.0,0.0,0.0,0.0,-0.5687857000000001,0.6080123,10.24794925,0.08726646259971647,0.05235987755982989,-0.06981317007977318,-725.0,320.0,-405.0,1600,1600,1599,1599,0,0,0,0
1763969534.174295,0.0,0.0,32.07,154.85,-0.06297701597213745,0.2158808708190918,0.9743143916130066,-0.011865409091114998,-3.090930938720703,-0.11788451671600342,2.7027997970581055,0.00018892483785748482,0.0012971083633601665,0.0009970397222787142,0.0,0.0,0.0,0.0,0.0,0.0,-0.5687857000000001,0.6080123,10.24794925,0.08726646259971647,0.05235987755982989,-0.06981317007977318,-725.0,320.0,-405.0,1600,1600,1599,1599,0,0,0,0
1763969534.2077017,0.0,0.0,32.07,154.85,-0.06297701597213745,0.2158808708190918,0.9743143916130066,-0.011865409091114998,-3.090930938720703,-0.11788451671600342,2.7027997970581055,0.00018892483785748482,0.0012971083633601665,0.0009970397222787142,0.0,0.0,0.0,0.0,0.0,0.0,-0.5687857000000001,0.6080123,10.24794925,0.08726646259971647,0.05235987755982989,-0.06981317007977318,-725.0,320.0,-405.0,1600,1600,1599,1599,0,0,0,0
1763969534.241106,0.0,0.0,32.07,154.85,-0.06297701597213745,0.2158808708190918,0.9743143916130066,-0.011865409091114998,-3.090930938720703,-0.11788451671600342,2.7027997970581055,0.00018892483785748482,0.0012971083633601665,0.0009970397222787142,0.0,0.0,0.0,0.0,0.0,0.0,-0.55897905,0.61781895,10.267562550000001,0.08726646259971647,0.08726646259971647,-0.03490658503988659,-717.0,320.0,-402.0,1600,1600,1599,1599,0,0,0,0
1763969534.2745109,0.0,0.0,32.0,154.85,-0.06297701597213745,0.2158808708190918,0.9743143916130066,-0.011865409091114998,-3.090930938720703,-0.11788451671600342,2.7027997970581055,0.00018892483785748482,0.0012971083633601665,0.0009970397222787142,0.0,0.0,0.0,0.0,0.0,0.0,-0.55897905,0.61781895,10.267562550000001,0.08726646259971647,0.08726646259971647,-0.03490658503988659,-717.0,320.0,-402.0,1600,1600,1599,1599,0,0,0,0
1763969534.3079343,0.0,0.0,32.0,154.85,-0.06297701597213745,0.2158808708190918,0.9743143916130066,-0.011865409091114998,-3.090930938720703,-0.11788451671600342,2.7027997970581055,0.00018892483785748482,0.0012971083633601665,0.0009970397222787142,0.0,0.0,0.0,0.0,0.0,0.0,-0.55897905,0.61781895,10.267562550000001,0.08726646259971647,0.08726646259971647,-0.03490658503988659,-717.0,320.0,-402.0,1600,1600,1599,1599,0,0,0,0
1763969534.3413393,0.0,0.0,32.0,154.85,-0.06297561526298523,0.21589183807373047,0.9743120074272156,-0.011870971880853176,-3.090930938720703,-0.11788451671600342,2.7027997970581055,0.00018892483785748482,0.0012971083633601665,0.0009970397222787142,0.0,0.0,0.0,0.0,0.0,0.0,-0.55897905,0.61781895,10.267562550000001,0.08726646259971647,0.08726646259971647,-0.03490658503988659,-717.0,320.0,-402.0,1600,1600,1599,1599,0,0,0,0
1763969534.374745,0.0,0.0,32.0,154.85,-0.06297561526298523,0.21589183807373047,0.9743120074272156,-0.011870971880853176,-3.090930938720703,-0.11788451671600342,2.7027997970581055,0.00018892483785748482,0.0012971083633601665,0.0009970397222787142,0.0,0.0,0.0,0.0,0.0,0.0,-0.55897905,0.61781895,10.267562550000001,0.08726646259971647,0.08726646259971647,-0.03490658503988659,-717.0,320.0,-402.0,1600,1600,1599,1599,0,0,0,0
1763969534.40815,0.0,0.0,32.0,154.85,-0.06297561526298523,0.21589183807373047,0.9743120074272156,-0.011870971880853176,-3.090930938720703,-0.11788451671600342,2.7027997970581055,0.00018892483785748482,0.0012971083633601665,0.0009970397222787142,0.0,0.0,0.0,0.0,0.0,0.0,-0.5687857000000001,0.61781895,10.2577559,0.08726646259971647,0.08726646259971647,-0.03490658503988659,-717.0,320.0,-402.0,1600,1600,1599,1599,0,0,0,0
1763969534.4415555,0.0,0.0,32.0,154.85,-0.06297561526298523,0.21589183807373047,0.9743120074272156,-0.011870971880853176,-3.090916395187378,-0.11788525432348251,2.702772617340088,0.0010419194586575031,0.0008922568522393703,-0.00038224109448492527,0.0,0.0,0.0,0.0,0.0,0.0,-0.5687857000000001,0.61781895,10.2577559,0.08726646259971647,0.08726646259971647,-0.03490658503988659,-717.0,320.0,-402.0,1600,1600,1599,1599,0,0,0,0
1763969534.4749618,0.0,0.0,32.0,154.85,-0.06297909468412399,0.21589359641075134,0.974311351776123,-0.011871534399688244,-3.090916395187378,-0.11788525432348251,2.702772617340088,0.0010419194586575031,0.0008922568522393703,-0.00038224109448492527,0.0,0.0,0.0,0.0,0.0,0.0,-0.5687857000000001,0.61781895,10.2577559,0.08726646259971647,0.08726646259971647,-0.03490658503988659,-717.0,320.0,-402.0,1600,1600,1599,1599,0,0,0,0
1763969534.5083692,0.0,0.0,32.0,154.85,-0.06297909468412399,0.21589359641075134,0.974311351776123,-0.011871534399688244,-3.090916395187378,-0.11788525432348251,2.702772617340088,0.0010419194586575031,0.0008922568522393703,-0.00038224109448492527,0.0,0.0,0.0,0.0,0.0,0.0,-0.5687857000000001,0.61781895,10.2577559,0.08726646259971647,0.08726646259971647,-0.03490658503988659,-717.0,320.0,-402.0,1600,1600,1599,1599,0,0,0,0
1763969534.541775,0.0,0.0,32.0,154.85,-0.06297909468412399,0.21589359641075134,0.974311351776123,-0.011871534399688244,-3.090916395187378,-0.11788525432348251,2.702772617340088,0.0010419194586575031,0.0008922568522393703,-0.00038224109448492527,0.0,0.0,0.0,0.0,0.0,0.0,-0.5687857000000001,0.61781895,10.2577559,0.08726646259971647,0.08726646259971647,-0.03490658503988659,-717.0,320.0,-402.0,1600,1600,1599,1599,0,0,0,0
1763969534.5751824,0.0,0.0,32.0,154.85,-0.06297909468412399,0.21589359641075134,0.974311351776123,-0.011871534399688244,-3.090916395187378,-0.11788525432348251,2.702772617340088,0.0010419194586575031,0.0008922568522393703,-0.00038224109448492527,0.0,0.0,0.0,0.0,0.0,0.0,-0.57859235,0.61781895,10.24794925,0.10471975511965978,0.08726646259971647,-0.05235987755982989,-717.0,320.0,-402.0,1600,1600,1599,1599,0,0,0,0
1763969534.608588,0.0,0.0,32.0,154.85,-0.06297909468412399,0.21589359641075134,0.974311351776123,-0.011871534399688244,-3.090904474258423,-0.11787167936563492,2.702787160873413,0.0005428595468401909,0.0005473657511174679,0.0003287780564278364,0.0,0.0,0.0,0.0,0.0,0.0,-0.57859235,0.61781895,10.24794925,0.10471975511965978,0.08726646259971647,-0.05235987755982989,-717.0,320.0,-402.0,1600,1600,1599,1599,0,0,0,0
1763969534.6419976,0.0,0.0,32.0,154.85,-0.06297369301319122,0.2158864140510559,0.9743132591247559,-0.011879301629960537,-3.090904474258423,-0.11787167936563492,2.702787160873413,0.0005428595468401909,0.0005473657511174679,0.0003287780564278364,0.0,0.0,0.0,0.0,0.0,0.0,-0.57859235,0.61781895,10.24794925,0.10471975511965978,0.08726646259971647,-0.05235987755982989,-717.0,320.0,-402.0,1600,1600,1599,1599,0,0,0,0
1763969534.675411,0.0,0.0,32.07,154.85,-0.06297369301319122,0.2158864140510559,0.9743132591247559,-0.011879301629960537,-3.090904474258423,-0.11787167936563492,2.702787160873413,0.0005428595468401909,0.0005473657511174679,0.0003287780564278364,0.0,0.0,0.0,0.0,0.0,0.0,-0.57859235,0.61781895,10.24794925,0.10471975511965978,0.08726646259971647,-0.05235987755982989,-717.0,320.0,-402.0,1600,1600,1599,1599,0,0,0,0
1763969534.7088008,0.0,0.0,32.07,154.85,-0.06297369301319122,0.2158864140510559,0.9743132591247559,-0.011879301629960537,-3.090904474258423,-0.11787167936563492,2.702787160873413,0.0005428595468401909,0.0005473657511174679,0.0003287780564278364,0.0,0.0,0.0,0.0,0.0,0.0,-0.57859235,0.61781895,10.24794925,0.10471975511965978,0.08726646259971647,-0.05235987755982989,-717.0,320.0,-402.0,1600,1600,1599,1599,0,0,0,0
1763969534.7422082,0.0,0.0,32.07,154.85,-0.06297369301319122,0.2158864140510559,0.9743132591247559,-0.011879301629960537,-3.090904474258423,-0.11787167936563492,2.702787160873413,0.0005428595468401909,0.0005473657511174679,0.0003287780564278364,0.0,0.0,0.0,0.0,0.0,0.0,-0.57859235,0.61781895,10.2577559,0.08726646259971647,0.08726646259971647,-0.03490658503988659,-717.0,315.0,-398.0,1600,1600,1599,1599,0,0,0,0
1763969534.7756417,0.0,0.0,32.07,154.85,-0.06297369301319122,0.2158864140510559,0.9743132591247559,-0.011879301629960537,-3.090953826904297,-0.11794662475585938,2.702913284301758,0.0014151432551443577,9.552808478474617e-05,-0.0005028960295021534,0.0,0.0,0.0,0.0,0.0,0.0,-0.57859235,0.61781895,10.2577559,0.08726646259971647,0.08726646259971647,-0.03490658503988659,-717.0,315.0,-398.0,1600,1600,1599,1599,0,0,0,0
1763969534.809063,0.0,0.0,32.07,154.85,-0.06300409883260727,0.21582508087158203,0.9743251800537109,-0.01185096800327301,-3.090953826904297,-0.11794662475585938,2.702913284301758,0.0014151432551443577,9.552808478474617e-05,-0.0005028960295021534,0.0,0.0,0.0,0.0,0.0,0.0,-0.57859235,0.61781895,10.2577559,0.08726646259971647,0.08726646259971647,-0.03490658503988659,-717.0,315.0,-398.0,1600,1600,1599,1599,0,0,0,0
1763969534.8425524,0.0,0.0,32.08,154.86,-0.06300409883260727,0.21582508087158203,0.9743251800537109,-0.01185096800327301,-3.090953826904297,-0.11794662475585938,2.702913284301758,0.0014151432551443577,9.552808478474617e-05,-0.0005028960295021534,0.0,0.0,0.0,0.0,0.0,0.0,-0.57859235,0.61781895,10.2577559,0.08726646259971647,0.08726646259971647,-0.03490658503988659,-717.0,315.0,-398.0,1600,1600,1599,1599,0,0,0,0
1763969534.8759708,0.0,0.0,32.08,154.86,-0.06300409883260727,0.21582508087158203,0.9743251800537109,-0.01185096800327301,-3.090953826904297,-0.11794662475585938,2.702913284301758,0.0014151432551443577,9.552808478474617e-05,-0.0005028960295021534,0.0,0.0,0.0,0.0,0.0,0.0,-0.57859235,0.61781895,10.2577559,0.08726646259971647,0.08726646259971647,-0.03490658503988659,-717.0,315.0,-398.0,1600,1600,1599,1599,0,0,0,0
1763969534.909393,0.0,0.0,32.08,154.86,-0.06300409883260727,0.21582508087158203,0.9743251800537109,-0.01185096800327301,-3.090953826904297,-0.11794662475585938,2.702913284301758,0.0014151432551443577,9.552808478474617e-05,-0.0005028960295021534,0.0,0.0,0.0,0.0,0.0,0.0,-0.57859235,0.61781895,10.2577559,0.08726646259971647,0.08726646259971647,-0.03490658503988659,-717.0,315.0,-398.0,1600,1600,1599,1599,0,0,0,0
1763969534.9428086,0.0,0.0,32.08,154.86,-0.06300409883260727,0.21582508087158203,0.9743251800537109,-0.01185096800327301,-3.090953826904297,-0.11794662475585938,2.702913284301758,0.0014151432551443577,9.552808478474617e-05,-0.0005028960295021534,0.0,0.0,0.0,0.0,0.0,0.0,-0.5687857000000001,0.6080123,10.2577559,0.10471975511965978,0.06981317007977318,-0.05235987755982989,-719.0,320.0,-406.0,1600,1600,1599,1599,0,0,0,0
1763969534.976213,0.0,0.0,32.08,154.86,-0.06300409883260727,0.21582508087158203,0.9743251800537109,-0.01185096800327301,-3.0909740924835205,-0.11794980615377426,2.7029097080230713,-0.00018873484805226326,-0.0014492159243673086,0.0009458905551582575,0.0,0.0,0.0,0.0,0.0,0.0,-0.5687857000000001,0.6080123,10.2577559,0.10471975511965978,0.06981317007977318,-0.05235987755982989,-719.0,320.0,-406.0,1600,1600,1599,1599,0,0,0,0
1763969535.009863,0.0,0.0,32.08,154.86,-0.06300349533557892,0.21582743525505066,0.9743248224258423,-0.011840695515275002,-3.0909740924835205,-0.11794980615377426,2.7029097080230713,-0.00018873484805226326,-0.0014492159243673086,0.0009458905551582575,0.0,0.0,0.0,0.0,0.0,0.0,-0.5687857000000001,0.6080123,10.2577559,0.10471975511965978,0.06981317007977318,-0.05235987755982989,-719.0,320.0,-406.0,1600,1600,1599,1599,0,0,0,0
1763969535.0433018,0.0,0.0,32.08,154.86,-0.06300349533557892,0.21582743525505066,0.9743248224258423,-0.011840695515275002,-3.0909740924835205,-0.11794980615377426,2.7029097080230713,-0.00018873484805226326,-0.0014492159243673086,0.0009458905551582575,0.0,0.0,0.0,0.0,0.0,0.0,-0.5687857000000001,0.6080123,10.2577559,0.10471975511965978,0.06981317007977318,-0.05235987755982989,-719.0,320.0,-406.0,1600,1600,1599,1599,0,0,0,0
1763969535.0768816,0.0,0.0,32.08,154.86,-0.06300349533557892,0.21582743525505066,0.9743248224258423,-0.011840695515275002,-3.0909740924835205,-0.11794980615377426,2.7029097080230713,-0.00018873484805226326,-0.0014492159243673086,0.0009458905551582575,0.0,0.0,0.0,0.0,0.0,0.0,-0.5687857000000001,0.6080123,10.2577559,0.10471975511965978,0.06981317007977318,-0.05235987755982989,-719.0,320.0,-406.0,1600,1600,1599,1599,0,0,0,0
1763969535.1102962,0.0,0.0,32.08,154.86,-0.06300349533557892,0.21582743525505066,0.9743248224258423,-0.011840695515275002,-3.0909740924835205,-0.11794980615377426,2.7029097080230713,-0.00018873484805226326,-0.0014492159243673086,0.0009458905551582575,0.0,0.0,0.0,0.0,0.0,0.0,-0.5687857000000001,0.6080123,10.2577559,0.10471975511965978,0.06981317007977318,-0.05235987755982989,-719.0,320.0,-406.0,1600,1600,1599,1599,0,0,0,0
1763969535.1437356,0.0,0.0,32.08,154.86,-0.06300349533557892,0.21582743525505066,0.9743248224258423,-0.011840695515275002,-3.0909740924835205,-0.11794980615377426,2.7029097080230713,-0.00018873484805226326,-0.0014492159243673086,0.0009458905551582575,0.0,0.0,0.0,0.0,0.0,0.0,-0.57859235,0.61781895,10.24794925,0.08726646259971647,0.05235987755982989,-0.03490658503988659,-719.0,320.0,-406.0,1600,1600,1599,1599,0,0,0,0
1763969535.1771505,0.0,0.0,32.08,154.86,-0.06300349533557892,0.21582743525505066,0.9743248224258423,-0.011840695515275002,-3.09098219871521,-0.1179434135556221,2.7029104232788086,-0.00021872390061616898,-0.0004637399688363075,0.0003284737467765808,0.0,0.0,0.0,0.0,0.0,0.0,-0.57859235,0.61781895,10.24794925,0.08726646259971647,0.05235987755982989,-0.03490658503988659,-719.0,320.0,-406.0,1600,1600,1599,1599,0,0,0,0
1763969535.210573,0.0,0.0,32.08,154.86,-0.06299950927495956,0.2158275544643402,0.9743251204490662,-0.011837481521070004,-3.09098219871521,-0.1179434135556221,2.7029104232788086,-0.00021872390061616898,-0.0004637399688363075,0.0003284737467765808,0.0,0.0,0.0,0.0,0.0,0.0,-0.57859235,0.61781895,10.24794925,0.08726646259971647,0.05235987755982989,-0.03490658503988659,-719.0,320.0,-406.0,1600,1600,1599,1599,0,0,0,0
1763969535.243971,0.0,0.0,31.98,154.86,-0.06299950927495956,0.2158275544643402,0.9743251204490662,-0.011837481521070004,-3.09098219871521,-0.1179434135556221,2.7029104232788086,-0.00021872390061616898,-0.0004637399688363075,0.0003284737467765808,0.0,0.0,0.0,0.0,0.0,0.0,-0.57859235,0.61781895,10.24794925,0.08726646259971647,0.05235987755982989,-0.03490658503988659,-719.0,320.0,-406.0,1600,1600,1599,1599,0,0,0,0
1763969535.2773783,0.0,0.0,31.98,154.86,-0.06299950927495956,0.2158275544643402,0.9743251204490662,-0.011837481521070004,-3.09098219871521,-0.1179434135556221,2.7029104232788086,-0.00021872390061616898,-0.0004637399688363075,0.0003284737467765808,0.0,0.0,0.0,0.0,0.0,0.0,-0.57859235,0.61781895,10.24794925,0.08726646259971647,0.05235987755982989,-0.03490658503988659,-719.0,320.0,-406.0,1600,1600,1599,1599,0,0,0,0
1763969535.3108003,0.0,0.0,31.98,154.86,-0.06299950927495956,0.2158275544643402,0.9743251204490662,-0.011837481521070004,-3.09098219871521,-0.1179434135556221,2.7029104232788086,-0.00021872390061616898,-0.0004637399688363075,0.0003284737467765808,0.0,0.0,0.0,0.0,0.0,0.0,-0.5687857000000001,0.61781895,10.24794925,0.08726646259971647,0.06981317007977318,-0.03490658503988659,-715.0,318.0,-403.0,1600,1600,1599,1599,0,0,0,0
1763969535.3442006,0.0,0.0,31.98,154.86,-0.06299950927495956,0.2158275544643402,0.9743251204490662,-0.011837481521070004,-3.090991258621216,-0.11793950945138931,2.7029170989990234,3.592716529965401e-05,-0.0009186286479234695,-0.0005756944883614779,0.0,0.0,0.0,0.0,0.0,0.0,-0.5687857000000001,0.61781895,10.24794925,0.08726646259971647,0.06981317007977318,-0.03490658503988659,-715.0,318.0,-403.0,1600,1600,1599,1599,0,0,0,0
1763969535.377599,0.0,0.0,31.98,154.86,-0.06299659609794617,0.21582454442977905,0.974325954914093,-0.011833714321255684,-3.090991258621216,-0.11793950945138931,2.7029170989990234,3.592716529965401e-05,-0.0009186286479234695,-0.0005756944883614779,0.0,0.0,0.0,0.0,0.0,0.0,-0.5687857000000001,0.61781895,10.24794925,0.08726646259971647,0.06981317007977318,-0.03490658503988659,-715.0,318.0,-403.0,1600,1600,1599,1599,0,0,0,0
1763969535.4109998,0.0,0.0,31.98,154.86,-0.06299659609794617,0.21582454442977905,0.974325954914093,-0.011833714321255684,-3.090991258621216,-0.11793950945138931,2.7029170989990234,3.592716529965401e-05,-0.0009186286479234695,-0.0005756944883614779,0.0,0.0,0.0,0.0,0.0,0.0,-0.5687857000000001,0.61781895,10.24794925,0.08726646259971647,0.06981317007977318,-0.03490658503988659,-715.0,318.0,-403.0,1600,1600,1599,1599,0,0,0,0
1763969535.4444005,0.0,0.0,31.98,154.86,-0.06299659609794617,0.21582454442977905,0.974325954914093,-0.011833714321255684,-3.090991258621216,-0.11793950945138931,2.7029170989990234,3.592716529965401e-05,-0.0009186286479234695,-0.0005756944883614779,0.0,0.0,0.0,0.0,0.0,0.0,-0.5687857000000001,0.61781895,10.24794925,0.08726646259971647,0.06981317007977318,-0.03490658503988659,-715.0,318.0,-403.0,1600,1600,1599,1599,0,0,0,0
1763969535.4778018,0.0,0.0,31.98,154.86,-0.06299659609794617,0.21582454442977905,0.974325954914093,-0.011833714321255684,-3.090991258621216,-0.11793950945138931,2.7029170989990234,3.592716529965401e-05,-0.0009186286479234695,-0.0005756944883614779,0.0,0.0,0.0,0.0,0.0,0.0,-0.5687857000000001,0.61781895,10.2577559,0.08726646259971647,0.05235987755982989,-0.05235987755982989,-715.0,318.0,-403.0,1600,1600,1599,1599,0,0,0,0
1763969535.5112038,0.0,0.0,31.98,154.86,-0.06299659609794617,0.21582454442977905,0.974325954914093,-0.011833714321255684,-3.091001510620117,-0.11794779449701309,2.702913761138916,-0.0004229680635035038,0.0007993988692760468,0.0013115396723151207,0.0,0.0,0.0,0.0,0.0,0.0,-0.5687857000000001,0.61781895,10.2577559,0.08726646259971647,0.05235987755982989,-0.05235987755982989,-715.0,318.0,-403.0,1600,1600,1599,1599,0,0,0,0
1763969535.5446222,0.0,0.0,31.98,154.86,-0.06299953907728195,0.21582630276679993,0.9743255376815796,-0.011827701702713966,-3.091001510620117,-0.11794779449701309,2.702913761138916,-0.0004229680635035038,0.0007993988692760468,0.0013115396723151207,0.0,0.0,0.0,0.0,0.0,0.0,-0.5687857000000001,0.61781895,10.2577559,0.08726646259971647,0.05235987755982989,-0.05235987755982989,-715.0,318.0,-403.0,1600,1600,1599,1599,0,0,0,0
1763969535.5780406,0.0,0.0,31.98,154.86,-0.06299953907728195,0.21582630276679993,0.9743255376815796,-0.011827701702713966,-3.091001510620117,-0.11794779449701309,2.702913761138916,-0.0004229680635035038,0.0007993988692760468,0.0013115396723151207,0.0,0.0,0.0,0.0,0.0,0.0,-0.5687857000000001,0.61781895,10.2577559,0.08726646259971647,0.05235987755982989,-0.05235987755982989,-715.0,318.0,-403.0,1600,1600,1599,1599,0,0,0,0
1763969535.6115992,0.0,0.0,31.98,154.86,-0.06299953907728195,0.21582630276679993,0.9743255376815796,-0.011827701702713966,-3.0908730030059814,-0.11803416907787323,2.702908992767334,0.00039891432970762253,-0.00020271632820367813,0.0005051668267697096,0.0,0.0,0.0,0.0,0.0,0.0,-0.5687857000000001,0.61781895,10.2577559,0.08726646259971647,0.05235987755982989,-0.05235987755982989,-715.0,318.0,-403.0,1600,1600,1599,1599,0,0,0,0
1763969535.64502,0.0,0.0,31.98,154.86,-0.06305545568466187,0.21582306921482086,0.9743219614028931,-0.011880632489919662,-3.0908730030059814,-0.11803416907787323,2.702908992767334,0.00039891432970762253,-0.00020271632820367813,0.0005051668267697096,0.0,0.0,0.0,0.0,0.0,0.0,-0.5687857000000001,0.61781895,10.2577559,0.08726646259971647,0.05235987755982989,-0.05235987755982989,-715.0,318.0,-403.0,1600,1600,1599,1599,0,0,0,0
1763969535.6787913,0.0,0.0,32.0,154.86,-0.06305545568466187,0.21582306921482086,0.9743219614028931,-0.011880632489919662,-3.0908730030059814,-0.11803416907787323,2.702908992767334,0.00039891432970762253,-0.00020271632820367813,0.0005051668267697096,0.0,0.0,0.0,0.0,0.0,0.0,-0.5687857000000001,0.61781895,10.2577559,0.08726646259971647,0.05235987755982989,-0.05235987755982989,-715.0,318.0,-403.0,1600,1600,1599,1599,0,0,0,0
1763969535.7122214,0.0,0.0,32.0,154.86,-0.06305545568466187,0.21582306921482086,0.9743219614028931,-0.011880632489919662,-3.0908730030059814,-0.11803416907787323,2.702908992767334,0.00039891432970762253,-0.00020271632820367813,0.0005051668267697096,0.0,0.0,0.0,0.0,0.0,0.0,-0.5687857000000001,0.61781895,10.2577559,0.08726646259971647,0.05235987755982989,-0.05235987755982989,-715.0,318.0,-403.0,1600,1600,1599,1599,0,0,0,0
1763969535.7466018,0.0,0.0,32.0,154.86,-0.06305545568466187,0.21582306921482086,0.9743219614028931,-0.011880632489919662,-3.0908730030059814,-0.11803416907787323,2.702908992767334,0.00039891432970762253,-0.00020271632820367813,0.0005051668267697096,0.0,0.0,0.0,0.0,0.0,0.0,-0.5687857000000001,0.6276256,10.267562550000001,0.08726646259971647,0.06981317007977318,-0.03490658503988659,-714.0,324.0,-398.0,1600,1600,1599,1599,0,0,0,0
1763969535.780021,0.0,0.0,32.0,154.86,-0.06305545568466187,0.21582306921482086,0.9743219614028931,-0.011880632489919662,-3.090878963470459,-0.11804043501615524,2.702911138534546,0.0004089358262717724,-0.0001528589054942131,9.604566730558872e-05,0.0,0.0,0.0,0.0,0.0,0.0,-0.5687857000000001,0.6276256,10.267562550000001,0.08726646259971647,0.06981317007977318,-0.03490658503988659,-714.0,324.0,-398.0,1600,1600,1599,1599,0,0,0,0
1763969535.813444,0.0,0.0,32.05,154.86,-0.06305545568466187,0.21582306921482086,0.9743219614028931,-0.011880632489919662,-3.090878963470459,-0.11804043501615524,2.702911138534546,0.0004089358262717724,-0.0001528589054942131,9.604566730558872e-05,0.0,0.0,0.0,0.0,0.0,0.0,-0.5687857000000001,0.6276256,10.267562550000001,0.08726646259971647,0.06981317007977318,-0.03490658503988659,-714.0,324.0,-398.0,1600,1600,1599,1599,0,0,0,0
1763969535.8468735,0.0,0.0,32.05,154.86,-0.06305545568466187,0.21582306921482086,0.9743219614028931,-0.011880632489919662,-3.090878963470459,-0.11804043501615524,2.702911138534546,0.0004089358262717724,-0.0001528589054942131,9.604566730558872e-05,0.0,0.0,0.0,0.0,0.0,0.0,-0.5687857000000001,0.6276256,10.267562550000001,0.08726646259971647,0.06981317007977318,-0.03490658503988659,-714.0,324.0,-398.0,1600,1600,1599,1599,0,0,0,0
1763969535.880288,0.0,0.0,32.05,154.86,-0.06305545568466187,0.21582306921482086,0.9743219614028931,-0.011880632489919662,-3.090878963470459,-0.11804043501615524,2.702911138534546,0.0004089358262717724,-0.0001528589054942131,9.604566730558872e-05,0.0,0.0,0.0,0.0,0.0,0.0,-0.5687857000000001,0.6276256,10.267562550000001,0.08726646259971647,0.06981317007977318,-0.03490658503988659,-714.0,324.0,-398.0,1600,1600,1599,1599,0,0,0,0
1763969535.9137218,0.0,0.0,32.05,154.86,-0.06305545568466187,0.21582306921482086,0.9743219614028931,-0.011880632489919662,-3.090878963470459,-0.11804043501615524,2.702911138534546,0.0004089358262717724,-0.0001528589054942131,9.604566730558872e-05,0.0,0.0,0.0,0.0,0.0,0.0,-0.5687857000000001,0.61781895,10.2577559,0.08726646259971647,0.06981317007977318,-0.05235987755982989,-719.0,322.0,-402.0,1600,1600,1599,1599,0,0,0,0
1763969535.9471803,0.0,0.0,32.05,154.86,-0.06305545568466187,0.21582306921482086,0.9743219614028931,-0.011880632489919662,-3.090904712677002,-0.11805686354637146,2.7028961181640625,-0.00029507093131542206,-0.00013101333752274513,2.1868152543902397e-05,0.0,0.0,0.0,0.0,0.0,0.0,-0.5687857000000001,0.61781895,10.2577559,0.08726646259971647,0.06981317007977318,-0.05235987755982989,-719.0,322.0,-402.0,1600,1600,1599,1599,0,0,0,0
1763969535.9805954,0.0,0.0,32.05,154.86,-0.06306317448616028,0.21582995355129242,0.9743201732635498,-0.011862373910844326,-3.090904712677002,-0.11805686354637146,2.7028961181640625,-0.00029507093131542206,-0.00013101333752274513,2.1868152543902397e-05,0.0,0.0,0.0,0.0,0.0,0.0,-0.5687857000000001,0.61781895,10.2577559,0.08726646259971647,0.06981317007977318,-0.05235987755982989,-719.0,322.0,-402.0,1600,1600,1599,1599,0,0,0,0
1763969536.0140204,0.0,0.0,32.05,154.86,-0.06306317448616028,0.21582995355129242,0.9743201732635498,-0.011862373910844326,-3.090904712677002,-0.11805686354637146,2.7028961181640625,-0.00029507093131542206,-0.00013101333752274513,2.1868152543902397e-05,0.0,0.0,0.0,0.0,0.0,0.0,-0.5687857000000001,0.61781895,10.2577559,0.08726646259971647,0.06981317007977318,-0.05235987755982989,-719.0,322.0,-402.0,1600,1600,1599,1599,0,0,0,0
1763969536.047435,0.0,0.0,32.05,154.86,-0.06306317448616028,0.21582995355129242,0.9743201732635498,-0.011862373910844326,-3.090904712677002,-0.11805686354637146,2.7028961181640625,-0.00029507093131542206,-0.00013101333752274513,2.1868152543902397e-05,0.0,0.0,0.0,0.0,0.0,0.0,-0.5687857000000001,0.61781895,10.2577559,0.08726646259971647,0.06981317007977318,-0.05235987755982989,-719.0,322.0,-402.0,1600,1600,1599,1599,0,0,0,0
1763969536.0808492,0.0,0.0,32.05,154.86,-0.06306317448616028,0.21582995355129242,0.9743201732635498,-0.011862373910844326,-3.090904712677002,-0.11805686354637146,2.7028961181640625,-0.00029507093131542206,-0.00013101333752274513,2.1868152543902397e-05,0.0,0.0,0.0,0.0,0.0,0.0,-0.5687857000000001,0.61781895,10.2577559,0.08726646259971647,0.06981317007977318,-0.05235987755982989,-719.0,322.0,-402.0,1600,1600,1599,1599,0,0,0,0
1763969536.1142654,0.0,0.0,32.05,154.86,-0.06306317448616028,0.21582995355129242,0.9743201732635498,-0.011862373910844326,-3.090909481048584,-0.11806778609752655,2.7028894424438477,0.0008499333634972572,-0.00017957575619220734,0.000651524867862463,0.0,0.0,0.0,0.0,0.0,0.0,-0.5687857000000001,0.61781895,10.2577559,0.08726646259971647,0.06981317007977318,-0.05235987755982989,-719.0,322.0,-402.0,1600,1600,1599,1599,0,0,0,0
1763969536.1477013,0.0,0.0,32.05,154.86,-0.06306801736354828,0.21583308279514313,0.9743191599845886,-0.011858629062771797,-3.090909481048584,-0.11806778609752655,2.7028894424438477,0.0008499333634972572,-0.00017957575619220734,0.000651524867862463,0.0,0.0,0.0,0.0,0.0,0.0,-0.5687857000000001,0.61781895,10.2577559,0.08726646259971647,0.06981317007977318,-0.05235987755982989,-719.0,322.0,-402.0,1600,1600,1599,1599,0,0,0,0
1763969536.1811178,0.0,0.0,32.05,154.86,-0.06306801736354828,0.21583308279514313,0.9743191599845886,-0.011858629062771797,-3.090909481048584,-0.11806778609752655,2.7028894424438477,0.0008499333634972572,-0.00017957575619220734,0.000651524867862463,0.0,0.0,0.0,0.0,0.0,0.0,-0.5687857000000001,0.61781895,10.2577559,0.08726646259971647,0.06981317007977318,-0.05235987755982989,-719.0,322.0,-402.0,1600,1600,1599,1599,0,0,0,0
1763969536.214794,0.0,0.0,32.05,154.86,-0.06306801736354828,0.21583308279514313,0.9743191599845886,-0.011858629062771797,-3.090909481048584,-0.11806778609752655,2.7028894424438477,0.0008499333634972572,-0.00017957575619220734,0.000651524867862463,0.0,0.0,0.0,0.0,0.0,0.0,-0.5687857000000001,0.61781895,10.2577559,0.08726646259971647,0.06981317007977318,-0.05235987755982989,-719.0,322.0,-402.0,1600,1600,1599,1599,0,0,0,0
1763969536.2482195,0.0,0.0,32.05,154.86,-0.06306801736354828,0.21583308279514313,0.9743191599845886,-0.011858629062771797,-3.090909481048584,-0.11806778609752655,2.7028894424438477,0.0008499333634972572,-0.00017957575619220734,0.000651524867862463,0.0,0.0,0.0,0.0,0.0,0.0,-0.5687857000000001,0.61781895,10.2577559,0.10471975511965978,0.06981317007977318,-0.03490658503988659,-719.0,322.0,-402.0,1600,1600,1599,1599,0,0,0,0
1763969536.2816496,0.0,0.0,32.05,154.86,-0.06306801736354828,0.21583308279514313,0.9743191599845886,-0.011858629062771797,-3.090928554534912,-0.11806358397006989,2.7028982639312744,-0.0008244672790169716,-0.0004751523956656456,0.0005832428578287363,0.0,0.0,0.0,0.0,0.0,0.0,-0.5687857000000001,0.61781895,10.2577559,0.10471975511965978,0.06981317007977318,-0.03490658503988659,-719.0,322.0,-402.0,1600,1600,1599,1599,0,0,0,0
1763969536.3150675,0.0,0.0,32.05,154.86,-0.0630638599395752,0.21582943201065063,0.9743203520774841,-0.011850090697407722,-3.090928554534912,-0.11806358397006989,2.7028982639312744,-0.0008244672790169716,-0.0004751523956656456,0.0005832428578287363,0.0,0.0,0.0,0.0,0.0,0.0,-0.5687857000000001,0.61781895,10.2577559,0.10471975511965978,0.06981317007977318,-0.03490658503988659,-719.0,322.0,-402.0,1600,1600,1599,1599,0,0,0,0
1763969536.3484788,0.0,0.0,32.11,154.86,-0.0630638599395752,0.21582943201065063,0.9743203520774841,-0.011850090697407722,-3.090928554534912,-0.11806358397006989,2.7028982639312744,-0.0008244672790169716,-0.0004751523956656456,0.0005832428578287363,0.0,0.0,0.0,0.0,0.0,0.0,-0.5687857000000001,0.61781895,10.2577559,0.10471975511965978,0.06981317007977318,-0.03490658503988659,-719.0,322.0,-402.0,1600,1600,1599,1599,0,0,0,0
1763969536.3818903,0.0,0.0,32.11,154.86,-0.0630638599395752,0.21582943201065063,0.9743203520774841,-0.011850090697407722,-3.090933084487915,-0.11806955188512802,2.7029051780700684,-0.0007939585484564304,0.0006094533018767834,-0.00023022247478365898,0.0,0.0,0.0,0.0,0.0,0.0,-0.5687857000000001,0.61781895,10.2577559,0.10471975511965978,0.06981317007977318,-0.03490658503988659,-719.0,322.0,-402.0,1600,1600,1599,1599,0,0,0,0
1763969536.4153113,0.0,0.0,32.11,154.86,-0.06306623667478561,0.2158261090517044,0.9743210077285767,-0.0118474205955863,-3.090933084487915,-0.11806955188512802,2.7029051780700684,-0.0007939585484564304,0.0006094533018767834,-0.00023022247478365898,0.0,0.0,0.0,0.0,0.0,0.0,-0.5687857000000001,0.61781895,10.2577559,0.10471975511965978,0.06981317007977318,-0.03490658503988659,-719.0,322.0,-402.0,1600,1600,1599,1599,0,0,0,0
1763969536.4487183,0.0,0.0,32.11,154.86,-0.06306623667478561,0.2158261090517044,0.9743210077285767,-0.0118474205955863,-3.090933084487915,-0.11806955188512802,2.7029051780700684,-0.0007939585484564304,0.0006094533018767834,-0.00023022247478365898,0.0,0.0,0.0,0.0,0.0,0.0,-0.5687857000000001,0.61781895,10.2577559,0.10471975511965978,0.06981317007977318,-0.03490658503988659,-719.0,322.0,-402.0,1600,1600,1599,1599,0,0,0,0
1763969536.4821246,0.0,0.0,32.11,154.86,-0.06306623667478561,0.2158261090517044,0.9743210077285767,-0.0118474205955863,-3.090933084487915,-0.11806955188512802,2.7029051780700684,-0.0007939585484564304,0.0006094533018767834,-0.00023022247478365898,0.0,0.0,0.0,0.0,0.0,0.0,-0.5687857000000001,0.61781895,10.2577559,0.10471975511965978,0.06981317007977318,-0.03490658503988659,-719.0,322.0,-402.0,1600,1600,1599,1599,0,0,0,0
1763969536.515536,0.0,0.0,32.11,154.86,-0.06306623667478561,0.2158261090517044,0.9743210077285767,-0.0118474205955863,-3.090933084487915,-0.11806955188512802,2.7029051780700684,-0.0007939585484564304,0.0006094533018767834,-0.00023022247478365898,0.0,0.0,0.0,0.0,0.0,0.0,-0.5687857000000001,0.61781895,10.2577559,0.06981317007977318,0.08726646259971647,-0.05235987755982989,-719.0,318.0,-401.0,1600,1600,1599,1599,0,0,0,0
1763969536.5489438,0.0,0.0,32.11,154.86,-0.06306623667478561,0.2158261090517044,0.9743210077285767,-0.0118474205955863,-3.0909812450408936,-0.11806675046682358,2.703045129776001,-0.0009814710356295109,-0.0011244523338973522,-0.0007437008898705244,0.0,0.0,0.0,0.0,0.0,0.0,-0.5687857000000001,0.61781895,10.2577559,0.06981317007977318,0.08726646259971647,-0.05235987755982989,-719.0,318.0,-401.0,1600,1600,1599,1599,0,0,0,0
1763969536.582349,0.0,0.0,32.11,154.86,-0.06305886059999466,0.2157595008611679,0.9743364453315735,-0.011828712187707424,-3.0909812450408936,-0.11806675046682358,2.703045129776001,-0.0009814710356295109,-0.0011244523338973522,-0.0007437008898705244,0.0,0.0,0.0,0.0,0.0,0.0,-0.5687857000000001,0.61781895,10.2577559,0.06981317007977318,0.08726646259971647,-0.05235987755982989,-719.0,318.0,-401.0,1600,1600,1599,1599,0,0,0,0
1763969536.6157598,0.0,0.0,31.97,154.87,-0.06305886059999466,0.2157595008611679,0.9743364453315735,-0.011828712187707424,-3.0909812450408936,-0.11806675046682358,2.703045129776001,-0.0009814710356295109,-0.0011244523338973522,-0.0007437008898705244,0.0,0.0,0.0,0.0,0.0,0.0,-0.5687857000000001,0.61781895,10.2577559,0.06981317007977318,0.08726646259971647,-0.05235987755982989,-719.0,318.0,-401.0,1600,1600,1599,1599,0,0,0,0
1763969536.6491628,0.0,0.0,31.97,154.87,-0.06305886059999466,0.2157595008611679,0.9743364453315735,-0.011828712187707424,-3.0909812450408936,-0.11806675046682358,2.703045129776001,-0.0009814710356295109,-0.0011244523338973522,-0.0007437008898705244,0.0,0.0,0.0,0.0,0.0,0.0,-0.5687857000000001,0.61781895,10.2577559,0.06981317007977318,0.08726646259971647,-0.05235987755982989,-719.0,318.0,-401.0,1600,1600,1599,1599,0,0,0,0
1763969536.6825545,0.0,0.0,31.97,154.87,-0.06305886059999466,0.2157595008611679,0.9743364453315735,-0.011828712187707424,-3.0909812450408936,-0.11806675046682358,2.703045129776001,-0.0009814710356295109,-0.0011244523338973522,-0.0007437008898705244,0.0,0.0,0.0,0.0,0.0,0.0,-0.5687857000000001,0.61781895,10.2577559,0.06981317007977318,0.05235987755982989,-0.05235987755982989,-717.0,317.0,-404.0,1600,1600,1599,1599,0,0,0,0
1763969536.715943,0.0,0.0,31.97,154.87,-0.06305886059999466,0.2157595008611679,0.9743364453315735,-0.011828712187707424,-3.0909924507141113,-0.1180676594376564,2.7030744552612305,-0.0017047238070517778,-0.0008305548690259457,0.0005808048881590366,0.0,0.0,0.0,0.0,0.0,0.0,-0.5687857000000001,0.61781895,10.2577559,0.06981317007977318,0.05235987755982989,-0.05235987755982989,-717.0,317.0,-404.0,1600,1600,1599,1599,0,0,0,0
1763969536.749338,0.0,0.0,31.97,154.87,-0.06305792182683945,0.21574552357196808,0.9743396043777466,-0.01182407047599554,-3.0909924507141113,-0.1180676594376564,2.7030744552612305,-0.0017047238070517778,-0.0008305548690259457,0.0005808048881590366,0.0,0.0,0.0,0.0,0.0,0.0,-0.5687857000000001,0.61781895,10.2577559,0.06981317007977318,0.05235987755982989,-0.05235987755982989,-717.0,317.0,-404.0,1600,1600,1599,1599,0,0,0,0
1763969536.7827313,0.0,0.0,31.97,154.87,-0.06305792182683945,0.21574552357196808,0.9743396043777466,-0.01182407047599554,-3.0909924507141113,-0.1180676594376564,2.7030744552612305,-0.0017047238070517778,-0.0008305548690259457,0.0005808048881590366,0.0,0.0,0.0,0.0,0.0,0.0,-0.5687857000000001,0.61781895,10.2577559,0.06981317007977318,0.05235987755982989,-0.05235987755982989,-717.0,317.0,-404.0,1600,1600,1599,1599,0,0,0,0
1763969536.8161254,0.0,0.0,31.97,154.87,-0.06305792182683945,0.21574552357196808,0.9743396043777466,-0.01182407047599554,-3.0909924507141113,-0.1180676594376564,2.7030744552612305,-0.0017047238070517778,-0.0008305548690259457,0.0005808048881590366,0.0,0.0,0.0,0.0,0.0,0.0,-0.5687857000000001,0.61781895,10.2577559,0.06981317007977318,0.05235987755982989,-0.05235987755982989,-717.0,317.0,-404.0,1600,1600,1599,1599,0,0,0,0
1763969536.8495188,0.0,0.0,31.97,154.87,-0.06305792182683945,0.21574552357196808,0.9743396043777466,-0.01182407047599554,-3.0909924507141113,-0.1180676594376564,2.7030744552612305,-0.0017047238070517778,-0.0008305548690259457,0.0005808048881590366,0.0,0.0,0.0,0.0,0.0,0.0,-0.5687857000000001,0.61781895,10.2577559,0.06981317007977318,0.05235987755982989,-0.05235987755982989,-717.0,317.0,-404.0,1600,1600,1599,1599,0,0,0,0
1763969536.8829105,0.0,0.0,31.97,154.87,-0.06305792182683945,0.21574552357196808,0.9743396043777466,-0.01182407047599554,-3.0909924507141113,-0.1180676594376564,2.7030744552612305,-0.0017047238070517778,-0.0008305548690259457,0.0005808048881590366,0.0,0.0,0.0,0.0,0.0,0.0,-0.5687857000000001,0.61781895,10.267562550000001,0.05235987755982989,0.05235987755982989,-0.03490658503988659,-717.0,317.0,-404.0,1600,1600,1599,1599,0,0,0,0
1763969536.9163113,0.0,0.0,31.97,154.87,-0.06305792182683945,0.21574552357196808,0.9743396043777466,-0.01182407047599554,-3.090970039367676,-0.11806906759738922,2.7030906677246094,0.0009021568112075329,0.0006133299320936203,-0.0008220886811614037,0.0,0.0,0.0,0.0,0.0,0.0,-0.5687857000000001,0.61781895,10.267562550000001,0.05235987755982989,0.05235987755982989,-0.03490658503988659,-717.0,317.0,-404.0,1600,1600,1599,1599,0,0,0,0
1763969536.949704,0.0,0.0,31.97,154.87,-0.06306091696023941,0.21573689579963684,0.9743412137031555,-0.011835288256406784,-3.090970039367676,-0.11806906759738922,2.7030906677246094,0.0009021568112075329,0.0006133299320936203,-0.0008220886811614037,0.0,0.0,0.0,0.0,0.0,0.0,-0.5687857000000001,0.61781895,10.267562550000001,0.05235987755982989,0.05235987755982989,-0.03490658503988659,-717.0,317.0,-404.0,1600,1600,1599,1599,0,0,0,0
1763969536.9831238,0.0,0.0,31.97,154.87,-0.06306091696023941,0.21573689579963684,0.9743412137031555,-0.011835288256406784,-3.090970039367676,-0.11806906759738922,2.7030906677246094,0.0009021568112075329,0.0006133299320936203,-0.0008220886811614037,0.0,0.0,0.0,0.0,0.0,0.0,-0.5687857000000001,0.61781895,10.267562550000001,0.05235987755982989,0.05235987755982989,-0.03490658503988659,-717.0,317.0,-404.0,1600,1600,1599,1599,0,0,0,0
1763969537.0165343,0.0,0.0,31.97,154.87,-0.06306091696023941,0.21573689579963684,0.9743412137031555,-0.011835288256406784,-3.090970039367676,-0.11806906759738922,2.7030906677246094,0.0009021568112075329,0.0006133299320936203,-0.0008220886811614037,0.0,0.0,0.0,0.0,0.0,0.0,-0.5687857000000001,0.61781895,10.267562550000001,0.05235987755982989,0.05235987755982989,-0.03490658503988659,-717.0,317.0,-404.0,1600,1600,1599,1599,0,0,0,0
1763969537.0499668,0.0,0.0,31.97,154.87,-0.06306091696023941,0.21573689579963684,0.9743412137031555,-0.011835288256406784,-3.090970039367676,-0.11806906759738922,2.7030906677246094,0.0009021568112075329,0.0006133299320936203,-0.0008220886811614037,0.0,0.0,0.0,0.0,0.0,0.0,-0.5687857000000001,0.61781895,10.2577559,0.10471975511965978,0.08726646259971647,-0.05235987755982989,-717.0,317.0,-404.0,1600,1600,1599,1599,0,0,0,0
1763969537.0833628,0.0,0.0,31.97,154.87,-0.06306091696023941,0.21573689579963684,0.9743412137031555,-0.011835288256406784,-3.0909690856933594,-0.11807777732610703,2.7030882835388184,0.0003493051044642925,-0.0018005834426730871,-0.00037242891266942024,0.0,0.0,0.0,0.0,0.0,0.0,-0.5687857000000001,0.61781895,10.2577559,0.10471975511965978,0.08726646259971647,-0.05235987755982989,-717.0,317.0,-404.0,1600,1600,1599,1599,0,0,0,0
1763969537.1167552,0.0,0.0,31.97,154.87,-0.06306091696023941,0.21573689579963684,0.9743412137031555,-0.011835288256406784,-3.0909690856933594,-0.11807777732610703,2.7030882835388184,0.0003493051044642925,-0.0018005834426730871,-0.00037242891266942024,0.0,0.0,0.0,0.0,0.0,0.0,-0.5687857000000001,0.61781895,10.2577559,0.10471975511965978,0.08726646259971647,-0.05235987755982989,-717.0,317.0,-404.0,1600,1600,1599,1599,0,0,0,0
1763969537.150158,0.0,0.0,31.97,154.87,-0.06306527554988861,0.21573789417743683,0.9743407368659973,-0.011834762990474701,-3.0909690856933594,-0.11807777732610703,2.7030882835388184,0.0003493051044642925,-0.0018005834426730871,-0.00037242891266942024,0.0,0.0,0.0,0.0,0.0,0.0,-0.5687857000000001,0.61781895,10.2577559,0.10471975511965978,0.08726646259971647,-0.05235987755982989,-717.0,317.0,-404.0,1600,1600,1599,1599,0,0,0,0
1763969537.1835713,0.0,0.0,32.07,154.87,-0.06306527554988861,0.21573789417743683,0.9743407368659973,-0.011834762990474701,-3.0909690856933594,-0.11807777732610703,2.7030882835388184,0.0003493051044642925,-0.0018005834426730871,-0.00037242891266942024,0.0,0.0,0.0,0.0,0.0,0.0,-0.5687857000000001,0.61781895,10.2577559,0.10471975511965978,0.08726646259971647,-0.05235987755982989,-717.0,317.0,-404.0,1600,1600,1599,1599,0,0,0,0
1763969537.2169764,0.0,0.0,32.07,154.87,-0.06306527554988861,0.21573789417743683,0.9743407368659973,-0.011834762990474701,-3.0909690856933594,-0.11807777732610703,2.7030882835388184,0.0003493051044642925,-0.0018005834426730871,-0.00037242891266942024,0.0,0.0,0.0,0.0,0.0,0.0,-0.5687857000000001,0.61781895,10.2577559,0.10471975511965978,0.08726646259971647,-0.05235987755982989,-717.0,317.0,-404.0,1600,1600,1599,1599,0,0,0,0
1763969537.2503703,0.0,0.0,32.07,154.87,-0.06306527554988861,0.21573789417743683,0.9743407368659973,-0.011834762990474701,-3.0909690856933594,-0.11807777732610703,2.7030882835388184,0.0003493051044642925,-0.0018005834426730871,-0.00037242891266942024,0.0,0.0,0.0,0.0,0.0,0.0,-0.5687857000000001,0.6276256,10.2577559,0.08726646259971647,0.03490658503988659,-0.05235987755982989,-718.0,323.0,-402.0,1600,1600,1599,1599,0,0,0,0
1763969537.2837732,0.0,0.0,32.07,154.87,-0.06306527554988861,0.21573789417743683,0.9743407368659973,-0.011834762990474701,-3.0909295082092285,-0.11816399544477463,2.7031071186065674,0.0012307739816606045,0.0009301952086389065,-2.3409491404891014e-05,0.0,0.0,0.0,0.0,0.0,0.0,-0.5687857000000001,0.6276256,10.2577559,0.08726646259971647,0.03490658503988659,-0.05235987755982989,-718.0,323.0,-402.0,1600,1600,1599,1599,0,0,0,0
1763969537.3171856,0.0,0.0,32.07,154.87,-0.06311140954494476,0.2157258689403534,0.9743402600288391,-0.011845235712826252,-3.0909295082092285,-0.11816399544477463,2.7031071186065674,0.0012307739816606045,0.0009301952086389065,-2.3409491404891014e-05,0.0,0.0,0.0,0.0,0.0,0.0,-0.5687857000000001,0.6276256,10.2577559,0.08726646259971647,0.03490658503988659,-0.05235987755982989,-718.0,323.0,-402.0,1600,1600,1599,1599,0,0,0,0
1763969537.3505857,0.0,0.0,31.93,154.87,-0.06311140954494476,0.2157258689403534,0.9743402600288391,-0.011845235712826252,-3.0909295082092285,-0.11816399544477463,2.7031071186065674,0.0012307739816606045,0.0009301952086389065,-2.3409491404891014e-05,0.0,0.0,0.0,0.0,0.0,0.0,-0.5687857000000001,0.6276256,10.2577559,0.08726646259971647,0.03490658503988659,-0.05235987755982989,-718.0,323.0,-402.0,1600,1600,1599,1599,0,0,0,0
1763969537.38399,0.0,0.0,31.93,154.87,-0.06311140954494476,0.2157258689403534,0.9743402600288391,-0.011845235712826252,-3.0909295082092285,-0.11816399544477463,2.7031071186065674,0.0012307739816606045,0.0009301952086389065,-2.3409491404891014e-05,0.0,0.0,0.0,0.0,0.0,0.0,-0.5687857000000001,0.6276256,10.2577559,0.08726646259971647,0.03490658503988659,-0.05235987755982989,-718.0,323.0,-402.0,1600,1600,1599,1599,0,0,0,0
1763969537.4173932,0.0,0.0,31.93,154.87,-0.06311140954494476,0.2157258689403534,0.9743402600288391,-0.011845235712826252,-3.0909295082092285,-0.11816399544477463,2.7031071186065674,0.0012307739816606045,0.0009301952086389065,-2.3409491404891014e-05,0.0,0.0,0.0,0.0,0.0,0.0,-0.55897905,0.61781895,10.267562550000001,0.10471975511965978,0.08726646259971647,-0.05235987755982989,-717.0,318.0,-410.0,1600,1600,1599,1599,0,0,0,0
1763969537.4507952,0.0,0.0,31.93,154.87,-0.06311140954494476,0.2157258689403534,0.9743402600288391,-0.011845235712826252,-3.090930938720703,-0.11819128692150116,2.703110694885254,-0.001998085528612137,-0.0008278361055999994,-0.0009620063938200474,0.0,0.0,0.0,0.0,0.0,0.0,-0.55897905,0.61781895,10.267562550000001,0.10471975511965978,0.08726646259971647,-0.05235987755982989,-717.0,318.0,-410.0,1600,1600,1599,1599,0,0,0,0
1763969537.4841986,0.0,0.0,31.93,154.87,-0.06312452256679535,0.2157236635684967,0.9743399620056152,-0.011841671541333199,-3.090930938720703,-0.11819128692150116,2.703110694885254,-0.001998085528612137,-0.0008278361055999994,-0.0009620063938200474,0.0,0.0,0.0,0.0,0.0,0.0,-0.55897905,0.61781895,10.267562550000001,0.10471975511965978,0.08726646259971647,-0.05235987755982989,-717.0,318.0,-410.0,1600,1600,1599,1599,0,0,0,0
1763969537.5175998,0.0,0.0,31.95,154.87,-0.06312452256679535,0.2157236635684967,0.9743399620056152,-0.011841671541333199,-3.090930938720703,-0.11819128692150116,2.703110694885254,-0.001998085528612137,-0.0008278361055999994,-0.0009620063938200474,0.0,0.0,0.0,0.0,0.0,0.0,-0.55897905,0.61781895,10.267562550000001,0.10471975511965978,0.08726646259971647,-0.05235987755982989,-717.0,318.0,-410.0,1600,1600,1599,1599,0,0,0,0
1763969537.5510042,0.0,0.0,31.95,154.87,-0.06312452256679535,0.2157236635684967,0.9743399620056152,-0.011841671541333199,-3.090930938720703,-0.11819128692150116,2.703110694885254,-0.001998085528612137,-0.0008278361055999994,-0.0009620063938200474,0.0,0.0,0.0,0.0,0.0,0.0,-0.55897905,0.61781895,10.267562550000001,0.10471975511965978,0.08726646259971647,-0.05235987755982989,-717.0,318.0,-410.0,1600,1600,1599,1599,0,0,0,0
1763969537.5844254,0.0,0.0,31.95,154.87,-0.06312452256679535,0.2157236635684967,0.9743399620056152,-0.011841671541333199,-3.090930938720703,-0.11819128692150116,2.703110694885254,-0.001998085528612137,-0.0008278361055999994,-0.0009620063938200474,0.0,0.0,0.0,0.0,0.0,0.0,-0.55897905,0.61781895,10.267562550000001,0.10471975511965978,0.08726646259971647,-0.05235987755982989,-717.0,318.0,-410.0,1600,1600,1599,1599,0,0,0,0
1763969537.6178236,0.0,0.0,31.95,154.87,-0.06312452256679535,0.2157236635684967,0.9743399620056152,-0.011841671541333199,-3.090930938720703,-0.11819128692150116,2.703110694885254,-0.001998085528612137,-0.0008278361055999994,-0.0009620063938200474,0.0,0.0,0.0,0.0,0.0,0.0,-0.588399,0.61781895,10.267562550000001,0.05235987755982989,0.05235987755982989,-0.06981317007977318,-718.0,322.0,-402.0,1600,1600,1599,1599,0,0,0,0
1763969537.6512227,0.0,0.0,31.95,154.87,-0.06312452256679535,0.2157236635684967,0.9743399620056152,-0.011841671541333199,-3.090930938720703,-0.11819128692150116,2.703110694885254,-0.001998085528612137,-0.0008278361055999994,-0.0009620063938200474,0.0,0.0,0.0,0.0,0.0,0.0,-0.588399,0.61781895,10.267562550000001,0.05235987755982989,0.05235987755982989,-0.06981317007977318,-718.0,322.0,-402.0,1600,1600,1599,1599,0,0,0,0
1763969537.6846135,0.0,0.0,31.95,154.87,-0.06312452256679535,0.2157236635684967,0.9743399620056152,-0.011841671541333199,-3.090942144393921,-0.11818063259124756,2.703127861022949,0.00030313292518258095,-0.00047714682295918465,-0.0010028211399912834,0.0,0.0,0.0,0.0,0.0,0.0,-0.588399,0.61781895,10.267562550000001,0.05235987755982989,0.05235987755982989,-0.06981317007977318,-718.0,322.0,-402.0,1600,1600,1599,1599,0,0,0,0
1763969537.7180047,0.0,0.0,31.95,154.87,-0.06311802566051483,0.21571579575538635,0.9743422269821167,-0.01183790061622858,-3.090942144393921,-0.11818063259124756,2.703127861022949,0.00030313292518258095,-0.00047714682295918465,-0.0010028211399912834,0.0,0.0,0.0,0.0,0.0,0.0,-0.588399,0.61781895,10.267562550000001,0.05235987755982989,0.05235987755982989,-0.06981317007977318,-718.0,322.0,-402.0,1600,1600,1599,1599,0,0,0,0
1763969537.7513962,0.0,0.0,31.95,154.87,-0.06311802566051483,0.21571579575538635,0.9743422269821167,-0.01183790061622858,-3.090942144393921,-0.11818063259124756,2.703127861022949,0.00030313292518258095,-0.00047714682295918465,-0.0010028211399912834,0.0,0.0,0.0,0.0,0.0,0.0,-0.588399,0.61781895,10.267562550000001,0.05235987755982989,0.05235987755982989,-0.06981317007977318,-718.0,322.0,-402.0,1600,1600,1599,1599,0,0,0,0
1763969537.7847967,0.0,0.0,31.95,154.87,-0.06311802566051483,0.21571579575538635,0.9743422269821167,-0.01183790061622858,-3.090942144393921,-0.11818063259124756,2.703127861022949,0.00030313292518258095,-0.00047714682295918465,-0.0010028211399912834,0.0,0.0,0.0,0.0,0.0,0.0,-0.59820565,0.6276256,10.267562550000001,0.08726646259971647,0.06981317007977318,-0.06981317007977318,-718.0,322.0,-402.0,1600,1600,1599,1599,0,0,0,0
1763969537.8181884,0.0,0.0,31.95,154.87,-0.06311802566051483,0.21571579575538635,0.9743422269821167,-0.01183790061622858,-3.090942144393921,-0.11818063259124756,2.703127861022949,0.00030313292518258095,-0.00047714682295918465,-0.0010028211399912834,0.0,0.0,0.0,0.0,0.0,0.0,-0.59820565,0.6276256,10.267562550000001,0.08726646259971647,0.06981317007977318,-0.06981317007977318,-718.0,322.0,-402.0,1600,1600,1599,1599,0,0,0,0
1763969537.8515913,0.0,0.0,31.95,154.87,-0.06311802566051483,0.21571579575538635,0.9743422269821167,-0.01183790061622858,-3.090955972671509,-0.11814257502555847,2.7031240463256836,0.0018206234090030193,-0.0016834656707942486,0.0009556186851114035,0.0,0.0,0.0,0.0,0.0,0.0,-0.59820565,0.6276256,10.267562550000001,0.08726646259971647,0.06981317007977318,-0.06981317007977318,-718.0,322.0,-402.0,1600,1600,1599,1599,0,0,0,0
1763969537.8849814,0.0,0.0,31.95,154.87,-0.06311802566051483,0.21571579575538635,0.9743422269821167,-0.01183790061622858,-3.090955972671509,-0.11814257502555847,2.7031240463256836,0.0018206234090030193,-0.0016834656707942486,0.0009556186851114035,0.0,0.0,0.0,0.0,0.0,0.0,-0.59820565,0.6276256,10.267562550000001,0.08726646259971647,0.06981317007977318,-0.06981317007977318,-718.0,322.0,-402.0,1600,1600,1599,1599,0,0,0,0
1763969537.9183853,0.0,0.0,31.95,154.87,-0.06311802566051483,0.21571579575538635,0.9743422269821167,-0.01183790061622858,-3.090955972671509,-0.11814257502555847,2.7031240463256836,0.0018206234090030193,-0.0016834656707942486,0.0009556186851114035,0.0,0.0,0.0,0.0,0.0,0.0,-0.59820565,0.6276256,10.267562550000001,0.08726646259971647,0.06981317007977318,-0.06981317007977318,-718.0,322.0,-402.0,1600,1600,1599,1599,0,0,0,0
1763969537.951778,0.0,0.0,31.95,154.87,-0.06311802566051483,0.21571579575538635,0.9743422269821167,-0.01183790061622858,-3.0911083221435547,-0.11802025139331818,2.703291416168213,7.799221202731133e-05,0.0009149224497377872,0.00039730709977447987,0.0,0.0,0.0,0.0,0.0,0.0,-0.59820565,0.6276256,10.267562550000001,0.08726646259971647,0.06981317007977318,-0.06981317007977318,-718.0,322.0,-402.0,1600,1600,1599,1599,0,0,0,0
1763969537.985208,0.0,0.0,31.95,154.87,-0.06302107870578766,0.21564441919326782,0.9743649363517761,-0.0117796054109931,-3.0911083221435547,-0.11802025139331818,2.703291416168213,7.799221202731133e-05,0.0009149224497377872,0.00039730709977447987,0.0,0.0,0.0,0.0,0.0,0.0,-0.59820565,0.6276256,10.267562550000001,0.08726646259971647,0.06981317007977318,-0.06981317007977318,-718.0,322.0,-402.0,1600,1600,1599,1599,0,0,0,0
1763969538.0186055,0.0,0.0,31.96,154.88,-0.06302107870578766,0.21564441919326782,0.9743649363517761,-0.0117796054109931,-3.0911083221435547,-0.11802025139331818,2.703291416168213,7.799221202731133e-05,0.0009149224497377872,0.00039730709977447987,0.0,0.0,0.0,0.0,0.0,0.0,-0.59820565,0.6276256,10.267562550000001,0.08726646259971647,0.06981317007977318,-0.06981317007977318,-718.0,322.0,-402.0,1600,1600,1599,1599,0,0,0,0
1763969538.0520017,0.0,0.0,31.96,154.88,-0.06302107870578766,0.21564441919326782,0.9743649363517761,-0.0117796054109931,-3.0911083221435547,-0.11802025139331818,2.703291416168213,7.799221202731133e-05,0.0009149224497377872,0.00039730709977447987,0.0,0.0,0.0,0.0,0.0,0.0,-0.59820565,0.6276256,10.267562550000001,0.08726646259971647,0.06981317007977318,-0.06981317007977318,-718.0,322.0,-402.0,1600,1600,1599,1599,0,0,0,0
1763969538.085395,0.0,0.0,31.96,154.88,-0.06302107870578766,0.21564441919326782,0.9743649363517761,-0.0117796054109931,-3.0911083221435547,-0.11802025139331818,2.703291416168213,7.799221202731133e-05,0.0009149224497377872,0.00039730709977447987,0.0,0.0,0.0,0.0,0.0,0.0,-0.5687857000000001,0.61781895,10.2577559,0.08726646259971647,0.08726646259971647,-0.05235987755982989,-719.0,322.0,-404.0,1600,1600,1599,1599,0,0,0,0
1763969538.1187863,0.0,0.0,31.96,154.88,-0.06302107870578766,0.21564441919326782,0.9743649363517761,-0.0117796054109931,-3.091120958328247,-0.11802797764539719,2.7032859325408936,0.00021495716646313667,0.00133831100538373,-6.126496009528637e-05,0.0,0.0,0.0,0.0,0.0,0.0,-0.5687857000000001,0.61781895,10.2577559,0.08726646259971647,0.08726646259971647,-0.05235987755982989,-719.0,322.0,-404.0,1600,1600,1599,1599,0,0,0,0
1763969538.1521904,0.0,0.0,31.96,154.88,-0.06302350014448166,0.21564733982086182,0.9743642807006836,-0.011772394180297852,-3.091120958328247,-0.11802797764539719,2.7032859325408936,0.00021495716646313667,0.00133831100538373,-6.126496009528637e-05,0.0,0.0,0.0,0.0,0.0,0.0,-0.5687857000000001,0.61781895,10.2577559,0.08726646259971647,0.08726646259971647,-0.05235987755982989,-719.0,322.0,-404.0,1600,1600,1599,1599,0,0,0,0
1763969538.1855898,0.0,0.0,31.96,154.88,-0.06302350014448166,0.21564733982086182,0.9743642807006836,-0.011772394180297852,-3.091120958328247,-0.11802797764539719,2.7032859325408936,0.00021495716646313667,0.00133831100538373,-6.126496009528637e-05,0.0,0.0,0.0,0.0,0.0,0.0,-0.5687857000000001,0.61781895,10.2577559,0.08726646259971647,0.08726646259971647,-0.05235987755982989,-719.0,322.0,-404.0,1600,1600,1599,1599,0,0,0,0
1763969538.2189832,0.0,0.0,31.96,154.88,-0.06302350014448166,0.21564733982086182,0.9743642807006836,-0.011772394180297852,-3.0910911560058594,-0.11803875863552094,2.703284740447998,0.00195630406960845,-0.00020658178254961967,-9.003328159451485e-06,0.0,0.0,0.0,0.0,0.0,0.0,-0.5687857000000001,0.61781895,10.2577559,0.08726646259971647,0.08726646259971647,-0.05235987755982989,-719.0,322.0,-404.0,1600,1600,1599,1599,0,0,0,0
1763969538.2523751,0.0,0.0,31.96,154.88,-0.06303198635578156,0.21564680337905884,0.9743636846542358,-0.011785793118178844,-3.0910911560058594,-0.11803875863552094,2.703284740447998,0.00195630406960845,-0.00020658178254961967,-9.003328159451485e-06,0.0,0.0,0.0,0.0,0.0,0.0,-0.5687857000000001,0.61781895,10.2577559,0.08726646259971647,0.08726646259971647,-0.05235987755982989,-719.0,322.0,-404.0,1600,1600,1599,1599,0,0,0,0
1763969538.285767,0.0,0.0,31.95,154.88,-0.06303198635578156,0.21564680337905884,0.9743636846542358,-0.011785793118178844,-3.0910911560058594,-0.11803875863552094,2.703284740447998,0.00195630406960845,-0.00020658178254961967,-9.003328159451485e-06,0.0,0.0,0.0,0.0,0.0,0.0,-0.5687857000000001,0.61781895,10.2577559,0.08726646259971647,0.08726646259971647,-0.05235987755982989,-719.0,322.0,-404.0,1600,1600,1599,1599,0,0,0,0
1763969538.319161,0.0,0.0,31.95,154.88,-0.06303198635578156,0.21564680337905884,0.9743636846542358,-0.011785793118178844,-3.091092824935913,-0.11806188523769379,2.70328426361084,0.0008955528028309345,0.0001529613509774208,-0.0005652257241308689,0.0,0.0,0.0,0.0,0.0,0.0,-0.5687857000000001,0.61781895,10.2577559,0.08726646259971647,0.08726646259971647,-0.05235987755982989,-719.0,322.0,-404.0,1600,1600,1599,1599,0,0,0,0
1763969538.3525507,0.0,0.0,31.95,154.88,-0.06303198635578156,0.21564680337905884,0.9743636846542358,-0.011785793118178844,-3.091092824935913,-0.11806188523769379,2.70328426361084,0.0008955528028309345,0.0001529613509774208,-0.0005652257241308689,0.0,0.0,0.0,0.0,0.0,0.0,-0.5687857000000001,0.61781895,10.2577559,0.08726646259971647,0.08726646259971647,-0.05235987755982989,-719.0,322.0,-404.0,1600,1600,1599,1599,0,0,0,0
1763969538.3859425,0.0,0.0,31.95,154.88,-0.06303198635578156,0.21564680337905884,0.9743636846542358,-0.011785793118178844,-3.091092824935913,-0.11806188523769379,2.70328426361084,0.0008955528028309345,0.0001529613509774208,-0.0005652257241308689,0.0,0.0,0.0,0.0,0.0,0.0,-0.5687857000000001,0.6276256,10.267562550000001,0.10471975511965978,0.06981317007977318,-0.05235987755982989,-715.0,318.0,-405.0,1600,1600,1599,1599,0,0,0,0
1763969538.4193382,0.0,0.0,31.95,154.88,-0.06304305046796799,0.2156466692686081,0.9743630886077881,-0.011782374233007431,-3.091092824935913,-0.11806188523769379,2.70328426361084,0.0008955528028309345,0.0001529613509774208,-0.0005652257241308689,0.0,0.0,0.0,0.0,0.0,0.0,-0.5687857000000001,0.6276256,10.267562550000001,0.10471975511965978,0.06981317007977318,-0.05235987755982989,-715.0,318.0,-405.0,1600,1600,1599,1599,0,0,0,0
1763969538.452733,0.0,0.0,31.95,154.88,-0.06304305046796799,0.2156466692686081,0.9743630886077881,-0.011782374233007431,-3.091092824935913,-0.11806188523769379,2.70328426361084,0.0008955528028309345,0.0001529613509774208,-0.0005652257241308689,0.0,0.0,0.0,0.0,0.0,0.0,-0.5687857000000001,0.6276256,10.267562550000001,0.10471975511965978,0.06981317007977318,-0.05235987755982989,-715.0,318.0,-405.0,1600,1600,1599,1599,0,0,0,0
1763969538.4861243,0.0,0.0,31.95,154.88,-0.06304305046796799,0.2156466692686081,0.9743630886077881,-0.011782374233007431,-3.0910935401916504,-0.11807122826576233,2.7032902240753174,-0.00041978294029831886,-0.00021146750077605247,0.0006407590117305517,0.0,0.0,0.0,0.0,0.0,0.0,-0.5687857000000001,0.6276256,10.267562550000001,0.10471975511965978,0.06981317007977318,-0.05235987755982989,-715.0,318.0,-405.0,1600,1600,1599,1599,0,0,0,0
1763969538.5195196,0.0,0.0,31.95,154.88,-0.06304749846458435,0.21564358472824097,0.974363386631012,-0.011781265959143639,-3.0910935401916504,-0.11807122826576233,2.7032902240753174,-0.00041978294029831886,-0.00021146750077605247,0.0006407590117305517,0.0,0.0,0.0,0.0,0.0,0.0,-0.5687857000000001,0.6276256,10.267562550000001,0.10471975511965978,0.06981317007977318,-0.05235987755982989,-715.0,318.0,-405.0,1600,1600,1599,1599,0,0,0,0
1763969538.552914,0.0,0.0,31.95,154.88,-0.06304749846458435,0.21564358472824097,0.974363386631012,-0.011781265959143639,-3.0910935401916504,-0.11807122826576233,2.7032902240753174,-0.00041978294029831886,-0.00021146750077605247,0.0006407590117305517,0.0,0.0,0.0,0.0,0.0,0.0,-0.5687857000000001,0.6276256,10.267562550000001,0.10471975511965978,0.06981317007977318,-0.05235987755982989,-715.0,318.0,-405.0,1600,1600,1599,1599,0,0,0,0
1763969538.5863144,0.0,0.0,31.95,154.88,-0.06304749846458435,0.21564358472824097,0.974363386631012,-0.011781265959143639,-3.0910935401916504,-0.11807122826576233,2.7032902240753174,-0.00041978294029831886,-0.00021146750077605247,0.0006407590117305517,0.0,0.0,0.0,0.0,0.0,0.0,-0.5687857000000001,0.6276256,10.267562550000001,0.10471975511965978,0.06981317007977318,-0.05235987755982989,-715.0,318.0,-405.0,1600,1600,1599,1599,0,0,0,0
1763969538.6197078,0.0,0.0,31.95,154.88,-0.06304749846458435,0.21564358472824097,0.974363386631012,-0.011781265959143639,-3.0910935401916504,-0.11807122826576233,2.7032902240753174,-0.00041978294029831886,-0.00021146750077605247,0.0006407590117305517,0.0,0.0,0.0,0.0,0.0,0.0,-0.5687857000000001,0.6276256,10.267562550000001,0.10471975511965978,0.06981317007977318,-0.05235987755982989,-715.0,318.0,-405.0,1600,1600,1599,1599,0,0,0,0
1763969538.6530998,0.0,0.0,31.95,154.88,-0.06304749846458435,0.21564358472824097,0.974363386631012,-0.011781265959143639,-3.0914385318756104,-0.1177988275885582,2.7032980918884277,-0.0006094989366829395,-0.0011638524010777473,-0.0009105331264436245,0.0,0.0,0.0,0.0,0.0,0.0,-0.5687857000000001,0.6276256,10.267562550000001,0.10471975511965978,0.06981317007977318,-0.05235987755982989,-715.0,318.0,-405.0,1600,1600,1599,1599,0,0,0,0
1763969538.6864889,0.0,0.0,31.95,154.88,-0.06287768483161926,0.21565571427345276,0.9743733406066895,-0.01164314430207014,-3.0914385318756104,-0.1177988275885582,2.7032980918884277,-0.0006094989366829395,-0.0011638524010777473,-0.0009105331264436245,0.0,0.0,0.0,0.0,0.0,0.0,-0.5687857000000001,0.6276256,10.267562550000001,0.10471975511965978,0.06981317007977318,-0.05235987755982989,-715.0,318.0,-405.0,1600,1600,1599,1599,0,0,0,0
1763969538.7198792,0.0,0.0,31.99,154.88,-0.06287768483161926,0.21565571427345276,0.9743733406066895,-0.01164314430207014,-3.0914385318756104,-0.1177988275885582,2.7032980918884277,-0.0006094989366829395,-0.0011638524010777473,-0.0009105331264436245,0.0,0.0,0.0,0.0,0.0,0.0,-0.5687857000000001,0.6276256,10.267562550000001,0.10471975511965978,0.06981317007977318,-0.05235987755982989,-715.0,318.0,-405.0,1600,1600,1599,1599,0,0,0,0
1763969538.753281,0.0,0.0,31.99,154.88,-0.06287768483161926,0.21565571427345276,0.9743733406066895,-0.01164314430207014,-3.0914385318756104,-0.1177988275885582,2.7032980918884277,-0.0006094989366829395,-0.0011638524010777473,-0.0009105331264436245,0.0,0.0,0.0,0.0,0.0,0.0,-0.5687857000000001,0.6276256,10.267562550000001,0.10471975511965978,0.06981317007977318,-0.05235987755982989,-715.0,318.0,-405.0,1600,1600,1599,1599,0,0,0,0
1763969538.7866743,0.0,0.0,31.99,154.88,-0.06287768483161926,0.21565571427345276,0.9743733406066895,-0.01164314430207014,-3.0914385318756104,-0.1177988275885582,2.7032980918884277,-0.0006094989366829395,-0.0011638524010777473,-0.0009105331264436245,0.0,0.0,0.0,0.0,0.0,0.0,-0.5687857000000001,0.6276256,10.267562550000001,0.10471975511965978,0.06981317007977318,-0.05235987755982989,-715.0,318.0,-405.0,1600,1600,1599,1599,0,0,0,0
1763969538.8200774,0.0,0.0,31.99,154.88,-0.06287768483161926,0.21565571427345276,0.9743733406066895,-0.01164314430207014,-3.0914385318756104,-0.1177988275885582,2.7032980918884277,-0.0006094989366829395,-0.0011638524010777473,-0.0009105331264436245,0.0,0.0,0.0,0.0,0.0,0.0,-0.57859235,0.6276256,10.2577559,0.06981317007977318,0.05235987755982989,-0.06981317007977318,-717.0,316.0,-409.0,1600,1600,1599,1599,0,0,0,0
1763969538.8536315,0.0,0.0,31.99,154.88,-0.06287768483161926,0.21565571427345276,0.9743733406066895,-0.01164314430207014,-3.091452121734619,-0.1177874431014061,2.7032759189605713,-0.00011809589341282845,-7.527787238359451e-05,-0.0006345584988594055,0.0,0.0,0.0,0.0,0.0,0.0,-0.57859235,0.6276256,10.2577559,0.06981317007977318,0.05235987755982989,-0.06981317007977318,-717.0,316.0,-409.0,1600,1600,1599,1599,0,0,0,0
1763969538.8870308,0.0,0.0,31.99,154.88,-0.06287077814340591,0.21566712856292725,0.9743713736534119,-0.011636978015303612,-3.091452121734619,-0.1177874431014061,2.7032759189605713,-0.00011809589341282845,-7.527787238359451e-05,-0.0006345584988594055,0.0,0.0,0.0,0.0,0.0,0.0,-0.57859235,0.6276256,10.2577559,0.06981317007977318,0.05235987755982989,-0.06981317007977318,-717.0,316.0,-409.0,1600,1600,1599,1599,0,0,0,0
1763969538.920434,0.0,0.0,31.93,154.88,-0.06287077814340591,0.21566712856292725,0.9743713736534119,-0.011636978015303612,-3.091452121734619,-0.1177874431014061,2.7032759189605713,-0.00011809589341282845,-7.527787238359451e-05,-0.0006345584988594055,0.0,0.0,0.0,0.0,0.0,0.0,-0.57859235,0.6276256,10.2577559,0.06981317007977318,0.05235987755982989,-0.06981317007977318,-717.0,316.0,-409.0,1600,1600,1599,1599,0,0,0,0
1763969538.9538803,0.0,0.0,31.93,154.88,-0.06287077814340591,0.21566712856292725,0.9743713736534119,-0.011636978015303612,-3.091452121734619,-0.1177874431014061,2.7032759189605713,-0.00011809589341282845,-7.527787238359451e-05,-0.0006345584988594055,0.0,0.0,0.0,0.0,0.0,0.0,-0.57859235,0.6276256,10.2577559,0.06981317007977318,0.05235987755982989,-0.06981317007977318,-717.0,316.0,-409.0,1600,1600,1599,1599,0,0,0,0
1763969538.9874086,0.0,0.0,31.93,154.88,-0.06287077814340591,0.21566712856292725,0.9743713736534119,-0.011636978015303612,-3.091452121734619,-0.1177874431014061,2.7032759189605713,-0.00011809589341282845,-7.527787238359451e-05,-0.0006345584988594055,0.0,0.0,0.0,0.0,0.0,0.0,-0.57859235,0.6276256,10.2577559,0.06981317007977318,0.05235987755982989,-0.06981317007977318,-717.0,316.0,-409.0,1600,1600,1599,1599,0,0,0,0
1763969539.0208127,0.0,0.0,31.93,154.88,-0.06287077814340591,0.21566712856292725,0.9743713736534119,-0.011636978015303612,-3.091452121734619,-0.1177874431014061,2.7032759189605713,-0.00011809589341282845,-7.527787238359451e-05,-0.0006345584988594055,0.0,0.0,0.0,0.0,0.0,0.0,-0.57859235,0.6080123,10.24794925,0.08726646259971647,0.06981317007977318,-0.05235987755982989,-715.0,325.0,-404.0,1600,1600,1599,1599,0,0,0,0
1763969539.0542157,0.0,0.0,31.93,154.88,-0.06287077814340591,0.21566712856292725,0.9743713736534119,-0.011636978015303612,-3.091444492340088,-0.11779894679784775,2.703263282775879,0.0003680204972624779,0.0006344886496663094,-0.00010582874529063702,0.0,0.0,0.0,0.0,0.0,0.0,-0.57859235,0.6080123,10.24794925,0.08726646259971647,0.06981317007977318,-0.05235987755982989,-715.0,325.0,-404.0,1600,1600,1599,1599,0,0,0,0
1763969539.0876198,0.0,0.0,31.93,154.88,-0.06287729740142822,0.2156727910041809,0.9743697047233582,-0.011639140546321869,-3.091444492340088,-0.11779894679784775,2.703263282775879,0.0003680204972624779,0.0006344886496663094,-0.00010582874529063702,0.0,0.0,0.0,0.0,0.0,0.0,-0.57859235,0.6080123,10.24794925,0.08726646259971647,0.06981317007977318,-0.05235987755982989,-715.0,325.0,-404.0,1600,1600,1599,1599,0,0,0,0
1763969539.1210325,0.0,0.0,31.93,154.88,-0.06287729740142822,0.2156727910041809,0.9743697047233582,-0.011639140546321869,-3.091444492340088,-0.11779894679784775,2.703263282775879,0.0003680204972624779,0.0006344886496663094,-0.00010582874529063702,0.0,0.0,0.0,0.0,0.0,0.0,-0.57859235,0.6080123,10.24794925,0.08726646259971647,0.06981317007977318,-0.05235987755982989,-715.0,325.0,-404.0,1600,1600,1599,1599,0,0,0,0
1763969539.1544497,0.0,0.0,31.93,154.88,-0.06287729740142822,0.2156727910041809,0.9743697047233582,-0.011639140546321869,-3.091444492340088,-0.11779894679784775,2.703263282775879,0.0003680204972624779,0.0006344886496663094,-0.00010582874529063702,0.0,0.0,0.0,0.0,0.0,0.0,-0.57859235,0.6080123,10.24794925,0.08726646259971647,0.06981317007977318,-0.05235987755982989,-715.0,325.0,-404.0,1600,1600,1599,1599,0,0,0,0
1763969539.1878438,0.0,0.0,31.93,154.88,-0.06287729740142822,0.2156727910041809,0.9743697047233582,-0.011639140546321869,-3.091444492340088,-0.11779894679784775,2.703263282775879,0.0003680204972624779,0.0006344886496663094,-0.00010582874529063702,0.0,0.0,0.0,0.0,0.0,0.0,-0.55897905,0.6080123,10.24794925,0.08726646259971647,0.08726646259971647,-0.05235987755982989,-715.0,325.0,-404.0,1600,1600,1599,1599,0,0,0,0
1763969539.2212596,0.0,0.0,31.93,154.88,-0.06287729740142822,0.2156727910041809,0.9743697047233582,-0.011639140546321869,-3.091444730758667,-0.11781001091003418,2.7032389640808105,0.0012287739664316177,0.0008034701459109783,-0.0005151021759957075,0.0,0.0,0.0,0.0,0.0,0.0,-0.55897905,0.6080123,10.24794925,0.08726646259971647,0.08726646259971647,-0.05235987755982989,-715.0,325.0,-404.0,1600,1600,1599,1599,0,0,0,0
1763969539.2546577,0.0,0.0,31.93,154.88,-0.06288278847932816,0.21568450331687927,0.9743667840957642,-0.011636968702077866,-3.091444730758667,-0.11781001091003418,2.7032389640808105,0.0012287739664316177,0.0008034701459109783,-0.0005151021759957075,0.0,0.0,0.0,0.0,0.0,0.0,-0.55897905,0.6080123,10.24794925,0.08726646259971647,0.08726646259971647,-0.05235987755982989,-715.0,325.0,-404.0,1600,1600,1599,1599,0,0,0,0
1763969539.2880533,0.0,0.0,31.93,154.88,-0.06288278847932816,0.21568450331687927,0.9743667840957642,-0.011636968702077866,-3.091444730758667,-0.11781001091003418,2.7032389640808105,0.0012287739664316177,0.0008034701459109783,-0.0005151021759957075,0.0,0.0,0.0,0.0,0.0,0.0,-0.55897905,0.6080123,10.24794925,0.08726646259971647,0.08726646259971647,-0.05235987755982989,-715.0,325.0,-404.0,1600,1600,1599,1599,0,0,0,0
1763969539.3214085,0.0,0.0,31.93,154.88,-0.06288278847932816,0.21568450331687927,0.9743667840957642,-0.011636968702077866,-3.091444730758667,-0.11781001091003418,2.7032389640808105,0.0012287739664316177,0.0008034701459109783,-0.0005151021759957075,0.0,0.0,0.0,0.0,0.0,0.0,-0.55897905,0.6080123,10.24794925,0.08726646259971647,0.08726646259971647,-0.05235987755982989,-715.0,325.0,-404.0,1600,1600,1599,1599,0,0,0,0
1763969539.3548107,0.0,0.0,31.93,154.88,-0.06288278847932816,0.21568450331687927,0.9743667840957642,-0.011636968702077866,-3.091444730758667,-0.11781001091003418,2.7032389640808105,0.0012287739664316177,0.0008034701459109783,-0.0005151021759957075,0.0,0.0,0.0,0.0,0.0,0.0,-0.5491724,0.61781895,10.2577559,0.10471975511965978,0.08726646259971647,-0.05235987755982989,-715.0,325.0,-404.0,1600,1600,1599,1599,0,0,0,0
1763969539.3882139,0.0,0.0,31.93,154.88,-0.06287353485822678,0.21568156778812408,0.9743683338165283,-0.011602870188653469,-3.091444730758667,-0.11781001091003418,2.7032389640808105,0.0012287739664316177,0.0008034701459109783,-0.0005151021759957075,0.0,0.0,0.0,0.0,0.0,0.0,-0.5491724,0.61781895,10.2577559,0.10471975511965978,0.08726646259971647,-0.05235987755982989,-715.0,325.0,-404.0,1600,1600,1599,1599,0,0,0,0
1763969539.4216158,0.0,0.0,32.11,154.88,-0.06287353485822678,0.21568156778812408,0.9743683338165283,-0.011602870188653469,-3.091444730758667,-0.11781001091003418,2.7032389640808105,0.0012287739664316177,0.0008034701459109783,-0.0005151021759957075,0.0,0.0,0.0,0.0,0.0,0.0,-0.5491724,0.61781895,10.2577559,0.10471975511965978,0.08726646259971647,-0.05235987755982989,-715.0,325.0,-404.0,1600,1600,1599,1599,0,0,0,0
1763969539.4550192,0.0,0.0,32.11,154.88,-0.06287353485822678,0.21568156778812408,0.9743683338165283,-0.011602870188653469,-3.091527223587036,-0.11778578907251358,2.7032418251037598,-0.00037430087104439735,-0.0008875017520040274,0.0008869958110153675,0.0,0.0,0.0,0.0,0.0,0.0,-0.5491724,0.61781895,10.2577559,0.10471975511965978,0.08726646259971647,-0.05235987755982989,-715.0,325.0,-404.0,1600,1600,1599,1599,0,0,0,0
1763969539.488422,0.0,0.0,32.11,154.88,-0.0628620907664299,0.21568617224693298,0.9743682146072388,-0.011599499732255936,-3.091527223587036,-0.11778578907251358,2.7032418251037598,-0.00037430087104439735,-0.0008875017520040274,0.0008869958110153675,0.0,0.0,0.0,0.0,0.0,0.0,-0.5491724,0.61781895,10.2577559,0.10471975511965978,0.08726646259971647,-0.05235987755982989,-715.0,325.0,-404.0,1600,1600,1599,1599,0,0,0,0
1763969539.5218234,0.0,0.0,32.11,154.88,-0.0628620907664299,0.21568617224693298,0.9743682146072388,-0.011599499732255936,-3.091527223587036,-0.11778578907251358,2.7032418251037598,-0.00037430087104439735,-0.0008875017520040274,0.0008869958110153675,0.0,0.0,0.0,0.0,0.0,0.0,-0.5491724,0.61781895,10.2577559,0.10471975511965978,0.08726646259971647,-0.05235987755982989,-715.0,325.0,-404.0,1600,1600,1599,1599,0,0,0,0
1763969539.555227,0.0,0.0,32.11,154.88,-0.0628620907664299,0.21568617224693298,0.9743682146072388,-0.011599499732255936,-3.091527223587036,-0.11778578907251358,2.7032418251037598,-0.00037430087104439735,-0.0008875017520040274,0.0008869958110153675,0.0,0.0,0.0,0.0,0.0,0.0,-0.5491724,0.61781895,10.2577559,0.10471975511965978,0.08726646259971647,-0.05235987755982989,-715.0,325.0,-404.0,1600,1600,1599,1599,0,0,0,0
1763969539.58863,0.0,0.0,32.11,154.88,-0.0628620907664299,0.21568617224693298,0.9743682146072388,-0.011599499732255936,-3.091527223587036,-0.11778578907251358,2.7032418251037598,-0.00037430087104439735,-0.0008875017520040274,0.0008869958110153675,0.0,0.0,0.0,0.0,0.0,0.0,-0.55897905,0.59820565,10.2577559,0.08726646259971647,0.05235987755982989,-0.03490658503988659,-721.0,320.0,-400.0,1600,1600,1599,1599,0,0,0,0
1763969539.6220279,0.0,0.0,32.11,154.88,-0.0628620907664299,0.21568617224693298,0.9743682146072388,-0.011599499732255936,-3.091524839401245,-0.11777765303850174,2.7032322883605957,-0.0008639493025839329,0.00030231010168790817,0.0006846482865512371,0.0,0.0,0.0,0.0,0.0,0.0,-0.55897905,0.59820565,10.2577559,0.08726646259971647,0.05235987755982989,-0.03490658503988659,-721.0,320.0,-400.0,1600,1600,1599,1599,0,0,0,0
1763969539.6554575,0.0,0.0,32.11,154.88,-0.06285843998193741,0.21569085121154785,0.9743673205375671,-0.011601255275309086,-3.091524839401245,-0.11777765303850174,2.7032322883605957,-0.0008639493025839329,0.00030231010168790817,0.0006846482865512371,0.0,0.0,0.0,0.0,0.0,0.0,-0.55897905,0.59820565,10.2577559,0.08726646259971647,0.05235987755982989,-0.03490658503988659,-721.0,320.0,-400.0,1600,1600,1599,1599,0,0,0,0
1763969539.6888568,0.0,0.0,32.11,154.88,-0.06285843998193741,0.21569085121154785,0.9743673205375671,-0.011601255275309086,-3.091524839401245,-0.11777765303850174,2.7032322883605957,-0.0008639493025839329,0.00030231010168790817,0.0006846482865512371,0.0,0.0,0.0,0.0,0.0,0.0,-0.55897905,0.59820565,10.2577559,0.08726646259971647,0.05235987755982989,-0.03490658503988659,-721.0,320.0,-400.0,1600,1600,1599,1599,0,0,0,0
1763969539.7223346,0.0,0.0,32.11,154.88,-0.06285843998193741,0.21569085121154785,0.9743673205375671,-0.011601255275309086,-3.091524839401245,-0.11777765303850174,2.7032322883605957,-0.0008639493025839329,0.00030231010168790817,0.0006846482865512371,0.0,0.0,0.0,0.0,0.0,0.0,-0.55897905,0.59820565,10.2577559,0.08726646259971647,0.05235987755982989,-0.03490658503988659,-721.0,320.0,-400.0,1600,1600,1599,1599,0,0,0,0
1763969539.75573,0.0,0.0,32.11,154.88,-0.06285843998193741,0.21569085121154785,0.9743673205375671,-0.011601255275309086,-3.091524839401245,-0.11777765303850174,2.7032322883605957,-0.0008639493025839329,0.00030231010168790817,0.0006846482865512371,0.0,0.0,0.0,0.0,0.0,0.0,-0.55897905,0.6080123,10.2577559,0.06981317007977318,0.06981317007977318,-0.03490658503988659,-721.0,320.0,-400.0,1600,1600,1599,1599,0,0,0,0
1763969539.7891214,0.0,0.0,32.11,154.88,-0.06285843998193741,0.21569085121154785,0.9743673205375671,-0.011601255275309086,-3.091498851776123,-0.11779022216796875,2.7032079696655273,0.00041022803634405136,0.0002727811224758625,0.0019454476423561573,0.0,0.0,0.0,0.0,0.0,0.0,-0.55897905,0.6080123,10.2577559,0.06981317007977318,0.06981317007977318,-0.03490658503988659,-721.0,320.0,-400.0,1600,1600,1599,1599,0,0,0,0
1763969539.8225255,0.0,0.0,32.11,154.88,-0.06286749243736267,0.21570166945457458,0.9743642210960388,-0.0116117587313056,-3.091498851776123,-0.11779022216796875,2.7032079696655273,0.00041022803634405136,0.0002727811224758625,0.0019454476423561573,0.0,0.0,0.0,0.0,0.0,0.0,-0.55897905,0.6080123,10.2577559,0.06981317007977318,0.06981317007977318,-0.03490658503988659,-721.0,320.0,-400.0,1600,1600,1599,1599,0,0,0,0
1763969539.8558974,0.0,0.0,31.82,154.88,-0.06286749243736267,0.21570166945457458,0.9743642210960388,-0.0116117587313056,-3.091498851776123,-0.11779022216796875,2.7032079696655273,0.00041022803634405136,0.0002727811224758625,0.0019454476423561573,0.0,0.0,0.0,0.0,0.0,0.0,-0.55897905,0.6080123,10.2577559,0.06981317007977318,0.06981317007977318,-0.03490658503988659,-721.0,320.0,-400.0,1600,1600,1599,1599,0,0,0,0
1763969539.8892994,0.0,0.0,31.82,154.88,-0.06286749243736267,0.21570166945457458,0.9743642210960388,-0.0116117587313056,-3.091498851776123,-0.11779022216796875,2.7032079696655273,0.00041022803634405136,0.0002727811224758625,0.0019454476423561573,0.0,0.0,0.0,0.0,0.0,0.0,-0.55897905,0.6080123,10.2577559,0.06981317007977318,0.06981317007977318,-0.03490658503988659,-721.0,320.0,-400.0,1600,1600,1599,1599,0,0,0,0
1763969539.922699,0.0,0.0,31.82,154.88,-0.06286749243736267,0.21570166945457458,0.9743642210960388,-0.0116117587313056,-3.091498851776123,-0.11779022216796875,2.7032079696655273,0.00041022803634405136,0.0002727811224758625,0.0019454476423561573,0.0,0.0,0.0,0.0,0.0,0.0,-0.55897905,0.61781895,10.24794925,0.08726646259971647,0.06981317007977318,-0.017453292519943295,-719.0,321.0,-405.0,1600,1600,1599,1599,0,0,0,0
1763969539.956095,0.0,0.0,31.82,154.88,-0.06286749243736267,0.21570166945457458,0.9743642210960388,-0.0116117587313056,-3.091498851776123,-0.11779022216796875,2.7032079696655273,0.00041022803634405136,0.0002727811224758625,0.0019454476423561573,0.0,0.0,0.0,0.0,0.0,0.0,-0.55897905,0.61781895,10.24794925,0.08726646259971647,0.06981317007977318,-0.017453292519943295,-719.0,321.0,-405.0,1600,1600,1599,1599,0,0,0,0
1763969539.9894972,0.0,0.0,31.82,154.88,-0.06286749243736267,0.21570166945457458,0.9743642210960388,-0.0116117587313056,-3.091498851776123,-0.11779022216796875,2.7032079696655273,0.00041022803634405136,0.0002727811224758625,0.0019454476423561573,0.0,0.0,0.0,0.0,0.0,0.0,-0.57859235,0.61781895,10.2577559,0.05235987755982989,0.05235987755982989,-0.05235987755982989,-719.0,321.0,-405.0,1600,1600,1599,1599,0,0,0,0
1763969540.022892,0.0,0.0,31.82,154.88,-0.06286749243736267,0.21570166945457458,0.9743642210960388,-0.0116117587313056,-3.091496467590332,-0.11779774725437164,2.703211784362793,0.0008127014152705669,-0.0005950396880507469,0.00022996123880147934,0.0,0.0,0.0,0.0,0.0,0.0,-0.57859235,0.61781895,10.2577559,0.05235987755982989,0.05235987755982989,-0.05235987755982989,-719.0,321.0,-405.0,1600,1600,1599,1599,0,0,0,0
1763969540.056295,0.0,0.0,31.82,154.88,-0.06286749243736267,0.21570166945457458,0.9743642210960388,-0.0116117587313056,-3.091496467590332,-0.11779774725437164,2.703211784362793,0.0008127014152705669,-0.0005950396880507469,0.00022996123880147934,0.0,0.0,0.0,0.0,0.0,0.0,-0.57859235,0.61781895,10.2577559,0.05235987755982989,0.05235987755982989,-0.05235987755982989,-719.0,321.0,-405.0,1600,1600,1599,1599,0,0,0,0
1763969540.0897033,0.0,0.0,31.82,154.88,-0.06287140399217606,0.21569956839084625,0.9743643999099731,-0.011612264439463615,-3.091496467590332,-0.11779774725437164,2.703211784362793,0.0008127014152705669,-0.0005950396880507469,0.00022996123880147934,0.0,0.0,0.0,0.0,0.0,0.0,-0.57859235,0.61781895,10.2577559,0.05235987755982989,0.05235987755982989,-0.05235987755982989,-719.0,321.0,-405.0,1600,1600,1599,1599,0,0,0,0
1763969540.1231046,0.0,0.0,31.82,154.88,-0.06287140399217606,0.21569956839084625,0.9743643999099731,-0.011612264439463615,-3.091496467590332,-0.11779774725437164,2.703211784362793,0.0008127014152705669,-0.0005950396880507469,0.00022996123880147934,0.0,0.0,0.0,0.0,0.0,0.0,-0.57859235,0.61781895,10.2577559,0.05235987755982989,0.05235987755982989,-0.05235987755982989,-719.0,321.0,-405.0,1600,1600,1599,1599,0,0,0,0
1763969540.1564996,0.0,0.0,31.82,154.88,-0.06287140399217606,0.21569956839084625,0.9743643999099731,-0.011612264439463615,-3.091496467590332,-0.11779774725437164,2.703211784362793,0.0008127014152705669,-0.0005950396880507469,0.00022996123880147934,0.0,0.0,0.0,0.0,0.0,0.0,-0.57859235,0.61781895,10.267562550000001,0.10471975511965978,0.05235987755982989,-0.03490658503988659,-719.0,321.0,-405.0,1600,1600,1599,1599,0,0,0,0
1763969540.1898994,0.0,0.0,31.82,154.88,-0.06287140399217606,0.21569956839084625,0.9743643999099731,-0.011612264439463615,-3.091496467590332,-0.11779774725437164,2.703211784362793,0.0008127014152705669,-0.0005950396880507469,0.00022996123880147934,0.0,0.0,0.0,0.0,0.0,0.0,-0.57859235,0.61781895,10.267562550000001,0.10471975511965978,0.05235987755982989,-0.03490658503988659,-719.0,321.0,-405.0,1600,1600,1599,1599,0,0,0,0
1763969540.223308,0.0,0.0,31.82,154.88,-0.06287140399217606,0.21569956839084625,0.9743643999099731,-0.011612264439463615,-3.091555118560791,-0.11769450455904007,2.703160047531128,-0.00020674383267760277,0.0006315140053629875,-0.0003703830298036337,0.0,0.0,0.0,0.0,0.0,0.0,-0.57859235,0.61781895,10.267562550000001,0.10471975511965978,0.05235987755982989,-0.03490658503988659,-719.0,321.0,-405.0,1600,1600,1599,1599,0,0,0,0
1763969540.2567284,0.0,0.0,31.82,154.88,-0.0628151148557663,0.2157285511493683,0.9743618369102478,-0.011593319475650787,-3.091555118560791,-0.11769450455904007,2.703160047531128,-0.00020674383267760277,0.0006315140053629875,-0.0003703830298036337,0.0,0.0,0.0,0.0,0.0,0.0,-0.57859235,0.61781895,10.267562550000001,0.10471975511965978,0.05235987755982989,-0.03490658503988659,-719.0,321.0,-405.0,1600,1600,1599,1599,0,0,0,0
1763969540.2903547,0.0,0.0,32.02,154.87,-0.0628151148557663,0.2157285511493683,0.9743618369102478,-0.011593319475650787,-3.091555118560791,-0.11769450455904007,2.703160047531128,-0.00020674383267760277,0.0006315140053629875,-0.0003703830298036337,0.0,0.0,0.0,0.0,0.0,0.0,-0.57859235,0.61781895,10.267562550000001,0.10471975511965978,0.05235987755982989,-0.03490658503988659,-719.0,321.0,-405.0,1600,1600,1599,1599,0,0,0,0
1763969540.3237824,0.0,0.0,32.02,154.87,-0.0628151148557663,0.2157285511493683,0.9743618369102478,-0.011593319475650787,-3.091555118560791,-0.11769450455904007,2.703160047531128,-0.00020674383267760277,0.0006315140053629875,-0.0003703830298036337,0.0,0.0,0.0,0.0,0.0,0.0,-0.57859235,0.61781895,10.267562550000001,0.10471975511965978,0.05235987755982989,-0.03490658503988659,-719.0,321.0,-405.0,1600,1600,1599,1599,0,0,0,0
1763969540.3571765,0.0,0.0,32.02,154.87,-0.0628151148557663,0.2157285511493683,0.9743618369102478,-0.011593319475650787,-3.091555118560791,-0.11769450455904007,2.703160047531128,-0.00020674383267760277,0.0006315140053629875,-0.0003703830298036337,0.0,0.0,0.0,0.0,0.0,0.0,-0.57859235,0.61781895,10.267562550000001,0.10471975511965978,0.05235987755982989,-0.03490658503988659,-719.0,321.0,-405.0,1600,1600,1599,1599,0,0,0,0
1763969540.3905716,0.0,0.0,32.02,154.87,-0.0628151148557663,0.2157285511493683,0.9743618369102478,-0.011593319475650787,-3.091555118560791,-0.11769450455904007,2.703160047531128,-0.00020674383267760277,0.0006315140053629875,-0.0003703830298036337,0.0,0.0,0.0,0.0,0.0,0.0,-0.5687857000000001,0.6276256,10.2577559,0.08726646259971647,0.08726646259971647,-0.05235987755982989,-717.0,320.0,-406.0,1600,1600,1599,1599,0,0,0,0
1763969540.4239936,0.0,0.0,32.02,154.87,-0.0628151148557663,0.2157285511493683,0.9743618369102478,-0.011593319475650787,-3.0915768146514893,-0.11768360435962677,2.703181028366089,-0.000299748033285141,-0.0002122274599969387,1.928047277033329e-05,0.0,0.0,0.0,0.0,0.0,0.0,-0.5687857000000001,0.6276256,10.2577559,0.08726646259971647,0.08726646259971647,-0.05235987755982989,-717.0,320.0,-406.0,1600,1600,1599,1599,0,0,0,0
1763969540.4573858,0.0,0.0,32.02,154.87,-0.0628073513507843,0.21571917831897736,0.9743645191192627,-0.011584587395191193,-3.0915768146514893,-0.11768360435962677,2.703181028366089,-0.000299748033285141,-0.0002122274599969387,1.928047277033329e-05,0.0,0.0,0.0,0.0,0.0,0.0,-0.5687857000000001,0.6276256,10.2577559,0.08726646259971647,0.08726646259971647,-0.05235987755982989,-717.0,320.0,-406.0,1600,1600,1599,1599,0,0,0,0
1763969540.4907677,0.0,0.0,31.97,154.88,-0.0628073513507843,0.21571917831897736,0.9743645191192627,-0.011584587395191193,-3.0915768146514893,-0.11768360435962677,2.703181028366089,-0.000299748033285141,-0.0002122274599969387,1.928047277033329e-05,0.0,0.0,0.0,0.0,0.0,0.0,-0.5687857000000001,0.6276256,10.2577559,0.08726646259971647,0.08726646259971647,-0.05235987755982989,-717.0,320.0,-406.0,1600,1600,1599,1599,0,0,0,0
1763969540.5241783,0.0,0.0,31.97,154.88,-0.0628073513507843,0.21571917831897736,0.9743645191192627,-0.011584587395191193,-3.0915985107421875,-0.11767784506082535,2.703195333480835,-0.002366496715694666,-0.0003837072290480137,-0.00039667519740760326,0.0,0.0,0.0,0.0,0.0,0.0,-0.5687857000000001,0.6276256,10.2577559,0.08726646259971647,0.08726646259971647,-0.05235987755982989,-717.0,320.0,-406.0,1600,1600,1599,1599,0,0,0,0
1763969540.5575814,0.0,0.0,31.97,154.88,-0.06280214339494705,0.2157130241394043,0.9743663668632507,-0.011575180105865002,-3.0915985107421875,-0.11767784506082535,2.703195333480835,-0.002366496715694666,-0.0003837072290480137,-0.00039667519740760326,0.0,0.0,0.0,0.0,0.0,0.0,-0.5687857000000001,0.6276256,10.2577559,0.08726646259971647,0.08726646259971647,-0.05235987755982989,-717.0,320.0,-406.0,1600,1600,1599,1599,0,0,0,0
1763969540.5909834,0.0,0.0,31.97,154.88,-0.06280214339494705,0.2157130241394043,0.9743663668632507,-0.011575180105865002,-3.0915985107421875,-0.11767784506082535,2.703195333480835,-0.002366496715694666,-0.0003837072290480137,-0.00039667519740760326,0.0,0.0,0.0,0.0,0.0,0.0,-0.5687857000000001,0.6276256,10.2577559,0.08726646259971647,0.08726646259971647,-0.05235987755982989,-717.0,320.0,-406.0,1600,1600,1599,1599,0,0,0,0
1763969540.624403,0.0,0.0,31.97,154.88,-0.06280214339494705,0.2157130241394043,0.9743663668632507,-0.011575180105865002,-3.0915985107421875,-0.11767784506082535,2.703195333480835,-0.002366496715694666,-0.0003837072290480137,-0.00039667519740760326,0.0,0.0,0.0,0.0,0.0,0.0,-0.5687857000000001,0.6276256,10.2577559,0.08726646259971647,0.08726646259971647,-0.05235987755982989,-717.0,320.0,-406.0,1600,1600,1599,1599,0,0,0,0
1763969540.6577969,0.0,0.0,31.97,154.88,-0.06280214339494705,0.2157130241394043,0.9743663668632507,-0.011575180105865002,-3.0915985107421875,-0.11767784506082535,2.703195333480835,-0.002366496715694666,-0.0003837072290480137,-0.00039667519740760326,0.0,0.0,0.0,0.0,0.0,0.0,-0.5687857000000001,0.6276256,10.2577559,0.08726646259971647,0.08726646259971647,-0.05235987755982989,-717.0,320.0,-406.0,1600,1600,1599,1599,0,0,0,0
1763969540.6911893,0.0,0.0,31.97,154.88,-0.06280214339494705,0.2157130241394043,0.9743663668632507,-0.011575180105865002,-3.0915985107421875,-0.11767784506082535,2.703195333480835,-0.002366496715694666,-0.0003837072290480137,-0.00039667519740760326,0.0,0.0,0.0,0.0,0.0,0.0,-0.55897905,0.6080123,10.24794925,0.05235987755982989,0.06981317007977318,-0.05235987755982989,-720.0,315.0,-400.0,1600,1600,1599,1599,0,0,0,0
1763969540.7246037,0.0,0.0,31.97,154.88,-0.06280214339494705,0.2157130241394043,0.9743663668632507,-0.011575180105865002,-3.091606855392456,-0.11767501384019852,2.7032060623168945,-0.00012938212603330612,-0.00037986692041158676,0.00019178865477442741,0.0,0.0,0.0,0.0,0.0,0.0,-0.55897905,0.6080123,10.24794925,0.05235987755982989,0.06981317007977318,-0.05235987755982989,-720.0,315.0,-400.0,1600,1600,1599,1599,0,0,0,0
1763969540.7580028,0.0,0.0,31.97,154.88,-0.06279978156089783,0.21570810675621033,0.974367618560791,-0.011571668088436127,-3.091606855392456,-0.11767501384019852,2.7032060623168945,-0.00012938212603330612,-0.00037986692041158676,0.00019178865477442741,0.0,0.0,0.0,0.0,0.0,0.0,-0.55897905,0.6080123,10.24794925,0.05235987755982989,0.06981317007977318,-0.05235987755982989,-720.0,315.0,-400.0,1600,1600,1599,1599,0,0,0,0
1763969540.7914555,0.0,0.0,31.97,154.88,-0.06279978156089783,0.21570810675621033,0.974367618560791,-0.011571668088436127,-3.091606855392456,-0.11767501384019852,2.7032060623168945,-0.00012938212603330612,-0.00037986692041158676,0.00019178865477442741,0.0,0.0,0.0,0.0,0.0,0.0,-0.55897905,0.6080123,10.24794925,0.05235987755982989,0.06981317007977318,-0.05235987755982989,-720.0,315.0,-400.0,1600,1600,1599,1599,0,0,0,0
1763969540.8249426,0.0,0.0,31.97,154.88,-0.06279978156089783,0.21570810675621033,0.974367618560791,-0.011571668088436127,-3.091606855392456,-0.11767501384019852,2.7032060623168945,-0.00012938212603330612,-0.00037986692041158676,0.00019178865477442741,0.0,0.0,0.0,0.0,0.0,0.0,-0.55897905,0.6080123,10.24794925,0.05235987755982989,0.06981317007977318,-0.05235987755982989,-720.0,315.0,-400.0,1600,1600,1599,1599,0,0,0,0
1763969540.8583472,0.0,0.0,31.97,154.88,-0.06279978156089783,0.21570810675621033,0.974367618560791,-0.011571668088436127,-3.091606855392456,-0.11767501384019852,2.7032060623168945,-0.00012938212603330612,-0.00037986692041158676,0.00019178865477442741,0.0,0.0,0.0,0.0,0.0,0.0,-0.55897905,0.6080123,10.24794925,0.05235987755982989,0.06981317007977318,-0.05235987755982989,-720.0,315.0,-400.0,1600,1600,1599,1599,0,0,0,0
1763969540.891748,0.0,0.0,31.97,154.88,-0.06279978156089783,0.21570810675621033,0.974367618560791,-0.011571668088436127,-3.091606855392456,-0.11767501384019852,2.7032060623168945,-0.00012938212603330612,-0.00037986692041158676,0.00019178865477442741,0.0,0.0,0.0,0.0,0.0,0.0,-0.55897905,0.6080123,10.24794925,0.08726646259971647,0.06981317007977318,-0.03490658503988659,-720.0,315.0,-400.0,1600,1600,1599,1599,0,0,0,0
1763969540.925184,0.0,0.0,31.97,154.88,-0.06279978156089783,0.21570810675621033,0.974367618560791,-0.011571668088436127,-3.091604471206665,-0.1176639050245285,2.7032153606414795,0.000881898682564497,0.00020531471818685532,1.1879485100507736e-05,0.0,0.0,0.0,0.0,0.0,0.0,-0.55897905,0.6080123,10.24794925,0.08726646259971647,0.06981317007977318,-0.03490658503988659,-720.0,315.0,-400.0,1600,1600,1599,1599,0,0,0,0
1763969540.9585981,0.0,0.0,31.97,154.88,-0.06279458850622177,0.21570368111133575,0.9743689894676208,-0.011574403382837772,-3.091604471206665,-0.1176639050245285,2.7032153606414795,0.000881898682564497,0.00020531471818685532,1.1879485100507736e-05,0.0,0.0,0.0,0.0,0.0,0.0,-0.55897905,0.6080123,10.24794925,0.08726646259971647,0.06981317007977318,-0.03490658503988659,-720.0,315.0,-400.0,1600,1600,1599,1599,0,0,0,0
1763969540.9920013,0.0,0.0,31.95,154.88,-0.06279458850622177,0.21570368111133575,0.9743689894676208,-0.011574403382837772,-3.091604471206665,-0.1176639050245285,2.7032153606414795,0.000881898682564497,0.00020531471818685532,1.1879485100507736e-05,0.0,0.0,0.0,0.0,0.0,0.0,-0.55897905,0.6080123,10.24794925,0.08726646259971647,0.06981317007977318,-0.03490658503988659,-720.0,315.0,-400.0,1600,1600,1599,1599,0,0,0,0
1763969541.0254085,0.0,0.0,31.95,154.88,-0.06279458850622177,0.21570368111133575,0.9743689894676208,-0.011574403382837772,-3.091604471206665,-0.1176639050245285,2.7032153606414795,0.000881898682564497,0.00020531471818685532,1.1879485100507736e-05,0.0,0.0,0.0,0.0,0.0,0.0,-0.55897905,0.6080123,10.24794925,0.08726646259971647,0.06981317007977318,-0.03490658503988659,-720.0,315.0,-400.0,1600,1600,1599,1599,0,0,0,0
1763969541.0587692,0.0,0.0,31.95,154.88,-0.06279458850622177,0.21570368111133575,0.9743689894676208,-0.011574403382837772,-3.091604471206665,-0.1176639050245285,2.7032153606414795,0.000881898682564497,0.00020531471818685532,1.1879485100507736e-05,0.0,0.0,0.0,0.0,0.0,0.0,-0.55897905,0.6080123,10.24794925,0.08726646259971647,0.06981317007977318,-0.03490658503988659,-720.0,315.0,-400.0,1600,1600,1599,1599,0,0,0,0
1763969541.0921624,0.0,0.0,31.95,154.88,-0.06279458850622177,0.21570368111133575,0.9743689894676208,-0.011574403382837772,-3.091604471206665,-0.1176639050245285,2.7032153606414795,0.000881898682564497,0.00020531471818685532,1.1879485100507736e-05,0.0,0.0,0.0,0.0,0.0,0.0,-0.5687857000000001,0.61781895,10.24794925,0.10471975511965978,0.06981317007977318,-0.05235987755982989,-718.0,318.0,-407.0,1600,1600,1599,1599,0,0,0,0
1763969541.1255815,0.0,0.0,31.95,154.88,-0.06279458850622177,0.21570368111133575,0.9743689894676208,-0.011574403382837772,-3.0916738510131836,-0.11771709471940994,2.7033157348632812,0.00013842293992638588,-0.0008305152878165245,0.00016225199215114117,0.0,0.0,0.0,0.0,0.0,0.0,-0.5687857000000001,0.61781895,10.24794925,0.10471975511965978,0.06981317007977318,-0.05235987755982989,-718.0,318.0,-407.0,1600,1600,1599,1599,0,0,0,0
1763969541.158984,0.0,0.0,31.95,154.88,-0.06281241774559021,0.21565596759319305,0.9743788242340088,-0.011537882499396801,-3.0916738510131836,-0.11771709471940994,2.7033157348632812,0.00013842293992638588,-0.0008305152878165245,0.00016225199215114117,0.0,0.0,0.0,0.0,0.0,0.0,-0.5687857000000001,0.61781895,10.24794925,0.10471975511965978,0.06981317007977318,-0.05235987755982989,-718.0,318.0,-407.0,1600,1600,1599,1599,0,0,0,0
1763969541.1923897,0.0,0.0,32.16,154.88,-0.06281241774559021,0.21565596759319305,0.9743788242340088,-0.011537882499396801,-3.0916738510131836,-0.11771709471940994,2.7033157348632812,0.00013842293992638588,-0.0008305152878165245,0.00016225199215114117,0.0,0.0,0.0,0.0,0.0,0.0,-0.5687857000000001,0.61781895,10.24794925,0.10471975511965978,0.06981317007977318,-0.05235987755982989,-718.0,318.0,-407.0,1600,1600,1599,1599,0,0,0,0
1763969541.225796,0.0,0.0,32.16,154.88,-0.06281241774559021,0.21565596759319305,0.9743788242340088,-0.011537882499396801,-3.0916738510131836,-0.11771709471940994,2.7033157348632812,0.00013842293992638588,-0.0008305152878165245,0.00016225199215114117,0.0,0.0,0.0,0.0,0.0,0.0,-0.5687857000000001,0.61781895,10.24794925,0.10471975511965978,0.06981317007977318,-0.05235987755982989,-718.0,318.0,-407.0,1600,1600,1599,1599,0,0,0,0
1763969541.259201,0.0,0.0,32.16,154.88,-0.06281241774559021,0.21565596759319305,0.9743788242340088,-0.011537882499396801,-3.0916738510131836,-0.11771709471940994,2.7033157348632812,0.00013842293992638588,-0.0008305152878165245,0.00016225199215114117,0.0,0.0,0.0,0.0,0.0,0.0,-0.5687857000000001,0.61781895,10.24794925,0.10471975511965978,0.06981317007977318,-0.05235987755982989,-718.0,318.0,-407.0,1600,1600,1599,1599,0,0,0,0
1763969541.2926073,0.0,0.0,32.16,154.88,-0.06281241774559021,0.21565596759319305,0.9743788242340088,-0.011537882499396801,-3.0916738510131836,-0.11771709471940994,2.7033157348632812,0.00013842293992638588,-0.0008305152878165245,0.00016225199215114117,0.0,0.0,0.0,0.0,0.0,0.0,-0.55897905,0.61781895,10.24794925,0.08726646259971647,0.05235987755982989,-0.03490658503988659,-716.0,320.0,-402.0,1600,1600,1599,1599,0,0,0,0
1763969541.3260155,0.0,0.0,32.16,154.88,-0.06281241774559021,0.21565596759319305,0.9743788242340088,-0.011537882499396801,-3.091671943664551,-0.11773335933685303,2.7033133506774902,0.00034354813396930695,9.237928315997124e-05,0.0005364392418414354,0.0,0.0,0.0,0.0,0.0,0.0,-0.55897905,0.61781895,10.24794925,0.08726646259971647,0.05235987755982989,-0.03490658503988659,-716.0,320.0,-402.0,1600,1600,1599,1599,0,0,0,0
1763969541.3594224,0.0,0.0,32.16,154.88,-0.06282058358192444,0.2156568318605423,0.9743781089782715,-0.011537046171724796,-3.091671943664551,-0.11773335933685303,2.7033133506774902,0.00034354813396930695,9.237928315997124e-05,0.0005364392418414354,0.0,0.0,0.0,0.0,0.0,0.0,-0.55897905,0.61781895,10.24794925,0.08726646259971647,0.05235987755982989,-0.03490658503988659,-716.0,320.0,-402.0,1600,1600,1599,1599,0,0,0,0
1763969541.3928297,0.0,0.0,32.16,154.88,-0.06282058358192444,0.2156568318605423,0.9743781089782715,-0.011537046171724796,-3.091671943664551,-0.11773335933685303,2.7033133506774902,0.00034354813396930695,9.237928315997124e-05,0.0005364392418414354,0.0,0.0,0.0,0.0,0.0,0.0,-0.55897905,0.61781895,10.24794925,0.08726646259971647,0.05235987755982989,-0.03490658503988659,-716.0,320.0,-402.0,1600,1600,1599,1599,0,0,0,0
1763969541.4262626,0.0,0.0,32.16,154.88,-0.06282058358192444,0.2156568318605423,0.9743781089782715,-0.011537046171724796,-3.091671943664551,-0.11773335933685303,2.7033133506774902,0.00034354813396930695,9.237928315997124e-05,0.0005364392418414354,0.0,0.0,0.0,0.0,0.0,0.0,-0.55897905,0.61781895,10.24794925,0.08726646259971647,0.05235987755982989,-0.03490658503988659,-716.0,320.0,-402.0,1600,1600,1599,1599,0,0,0,0
1763969541.4596548,0.0,0.0,32.16,154.88,-0.06282058358192444,0.2156568318605423,0.9743781089782715,-0.011537046171724796,-3.091671943664551,-0.11773335933685303,2.7033133506774902,0.00034354813396930695,9.237928315997124e-05,0.0005364392418414354,0.0,0.0,0.0,0.0,0.0,0.0,-0.55897905,0.61781895,10.24794925,0.08726646259971647,0.05235987755982989,-0.03490658503988659,-716.0,320.0,-402.0,1600,1600,1599,1599,0,0,0,0
1763969541.493061,0.0,0.0,32.16,154.88,-0.06282058358192444,0.2156568318605423,0.9743781089782715,-0.011537046171724796,-3.091671943664551,-0.11773335933685303,2.7033133506774902,0.00034354813396930695,9.237928315997124e-05,0.0005364392418414354,0.0,0.0,0.0,0.0,0.0,0.0,-0.5687857000000001,0.61781895,10.24794925,0.08726646259971647,0.06981317007977318,-0.03490658503988659,-716.0,320.0,-402.0,1600,1600,1599,1599,0,0,0,0
1763969541.5266132,0.0,0.0,32.16,154.88,-0.06282058358192444,0.2156568318605423,0.9743781089782715,-0.011537046171724796,-3.09165358543396,-0.11773800849914551,2.703305721282959,0.0013260142877697945,7.1553513407707214e-06,-0.000633621122688055,0.0,0.0,0.0,0.0,0.0,0.0,-0.5687857000000001,0.61781895,10.24794925,0.08726646259971647,0.06981317007977318,-0.03490658503988659,-716.0,320.0,-402.0,1600,1600,1599,1599,0,0,0,0
1763969541.560032,0.0,0.0,32.16,154.88,-0.06282485276460648,0.21565979719161987,0.9743770360946655,-0.01154516264796257,-3.09165358543396,-0.11773800849914551,2.703305721282959,0.0013260142877697945,7.1553513407707214e-06,-0.000633621122688055,0.0,0.0,0.0,0.0,0.0,0.0,-0.5687857000000001,0.61781895,10.24794925,0.08726646259971647,0.06981317007977318,-0.03490658503988659,-716.0,320.0,-402.0,1600,1600,1599,1599,0,0,0,0
1763969541.5934393,0.0,0.0,32.16,154.88,-0.06282485276460648,0.21565979719161987,0.9743770360946655,-0.01154516264796257,-3.09165358543396,-0.11773800849914551,2.703305721282959,0.0013260142877697945,7.1553513407707214e-06,-0.000633621122688055,0.0,0.0,0.0,0.0,0.0,0.0,-0.5687857000000001,0.61781895,10.24794925,0.08726646259971647,0.06981317007977318,-0.03490658503988659,-716.0,320.0,-402.0,1600,1600,1599,1599,0,0,0,0
1763969541.6268775,0.0,0.0,32.16,154.88,-0.06282485276460648,0.21565979719161987,0.9743770360946655,-0.01154516264796257,-3.09165358543396,-0.11773800849914551,2.703305721282959,0.0013260142877697945,7.1553513407707214e-06,-0.000633621122688055,0.0,0.0,0.0,0.0,0.0,0.0,-0.5687857000000001,0.61781895,10.24794925,0.08726646259971647,0.06981317007977318,-0.03490658503988659,-716.0,320.0,-402.0,1600,1600,1599,1599,0,0,0,0
1763969541.6602774,0.0,0.0,32.16,154.88,-0.06282485276460648,0.21565979719161987,0.9743770360946655,-0.01154516264796257,-3.09165358543396,-0.11773800849914551,2.703305721282959,0.0013260142877697945,7.1553513407707214e-06,-0.000633621122688055,0.0,0.0,0.0,0.0,0.0,0.0,-0.5687857000000001,0.61781895,10.24794925,0.08726646259971647,0.06981317007977318,-0.03490658503988659,-716.0,320.0,-402.0,1600,1600,1599,1599,0,0,0,0
1763969541.693672,0.0,0.0,32.16,154.88,-0.06282485276460648,0.21565979719161987,0.9743770360946655,-0.01154516264796257,-3.09165358543396,-0.11773800849914551,2.703305721282959,0.0013260142877697945,7.1553513407707214e-06,-0.000633621122688055,0.0,0.0,0.0,0.0,0.0,0.0,-0.5687857000000001,0.61781895,10.24794925,0.10471975511965978,0.06981317007977318,-0.05235987755982989,-716.0,320.0,-402.0,1600,1600,1599,1599,0,0,0,0
1763969541.7270885,0.0,0.0,32.16,154.88,-0.06282485276460648,0.21565979719161987,0.9743770360946655,-0.01154516264796257,-3.0916495323181152,-0.11776609718799591,2.7032904624938965,0.0007098829373717308,0.0010723709128797054,0.0010380935855209827,0.0,0.0,0.0,0.0,0.0,0.0,-0.5687857000000001,0.61781895,10.24794925,0.10471975511965978,0.06981317007977318,-0.05235987755982989,-716.0,320.0,-402.0,1600,1600,1599,1599,0,0,0,0
1763969541.7604952,0.0,0.0,32.16,154.88,-0.0628390684723854,0.21566663682460785,0.9743745923042297,-0.011543678119778633,-3.0916495323181152,-0.11776609718799591,2.7032904624938965,0.0007098829373717308,0.0010723709128797054,0.0010380935855209827,0.0,0.0,0.0,0.0,0.0,0.0,-0.5687857000000001,0.61781895,10.24794925,0.10471975511965978,0.06981317007977318,-0.05235987755982989,-716.0,320.0,-402.0,1600,1600,1599,1599,0,0,0,0
1763969541.793892,0.0,0.0,31.91,154.88,-0.0628390684723854,0.21566663682460785,0.9743745923042297,-0.011543678119778633,-3.0916495323181152,-0.11776609718799591,2.7032904624938965,0.0007098829373717308,0.0010723709128797054,0.0010380935855209827,0.0,0.0,0.0,0.0,0.0,0.0,-0.5687857000000001,0.61781895,10.24794925,0.10471975511965978,0.06981317007977318,-0.05235987755982989,-716.0,320.0,-402.0,1600,1600,1599,1599,0,0,0,0
1763969541.8273299,0.0,0.0,31.91,154.88,-0.0628390684723854,0.21566663682460785,0.9743745923042297,-0.011543678119778633,-3.0916495323181152,-0.11776609718799591,2.7032904624938965,0.0007098829373717308,0.0010723709128797054,0.0010380935855209827,0.0,0.0,0.0,0.0,0.0,0.0,-0.5687857000000001,0.61781895,10.24794925,0.10471975511965978,0.06981317007977318,-0.05235987755982989,-716.0,320.0,-402.0,1600,1600,1599,1599,0,0,0,0
1763969541.8607304,0.0,0.0,31.91,154.88,-0.0628390684723854,0.21566663682460785,0.9743745923042297,-0.011543678119778633,-3.0916495323181152,-0.11776609718799591,2.7032904624938965,0.0007098829373717308,0.0010723709128797054,0.0010380935855209827,0.0,0.0,0.0,0.0,0.0,0.0,-0.5687857000000001,0.61781895,10.24794925,0.10471975511965978,0.06981317007977318,-0.05235987755982989,-716.0,320.0,-402.0,1600,1600,1599,1599,0,0,0,0
1763969541.8941433,0.0,0.0,31.91,154.88,-0.0628390684723854,0.21566663682460785,0.9743745923042297,-0.011543678119778633,-3.0916495323181152,-0.11776609718799591,2.7032904624938965,0.0007098829373717308,0.0010723709128797054,0.0010380935855209827,0.0,0.0,0.0,0.0,0.0,0.0,-0.53936575,0.6080123,10.24794925,0.10471975511965978,0.08726646259971647,-0.03490658503988659,-718.0,320.0,-404.0,1600,1600,1599,1599,0,0,0,0
1763969541.927589,0.0,0.0,31.91,154.88,-0.0628390684723854,0.21566663682460785,0.9743745923042297,-0.011543678119778633,-3.091500997543335,-0.11793465912342072,2.7033305168151855,-0.00028733769431710243,-0.0007362351752817631,0.0003171165008097887,0.0,0.0,0.0,0.0,0.0,0.0,-0.53936575,0.6080123,10.24794925,0.10471975511965978,0.08726646259971647,-0.03490658503988659,-718.0,320.0,-404.0,1600,1600,1599,1599,0,0,0,0
1763969541.9609902,0.0,0.0,31.91,154.88,-0.06293688714504242,0.2156393676996231,0.9743736982345581,-0.011598826386034489,-3.091500997543335,-0.11793465912342072,2.7033305168151855,-0.00028733769431710243,-0.0007362351752817631,0.0003171165008097887,0.0,0.0,0.0,0.0,0.0,0.0,-0.53936575,0.6080123,10.24794925,0.10471975511965978,0.08726646259971647,-0.03490658503988659,-718.0,320.0,-404.0,1600,1600,1599,1599,0,0,0,0
1763969541.9943974,0.0,0.0,32.07,154.88,-0.06293688714504242,0.2156393676996231,0.9743736982345581,-0.011598826386034489,-3.091500997543335,-0.11793465912342072,2.7033305168151855,-0.00028733769431710243,-0.0007362351752817631,0.0003171165008097887,0.0,0.0,0.0,0.0,0.0,0.0,-0.53936575,0.6080123,10.24794925,0.10471975511965978,0.08726646259971647,-0.03490658503988659,-718.0,320.0,-404.0,1600,1600,1599,1599,0,0,0,0
1763969542.0278015,0.0,0.0,32.07,154.88,-0.06293688714504242,0.2156393676996231,0.9743736982345581,-0.011598826386034489,-3.091500997543335,-0.11793465912342072,2.7033305168151855,-0.00028733769431710243,-0.0007362351752817631,0.0003171165008097887,0.0,0.0,0.0,0.0,0.0,0.0,-0.53936575,0.6080123,10.24794925,0.10471975511965978,0.08726646259971647,-0.03490658503988659,-718.0,320.0,-404.0,1600,1600,1599,1599,0,0,0,0
1763969542.0612411,0.0,0.0,32.07,154.88,-0.06293688714504242,0.2156393676996231,0.9743736982345581,-0.011598826386034489,-3.091500997543335,-0.11793465912342072,2.7033305168151855,-0.00028733769431710243,-0.0007362351752817631,0.0003171165008097887,0.0,0.0,0.0,0.0,0.0,0.0,-0.5687857000000001,0.61781895,10.2577559,0.08726646259971647,0.05235987755982989,-0.03490658503988659,-719.0,322.0,-406.0,1600,1600,1599,1599,0,0,0,0
1763969542.0946422,0.0,0.0,32.07,154.88,-0.06293688714504242,0.2156393676996231,0.9743736982345581,-0.011598826386034489,-3.091500997543335,-0.11793465912342072,2.7033305168151855,-0.00028733769431710243,-0.0007362351752817631,0.0003171165008097887,0.0,0.0,0.0,0.0,0.0,0.0,-0.5687857000000001,0.61781895,10.2577559,0.08726646259971647,0.05235987755982989,-0.03490658503988659,-719.0,322.0,-406.0,1600,1600,1599,1599,0,0,0,0
1763969542.1280477,0.0,0.0,32.07,154.88,-0.06293688714504242,0.2156393676996231,0.9743736982345581,-0.011598826386034489,-3.091500997543335,-0.11793465912342072,2.7033305168151855,-0.00028733769431710243,-0.0007362351752817631,0.0003171165008097887,0.0,0.0,0.0,0.0,0.0,0.0,-0.5687857000000001,0.61781895,10.2577559,0.08726646259971647,0.05235987755982989,-0.03490658503988659,-719.0,322.0,-406.0,1600,1600,1599,1599,0,0,0,0
1763969542.1614609,0.0,0.0,32.07,154.88,-0.06293688714504242,0.2156393676996231,0.9743736982345581,-0.011598826386034489,-3.091500997543335,-0.11793465912342072,2.7033305168151855,-0.00028733769431710243,-0.0007362351752817631,0.0003171165008097887,0.0,0.0,0.0,0.0,0.0,0.0,-0.5687857000000001,0.61781895,10.2577559,0.08726646259971647,0.05235987755982989,-0.03490658503988659,-719.0,322.0,-406.0,1600,1600,1599,1599,0,0,0,0
1763969542.19487,0.0,0.0,32.07,154.88,-0.06293688714504242,0.2156393676996231,0.9743736982345581,-0.011598826386034489,-3.091491460800171,-0.11792619526386261,2.7033073902130127,0.0013082809746265411,-0.0005670725367963314,-3.631715662777424e-05,0.0,0.0,0.0,0.0,0.0,0.0,-0.5687857000000001,0.61781895,10.2577559,0.08726646259971647,0.05235987755982989,-0.03490658503988659,-719.0,322.0,-406.0,1600,1600,1599,1599,0,0,0,0
1763969542.228283,0.0,0.0,32.07,154.88,-0.06293393671512604,0.21565043926239014,0.9743713736534119,-0.011603755876421928,-3.091491460800171,-0.11792619526386261,2.7033073902130127,0.0013082809746265411,-0.0005670725367963314,-3.631715662777424e-05,0.0,0.0,0.0,0.0,0.0,0.0,-0.5687857000000001,0.61781895,10.2577559,0.08726646259971647,0.05235987755982989,-0.03490658503988659,-719.0,322.0,-406.0,1600,1600,1599,1599,0,0,0,0
1763969542.2616894,0.0,0.0,31.88,154.88,-0.06293393671512604,0.21565043926239014,0.9743713736534119,-0.011603755876421928,-3.091491460800171,-0.11792619526386261,2.7033073902130127,0.0013082809746265411,-0.0005670725367963314,-3.631715662777424e-05,0.0,0.0,0.0,0.0,0.0,0.0,-0.5687857000000001,0.61781895,10.2577559,0.08726646259971647,0.05235987755982989,-0.03490658503988659,-719.0,322.0,-406.0,1600,1600,1599,1599,0,0,0,0
1763969542.2951024,0.0,0.0,31.88,154.88,-0.06293393671512604,0.21565043926239014,0.9743713736534119,-0.011603755876421928,-3.091491460800171,-0.11792619526386261,2.7033073902130127,0.0013082809746265411,-0.0005670725367963314,-3.631715662777424e-05,0.0,0.0,0.0,0.0,0.0,0.0,-0.5687857000000001,0.61781895,10.2577559,0.08726646259971647,0.05235987755982989,-0.03490658503988659,-719.0,322.0,-406.0,1600,1600,1599,1599,0,0,0,0
1763969542.3285313,0.0,0.0,31.88,154.88,-0.06293393671512604,0.21565043926239014,0.9743713736534119,-0.011603755876421928,-3.091491460800171,-0.11792619526386261,2.7033073902130127,0.0013082809746265411,-0.0005670725367963314,-3.631715662777424e-05,0.0,0.0,0.0,0.0,0.0,0.0,-0.57859235,0.6276256,10.24794925,0.10471975511965978,0.05235987755982989,-0.05235987755982989,-721.0,327.0,-402.0,1600,1600,1599,1599,0,0,0,0
1763969542.3619378,0.0,0.0,31.88,154.88,-0.06293393671512604,0.21565043926239014,0.9743713736534119,-0.011603755876421928,-3.0915164947509766,-0.11792369931936264,2.7032814025878906,-0.0008418331854045391,0.0013875644654035568,0.0007854460272938013,0.0,0.0,0.0,0.0,0.0,0.0,-0.57859235,0.6276256,10.24794925,0.10471975511965978,0.05235987755982989,-0.05235987755982989,-721.0,327.0,-402.0,1600,1600,1599,1599,0,0,0,0
1763969542.3954735,0.0,0.0,31.88,154.88,-0.0629301592707634,0.21566393971443176,0.9743687510490417,-0.011590915732085705,-3.0915164947509766,-0.11792369931936264,2.7032814025878906,-0.0008418331854045391,0.0013875644654035568,0.0007854460272938013,0.0,0.0,0.0,0.0,0.0,0.0,-0.57859235,0.6276256,10.24794925,0.10471975511965978,0.05235987755982989,-0.05235987755982989,-721.0,327.0,-402.0,1600,1600,1599,1599,0,0,0,0
1763969542.4289298,0.0,0.0,31.88,154.88,-0.0629301592707634,0.21566393971443176,0.9743687510490417,-0.011590915732085705,-3.0915164947509766,-0.11792369931936264,2.7032814025878906,-0.0008418331854045391,0.0013875644654035568,0.0007854460272938013,0.0,0.0,0.0,0.0,0.0,0.0,-0.57859235,0.6276256,10.24794925,0.10471975511965978,0.05235987755982989,-0.05235987755982989,-721.0,327.0,-402.0,1600,1600,1599,1599,0,0,0,0
