timestamp,lat,lon,alt,heading,qx,qy,qz,qw,roll,pitch,yaw,roll_rate,pitch_rate,yaw_rate,x,y,z,vx,vy,vz,ax,ay,az,gx,gy,gz,mx,my,mz,servo1_raw,servo2_raw,servo3_raw,servo4_raw,servo5_raw,servo6_raw,servo7_raw,servo8_raw
1763969188.1117823,0.0,0.0,31.94,154.9,-0.06373129040002823,0.21545752882957458,0.974355936050415,-0.01211597491055727,-3.09016752243042,-0.11926472187042236,2.7035796642303467,0.0005829776637256145,-0.0006275069899857044,-0.001279051648452878,0.0,0.0,0.0,0.0,0.0,0.0,-0.59820565,0.63743225,10.267562550000001,0.10471975511965978,0.06981317007977318,-0.05235987755982989,-718.0,319.0,-404.0,1600,1600,1599,1599,0,0,0,0
1763969188.1452117,0.0,0.0,31.94,154.9,-0.0637265145778656,0.2154506891965866,0.9743579030036926,-0.012111318297684193,-3.09016752243042,-0.11926472187042236,2.7035796642303467,0.0005829776637256145,-0.0006275069899857044,-0.001279051648452878,0.0,0.0,0.0,0.0,0.0,0.0,-0.59820565,0.63743225,10.267562550000001,0.10471975511965978,0.06981317007977318,-0.05235987755982989,-718.0,319.0,-404.0,1600,1600,1599,1599,0,0,0,0
1763969188.178607,0.0,0.0,31.94,154.9,-0.0637265145778656,0.2154506891965866,0.9743579030036926,-0.012111318297684193,-3.09016752243042,-0.11926472187042236,2.7035796642303467,0.0005829776637256145,-0.0006275069899857044,-0.001279051648452878,0.0,0.0,0.0,0.0,0.0,0.0,-0.59820565,0.63743225,10.267562550000001,0.10471975511965978,0.06981317007977318,-0.05235987755982989,-718.0,319.0,-404.0,1600,1600,1599,1599,0,0,0,0
1763969188.2120078,0.0,0.0,31.94,154.9,-0.0637265145778656,0.2154506891965866,0.9743579030036926,-0.012111318297684193,-3.09016752243042,-0.11926472187042236,2.7035796642303467,0.0005829776637256145,-0.0006275069899857044,-0.001279051648452878,0.0,0.0,0.0,0.0,0.0,0.0,-0.59820565,0.63743225,10.267562550000001,0.10471975511965978,0.06981317007977318,-0.05235987755982989,-718.0,319.0,-404.0,1600,1600,1599,1599,0,0,0,0
1763969188.2454014,0.0,0.0,31.94,154.9,-0.0637265145778656,0.2154506891965866,0.9743579030036926,-0.012111318297684193,-3.09016752243042,-0.11926472187042236,2.7035796642303467,0.0005829776637256145,-0.0006275069899857044,-0.001279051648452878,0.0,0.0,0.0,0.0,0.0,0.0,-0.59820565,0.63743225,10.267562550000001,0.10471975511965978,0.06981317007977318,-0.05235987755982989,-718.0,319.0,-404.0,1600,1600,1599,1599,0,0,0,0
1763969188.2787607,0.0,0.0,31.94,154.9,-0.0637265145778656,0.2154506891965866,0.9743579030036926,-0.012111318297684193,-3.09016752243042,-0.11926472187042236,2.7035796642303467,0.0005829776637256145,-0.0006275069899857044,-0.001279051648452878,0.0,0.0,0.0,0.0,0.0,0.0,-0.588399,0.6472389000000001,10.267562550000001,0.10471975511965978,0.06981317007977318,-0.06981317007977318,-718.0,319.0,-404.0,1600,1600,1599,1599,0,0,0,0
1763969188.3121617,0.0,0.0,31.94,154.9,-0.0637265145778656,0.2154506891965866,0.9743579030036926,-0.012111318297684193,-3.090183973312378,-0.11925408244132996,2.703606605529785,0.0004470548592507839,0.0002959026023745537,-0.00138943106867373,0.0,0.0,0.0,0.0,0.0,0.0,-0.588399,0.6472389000000001,10.267562550000001,0.10471975511965978,0.06981317007977318,-0.06981317007977318,-718.0,319.0,-404.0,1600,1600,1599,1599,0,0,0,0
1763969188.3455586,0.0,0.0,31.94,154.9,-0.06371942162513733,0.21543832123279572,0.9743611216545105,-0.012105382978916168,-3.090183973312378,-0.11925408244132996,2.703606605529785,0.0004470548592507839,0.0002959026023745537,-0.00138943106867373,0.0,0.0,0.0,0.0,0.0,0.0,-0.588399,0.6472389000000001,10.267562550000001,0.10471975511965978,0.06981317007977318,-0.06981317007977318,-718.0,319.0,-404.0,1600,1600,1599,1599,0,0,0,0
1763969188.378951,0.0,0.0,31.94,154.9,-0.06371942162513733,0.21543832123279572,0.9743611216545105,-0.012105382978916168,-3.090183973312378,-0.11925408244132996,2.703606605529785,0.0004470548592507839,0.0002959026023745537,-0.00138943106867373,0.0,0.0,0.0,0.0,0.0,0.0,-0.588399,0.6472389000000001,10.267562550000001,0.10471975511965978,0.06981317007977318,-0.06981317007977318,-718.0,319.0,-404.0,1600,1600,1599,1599,0,0,0,0
1763969188.412347,0.0,0.0,31.94,154.9,-0.06371942162513733,0.21543832123279572,0.9743611216545105,-0.012105382978916168,-3.090183973312378,-0.11925408244132996,2.703606605529785,0.0004470548592507839,0.0002959026023745537,-0.00138943106867373,0.0,0.0,0.0,0.0,0.0,0.0,-0.588399,0.6472389000000001,10.267562550000001,0.10471975511965978,0.06981317007977318,-0.06981317007977318,-718.0,319.0,-404.0,1600,1600,1599,1599,0,0,0,0
1763969188.4461274,0.0,0.0,31.94,154.9,-0.06371942162513733,0.21543832123279572,0.9743611216545105,-0.012105382978916168,-3.090183973312378,-0.11925408244132996,2.703606605529785,0.0004470548592507839,0.0002959026023745537,-0.00138943106867373,0.0,0.0,0.0,0.0,0.0,0.0,-0.57859235,0.63743225,10.267562550000001,0.08726646259971647,0.06981317007977318,-0.06981317007977318,-718.0,319.0,-404.0,1600,1600,1599,1599,0,0,0,0
1763969188.4795222,0.0,0.0,31.94,154.9,-0.06371942162513733,0.21543832123279572,0.9743611216545105,-0.012105382978916168,-3.0901947021484375,-0.11924844980239868,2.703629970550537,-7.980503141880035e-05,-0.0002722288481891155,-0.001193780219182372,0.0,0.0,0.0,0.0,0.0,0.0,-0.57859235,0.63743225,10.267562550000001,0.08726646259971647,0.06981317007977318,-0.06981317007977318,-718.0,319.0,-404.0,1600,1600,1599,1599,0,0,0,0
1763969188.5129187,0.0,0.0,31.94,154.9,-0.0637153834104538,0.21542739868164062,0.9743638634681702,-0.012101500295102596,-3.0901947021484375,-0.11924844980239868,2.703629970550537,-7.980503141880035e-05,-0.0002722288481891155,-0.001193780219182372,0.0,0.0,0.0,0.0,0.0,0.0,-0.57859235,0.63743225,10.267562550000001,0.08726646259971647,0.06981317007977318,-0.06981317007977318,-718.0,319.0,-404.0,1600,1600,1599,1599,0,0,0,0
1763969188.546312,0.0,0.0,32.06,154.9,-0.0637153834104538,0.21542739868164062,0.9743638634681702,-0.012101500295102596,-3.0901947021484375,-0.11924844980239868,2.703629970550537,-7.980503141880035e-05,-0.0002722288481891155,-0.001193780219182372,0.0,0.0,0.0,0.0,0.0,0.0,-0.57859235,0.63743225,10.267562550000001,0.08726646259971647,0.06981317007977318,-0.06981317007977318,-718.0,319.0,-404.0,1600,1600,1599,1599,0,0,0,0
1763969188.5797036,0.0,0.0,32.06,154.9,-0.0637153834104538,0.21542739868164062,0.9743638634681702,-0.012101500295102596,-3.0901947021484375,-0.11924844980239868,2.703629970550537,-7.980503141880035e-05,-0.0002722288481891155,-0.001193780219182372,0.0,0.0,0.0,0.0,0.0,0.0,-0.57859235,0.63743225,10.267562550000001,0.08726646259971647,0.06981317007977318,-0.06981317007977318,-718.0,319.0,-404.0,1600,1600,1599,1599,0,0,0,0
1763969188.6130996,0.0,0.0,32.06,154.9,-0.0637153834104538,0.21542739868164062,0.9743638634681702,-0.012101500295102596,-3.0901947021484375,-0.11924844980239868,2.703629970550537,-7.980503141880035e-05,-0.0002722288481891155,-0.001193780219182372,0.0,0.0,0.0,0.0,0.0,0.0,-0.5687857000000001,0.6080123,10.24794925,0.06981317007977318,0.10471975511965978,-0.05235987755982989,-720.0,320.0,-400.0,1600,1600,1599,1599,0,0,0,0
1763969188.6465027,0.0,0.0,32.06,154.9,-0.0637153834104538,0.21542739868164062,0.9743638634681702,-0.012101500295102596,-3.090175151824951,-0.11928188055753708,2.703646421432495,7.399357855319977e-05,0.0007542958483099937,5.161389708518982e-05,0.0,0.0,0.0,0.0,0.0,0.0,-0.5687857000000001,0.6080123,10.24794925,0.06981317007977318,0.10471975511965978,-0.05235987755982989,-720.0,320.0,-400.0,1600,1600,1599,1599,0,0,0,0
1763969188.679891,0.0,0.0,32.06,154.9,-0.06373365968465805,0.21541811525821686,0.9743645787239075,-0.01210789754986763,-3.090175151824951,-0.11928188055753708,2.703646421432495,7.399357855319977e-05,0.0007542958483099937,5.161389708518982e-05,0.0,0.0,0.0,0.0,0.0,0.0,-0.5687857000000001,0.6080123,10.24794925,0.06981317007977318,0.10471975511965978,-0.05235987755982989,-720.0,320.0,-400.0,1600,1600,1599,1599,0,0,0,0
1763969188.7132988,0.0,0.0,32.06,154.9,-0.06373365968465805,0.21541811525821686,0.9743645787239075,-0.01210789754986763,-3.090175151824951,-0.11928188055753708,2.703646421432495,7.399357855319977e-05,0.0007542958483099937,5.161389708518982e-05,0.0,0.0,0.0,0.0,0.0,0.0,-0.5687857000000001,0.6080123,10.24794925,0.06981317007977318,0.10471975511965978,-0.05235987755982989,-720.0,320.0,-400.0,1600,1600,1599,1599,0,0,0,0
1763969188.7467082,0.0,0.0,32.06,154.9,-0.06373365968465805,0.21541811525821686,0.9743645787239075,-0.01210789754986763,-3.090175151824951,-0.11928188055753708,2.703646421432495,7.399357855319977e-05,0.0007542958483099937,5.161389708518982e-05,0.0,0.0,0.0,0.0,0.0,0.0,-0.5687857000000001,0.6080123,10.24794925,0.06981317007977318,0.10471975511965978,-0.05235987755982989,-720.0,320.0,-400.0,1600,1600,1599,1599,0,0,0,0
1763969188.7801225,0.0,0.0,32.06,154.9,-0.06373365968465805,0.21541811525821686,0.9743645787239075,-0.01210789754986763,-3.090175151824951,-0.11928188055753708,2.703646421432495,7.399357855319977e-05,0.0007542958483099937,5.161389708518982e-05,0.0,0.0,0.0,0.0,0.0,0.0,-0.5687857000000001,0.6080123,10.24794925,0.06981317007977318,0.10471975511965978,-0.05235987755982989,-720.0,320.0,-400.0,1600,1600,1599,1599,0,0,0,0
1763969188.8135393,0.0,0.0,32.06,154.9,-0.06373365968465805,0.21541811525821686,0.9743645787239075,-0.01210789754986763,-3.090175151824951,-0.11928188055753708,2.703646421432495,7.399357855319977e-05,0.0007542958483099937,5.161389708518982e-05,0.0,0.0,0.0,0.0,0.0,0.0,-0.5687857000000001,0.61781895,10.2577559,0.08726646259971647,0.08726646259971647,-0.05235987755982989,-720.0,320.0,-400.0,1600,1600,1599,1599,0,0,0,0
1763969188.8469572,0.0,0.0,32.06,154.9,-0.06373365968465805,0.21541811525821686,0.9743645787239075,-0.01210789754986763,-3.090153694152832,-0.11931087076663971,2.703634023666382,-0.00012643029913306236,-0.00015691109001636505,-0.0008067721500992775,0.0,0.0,0.0,0.0,0.0,0.0,-0.5687857000000001,0.61781895,10.2577559,0.08726646259971647,0.08726646259971647,-0.05235987755982989,-720.0,320.0,-400.0,1600,1600,1599,1599,0,0,0,0
1763969188.880379,0.0,0.0,32.06,154.9,-0.06375015527009964,0.2154228389263153,0.9743624329566956,-0.012114796787500381,-3.090153694152832,-0.11931087076663971,2.703634023666382,-0.00012643029913306236,-0.00015691109001636505,-0.0008067721500992775,0.0,0.0,0.0,0.0,0.0,0.0,-0.5687857000000001,0.61781895,10.2577559,0.08726646259971647,0.08726646259971647,-0.05235987755982989,-720.0,320.0,-400.0,1600,1600,1599,1599,0,0,0,0
1763969188.9137943,0.0,0.0,32.3,154.9,-0.06375015527009964,0.2154228389263153,0.9743624329566956,-0.012114796787500381,-3.090153694152832,-0.11931087076663971,2.703634023666382,-0.00012643029913306236,-0.00015691109001636505,-0.0008067721500992775,0.0,0.0,0.0,0.0,0.0,0.0,-0.5687857000000001,0.61781895,10.2577559,0.08726646259971647,0.08726646259971647,-0.05235987755982989,-720.0,320.0,-400.0,1600,1600,1599,1599,0,0,0,0
1763969188.9472082,0.0,0.0,32.3,154.9,-0.06375015527009964,0.2154228389263153,0.9743624329566956,-0.012114796787500381,-3.090153694152832,-0.11931087076663971,2.703634023666382,-0.00012643029913306236,-0.00015691109001636505,-0.0008067721500992775,0.0,0.0,0.0,0.0,0.0,0.0,-0.5687857000000001,0.61781895,10.2577559,0.08726646259971647,0.08726646259971647,-0.05235987755982989,-720.0,320.0,-400.0,1600,1600,1599,1599,0,0,0,0
1763969188.9806206,0.0,0.0,32.3,154.9,-0.06375015527009964,0.2154228389263153,0.9743624329566956,-0.012114796787500381,-3.090153694152832,-0.11931087076663971,2.703634023666382,-0.00012643029913306236,-0.00015691109001636505,-0.0008067721500992775,0.0,0.0,0.0,0.0,0.0,0.0,-0.5687857000000001,0.61781895,10.2577559,0.08726646259971647,0.08726646259971647,-0.05235987755982989,-720.0,320.0,-400.0,1600,1600,1599,1599,0,0,0,0
1763969189.0140207,0.0,0.0,32.3,154.9,-0.06375015527009964,0.2154228389263153,0.9743624329566956,-0.012114796787500381,-3.090132236480713,-0.11929446458816528,2.7036337852478027,0.00044789863750338554,-0.0013556513004004955,-0.0011925289873033762,0.0,0.0,0.0,0.0,0.0,0.0,-0.5687857000000001,0.61781895,10.2577559,0.08726646259971647,0.08726646259971647,-0.05235987755982989,-720.0,320.0,-400.0,1600,1600,1599,1599,0,0,0,0
1763969189.0474188,0.0,0.0,32.3,154.9,-0.06374447047710419,0.2154226005077362,0.9743626713752747,-0.012127000838518143,-3.090132236480713,-0.11929446458816528,2.7036337852478027,0.00044789863750338554,-0.0013556513004004955,-0.0011925289873033762,0.0,0.0,0.0,0.0,0.0,0.0,-0.5687857000000001,0.61781895,10.2577559,0.08726646259971647,0.08726646259971647,-0.05235987755982989,-720.0,320.0,-400.0,1600,1600,1599,1599,0,0,0,0
1763969189.0808191,0.0,0.0,32.3,154.9,-0.06374447047710419,0.2154226005077362,0.9743626713752747,-0.012127000838518143,-3.090132236480713,-0.11929446458816528,2.7036337852478027,0.00044789863750338554,-0.0013556513004004955,-0.0011925289873033762,0.0,0.0,0.0,0.0,0.0,0.0,-0.5687857000000001,0.61781895,10.2577559,0.08726646259971647,0.08726646259971647,-0.05235987755982989,-720.0,320.0,-400.0,1600,1600,1599,1599,0,0,0,0
1763969189.114219,0.0,0.0,32.3,154.9,-0.06374447047710419,0.2154226005077362,0.9743626713752747,-0.012127000838518143,-3.0901474952697754,-0.11925870180130005,2.7036445140838623,0.00016946997493505478,-0.0018554853741079569,0.0008823794778436422,0.0,0.0,0.0,0.0,0.0,0.0,-0.5687857000000001,0.61781895,10.2577559,0.08726646259971647,0.08726646259971647,-0.05235987755982989,-720.0,320.0,-400.0,1600,1600,1599,1599,0,0,0,0
1763969189.1476142,0.0,0.0,32.3,154.9,-0.06372534483671188,0.21541863679885864,0.9743648171424866,-0.01212378777563572,-3.0901474952697754,-0.11925870180130005,2.7036445140838623,0.00016946997493505478,-0.0018554853741079569,0.0008823794778436422,0.0,0.0,0.0,0.0,0.0,0.0,-0.5687857000000001,0.61781895,10.2577559,0.08726646259971647,0.08726646259971647,-0.05235987755982989,-720.0,320.0,-400.0,1600,1600,1599,1599,0,0,0,0
1763969189.1819015,0.0,0.0,32.3,154.9,-0.06372534483671188,0.21541863679885864,0.9743648171424866,-0.01212378777563572,-3.0901474952697754,-0.11925870180130005,2.7036445140838623,0.00016946997493505478,-0.0018554853741079569,0.0008823794778436422,0.0,0.0,0.0,0.0,0.0,0.0,-0.5687857000000001,0.61781895,10.2577559,0.08726646259971647,0.08726646259971647,-0.05235987755982989,-720.0,320.0,-400.0,1600,1600,1599,1599,0,0,0,0
1763969189.2152963,0.0,0.0,32.3,154.9,-0.06372534483671188,0.21541863679885864,0.9743648171424866,-0.01212378777563572,-3.0901618003845215,-0.11923814564943314,2.703658103942871,0.00044118380174040794,-0.000689441803842783,-0.0005090648774057627,0.0,0.0,0.0,0.0,0.0,0.0,-0.5687857000000001,0.61781895,10.2577559,0.08726646259971647,0.08726646259971647,-0.05235987755982989,-720.0,320.0,-400.0,1600,1600,1599,1599,0,0,0,0
1763969189.2487142,0.0,0.0,32.3,154.9,-0.06371372193098068,0.21541278064250946,0.9743670225143433,-0.012119539082050323,-3.0901618003845215,-0.11923814564943314,2.703658103942871,0.00044118380174040794,-0.000689441803842783,-0.0005090648774057627,0.0,0.0,0.0,0.0,0.0,0.0,-0.5687857000000001,0.61781895,10.2577559,0.08726646259971647,0.08726646259971647,-0.05235987755982989,-720.0,320.0,-400.0,1600,1600,1599,1599,0,0,0,0
1763969189.2821276,0.0,0.0,32.25,154.9,-0.06371372193098068,0.21541278064250946,0.9743670225143433,-0.012119539082050323,-3.0901618003845215,-0.11923814564943314,2.703658103942871,0.00044118380174040794,-0.000689441803842783,-0.0005090648774057627,0.0,0.0,0.0,0.0,0.0,0.0,-0.5687857000000001,0.61781895,10.2577559,0.08726646259971647,0.08726646259971647,-0.05235987755982989,-720.0,320.0,-400.0,1600,1600,1599,1599,0,0,0,0
1763969189.315548,0.0,0.0,32.25,154.9,-0.06371372193098068,0.21541278064250946,0.9743670225143433,-0.012119539082050323,-3.0901618003845215,-0.11923814564943314,2.703658103942871,0.00044118380174040794,-0.000689441803842783,-0.0005090648774057627,0.0,0.0,0.0,0.0,0.0,0.0,-0.5687857000000001,0.61781895,10.2577559,0.08726646259971647,0.08726646259971647,-0.05235987755982989,-720.0,320.0,-400.0,1600,1600,1599,1599,0,0,0,0
1763969189.3489823,0.0,0.0,32.25,154.9,-0.06371372193098068,0.21541278064250946,0.9743670225143433,-0.012119539082050323,-3.0901618003845215,-0.11923814564943314,2.703658103942871,0.00044118380174040794,-0.000689441803842783,-0.0005090648774057627,0.0,0.0,0.0,0.0,0.0,0.0,-0.5491724,0.61781895,10.2577559,0.08726646259971647,0.10471975511965978,-0.05235987755982989,-718.0,323.0,-400.0,1600,1600,1599,1599,0,0,0,0
1763969189.3824008,0.0,0.0,32.25,154.9,-0.06371724605560303,0.21542200446128845,0.9743646383285522,-0.012123782187700272,-3.0901618003845215,-0.11923814564943314,2.703658103942871,0.00044118380174040794,-0.000689441803842783,-0.0005090648774057627,0.0,0.0,0.0,0.0,0.0,0.0,-0.5491724,0.61781895,10.2577559,0.08726646259971647,0.10471975511965978,-0.05235987755982989,-718.0,323.0,-400.0,1600,1600,1599,1599,0,0,0,0
1763969189.4158158,0.0,0.0,32.25,154.9,-0.06371724605560303,0.21542200446128845,0.9743646383285522,-0.012123782187700272,-3.0901618003845215,-0.11923814564943314,2.703658103942871,0.00044118380174040794,-0.000689441803842783,-0.0005090648774057627,0.0,0.0,0.0,0.0,0.0,0.0,-0.5491724,0.61781895,10.2577559,0.08726646259971647,0.10471975511965978,-0.05235987755982989,-718.0,323.0,-400.0,1600,1600,1599,1599,0,0,0,0
1763969189.4493144,0.0,0.0,32.25,154.9,-0.06371724605560303,0.21542200446128845,0.9743646383285522,-0.012123782187700272,-3.090132713317871,-0.11927015334367752,2.7036311626434326,0.0007981150411069393,0.00114041892811656,0.00047099683433771133,0.0,0.0,0.0,0.0,0.0,0.0,-0.5491724,0.61781895,10.2577559,0.08726646259971647,0.10471975511965978,-0.05235987755982989,-718.0,323.0,-400.0,1600,1600,1599,1599,0,0,0,0
1763969189.4827268,0.0,0.0,32.25,154.9,-0.06371724605560303,0.21542200446128845,0.9743646383285522,-0.012123782187700272,-3.090132713317871,-0.11927015334367752,2.7036311626434326,0.0007981150411069393,0.00114041892811656,0.00047099683433771133,0.0,0.0,0.0,0.0,0.0,0.0,-0.5491724,0.61781895,10.2577559,0.08726646259971647,0.10471975511965978,-0.05235987755982989,-718.0,323.0,-400.0,1600,1600,1599,1599,0,0,0,0
1763969189.5161483,0.0,0.0,32.25,154.9,-0.06371724605560303,0.21542200446128845,0.9743646383285522,-0.012123782187700272,-3.090132713317871,-0.11927015334367752,2.7036311626434326,0.0007981150411069393,0.00114041892811656,0.00047099683433771133,0.0,0.0,0.0,0.0,0.0,0.0,-0.5491724,0.61781895,10.2577559,0.08726646259971647,0.10471975511965978,-0.05235987755982989,-718.0,323.0,-400.0,1600,1600,1599,1599,0,0,0,0
1763969189.5495625,0.0,0.0,32.25,154.9,-0.06371724605560303,0.21542200446128845,0.9743646383285522,-0.012123782187700272,-3.090132713317871,-0.11927015334367752,2.7036311626434326,0.0007981150411069393,0.00114041892811656,0.00047099683433771133,0.0,0.0,0.0,0.0,0.0,0.0,-0.5491724,0.61781895,10.2577559,0.08726646259971647,0.10471975511965978,-0.05235987755982989,-718.0,323.0,-400.0,1600,1600,1599,1599,0,0,0,0
1763969189.582978,0.0,0.0,32.25,154.9,-0.06371724605560303,0.21542200446128845,0.9743646383285522,-0.012123782187700272,-3.090132713317871,-0.11927015334367752,2.7036311626434326,0.0007981150411069393,0.00114041892811656,0.00047099683433771133,0.0,0.0,0.0,0.0,0.0,0.0,-0.5687857000000001,0.61781895,10.2577559,0.10471975511965978,0.08726646259971647,-0.03490658503988659,-718.0,323.0,-400.0,1600,1600,1599,1599,0,0,0,0
1763969189.616397,0.0,0.0,32.25,154.9,-0.06371724605560303,0.21542200446128845,0.9743646383285522,-0.012123782187700272,-3.090090751647949,-0.11929704993963242,2.703587532043457,0.001605795230716467,-0.0002747909165918827,0.0010215635411441326,0.0,0.0,0.0,0.0,0.0,0.0,-0.5687857000000001,0.61781895,10.2577559,0.10471975511965978,0.08726646259971647,-0.03490658503988659,-718.0,323.0,-400.0,1600,1600,1599,1599,0,0,0,0
1763969189.6498163,0.0,0.0,32.25,154.9,-0.0637504830956459,0.21544373035430908,0.9743573665618896,-0.012145496904850006,-3.090090751647949,-0.11929704993963242,2.703587532043457,0.001605795230716467,-0.0002747909165918827,0.0010215635411441326,0.0,0.0,0.0,0.0,0.0,0.0,-0.5687857000000001,0.61781895,10.2577559,0.10471975511965978,0.08726646259971647,-0.03490658503988659,-718.0,323.0,-400.0,1600,1600,1599,1599,0,0,0,0
1763969189.6832325,0.0,0.0,32.25,154.9,-0.0637504830956459,0.21544373035430908,0.9743573665618896,-0.012145496904850006,-3.090090751647949,-0.11929704993963242,2.703587532043457,0.001605795230716467,-0.0002747909165918827,0.0010215635411441326,0.0,0.0,0.0,0.0,0.0,0.0,-0.5687857000000001,0.61781895,10.2577559,0.10471975511965978,0.08726646259971647,-0.03490658503988659,-718.0,323.0,-400.0,1600,1600,1599,1599,0,0,0,0
1763969189.7166524,0.0,0.0,32.17,154.9,-0.0637504830956459,0.21544373035430908,0.9743573665618896,-0.012145496904850006,-3.090090751647949,-0.11929704993963242,2.703587532043457,0.001605795230716467,-0.0002747909165918827,0.0010215635411441326,0.0,0.0,0.0,0.0,0.0,0.0,-0.5687857000000001,0.61781895,10.2577559,0.10471975511965978,0.08726646259971647,-0.03490658503988659,-718.0,323.0,-400.0,1600,1600,1599,1599,0,0,0,0
1763969189.7500603,0.0,0.0,32.17,154.9,-0.0637504830956459,0.21544373035430908,0.9743573665618896,-0.012145496904850006,-3.090090751647949,-0.11929704993963242,2.703587532043457,0.001605795230716467,-0.0002747909165918827,0.0010215635411441326,0.0,0.0,0.0,0.0,0.0,0.0,-0.57859235,0.6276256,10.2577559,0.12217304763960307,0.06981317007977318,-0.03490658503988659,-717.0,323.0,-400.0,1600,1600,1599,1599,0,0,0,0
1763969189.7834742,0.0,0.0,32.17,154.9,-0.0637504830956459,0.21544373035430908,0.9743573665618896,-0.012145496904850006,-3.0900800228118896,-0.11932234466075897,2.703578472137451,4.230812191963196e-05,-3.424985334277153e-05,-0.0010182580444961786,0.0,0.0,0.0,0.0,0.0,0.0,-0.57859235,0.6276256,10.2577559,0.12217304763960307,0.06981317007977318,-0.03490658503988659,-717.0,323.0,-400.0,1600,1600,1599,1599,0,0,0,0
1763969189.8168893,0.0,0.0,32.17,154.9,-0.06376398354768753,0.21544741094112396,0.9743556976318359,-0.012147591449320316,-3.0900800228118896,-0.11932234466075897,2.703578472137451,4.230812191963196e-05,-3.424985334277153e-05,-0.0010182580444961786,0.0,0.0,0.0,0.0,0.0,0.0,-0.57859235,0.6276256,10.2577559,0.12217304763960307,0.06981317007977318,-0.03490658503988659,-717.0,323.0,-400.0,1600,1600,1599,1599,0,0,0,0
1763969189.8503208,0.0,0.0,32.17,154.9,-0.06376398354768753,0.21544741094112396,0.9743556976318359,-0.012147591449320316,-3.0900800228118896,-0.11932234466075897,2.703578472137451,4.230812191963196e-05,-3.424985334277153e-05,-0.0010182580444961786,0.0,0.0,0.0,0.0,0.0,0.0,-0.57859235,0.6276256,10.2577559,0.12217304763960307,0.06981317007977318,-0.03490658503988659,-717.0,323.0,-400.0,1600,1600,1599,1599,0,0,0,0
1763969189.8837435,0.0,0.0,32.17,154.9,-0.06376398354768753,0.21544741094112396,0.9743556976318359,-0.012147591449320316,-3.0900800228118896,-0.11932234466075897,2.703578472137451,4.230812191963196e-05,-3.424985334277153e-05,-0.0010182580444961786,0.0,0.0,0.0,0.0,0.0,0.0,-0.57859235,0.6276256,10.2577559,0.12217304763960307,0.06981317007977318,-0.03490658503988659,-717.0,323.0,-400.0,1600,1600,1599,1599,0,0,0,0
1763969189.9171646,0.0,0.0,32.17,154.9,-0.06376398354768753,0.21544741094112396,0.9743556976318359,-0.012147591449320316,-3.0900800228118896,-0.11932234466075897,2.703578472137451,4.230812191963196e-05,-3.424985334277153e-05,-0.0010182580444961786,0.0,0.0,0.0,0.0,0.0,0.0,-0.57859235,0.6276256,10.2577559,0.12217304763960307,0.06981317007977318,-0.03490658503988659,-717.0,323.0,-400.0,1600,1600,1599,1599,0,0,0,0
1763969189.9505844,0.0,0.0,32.17,154.9,-0.06376398354768753,0.21544741094112396,0.9743556976318359,-0.012147591449320316,-3.0900800228118896,-0.11932234466075897,2.703578472137451,4.230812191963196e-05,-3.424985334277153e-05,-0.0010182580444961786,0.0,0.0,0.0,0.0,0.0,0.0,-0.588399,0.63743225,10.267562550000001,0.08726646259971647,0.06981317007977318,-0.06981317007977318,-717.0,323.0,-400.0,1600,1600,1599,1599,0,0,0,0
1763969189.9839985,0.0,0.0,32.17,154.9,-0.06376398354768753,0.21544741094112396,0.9743556976318359,-0.012147591449320316,-3.09008526802063,-0.11931615322828293,2.703566312789917,-0.00028239982202649117,0.00010645389556884766,-0.00017892220057547092,0.0,0.0,0.0,0.0,0.0,0.0,-0.588399,0.63743225,10.267562550000001,0.08726646259971647,0.06981317007977318,-0.06981317007977318,-717.0,323.0,-400.0,1600,1600,1599,1599,0,0,0,0
1763969190.0174139,0.0,0.0,32.17,154.9,-0.06376048922538757,0.21545358002185822,0.97435462474823,-0.012145365588366985,-3.09008526802063,-0.11931615322828293,2.703566312789917,-0.00028239982202649117,0.00010645389556884766,-0.00017892220057547092,0.0,0.0,0.0,0.0,0.0,0.0,-0.588399,0.63743225,10.267562550000001,0.08726646259971647,0.06981317007977318,-0.06981317007977318,-717.0,323.0,-400.0,1600,1600,1599,1599,0,0,0,0
1763969190.0507865,0.0,0.0,32.17,154.9,-0.06376048922538757,0.21545358002185822,0.97435462474823,-0.012145365588366985,-3.09008526802063,-0.11931615322828293,2.703566312789917,-0.00028239982202649117,0.00010645389556884766,-0.00017892220057547092,0.0,0.0,0.0,0.0,0.0,0.0,-0.588399,0.63743225,10.267562550000001,0.08726646259971647,0.06981317007977318,-0.06981317007977318,-717.0,323.0,-400.0,1600,1600,1599,1599,0,0,0,0
1763969190.0841973,0.0,0.0,32.17,154.9,-0.06376048922538757,0.21545358002185822,0.97435462474823,-0.012145365588366985,-3.09008526802063,-0.11931615322828293,2.703566312789917,-0.00028239982202649117,0.00010645389556884766,-0.00017892220057547092,0.0,0.0,0.0,0.0,0.0,0.0,-0.588399,0.63743225,10.267562550000001,0.08726646259971647,0.06981317007977318,-0.06981317007977318,-717.0,323.0,-400.0,1600,1600,1599,1599,0,0,0,0
1763969190.1176083,0.0,0.0,32.17,154.9,-0.06376048922538757,0.21545358002185822,0.97435462474823,-0.012145365588366985,-3.09008526802063,-0.11931615322828293,2.703566312789917,-0.00028239982202649117,0.00010645389556884766,-0.00017892220057547092,0.0,0.0,0.0,0.0,0.0,0.0,-0.588399,0.63743225,10.267562550000001,0.08726646259971647,0.06981317007977318,-0.06981317007977318,-717.0,323.0,-400.0,1600,1600,1599,1599,0,0,0,0
1763969190.1510243,0.0,0.0,32.17,154.9,-0.06376048922538757,0.21545358002185822,0.97435462474823,-0.012145365588366985,-3.09008526802063,-0.11931615322828293,2.703566312789917,-0.00028239982202649117,0.00010645389556884766,-0.00017892220057547092,0.0,0.0,0.0,0.0,0.0,0.0,-0.59820565,0.6276256,10.2577559,0.08726646259971647,0.06981317007977318,-0.05235987755982989,-717.0,323.0,-400.0,1600,1600,1599,1599,0,0,0,0
1763969190.1844213,0.0,0.0,32.17,154.9,-0.06376048922538757,0.21545358002185822,0.97435462474823,-0.012145365588366985,-3.0901169776916504,-0.11931338906288147,2.7035610675811768,0.0005257711745798588,-0.0006352853961288929,0.0004639269318431616,0.0,0.0,0.0,0.0,0.0,0.0,-0.59820565,0.6276256,10.2577559,0.08726646259971647,0.06981317007977318,-0.05235987755982989,-717.0,323.0,-400.0,1600,1600,1599,1599,0,0,0,0
1763969190.2178187,0.0,0.0,32.17,154.9,-0.06375577300786972,0.21545714139938354,0.9743543267250061,-0.012130084447562695,-3.0901169776916504,-0.11931338906288147,2.7035610675811768,0.0005257711745798588,-0.0006352853961288929,0.0004639269318431616,0.0,0.0,0.0,0.0,0.0,0.0,-0.59820565,0.6276256,10.2577559,0.08726646259971647,0.06981317007977318,-0.05235987755982989,-717.0,323.0,-400.0,1600,1600,1599,1599,0,0,0,0
1763969190.2512136,0.0,0.0,32.24,154.9,-0.06375577300786972,0.21545714139938354,0.9743543267250061,-0.012130084447562695,-3.0901169776916504,-0.11931338906288147,2.7035610675811768,0.0005257711745798588,-0.0006352853961288929,0.0004639269318431616,0.0,0.0,0.0,0.0,0.0,0.0,-0.59820565,0.6276256,10.2577559,0.08726646259971647,0.06981317007977318,-0.05235987755982989,-717.0,323.0,-400.0,1600,1600,1599,1599,0,0,0,0
1763969190.2846088,0.0,0.0,32.24,154.9,-0.06375577300786972,0.21545714139938354,0.9743543267250061,-0.012130084447562695,-3.0901169776916504,-0.11931338906288147,2.7035610675811768,0.0005257711745798588,-0.0006352853961288929,0.0004639269318431616,0.0,0.0,0.0,0.0,0.0,0.0,-0.59820565,0.6276256,10.2577559,0.08726646259971647,0.06981317007977318,-0.05235987755982989,-717.0,323.0,-400.0,1600,1600,1599,1599,0,0,0,0
1763969190.318003,0.0,0.0,32.24,154.9,-0.06375577300786972,0.21545714139938354,0.9743543267250061,-0.012130084447562695,-3.0901169776916504,-0.11931338906288147,2.7035610675811768,0.0005257711745798588,-0.0006352853961288929,0.0004639269318431616,0.0,0.0,0.0,0.0,0.0,0.0,-0.59820565,0.6276256,10.2577559,0.10471975511965978,0.06981317007977318,-0.03490658503988659,-722.0,319.0,-402.0,1600,1600,1599,1599,0,0,0,0
1763969190.35138,0.0,0.0,32.24,154.9,-0.06375577300786972,0.21545714139938354,0.9743543267250061,-0.012130084447562695,-3.0901169776916504,-0.11931338906288147,2.7035610675811768,0.0005257711745798588,-0.0006352853961288929,0.0004639269318431616,0.0,0.0,0.0,0.0,0.0,0.0,-0.59820565,0.6276256,10.2577559,0.10471975511965978,0.06981317007977318,-0.03490658503988659,-722.0,319.0,-402.0,1600,1600,1599,1599,0,0,0,0
1763969190.3847735,0.0,0.0,32.24,154.9,-0.06375577300786972,0.21545714139938354,0.9743543267250061,-0.012130084447562695,-3.0901169776916504,-0.11931338906288147,2.7035610675811768,0.0005257711745798588,-0.0006352853961288929,0.0004639269318431616,0.0,0.0,0.0,0.0,0.0,0.0,-0.57859235,0.6276256,10.2577559,0.08726646259971647,0.05235987755982989,-0.03490658503988659,-722.0,319.0,-402.0,1600,1600,1599,1599,0,0,0,0
1763969190.418171,0.0,0.0,32.24,154.9,-0.06375577300786972,0.21545714139938354,0.9743543267250061,-0.012130084447562695,-3.090191602706909,-0.11923482269048691,2.703611373901367,-0.0008699619211256504,-0.0009443054441362619,0.000456320121884346,0.0,0.0,0.0,0.0,0.0,0.0,-0.57859235,0.6276256,10.2577559,0.08726646259971647,0.05235987755982989,-0.03490658503988659,-722.0,319.0,-402.0,1600,1600,1599,1599,0,0,0,0
1763969190.4515674,0.0,0.0,32.24,154.9,-0.06370919197797775,0.21543662250041962,0.9743621945381165,-0.01210389006882906,-3.090191602706909,-0.11923482269048691,2.703611373901367,-0.0008699619211256504,-0.0009443054441362619,0.000456320121884346,0.0,0.0,0.0,0.0,0.0,0.0,-0.57859235,0.6276256,10.2577559,0.08726646259971647,0.05235987755982989,-0.03490658503988659,-722.0,319.0,-402.0,1600,1600,1599,1599,0,0,0,0
1763969190.484961,0.0,0.0,32.24,154.9,-0.06370919197797775,0.21543662250041962,0.9743621945381165,-0.01210389006882906,-3.090191602706909,-0.11923482269048691,2.703611373901367,-0.0008699619211256504,-0.0009443054441362619,0.000456320121884346,0.0,0.0,0.0,0.0,0.0,0.0,-0.57859235,0.6276256,10.2577559,0.08726646259971647,0.05235987755982989,-0.03490658503988659,-722.0,319.0,-402.0,1600,1600,1599,1599,0,0,0,0
1763969190.5183635,0.0,0.0,32.24,154.9,-0.06370919197797775,0.21543662250041962,0.9743621945381165,-0.01210389006882906,-3.090191602706909,-0.11923482269048691,2.703611373901367,-0.0008699619211256504,-0.0009443054441362619,0.000456320121884346,0.0,0.0,0.0,0.0,0.0,0.0,-0.57859235,0.6276256,10.2577559,0.08726646259971647,0.05235987755982989,-0.03490658503988659,-722.0,319.0,-402.0,1600,1600,1599,1599,0,0,0,0
1763969190.551761,0.0,0.0,32.24,154.9,-0.06370919197797775,0.21543662250041962,0.9743621945381165,-0.01210389006882906,-3.090191602706909,-0.11923482269048691,2.703611373901367,-0.0008699619211256504,-0.0009443054441362619,0.000456320121884346,0.0,0.0,0.0,0.0,0.0,0.0,-0.5687857000000001,0.6080123,10.2577559,0.06981317007977318,0.05235987755982989,-0.03490658503988659,-722.0,319.0,-402.0,1600,1600,1599,1599,0,0,0,0
1763969190.585181,0.0,0.0,32.24,154.9,-0.06370919197797775,0.21543662250041962,0.9743621945381165,-0.01210389006882906,-3.090174674987793,-0.11923346668481827,2.7036068439483643,0.0007535237818956375,0.0009083496406674385,-0.000412769615650177,0.0,0.0,0.0,0.0,0.0,0.0,-0.5687857000000001,0.6080123,10.2577559,0.06981317007977318,0.05235987755982989,-0.03490658503988659,-722.0,319.0,-402.0,1600,1600,1599,1599,0,0,0,0
1763969190.618586,0.0,0.0,32.24,154.9,-0.06371036916971207,0.21543827652931213,0.9743616580963135,-0.012112105265259743,-3.090174674987793,-0.11923346668481827,2.7036068439483643,0.0007535237818956375,0.0009083496406674385,-0.000412769615650177,0.0,0.0,0.0,0.0,0.0,0.0,-0.5687857000000001,0.6080123,10.2577559,0.06981317007977318,0.05235987755982989,-0.03490658503988659,-722.0,319.0,-402.0,1600,1600,1599,1599,0,0,0,0
1763969190.6519861,0.0,0.0,32.24,154.9,-0.06371036916971207,0.21543827652931213,0.9743616580963135,-0.012112105265259743,-3.090174674987793,-0.11923346668481827,2.7036068439483643,0.0007535237818956375,0.0009083496406674385,-0.000412769615650177,0.0,0.0,0.0,0.0,0.0,0.0,-0.5687857000000001,0.6080123,10.2577559,0.06981317007977318,0.05235987755982989,-0.03490658503988659,-722.0,319.0,-402.0,1600,1600,1599,1599,0,0,0,0
1763969190.685383,0.0,0.0,32.24,154.9,-0.06371036916971207,0.21543827652931213,0.9743616580963135,-0.012112105265259743,-3.090174674987793,-0.11923346668481827,2.7036068439483643,0.0007535237818956375,0.0009083496406674385,-0.000412769615650177,0.0,0.0,0.0,0.0,0.0,0.0,-0.5687857000000001,0.6080123,10.2577559,0.06981317007977318,0.05235987755982989,-0.03490658503988659,-722.0,319.0,-402.0,1600,1600,1599,1599,0,0,0,0
1763969190.7187843,0.0,0.0,32.24,154.9,-0.06371036916971207,0.21543827652931213,0.9743616580963135,-0.012112105265259743,-3.090174674987793,-0.11923346668481827,2.7036068439483643,0.0007535237818956375,0.0009083496406674385,-0.000412769615650177,0.0,0.0,0.0,0.0,0.0,0.0,-0.5687857000000001,0.6080123,10.2577559,0.06981317007977318,0.05235987755982989,-0.03490658503988659,-722.0,319.0,-402.0,1600,1600,1599,1599,0,0,0,0
1763969190.7521873,0.0,0.0,32.24,154.9,-0.06371036916971207,0.21543827652931213,0.9743616580963135,-0.012112105265259743,-3.090174674987793,-0.11923346668481827,2.7036068439483643,0.0007535237818956375,0.0009083496406674385,-0.000412769615650177,0.0,0.0,0.0,0.0,0.0,0.0,-0.55897905,0.6080123,10.2577559,0.10471975511965978,0.08726646259971647,-0.05235987755982989,-722.0,318.0,-399.0,1600,1600,1599,1599,0,0,0,0
1763969190.785584,0.0,0.0,32.24,154.9,-0.06371036916971207,0.21543827652931213,0.9743616580963135,-0.012112105265259743,-3.090165138244629,-0.11923724412918091,2.703617811203003,0.00012985989451408386,0.0007998328655958176,-0.0003243442624807358,0.0,0.0,0.0,0.0,0.0,0.0,-0.55897905,0.6080123,10.2577559,0.10471975511965978,0.08726646259971647,-0.05235987755982989,-722.0,318.0,-399.0,1600,1600,1599,1599,0,0,0,0
1763969190.8189805,0.0,0.0,32.24,154.9,-0.06371317058801651,0.2154325693845749,0.9743626713752747,-0.01211670320481062,-3.090165138244629,-0.11923724412918091,2.703617811203003,0.00012985989451408386,0.0007998328655958176,-0.0003243442624807358,0.0,0.0,0.0,0.0,0.0,0.0,-0.55897905,0.6080123,10.2577559,0.10471975511965978,0.08726646259971647,-0.05235987755982989,-722.0,318.0,-399.0,1600,1600,1599,1599,0,0,0,0
1763969190.852378,0.0,0.0,32.24,154.9,-0.06371317058801651,0.2154325693845749,0.9743626713752747,-0.01211670320481062,-3.090165138244629,-0.11923724412918091,2.703617811203003,0.00012985989451408386,0.0007998328655958176,-0.0003243442624807358,0.0,0.0,0.0,0.0,0.0,0.0,-0.55897905,0.6080123,10.2577559,0.10471975511965978,0.08726646259971647,-0.05235987755982989,-722.0,318.0,-399.0,1600,1600,1599,1599,0,0,0,0
1763969190.885773,0.0,0.0,32.24,154.9,-0.06371317058801651,0.2154325693845749,0.9743626713752747,-0.01211670320481062,-3.090165138244629,-0.11923724412918091,2.703617811203003,0.00012985989451408386,0.0007998328655958176,-0.0003243442624807358,0.0,0.0,0.0,0.0,0.0,0.0,-0.55897905,0.6080123,10.2577559,0.10471975511965978,0.08726646259971647,-0.05235987755982989,-722.0,318.0,-399.0,1600,1600,1599,1599,0,0,0,0
1763969190.9191768,0.0,0.0,32.24,154.9,-0.06371317058801651,0.2154325693845749,0.9743626713752747,-0.01211670320481062,-3.090165138244629,-0.11923724412918091,2.703617811203003,0.00012985989451408386,0.0007998328655958176,-0.0003243442624807358,0.0,0.0,0.0,0.0,0.0,0.0,-0.5687857000000001,0.63743225,10.2577559,0.08726646259971647,0.08726646259971647,-0.05235987755982989,-722.0,318.0,-399.0,1600,1600,1599,1599,0,0,0,0
1763969190.9525921,0.0,0.0,32.24,154.9,-0.06371317058801651,0.2154325693845749,0.9743626713752747,-0.01211670320481062,-3.090143918991089,-0.11925454437732697,2.703615665435791,0.0014373315498232841,-0.000497414730489254,-0.0004543508403003216,0.0,0.0,0.0,0.0,0.0,0.0,-0.5687857000000001,0.63743225,10.2577559,0.08726646259971647,0.08726646259971647,-0.05235987755982989,-722.0,318.0,-399.0,1600,1600,1599,1599,0,0,0,0
1763969190.9859915,0.0,0.0,32.24,154.9,-0.06371317058801651,0.2154325693845749,0.9743626713752747,-0.01211670320481062,-3.090143918991089,-0.11925454437732697,2.703615665435791,0.0014373315498232841,-0.000497414730489254,-0.0004543508403003216,0.0,0.0,0.0,0.0,0.0,0.0,-0.5687857000000001,0.63743225,10.2577559,0.08726646259971647,0.08726646259971647,-0.05235987755982989,-722.0,318.0,-399.0,1600,1600,1599,1599,0,0,0,0
1763969191.0193915,0.0,0.0,32.24,154.9,-0.06372389197349548,0.21543265879154205,0.9743618369102478,-0.012125075794756413,-3.090143918991089,-0.11925454437732697,2.703615665435791,0.0014373315498232841,-0.000497414730489254,-0.0004543508403003216,0.0,0.0,0.0,0.0,0.0,0.0,-0.5687857000000001,0.63743225,10.2577559,0.08726646259971647,0.08726646259971647,-0.05235987755982989,-722.0,318.0,-399.0,1600,1600,1599,1599,0,0,0,0
1763969191.0527942,0.0,0.0,32.24,154.9,-0.06372389197349548,0.21543265879154205,0.9743618369102478,-0.012125075794756413,-3.090143918991089,-0.11925454437732697,2.703615665435791,0.0014373315498232841,-0.000497414730489254,-0.0004543508403003216,0.0,0.0,0.0,0.0,0.0,0.0,-0.59820565,0.63743225,10.267562550000001,0.10471975511965978,0.06981317007977318,-0.05235987755982989,-722.0,318.0,-399.0,1600,1600,1599,1599,0,0,0,0
1763969191.0861878,0.0,0.0,32.24,154.9,-0.06372389197349548,0.21543265879154205,0.9743618369102478,-0.012125075794756413,-3.090143918991089,-0.11925454437732697,2.703615665435791,0.0014373315498232841,-0.000497414730489254,-0.0004543508403003216,0.0,0.0,0.0,0.0,0.0,0.0,-0.59820565,0.63743225,10.267562550000001,0.10471975511965978,0.06981317007977318,-0.05235987755982989,-722.0,318.0,-399.0,1600,1600,1599,1599,0,0,0,0
1763969191.119582,0.0,0.0,32.18,154.9,-0.06372389197349548,0.21543265879154205,0.9743618369102478,-0.012125075794756413,-3.090143918991089,-0.11925454437732697,2.703615665435791,0.0014373315498232841,-0.000497414730489254,-0.0004543508403003216,0.0,0.0,0.0,0.0,0.0,0.0,-0.59820565,0.63743225,10.267562550000001,0.10471975511965978,0.06981317007977318,-0.05235987755982989,-722.0,318.0,-399.0,1600,1600,1599,1599,0,0,0,0
1763969191.1529768,0.0,0.0,32.18,154.9,-0.06372389197349548,0.21543265879154205,0.9743618369102478,-0.012125075794756413,-3.090143918991089,-0.11925454437732697,2.703615665435791,0.0014373315498232841,-0.000497414730489254,-0.0004543508403003216,0.0,0.0,0.0,0.0,0.0,0.0,-0.59820565,0.63743225,10.267562550000001,0.10471975511965978,0.06981317007977318,-0.05235987755982989,-722.0,318.0,-399.0,1600,1600,1599,1599,0,0,0,0
1763969191.186378,0.0,0.0,32.18,154.9,-0.06372389197349548,0.21543265879154205,0.9743618369102478,-0.012125075794756413,-3.090143918991089,-0.11925454437732697,2.703615665435791,0.0014373315498232841,-0.000497414730489254,-0.0004543508403003216,0.0,0.0,0.0,0.0,0.0,0.0,-0.59820565,0.63743225,10.267562550000001,0.10471975511965978,0.06981317007977318,-0.05235987755982989,-722.0,318.0,-399.0,1600,1600,1599,1599,0,0,0,0
1763969191.2197723,0.0,0.0,32.18,154.9,-0.06372389197349548,0.21543265879154205,0.9743618369102478,-0.012125075794756413,-3.090143918991089,-0.11925454437732697,2.703615665435791,0.0014373315498232841,-0.000497414730489254,-0.0004543508403003216,0.0,0.0,0.0,0.0,0.0,0.0,-0.59820565,0.63743225,10.267562550000001,0.10471975511965978,0.06981317007977318,-0.05235987755982989,-722.0,318.0,-399.0,1600,1600,1599,1599,0,0,0,0
1763969191.253167,0.0,0.0,32.18,154.9,-0.06372389197349548,0.21543265879154205,0.9743618369102478,-0.012125075794756413,-3.090143918991089,-0.11925454437732697,2.703615665435791,0.0014373315498232841,-0.000497414730489254,-0.0004543508403003216,0.0,0.0,0.0,0.0,0.0,0.0,-0.588399,0.63743225,10.267562550000001,0.06981317007977318,0.06981317007977318,-0.05235987755982989,-716.0,328.0,-398.0,1600,1600,1599,1599,0,0,0,0
1763969191.2865586,0.0,0.0,32.18,154.9,-0.06372389197349548,0.21543265879154205,0.9743618369102478,-0.012125075794756413,-3.09019136428833,-0.11923301219940186,2.7035410404205322,-0.00021928688511252403,-0.00031035905703902245,-5.16790896654129e-05,0.0,0.0,0.0,0.0,0.0,0.0,-0.588399,0.63743225,10.267562550000001,0.06981317007977318,0.06981317007977318,-0.05235987755982989,-716.0,328.0,-398.0,1600,1600,1599,1599,0,0,0,0
1763969191.3199582,0.0,0.0,32.18,154.9,-0.06370876729488373,0.21547085046768188,0.9743546843528748,-0.012102004140615463,-3.09019136428833,-0.11923301219940186,2.7035410404205322,-0.00021928688511252403,-0.00031035905703902245,-5.16790896654129e-05,0.0,0.0,0.0,0.0,0.0,0.0,-0.588399,0.63743225,10.267562550000001,0.06981317007977318,0.06981317007977318,-0.05235987755982989,-716.0,328.0,-398.0,1600,1600,1599,1599,0,0,0,0
1763969191.3533542,0.0,0.0,32.18,154.9,-0.06370876729488373,0.21547085046768188,0.9743546843528748,-0.012102004140615463,-3.09019136428833,-0.11923301219940186,2.7035410404205322,-0.00021928688511252403,-0.00031035905703902245,-5.16790896654129e-05,0.0,0.0,0.0,0.0,0.0,0.0,-0.588399,0.63743225,10.267562550000001,0.06981317007977318,0.06981317007977318,-0.05235987755982989,-716.0,328.0,-398.0,1600,1600,1599,1599,0,0,0,0
1763969191.3867464,0.0,0.0,32.18,154.9,-0.06370876729488373,0.21547085046768188,0.9743546843528748,-0.012102004140615463,-3.09019136428833,-0.11923301219940186,2.7035410404205322,-0.00021928688511252403,-0.00031035905703902245,-5.16790896654129e-05,0.0,0.0,0.0,0.0,0.0,0.0,-0.588399,0.63743225,10.267562550000001,0.06981317007977318,0.06981317007977318,-0.05235987755982989,-716.0,328.0,-398.0,1600,1600,1599,1599,0,0,0,0
1763969191.4201496,0.0,0.0,32.18,154.9,-0.06370876729488373,0.21547085046768188,0.9743546843528748,-0.012102004140615463,-3.090193033218384,-0.11930403858423233,2.7034852504730225,-0.0030226781964302063,-0.00028487108647823334,3.6197714507579803e-05,0.0,0.0,0.0,0.0,0.0,0.0,-0.588399,0.63743225,10.267562550000001,0.06981317007977318,0.06981317007977318,-0.05235987755982989,-716.0,328.0,-398.0,1600,1600,1599,1599,0,0,0,0
1763969191.4535484,0.0,0.0,32.18,154.9,-0.06374350190162659,0.2154967188835144,0.9743467569351196,-0.012091624550521374,-3.090193033218384,-0.11930403858423233,2.7034852504730225,-0.0030226781964302063,-0.00028487108647823334,3.6197714507579803e-05,0.0,0.0,0.0,0.0,0.0,0.0,-0.588399,0.63743225,10.267562550000001,0.06981317007977318,0.06981317007977318,-0.05235987755982989,-716.0,328.0,-398.0,1600,1600,1599,1599,0,0,0,0
1763969191.486944,0.0,0.0,32.09,154.89,-0.06374350190162659,0.2154967188835144,0.9743467569351196,-0.012091624550521374,-3.090193033218384,-0.11930403858423233,2.7034852504730225,-0.0030226781964302063,-0.00028487108647823334,3.6197714507579803e-05,0.0,0.0,0.0,0.0,0.0,0.0,-0.588399,0.63743225,10.267562550000001,0.06981317007977318,0.06981317007977318,-0.05235987755982989,-716.0,328.0,-398.0,1600,1600,1599,1599,0,0,0,0
1763969191.5203373,0.0,0.0,32.09,154.89,-0.06374350190162659,0.2154967188835144,0.9743467569351196,-0.012091624550521374,-3.090193033218384,-0.11930403858423233,2.7034852504730225,-0.0030226781964302063,-0.00028487108647823334,3.6197714507579803e-05,0.0,0.0,0.0,0.0,0.0,0.0,-0.588399,0.63743225,10.267562550000001,0.06981317007977318,0.06981317007977318,-0.05235987755982989,-716.0,328.0,-398.0,1600,1600,1599,1599,0,0,0,0
1763969191.5537422,0.0,0.0,32.09,154.89,-0.06374350190162659,0.2154967188835144,0.9743467569351196,-0.012091624550521374,-3.090193033218384,-0.11930403858423233,2.7034852504730225,-0.0030226781964302063,-0.00028487108647823334,3.6197714507579803e-05,0.0,0.0,0.0,0.0,0.0,0.0,-0.588399,0.63743225,10.267562550000001,0.06981317007977318,0.06981317007977318,-0.05235987755982989,-716.0,328.0,-398.0,1600,1600,1599,1599,0,0,0,0
1763969191.5871396,0.0,0.0,32.09,154.89,-0.06374350190162659,0.2154967188835144,0.9743467569351196,-0.012091624550521374,-3.090193033218384,-0.11930403858423233,2.7034852504730225,-0.0030226781964302063,-0.00028487108647823334,3.6197714507579803e-05,0.0,0.0,0.0,0.0,0.0,0.0,-0.588399,0.63743225,10.2577559,0.03490658503988659,0.06981317007977318,-0.05235987755982989,-717.0,320.0,-398.0,1600,1600,1599,1599,0,0,0,0
1763969191.620533,0.0,0.0,32.09,154.89,-0.06374350190162659,0.2154967188835144,0.9743467569351196,-0.012091624550521374,-3.090193033218384,-0.11930403858423233,2.7034852504730225,-0.0030226781964302063,-0.00028487108647823334,3.6197714507579803e-05,0.0,0.0,0.0,0.0,0.0,0.0,-0.588399,0.63743225,10.2577559,0.03490658503988659,0.06981317007977318,-0.05235987755982989,-717.0,320.0,-398.0,1600,1600,1599,1599,0,0,0,0
1763969191.6539264,0.0,0.0,32.09,154.89,-0.06374350190162659,0.2154967188835144,0.9743467569351196,-0.012091624550521374,-3.090193033218384,-0.11930403858423233,2.7034852504730225,-0.0030226781964302063,-0.00028487108647823334,3.6197714507579803e-05,0.0,0.0,0.0,0.0,0.0,0.0,-0.588399,0.6276256,10.267562550000001,0.10471975511965978,0.08726646259971647,-0.06981317007977318,-717.0,320.0,-398.0,1600,1600,1599,1599,0,0,0,0
1763969191.687319,0.0,0.0,32.09,154.89,-0.06374350190162659,0.2154967188835144,0.9743467569351196,-0.012091624550521374,-3.0902202129364014,-0.11931288242340088,2.703502655029297,-0.0008408939465880394,0.0008993032388389111,0.0005440448876470327,0.0,0.0,0.0,0.0,0.0,0.0,-0.588399,0.6276256,10.267562550000001,0.10471975511965978,0.08726646259971647,-0.06981317007977318,-717.0,320.0,-398.0,1600,1600,1599,1599,0,0,0,0
1763969191.7207093,0.0,0.0,32.09,154.89,-0.06374477595090866,0.21548891067504883,0.9743486642837524,-0.012077962048351765,-3.0902202129364014,-0.11931288242340088,2.703502655029297,-0.0008408939465880394,0.0008993032388389111,0.0005440448876470327,0.0,0.0,0.0,0.0,0.0,0.0,-0.588399,0.6276256,10.267562550000001,0.10471975511965978,0.08726646259971647,-0.06981317007977318,-717.0,320.0,-398.0,1600,1600,1599,1599,0,0,0,0
1763969191.7540994,0.0,0.0,32.06,154.89,-0.06374477595090866,0.21548891067504883,0.9743486642837524,-0.012077962048351765,-3.0902202129364014,-0.11931288242340088,2.703502655029297,-0.0008408939465880394,0.0008993032388389111,0.0005440448876470327,0.0,0.0,0.0,0.0,0.0,0.0,-0.588399,0.6276256,10.267562550000001,0.10471975511965978,0.08726646259971647,-0.06981317007977318,-717.0,320.0,-398.0,1600,1600,1599,1599,0,0,0,0
1763969191.7874908,0.0,0.0,32.06,154.89,-0.06374477595090866,0.21548891067504883,0.9743486642837524,-0.012077962048351765,-3.0902202129364014,-0.11931288242340088,2.703502655029297,-0.0008408939465880394,0.0008993032388389111,0.0005440448876470327,0.0,0.0,0.0,0.0,0.0,0.0,-0.588399,0.6276256,10.267562550000001,0.10471975511965978,0.08726646259971647,-0.06981317007977318,-717.0,320.0,-398.0,1600,1600,1599,1599,0,0,0,0
1763969191.8208919,0.0,0.0,32.06,154.89,-0.06374477595090866,0.21548891067504883,0.9743486642837524,-0.012077962048351765,-3.0902202129364014,-0.11931288242340088,2.703502655029297,-0.0008408939465880394,0.0008993032388389111,0.0005440448876470327,0.0,0.0,0.0,0.0,0.0,0.0,-0.57859235,0.61781895,10.267562550000001,0.06981317007977318,0.08726646259971647,-0.03490658503988659,-722.0,321.0,-404.0,1600,1600,1599,1599,0,0,0,0
1763969191.8542876,0.0,0.0,32.06,154.89,-0.06374477595090866,0.21548891067504883,0.9743486642837524,-0.012077962048351765,-3.0912232398986816,-0.11807757616043091,2.7040557861328125,-0.003846504259854555,-0.0051535447128117085,-0.0029911031015217304,0.0,0.0,0.0,0.0,0.0,0.0,-0.57859235,0.61781895,10.267562550000001,0.06981317007977318,0.08726646259971647,-0.03490658503988659,-722.0,321.0,-404.0,1600,1600,1599,1599,0,0,0,0
1763969191.8876839,0.0,0.0,32.06,154.89,-0.0630321279168129,0.21527455747127533,0.9744464755058289,-0.01174144633114338,-3.0912232398986816,-0.11807757616043091,2.7040557861328125,-0.003846504259854555,-0.0051535447128117085,-0.0029911031015217304,0.0,0.0,0.0,0.0,0.0,0.0,-0.57859235,0.61781895,10.267562550000001,0.06981317007977318,0.08726646259971647,-0.03490658503988659,-722.0,321.0,-404.0,1600,1600,1599,1599,0,0,0,0
1763969191.9210851,0.0,0.0,32.3,154.93,-0.0630321279168129,0.21527455747127533,0.9744464755058289,-0.01174144633114338,-3.0912232398986816,-0.11807757616043091,2.7040557861328125,-0.003846504259854555,-0.0051535447128117085,-0.0029911031015217304,0.0,0.0,0.0,0.0,0.0,0.0,-0.57859235,0.61781895,10.267562550000001,0.06981317007977318,0.08726646259971647,-0.03490658503988659,-722.0,321.0,-404.0,1600,1600,1599,1599,0,0,0,0
1763969191.9545116,0.0,0.0,32.3,154.93,-0.0630321279168129,0.21527455747127533,0.9744464755058289,-0.01174144633114338,-3.0912232398986816,-0.11807757616043091,2.7040557861328125,-0.003846504259854555,-0.0051535447128117085,-0.0029911031015217304,0.0,0.0,0.0,0.0,0.0,0.0,-0.57859235,0.61781895,10.267562550000001,0.06981317007977318,0.08726646259971647,-0.03490658503988659,-722.0,321.0,-404.0,1600,1600,1599,1599,0,0,0,0
1763969191.9879093,0.0,0.0,32.3,154.93,-0.0630321279168129,0.21527455747127533,0.9744464755058289,-0.01174144633114338,-3.0912232398986816,-0.11807757616043091,2.7040557861328125,-0.003846504259854555,-0.0051535447128117085,-0.0029911031015217304,0.0,0.0,0.0,0.0,0.0,0.0,-0.57859235,0.61781895,10.267562550000001,0.06981317007977318,0.08726646259971647,-0.03490658503988659,-722.0,321.0,-404.0,1600,1600,1599,1599,0,0,0,0
1763969192.0213096,0.0,0.0,32.3,154.93,-0.0630321279168129,0.21527455747127533,0.9744464755058289,-0.01174144633114338,-3.0912232398986816,-0.11807757616043091,2.7040557861328125,-0.003846504259854555,-0.0051535447128117085,-0.0029911031015217304,0.0,0.0,0.0,0.0,0.0,0.0,-0.5687857000000001,0.6472389000000001,10.24794925,0.017453292519943295,0.0,-0.10471975511965978,-721.0,323.0,-401.0,1600,1600,1599,1599,0,0,0,0
1763969192.0547104,0.0,0.0,32.3,154.93,-0.0630321279168129,0.21527455747127533,0.9744464755058289,-0.01174144633114338,-3.0913515090942383,-0.11792951077222824,2.7040815353393555,-0.0014061671681702137,-0.0025139758363366127,0.0007193894125521183,0.0,0.0,0.0,0.0,0.0,0.0,-0.5687857000000001,0.6472389000000001,10.24794925,0.017453292519943295,0.0,-0.10471975511965978,-721.0,323.0,-401.0,1600,1600,1599,1599,0,0,0,0
1763969192.0881076,0.0,0.0,32.3,154.93,-0.06294608116149902,0.2152687907218933,0.974453866481781,-0.011695869266986847,-3.0913515090942383,-0.11792951077222824,2.7040815353393555,-0.0014061671681702137,-0.0025139758363366127,0.0007193894125521183,0.0,0.0,0.0,0.0,0.0,0.0,-0.5687857000000001,0.6472389000000001,10.24794925,0.017453292519943295,0.0,-0.10471975511965978,-721.0,323.0,-401.0,1600,1600,1599,1599,0,0,0,0
1763969192.1215215,0.0,0.0,32.3,154.93,-0.06294608116149902,0.2152687907218933,0.974453866481781,-0.011695869266986847,-3.0913515090942383,-0.11792951077222824,2.7040815353393555,-0.0014061671681702137,-0.0025139758363366127,0.0007193894125521183,0.0,0.0,0.0,0.0,0.0,0.0,-0.5687857000000001,0.6472389000000001,10.24794925,0.017453292519943295,0.0,-0.10471975511965978,-721.0,323.0,-401.0,1600,1600,1599,1599,0,0,0,0
1763969192.1549304,0.0,0.0,32.3,154.93,-0.06294608116149902,0.2152687907218933,0.974453866481781,-0.011695869266986847,-3.0913515090942383,-0.11792951077222824,2.7040815353393555,-0.0014061671681702137,-0.0025139758363366127,0.0007193894125521183,0.0,0.0,0.0,0.0,0.0,0.0,-0.5687857000000001,0.6472389000000001,10.24794925,0.017453292519943295,0.0,-0.10471975511965978,-721.0,323.0,-401.0,1600,1600,1599,1599,0,0,0,0
1763969192.1883323,0.0,0.0,32.3,154.93,-0.06294608116149902,0.2152687907218933,0.974453866481781,-0.011695869266986847,-3.0913515090942383,-0.11792951077222824,2.7040815353393555,-0.0014061671681702137,-0.0025139758363366127,0.0007193894125521183,0.0,0.0,0.0,0.0,0.0,0.0,-0.44129925000000003,0.5687857000000001,10.2577559,0.06981317007977318,0.03490658503988659,-0.03490658503988659,-716.0,325.0,-395.0,1600,1600,1599,1599,0,0,0,0
1763969192.2217324,0.0,0.0,32.3,154.93,-0.06294608116149902,0.2152687907218933,0.974453866481781,-0.011695869266986847,-3.0913360118865967,-0.1179632768034935,2.704023599624634,0.002239897381514311,0.0017051184549927711,-0.0006669736467301846,0.0,0.0,0.0,0.0,0.0,0.0,-0.44129925000000003,0.5687857000000001,10.2577559,0.06981317007977318,0.03490658503988659,-0.03490658503988659,-716.0,325.0,-395.0,1600,1600,1599,1599,0,0,0,0
1763969192.25513,0.0,0.0,32.3,154.93,-0.0629645437002182,0.21529586613178253,0.9744466543197632,-0.011697969399392605,-3.0913360118865967,-0.1179632768034935,2.704023599624634,0.002239897381514311,0.0017051184549927711,-0.0006669736467301846,0.0,0.0,0.0,0.0,0.0,0.0,-0.44129925000000003,0.5687857000000001,10.2577559,0.06981317007977318,0.03490658503988659,-0.03490658503988659,-716.0,325.0,-395.0,1600,1600,1599,1599,0,0,0,0
1763969192.2885313,0.0,0.0,32.1,154.92,-0.0629645437002182,0.21529586613178253,0.9744466543197632,-0.011697969399392605,-3.0913360118865967,-0.1179632768034935,2.704023599624634,0.002239897381514311,0.0017051184549927711,-0.0006669736467301846,0.0,0.0,0.0,0.0,0.0,0.0,-0.44129925000000003,0.5687857000000001,10.2577559,0.06981317007977318,0.03490658503988659,-0.03490658503988659,-716.0,325.0,-395.0,1600,1600,1599,1599,0,0,0,0
1763969192.3219397,0.0,0.0,32.1,154.92,-0.0629645437002182,0.21529586613178253,0.9744466543197632,-0.011697969399392605,-3.0913360118865967,-0.1179632768034935,2.704023599624634,0.002239897381514311,0.0017051184549927711,-0.0006669736467301846,0.0,0.0,0.0,0.0,0.0,0.0,-0.44129925000000003,0.5687857000000001,10.2577559,0.06981317007977318,0.03490658503988659,-0.03490658503988659,-716.0,325.0,-395.0,1600,1600,1599,1599,0,0,0,0
1763969192.3553395,0.0,0.0,32.1,154.92,-0.0629645437002182,0.21529586613178253,0.9744466543197632,-0.011697969399392605,-3.0913360118865967,-0.1179632768034935,2.704023599624634,0.002239897381514311,0.0017051184549927711,-0.0006669736467301846,0.0,0.0,0.0,0.0,0.0,0.0,-0.4707192,0.51975245,10.2577559,0.12217304763960307,0.10471975511965978,-0.05235987755982989,-716.0,325.0,-395.0,1600,1600,1599,1599,0,0,0,0
1763969192.3887339,0.0,0.0,32.1,154.92,-0.0629645437002182,0.21529586613178253,0.9744466543197632,-0.011697969399392605,-3.091233968734741,-0.11810442060232162,2.703974723815918,0.0036262511275708675,0.005591230001300573,-0.0006696060299873352,0.0,0.0,0.0,0.0,0.0,0.0,-0.4707192,0.51975245,10.2577559,0.12217304763960307,0.10471975511965978,-0.05235987755982989,-716.0,325.0,-395.0,1600,1600,1599,1599,0,0,0,0
1763969192.4221408,0.0,0.0,32.1,154.92,-0.06304453313350677,0.21531391143798828,0.9744370579719543,-0.011730803176760674,-3.091233968734741,-0.11810442060232162,2.703974723815918,0.0036262511275708675,0.005591230001300573,-0.0006696060299873352,0.0,0.0,0.0,0.0,0.0,0.0,-0.4707192,0.51975245,10.2577559,0.12217304763960307,0.10471975511965978,-0.05235987755982989,-716.0,325.0,-395.0,1600,1600,1599,1599,0,0,0,0
1763969192.4558067,0.0,0.0,32.1,154.92,-0.06304453313350677,0.21531391143798828,0.9744370579719543,-0.011730803176760674,-3.091233968734741,-0.11810442060232162,2.703974723815918,0.0036262511275708675,0.005591230001300573,-0.0006696060299873352,0.0,0.0,0.0,0.0,0.0,0.0,-0.4707192,0.51975245,10.2577559,0.12217304763960307,0.10471975511965978,-0.05235987755982989,-716.0,325.0,-395.0,1600,1600,1599,1599,0,0,0,0
1763969192.4892273,0.0,0.0,32.1,154.92,-0.06304453313350677,0.21531391143798828,0.9744370579719543,-0.011730803176760674,-3.091233968734741,-0.11810442060232162,2.703974723815918,0.0036262511275708675,0.005591230001300573,-0.0006696060299873352,0.0,0.0,0.0,0.0,0.0,0.0,-0.4707192,0.51975245,10.2577559,0.12217304763960307,0.10471975511965978,-0.05235987755982989,-716.0,325.0,-395.0,1600,1600,1599,1599,0,0,0,0
1763969192.5226343,0.0,0.0,32.1,154.92,-0.06304453313350677,0.21531391143798828,0.9744370579719543,-0.011730803176760674,-3.091233968734741,-0.11810442060232162,2.703974723815918,0.0036262511275708675,0.005591230001300573,-0.0006696060299873352,0.0,0.0,0.0,0.0,0.0,0.0,-0.4707192,0.51975245,10.2577559,0.12217304763960307,0.10471975511965978,-0.05235987755982989,-716.0,325.0,-395.0,1600,1600,1599,1599,0,0,0,0
1763969192.5560348,0.0,0.0,32.1,154.92,-0.06304453313350677,0.21531391143798828,0.9744370579719543,-0.011730803176760674,-3.091233968734741,-0.11810442060232162,2.703974723815918,0.0036262511275708675,0.005591230001300573,-0.0006696060299873352,0.0,0.0,0.0,0.0,0.0,0.0,-0.53936575,0.5491724,10.267562550000001,0.15707963267948966,0.17453292519943295,-0.05235987755982989,-716.0,325.0,-395.0,1600,1600,1599,1599,0,0,0,0
1763969192.5894315,0.0,0.0,32.1,154.92,-0.06304453313350677,0.21531391143798828,0.9744370579719543,-0.011730803176760674,-3.0912697315216064,-0.118047334253788,2.7040512561798096,-0.0015149707905948162,-0.002250039717182517,0.0001380357425659895,0.0,0.0,0.0,0.0,0.0,0.0,-0.53936575,0.5491724,10.267562550000001,0.15707963267948966,0.17453292519943295,-0.05235987755982989,-716.0,325.0,-395.0,1600,1600,1599,1599,0,0,0,0
1763969192.6228306,0.0,0.0,32.1,154.92,-0.06301242858171463,0.2152787297964096,0.9744470715522766,-0.01172197237610817,-3.0912697315216064,-0.118047334253788,2.7040512561798096,-0.0015149707905948162,-0.002250039717182517,0.0001380357425659895,0.0,0.0,0.0,0.0,0.0,0.0,-0.53936575,0.5491724,10.267562550000001,0.15707963267948966,0.17453292519943295,-0.05235987755982989,-716.0,325.0,-395.0,1600,1600,1599,1599,0,0,0,0
1763969192.6562304,0.0,0.0,32.17,154.93,-0.06301242858171463,0.2152787297964096,0.9744470715522766,-0.01172197237610817,-3.0912697315216064,-0.118047334253788,2.7040512561798096,-0.0015149707905948162,-0.002250039717182517,0.0001380357425659895,0.0,0.0,0.0,0.0,0.0,0.0,-0.53936575,0.5491724,10.267562550000001,0.15707963267948966,0.17453292519943295,-0.05235987755982989,-716.0,325.0,-395.0,1600,1600,1599,1599,0,0,0,0
1763969192.6896276,0.0,0.0,32.17,154.93,-0.06301242858171463,0.2152787297964096,0.9744470715522766,-0.01172197237610817,-3.0912697315216064,-0.118047334253788,2.7040512561798096,-0.0015149707905948162,-0.002250039717182517,0.0001380357425659895,0.0,0.0,0.0,0.0,0.0,0.0,-0.53936575,0.5491724,10.267562550000001,0.15707963267948966,0.17453292519943295,-0.05235987755982989,-716.0,325.0,-395.0,1600,1600,1599,1599,0,0,0,0
1763969192.7230244,0.0,0.0,32.17,154.93,-0.06301242858171463,0.2152787297964096,0.9744470715522766,-0.01172197237610817,-3.0912697315216064,-0.118047334253788,2.7040512561798096,-0.0015149707905948162,-0.002250039717182517,0.0001380357425659895,0.0,0.0,0.0,0.0,0.0,0.0,-0.53936575,0.59820565,10.267562550000001,0.05235987755982989,0.03490658503988659,-0.03490658503988659,-719.0,321.0,-401.0,1600,1600,1599,1599,0,0,0,0
1763969192.7564082,0.0,0.0,32.17,154.93,-0.06301242858171463,0.2152787297964096,0.9744470715522766,-0.01172197237610817,-3.0912728309631348,-0.11803441494703293,2.7040557861328125,0.0001950487494468689,-0.0007354216650128365,0.00046952604316174984,0.0,0.0,0.0,0.0,0.0,0.0,-0.53936575,0.59820565,10.267562550000001,0.05235987755982989,0.03490658503988659,-0.03490658503988659,-719.0,321.0,-401.0,1600,1600,1599,1599,0,0,0,0
1763969192.7898068,0.0,0.0,32.17,154.93,-0.06301242858171463,0.2152787297964096,0.9744470715522766,-0.01172197237610817,-3.0912728309631348,-0.11803441494703293,2.7040557861328125,0.0001950487494468689,-0.0007354216650128365,0.00046952604316174984,0.0,0.0,0.0,0.0,0.0,0.0,-0.53936575,0.59820565,10.267562550000001,0.05235987755982989,0.03490658503988659,-0.03490658503988659,-719.0,321.0,-401.0,1600,1600,1599,1599,0,0,0,0
1763969192.8232076,0.0,0.0,32.17,154.93,-0.06301242858171463,0.2152787297964096,0.9744470715522766,-0.01172197237610817,-3.0912728309631348,-0.11803441494703293,2.7040557861328125,0.0001950487494468689,-0.0007354216650128365,0.00046952604316174984,0.0,0.0,0.0,0.0,0.0,0.0,-0.51975245,0.5687857000000001,10.267562550000001,0.08726646259971647,0.05235987755982989,-0.03490658503988659,-719.0,321.0,-401.0,1600,1600,1599,1599,0,0,0,0
1763969192.8566146,0.0,0.0,32.17,154.93,-0.06300576776266098,0.21527697145938873,0.9744478464126587,-0.011721938848495483,-3.0912728309631348,-0.11803441494703293,2.7040557861328125,0.0001950487494468689,-0.0007354216650128365,0.00046952604316174984,0.0,0.0,0.0,0.0,0.0,0.0,-0.51975245,0.5687857000000001,10.267562550000001,0.08726646259971647,0.05235987755982989,-0.03490658503988659,-719.0,321.0,-401.0,1600,1600,1599,1599,0,0,0,0
1763969192.8900225,0.0,0.0,32.17,154.93,-0.06300576776266098,0.21527697145938873,0.9744478464126587,-0.011721938848495483,-3.0912728309631348,-0.11803441494703293,2.7040557861328125,0.0001950487494468689,-0.0007354216650128365,0.00046952604316174984,0.0,0.0,0.0,0.0,0.0,0.0,-0.51975245,0.5687857000000001,10.267562550000001,0.08726646259971647,0.05235987755982989,-0.03490658503988659,-719.0,321.0,-401.0,1600,1600,1599,1599,0,0,0,0
1763969192.9234412,0.0,0.0,32.17,154.93,-0.06300576776266098,0.21527697145938873,0.9744478464126587,-0.011721938848495483,-3.0912444591522217,-0.11807367205619812,2.7040627002716064,0.000708162784576416,0.002198292873799801,-0.0008632475510239601,0.0,0.0,0.0,0.0,0.0,0.0,-0.51975245,0.5687857000000001,10.267562550000001,0.08726646259971647,0.05235987755982989,-0.03490658503988659,-719.0,321.0,-401.0,1600,1600,1599,1599,0,0,0,0
1763969192.9568527,0.0,0.0,32.17,154.93,-0.06302792578935623,0.2152719646692276,0.97444748878479,-0.011731808073818684,-3.0912444591522217,-0.11807367205619812,2.7040627002716064,0.000708162784576416,0.002198292873799801,-0.0008632475510239601,0.0,0.0,0.0,0.0,0.0,0.0,-0.51975245,0.5687857000000001,10.267562550000001,0.08726646259971647,0.05235987755982989,-0.03490658503988659,-719.0,321.0,-401.0,1600,1600,1599,1599,0,0,0,0
1763969192.9902582,0.0,0.0,32.17,154.93,-0.06302792578935623,0.2152719646692276,0.97444748878479,-0.011731808073818684,-3.0912444591522217,-0.11807367205619812,2.7040627002716064,0.000708162784576416,0.002198292873799801,-0.0008632475510239601,0.0,0.0,0.0,0.0,0.0,0.0,-0.51975245,0.5687857000000001,10.267562550000001,0.08726646259971647,0.05235987755982989,-0.03490658503988659,-719.0,321.0,-401.0,1600,1600,1599,1599,0,0,0,0
1763969193.023666,0.0,0.0,32.24,154.93,-0.06302792578935623,0.2152719646692276,0.97444748878479,-0.011731808073818684,-3.0912444591522217,-0.11807367205619812,2.7040627002716064,0.000708162784576416,0.002198292873799801,-0.0008632475510239601,0.0,0.0,0.0,0.0,0.0,0.0,-0.51975245,0.5687857000000001,10.267562550000001,0.08726646259971647,0.05235987755982989,-0.03490658503988659,-719.0,321.0,-401.0,1600,1600,1599,1599,0,0,0,0
1763969193.057065,0.0,0.0,32.24,154.93,-0.06302792578935623,0.2152719646692276,0.97444748878479,-0.011731808073818684,-3.0912444591522217,-0.11807367205619812,2.7040627002716064,0.000708162784576416,0.002198292873799801,-0.0008632475510239601,0.0,0.0,0.0,0.0,0.0,0.0,-0.5295591,0.5687857000000001,10.2577559,0.10471975511965978,0.10471975511965978,-0.05235987755982989,-715.0,319.0,-396.0,1600,1600,1599,1599,0,0,0,0
1763969193.090473,0.0,0.0,32.24,154.93,-0.06302792578935623,0.2152719646692276,0.97444748878479,-0.011731808073818684,-3.0912046432495117,-0.118152916431427,2.7040469646453857,0.00031436188146471977,0.0015281219966709614,-0.00036676647141575813,0.0,0.0,0.0,0.0,0.0,0.0,-0.5295591,0.5687857000000001,10.2577559,0.10471975511965978,0.10471975511965978,-0.05235987755982989,-715.0,319.0,-396.0,1600,1600,1599,1599,0,0,0,0
1763969193.1238835,0.0,0.0,32.24,154.93,-0.0630708560347557,0.215276837348938,0.9744434356689453,-0.01174197904765606,-3.0912046432495117,-0.118152916431427,2.7040469646453857,0.00031436188146471977,0.0015281219966709614,-0.00036676647141575813,0.0,0.0,0.0,0.0,0.0,0.0,-0.5295591,0.5687857000000001,10.2577559,0.10471975511965978,0.10471975511965978,-0.05235987755982989,-715.0,319.0,-396.0,1600,1600,1599,1599,0,0,0,0
1763969193.157304,0.0,0.0,32.24,154.93,-0.0630708560347557,0.215276837348938,0.9744434356689453,-0.01174197904765606,-3.0912046432495117,-0.118152916431427,2.7040469646453857,0.00031436188146471977,0.0015281219966709614,-0.00036676647141575813,0.0,0.0,0.0,0.0,0.0,0.0,-0.5295591,0.5687857000000001,10.2577559,0.10471975511965978,0.10471975511965978,-0.05235987755982989,-715.0,319.0,-396.0,1600,1600,1599,1599,0,0,0,0
1763969193.1907003,0.0,0.0,32.24,154.93,-0.0630708560347557,0.215276837348938,0.9744434356689453,-0.01174197904765606,-3.0912046432495117,-0.118152916431427,2.7040469646453857,0.00031436188146471977,0.0015281219966709614,-0.00036676647141575813,0.0,0.0,0.0,0.0,0.0,0.0,-0.5295591,0.5687857000000001,10.2577559,0.10471975511965978,0.10471975511965978,-0.05235987755982989,-715.0,319.0,-396.0,1600,1600,1599,1599,0,0,0,0
1763969193.2241046,0.0,0.0,32.24,154.93,-0.0630708560347557,0.215276837348938,0.9744434356689453,-0.01174197904765606,-3.0912046432495117,-0.118152916431427,2.7040469646453857,0.00031436188146471977,0.0015281219966709614,-0.00036676647141575813,0.0,0.0,0.0,0.0,0.0,0.0,-0.5295591,0.5687857000000001,10.2577559,0.10471975511965978,0.10471975511965978,-0.05235987755982989,-715.0,319.0,-396.0,1600,1600,1599,1599,0,0,0,0
1763969193.2575028,0.0,0.0,32.24,154.93,-0.0630708560347557,0.215276837348938,0.9744434356689453,-0.01174197904765606,-3.0912046432495117,-0.118152916431427,2.7040469646453857,0.00031436188146471977,0.0015281219966709614,-0.00036676647141575813,0.0,0.0,0.0,0.0,0.0,0.0,-0.5687857000000001,0.6080123,10.267562550000001,0.08726646259971647,0.10471975511965978,-0.05235987755982989,-715.0,319.0,-396.0,1600,1600,1599,1599,0,0,0,0
1763969193.2908978,0.0,0.0,32.24,154.93,-0.0630708560347557,0.215276837348938,0.9744434356689453,-0.01174197904765606,-3.091160774230957,-0.11815660446882248,2.70403790473938,0.0010354402475059032,0.0003233999013900757,0.00040166755206882954,0.0,0.0,0.0,0.0,0.0,0.0,-0.5687857000000001,0.6080123,10.267562550000001,0.08726646259971647,0.10471975511965978,-0.05235987755982989,-715.0,319.0,-396.0,1600,1600,1599,1599,0,0,0,0
1763969193.3242943,0.0,0.0,32.24,154.93,-0.0630708560347557,0.215276837348938,0.9744434356689453,-0.01174197904765606,-3.091160774230957,-0.11815660446882248,2.70403790473938,0.0010354402475059032,0.0003233999013900757,0.00040166755206882954,0.0,0.0,0.0,0.0,0.0,0.0,-0.5687857000000001,0.6080123,10.267562550000001,0.08726646259971647,0.10471975511965978,-0.05235987755982989,-715.0,319.0,-396.0,1600,1600,1599,1599,0,0,0,0
1763969193.3576896,0.0,0.0,32.24,154.93,-0.06307743489742279,0.21527977287769318,0.9744421243667603,-0.011762718670070171,-3.091160774230957,-0.11815660446882248,2.70403790473938,0.0010354402475059032,0.0003233999013900757,0.00040166755206882954,0.0,0.0,0.0,0.0,0.0,0.0,-0.5687857000000001,0.6080123,10.267562550000001,0.08726646259971647,0.10471975511965978,-0.05235987755982989,-715.0,319.0,-396.0,1600,1600,1599,1599,0,0,0,0
1763969193.391087,0.0,0.0,32.24,154.93,-0.06307743489742279,0.21527977287769318,0.9744421243667603,-0.011762718670070171,-3.091160774230957,-0.11815660446882248,2.70403790473938,0.0010354402475059032,0.0003233999013900757,0.00040166755206882954,0.0,0.0,0.0,0.0,0.0,0.0,-0.55897905,0.63743225,10.2577559,0.10471975511965978,0.08726646259971647,-0.03490658503988659,-718.0,321.0,-400.0,1600,1600,1599,1599,0,0,0,0
1763969193.4244864,0.0,0.0,32.22,154.92,-0.06307743489742279,0.21527977287769318,0.9744421243667603,-0.011762718670070171,-3.091160774230957,-0.11815660446882248,2.70403790473938,0.0010354402475059032,0.0003233999013900757,0.00040166755206882954,0.0,0.0,0.0,0.0,0.0,0.0,-0.55897905,0.63743225,10.2577559,0.10471975511965978,0.08726646259971647,-0.03490658503988659,-718.0,321.0,-400.0,1600,1600,1599,1599,0,0,0,0
1763969193.4578831,0.0,0.0,32.22,154.92,-0.06307743489742279,0.21527977287769318,0.9744421243667603,-0.011762718670070171,-3.091141939163208,-0.11817269027233124,2.7040271759033203,-0.0006842943839728832,-0.0002865111455321312,0.0012336381478235126,0.0,0.0,0.0,0.0,0.0,0.0,-0.55897905,0.63743225,10.2577559,0.10471975511965978,0.08726646259971647,-0.03490658503988659,-718.0,321.0,-400.0,1600,1600,1599,1599,0,0,0,0
1763969193.4912841,0.0,0.0,32.22,154.92,-0.06307743489742279,0.21527977287769318,0.9744421243667603,-0.011762718670070171,-3.091141939163208,-0.11817269027233124,2.7040271759033203,-0.0006842943839728832,-0.0002865111455321312,0.0012336381478235126,0.0,0.0,0.0,0.0,0.0,0.0,-0.55897905,0.63743225,10.2577559,0.10471975511965978,0.08726646259971647,-0.03490658503988659,-718.0,321.0,-400.0,1600,1600,1599,1599,0,0,0,0
1763969193.5246804,0.0,0.0,32.22,154.92,-0.0630873590707779,0.21528410911560059,0.9744404554367065,-0.011769813485443592,-3.091141939163208,-0.11817269027233124,2.7040271759033203,-0.0006842943839728832,-0.0002865111455321312,0.0012336381478235126,0.0,0.0,0.0,0.0,0.0,0.0,-0.55897905,0.63743225,10.2577559,0.10471975511965978,0.08726646259971647,-0.03490658503988659,-718.0,321.0,-400.0,1600,1600,1599,1599,0,0,0,0
1763969193.5580745,0.0,0.0,32.22,154.92,-0.0630873590707779,0.21528410911560059,0.9744404554367065,-0.011769813485443592,-3.091141939163208,-0.11817269027233124,2.7040271759033203,-0.0006842943839728832,-0.0002865111455321312,0.0012336381478235126,0.0,0.0,0.0,0.0,0.0,0.0,-0.55897905,0.63743225,10.2577559,0.10471975511965978,0.08726646259971647,-0.03490658503988659,-718.0,321.0,-400.0,1600,1600,1599,1599,0,0,0,0
1763969193.5914693,0.0,0.0,32.22,154.92,-0.0630873590707779,0.21528410911560059,0.9744404554367065,-0.011769813485443592,-3.091141939163208,-0.11817269027233124,2.7040271759033203,-0.0006842943839728832,-0.0002865111455321312,0.0012336381478235126,0.0,0.0,0.0,0.0,0.0,0.0,-0.588399,0.63743225,10.2577559,0.06981317007977318,0.06981317007977318,-0.017453292519943295,-718.0,321.0,-400.0,1600,1600,1599,1599,0,0,0,0
1763969193.6248684,0.0,0.0,32.22,154.92,-0.0630873590707779,0.21528410911560059,0.9744404554367065,-0.011769813485443592,-3.0911638736724854,-0.11817842721939087,2.704033613204956,-0.0014813439920544624,-0.0011555147357285023,-0.0007662347052246332,0.0,0.0,0.0,0.0,0.0,0.0,-0.588399,0.63743225,10.2577559,0.06981317007977318,0.06981317007977318,-0.017453292519943295,-718.0,321.0,-400.0,1600,1600,1599,1599,0,0,0,0
1763969193.6582634,0.0,0.0,32.22,154.92,-0.06308776140213013,0.21528154611587524,0.9744411706924438,-0.011758742853999138,-3.0911638736724854,-0.11817842721939087,2.704033613204956,-0.0014813439920544624,-0.0011555147357285023,-0.0007662347052246332,0.0,0.0,0.0,0.0,0.0,0.0,-0.588399,0.63743225,10.2577559,0.06981317007977318,0.06981317007977318,-0.017453292519943295,-718.0,321.0,-400.0,1600,1600,1599,1599,0,0,0,0
1763969193.691658,0.0,0.0,32.22,154.92,-0.06308776140213013,0.21528154611587524,0.9744411706924438,-0.011758742853999138,-3.0911638736724854,-0.11817842721939087,2.704033613204956,-0.0014813439920544624,-0.0011555147357285023,-0.0007662347052246332,0.0,0.0,0.0,0.0,0.0,0.0,-0.588399,0.63743225,10.2577559,0.06981317007977318,0.06981317007977318,-0.017453292519943295,-718.0,321.0,-400.0,1600,1600,1599,1599,0,0,0,0
1763969193.725063,0.0,0.0,32.22,154.92,-0.06308776140213013,0.21528154611587524,0.9744411706924438,-0.011758742853999138,-3.0911638736724854,-0.11817842721939087,2.704033613204956,-0.0014813439920544624,-0.0011555147357285023,-0.0007662347052246332,0.0,0.0,0.0,0.0,0.0,0.0,-0.588399,0.63743225,10.2577559,0.06981317007977318,0.06981317007977318,-0.017453292519943295,-718.0,321.0,-400.0,1600,1600,1599,1599,0,0,0,0
1763969193.7584577,0.0,0.0,32.22,154.92,-0.06308776140213013,0.21528154611587524,0.9744411706924438,-0.011758742853999138,-3.0911638736724854,-0.11817842721939087,2.704033613204956,-0.0014813439920544624,-0.0011555147357285023,-0.0007662347052246332,0.0,0.0,0.0,0.0,0.0,0.0,-0.588399,0.61781895,10.267562550000001,0.06981317007977318,0.05235987755982989,-0.05235987755982989,-718.0,321.0,-400.0,1600,1600,1599,1599,0,0,0,0
1763969193.7918563,0.0,0.0,32.22,154.92,-0.06308776140213013,0.21528154611587524,0.9744411706924438,-0.011758742853999138,-3.091169834136963,-0.1181383803486824,2.7040553092956543,-0.001365481410175562,-0.0004974128678441048,0.0001514533068984747,0.0,0.0,0.0,0.0,0.0,0.0,-0.588399,0.61781895,10.267562550000001,0.06981317007977318,0.05235987755982989,-0.05235987755982989,-718.0,321.0,-400.0,1600,1600,1599,1599,0,0,0,0
1763969193.8252544,0.0,0.0,32.22,154.92,-0.06308776140213013,0.21528154611587524,0.9744411706924438,-0.011758742853999138,-3.091169834136963,-0.1181383803486824,2.7040553092956543,-0.001365481410175562,-0.0004974128678441048,0.0001514533068984747,0.0,0.0,0.0,0.0,0.0,0.0,-0.588399,0.61781895,10.267562550000001,0.06981317007977318,0.05235987755982989,-0.05235987755982989,-718.0,321.0,-400.0,1600,1600,1599,1599,0,0,0,0
1763969193.8586574,0.0,0.0,32.22,154.92,-0.0630674883723259,0.21527200937271118,0.974444568157196,-0.011760866269469261,-3.091169834136963,-0.1181383803486824,2.7040553092956543,-0.001365481410175562,-0.0004974128678441048,0.0001514533068984747,0.0,0.0,0.0,0.0,0.0,0.0,-0.588399,0.61781895,10.267562550000001,0.06981317007977318,0.05235987755982989,-0.05235987755982989,-718.0,321.0,-400.0,1600,1600,1599,1599,0,0,0,0
1763969193.8920546,0.0,0.0,32.22,154.92,-0.0630674883723259,0.21527200937271118,0.974444568157196,-0.011760866269469261,-3.091169834136963,-0.1181383803486824,2.7040553092956543,-0.001365481410175562,-0.0004974128678441048,0.0001514533068984747,0.0,0.0,0.0,0.0,0.0,0.0,-0.5687857000000001,0.61781895,10.2577559,0.06981317007977318,0.06981317007977318,-0.03490658503988659,-719.0,319.0,-403.0,1600,1600,1599,1599,0,0,0,0
1763969193.9254656,0.0,0.0,32.34,154.93,-0.0630674883723259,0.21527200937271118,0.974444568157196,-0.011760866269469261,-3.091169834136963,-0.1181383803486824,2.7040553092956543,-0.001365481410175562,-0.0004974128678441048,0.0001514533068984747,0.0,0.0,0.0,0.0,0.0,0.0,-0.5687857000000001,0.61781895,10.2577559,0.06981317007977318,0.06981317007977318,-0.03490658503988659,-719.0,319.0,-403.0,1600,1600,1599,1599,0,0,0,0
1763969193.9588892,0.0,0.0,32.34,154.93,-0.0630674883723259,0.21527200937271118,0.974444568157196,-0.011760866269469261,-3.0911717414855957,-0.11813891679048538,2.704066276550293,-0.0005537648685276508,-0.0003911037929356098,3.653252497315407e-05,0.0,0.0,0.0,0.0,0.0,0.0,-0.5687857000000001,0.61781895,10.2577559,0.06981317007977318,0.06981317007977318,-0.03490658503988659,-719.0,319.0,-403.0,1600,1600,1599,1599,0,0,0,0
1763969193.9922965,0.0,0.0,32.34,154.93,-0.0630674883723259,0.21527200937271118,0.974444568157196,-0.011760866269469261,-3.0911717414855957,-0.11813891679048538,2.704066276550293,-0.0005537648685276508,-0.0003911037929356098,3.653252497315407e-05,0.0,0.0,0.0,0.0,0.0,0.0,-0.5687857000000001,0.61781895,10.2577559,0.06981317007977318,0.06981317007977318,-0.03490658503988659,-719.0,319.0,-403.0,1600,1600,1599,1599,0,0,0,0
1763969194.025692,0.0,0.0,32.34,154.93,-0.0630674883723259,0.21527200937271118,0.974444568157196,-0.011760866269469261,-3.0911717414855957,-0.11813891679048538,2.704066276550293,-0.0005537648685276508,-0.0003911037929356098,3.653252497315407e-05,0.0,0.0,0.0,0.0,0.0,0.0,-0.5687857000000001,0.61781895,10.2577559,0.06981317007977318,0.06981317007977318,-0.03490658503988659,-719.0,319.0,-403.0,1600,1600,1599,1599,0,0,0,0
1763969194.0590873,0.0,0.0,32.34,154.93,-0.0630674883723259,0.21527200937271118,0.974444568157196,-0.011760866269469261,-3.0911717414855957,-0.11813891679048538,2.704066276550293,-0.0005537648685276508,-0.0003911037929356098,3.653252497315407e-05,0.0,0.0,0.0,0.0,0.0,0.0,-0.5687857000000001,0.61781895,10.2577559,0.06981317007977318,0.06981317007977318,-0.03490658503988659,-719.0,319.0,-403.0,1600,1600,1599,1599,0,0,0,0
1763969194.092486,0.0,0.0,32.34,154.93,-0.0630674883723259,0.21527200937271118,0.974444568157196,-0.011760866269469261,-3.091141939163208,-0.11809952557086945,2.704054117202759,0.001610912848263979,-0.0003216303884983063,-0.0012435703538358212,0.0,0.0,0.0,0.0,0.0,0.0,-0.5687857000000001,0.61781895,10.2577559,0.06981317007977318,0.06981317007977318,-0.03490658503988659,-719.0,319.0,-403.0,1600,1600,1599,1599,0,0,0,0
1763969194.1258795,0.0,0.0,32.34,154.93,-0.06305157393217087,0.21527236700057983,0.9744452238082886,-0.01177867129445076,-3.091141939163208,-0.11809952557086945,2.704054117202759,0.001610912848263979,-0.0003216303884983063,-0.0012435703538358212,0.0,0.0,0.0,0.0,0.0,0.0,-0.5687857000000001,0.61781895,10.2577559,0.06981317007977318,0.06981317007977318,-0.03490658503988659,-719.0,319.0,-403.0,1600,1600,1599,1599,0,0,0,0
1763969194.159272,0.0,0.0,32.34,154.93,-0.06305157393217087,0.21527236700057983,0.9744452238082886,-0.01177867129445076,-3.091141939163208,-0.11809952557086945,2.704054117202759,0.001610912848263979,-0.0003216303884983063,-0.0012435703538358212,0.0,0.0,0.0,0.0,0.0,0.0,-0.5687857000000001,0.61781895,10.2577559,0.06981317007977318,0.06981317007977318,-0.03490658503988659,-719.0,319.0,-403.0,1600,1600,1599,1599,0,0,0,0
1763969194.1926672,0.0,0.0,32.34,154.93,-0.06305157393217087,0.21527236700057983,0.9744452238082886,-0.01177867129445076,-3.091141939163208,-0.11809952557086945,2.704054117202759,0.001610912848263979,-0.0003216303884983063,-0.0012435703538358212,0.0,0.0,0.0,0.0,0.0,0.0,-0.5687857000000001,0.6276256,10.2577559,0.12217304763960307,0.06981317007977318,-0.06981317007977318,-720.0,322.0,-404.0,1600,1600,1599,1599,0,0,0,0
1763969194.226061,0.0,0.0,32.31,154.93,-0.06305157393217087,0.21527236700057983,0.9744452238082886,-0.01177867129445076,-3.091141939163208,-0.11809952557086945,2.704054117202759,0.001610912848263979,-0.0003216303884983063,-0.0012435703538358212,0.0,0.0,0.0,0.0,0.0,0.0,-0.5687857000000001,0.6276256,10.2577559,0.12217304763960307,0.06981317007977318,-0.06981317007977318,-720.0,322.0,-404.0,1600,1600,1599,1599,0,0,0,0
1763969194.2594519,0.0,0.0,32.31,154.93,-0.06305157393217087,0.21527236700057983,0.9744452238082886,-0.01177867129445076,-3.091165542602539,-0.11807756125926971,2.7040624618530273,0.0002821679227054119,-0.0001454763114452362,0.00020754546858370304,0.0,0.0,0.0,0.0,0.0,0.0,-0.5687857000000001,0.6276256,10.2577559,0.12217304763960307,0.06981317007977318,-0.06981317007977318,-720.0,322.0,-404.0,1600,1600,1599,1599,0,0,0,0
1763969194.2928731,0.0,0.0,32.31,154.93,-0.06303828209638596,0.21526950597763062,0.9744469523429871,-0.01176978088915348,-3.091165542602539,-0.11807756125926971,2.7040624618530273,0.0002821679227054119,-0.0001454763114452362,0.00020754546858370304,0.0,0.0,0.0,0.0,0.0,0.0,-0.5687857000000001,0.6276256,10.2577559,0.12217304763960307,0.06981317007977318,-0.06981317007977318,-720.0,322.0,-404.0,1600,1600,1599,1599,0,0,0,0
1763969194.3262796,0.0,0.0,32.19,154.93,-0.06303828209638596,0.21526950597763062,0.9744469523429871,-0.01176978088915348,-3.091165542602539,-0.11807756125926971,2.7040624618530273,0.0002821679227054119,-0.0001454763114452362,0.00020754546858370304,0.0,0.0,0.0,0.0,0.0,0.0,-0.5687857000000001,0.6276256,10.2577559,0.12217304763960307,0.06981317007977318,-0.06981317007977318,-720.0,322.0,-404.0,1600,1600,1599,1599,0,0,0,0
1763969194.3596766,0.0,0.0,32.19,154.93,-0.06303828209638596,0.21526950597763062,0.9744469523429871,-0.01176978088915348,-3.0911974906921387,-0.11804724484682083,2.704061269760132,-0.00117018586024642,-0.0010324057657271624,0.0008834416512399912,0.0,0.0,0.0,0.0,0.0,0.0,-0.5687857000000001,0.6276256,10.2577559,0.12217304763960307,0.06981317007977318,-0.06981317007977318,-720.0,322.0,-404.0,1600,1600,1599,1599,0,0,0,0
1763969194.3930717,0.0,0.0,32.19,154.93,-0.06302008777856827,0.21527165174484253,0.9744477272033691,-0.011757456697523594,-3.0911974906921387,-0.11804724484682083,2.704061269760132,-0.00117018586024642,-0.0010324057657271624,0.0008834416512399912,0.0,0.0,0.0,0.0,0.0,0.0,-0.5687857000000001,0.6276256,10.2577559,0.12217304763960307,0.06981317007977318,-0.06981317007977318,-720.0,322.0,-404.0,1600,1600,1599,1599,0,0,0,0
1763969194.4264686,0.0,0.0,32.19,154.93,-0.06302008777856827,0.21527165174484253,0.9744477272033691,-0.011757456697523594,-3.0911974906921387,-0.11804724484682083,2.704061269760132,-0.00117018586024642,-0.0010324057657271624,0.0008834416512399912,0.0,0.0,0.0,0.0,0.0,0.0,-0.5687857000000001,0.6276256,10.2577559,0.12217304763960307,0.06981317007977318,-0.06981317007977318,-720.0,322.0,-404.0,1600,1600,1599,1599,0,0,0,0
1763969194.4598663,0.0,0.0,32.19,154.93,-0.06302008777856827,0.21527165174484253,0.9744477272033691,-0.011757456697523594,-3.0912086963653564,-0.1180289164185524,2.7040586471557617,0.0006554597057402134,1.8502119928598404e-05,0.00034518749453127384,0.0,0.0,0.0,0.0,0.0,0.0,-0.5687857000000001,0.6276256,10.2577559,0.12217304763960307,0.06981317007977318,-0.06981317007977318,-720.0,322.0,-404.0,1600,1600,1599,1599,0,0,0,0
1763969194.4932609,0.0,0.0,32.19,154.93,-0.06300998479127884,0.21527355909347534,0.9744479656219482,-0.011753943748772144,-3.0912086963653564,-0.1180289164185524,2.7040586471557617,0.0006554597057402134,1.8502119928598404e-05,0.00034518749453127384,0.0,0.0,0.0,0.0,0.0,0.0,-0.5687857000000001,0.6276256,10.2577559,0.12217304763960307,0.06981317007977318,-0.06981317007977318,-720.0,322.0,-404.0,1600,1600,1599,1599,0,0,0,0
1763969194.5266585,0.0,0.0,32.19,154.93,-0.06300998479127884,0.21527355909347534,0.9744479656219482,-0.011753943748772144,-3.0912086963653564,-0.1180289164185524,2.7040586471557617,0.0006554597057402134,1.8502119928598404e-05,0.00034518749453127384,0.0,0.0,0.0,0.0,0.0,0.0,-0.5687857000000001,0.6276256,10.2577559,0.12217304763960307,0.06981317007977318,-0.06981317007977318,-720.0,322.0,-404.0,1600,1600,1599,1599,0,0,0,0
1763969194.56005,0.0,0.0,32.19,154.93,-0.06300998479127884,0.21527355909347534,0.9744479656219482,-0.011753943748772144,-3.0912086963653564,-0.1180289164185524,2.7040586471557617,0.0006554597057402134,1.8502119928598404e-05,0.00034518749453127384,0.0,0.0,0.0,0.0,0.0,0.0,-0.5687857000000001,0.6276256,10.2577559,0.12217304763960307,0.06981317007977318,-0.06981317007977318,-720.0,322.0,-404.0,1600,1600,1599,1599,0,0,0,0
1763969194.5934427,0.0,0.0,32.19,154.93,-0.06300998479127884,0.21527355909347534,0.9744479656219482,-0.011753943748772144,-3.0912086963653564,-0.1180289164185524,2.7040586471557617,0.0006554597057402134,1.8502119928598404e-05,0.00034518749453127384,0.0,0.0,0.0,0.0,0.0,0.0,-0.5687857000000001,0.6276256,10.2577559,0.12217304763960307,0.06981317007977318,-0.06981317007977318,-720.0,322.0,-404.0,1600,1600,1599,1599,0,0,0,0
1763969194.6268365,0.0,0.0,32.19,154.93,-0.06300998479127884,0.21527355909347534,0.9744479656219482,-0.011753943748772144,-3.0912086963653564,-0.1180289164185524,2.7040586471557617,0.0006554597057402134,1.8502119928598404e-05,0.00034518749453127384,0.0,0.0,0.0,0.0,0.0,0.0,-0.5491724,0.6080123,10.24794925,0.10471975511965978,0.06981317007977318,-0.03490658503988659,-719.0,321.0,-403.0,1600,1600,1599,1599,0,0,0,0
1763969194.6602297,0.0,0.0,32.19,154.93,-0.06300998479127884,0.21527355909347534,0.9744479656219482,-0.011753943748772144,-3.0911951065063477,-0.11804766207933426,2.704054117202759,0.002009257674217224,0.001754432450979948,-0.0006340374238789082,0.0,0.0,0.0,0.0,0.0,0.0,-0.5491724,0.6080123,10.24794925,0.10471975511965978,0.06981317007977318,-0.03490658503988659,-719.0,321.0,-403.0,1600,1600,1599,1599,0,0,0,0
1763969194.6936224,0.0,0.0,32.19,154.93,-0.06302060186862946,0.21527506411075592,0.9744468927383423,-0.011758379638195038,-3.0911951065063477,-0.11804766207933426,2.704054117202759,0.002009257674217224,0.001754432450979948,-0.0006340374238789082,0.0,0.0,0.0,0.0,0.0,0.0,-0.5491724,0.6080123,10.24794925,0.10471975511965978,0.06981317007977318,-0.03490658503988659,-719.0,321.0,-403.0,1600,1600,1599,1599,0,0,0,0
1763969194.7270186,0.0,0.0,32.15,154.93,-0.06302060186862946,0.21527506411075592,0.9744468927383423,-0.011758379638195038,-3.0911951065063477,-0.11804766207933426,2.704054117202759,0.002009257674217224,0.001754432450979948,-0.0006340374238789082,0.0,0.0,0.0,0.0,0.0,0.0,-0.5491724,0.6080123,10.24794925,0.10471975511965978,0.06981317007977318,-0.03490658503988659,-719.0,321.0,-403.0,1600,1600,1599,1599,0,0,0,0
1763969194.760422,0.0,0.0,32.15,154.93,-0.06302060186862946,0.21527506411075592,0.9744468927383423,-0.011758379638195038,-3.0911951065063477,-0.11804766207933426,2.704054117202759,0.002009257674217224,0.001754432450979948,-0.0006340374238789082,0.0,0.0,0.0,0.0,0.0,0.0,-0.5491724,0.6080123,10.24794925,0.10471975511965978,0.06981317007977318,-0.03490658503988659,-719.0,321.0,-403.0,1600,1600,1599,1599,0,0,0,0
1763969194.7938304,0.0,0.0,32.15,154.93,-0.06302060186862946,0.21527506411075592,0.9744468927383423,-0.011758379638195038,-3.0911951065063477,-0.11804766207933426,2.704054117202759,0.002009257674217224,0.001754432450979948,-0.0006340374238789082,0.0,0.0,0.0,0.0,0.0,0.0,-0.5491724,0.6080123,10.2577559,0.12217304763960307,0.10471975511965978,-0.05235987755982989,-713.0,322.0,-405.0,1600,1600,1599,1599,0,0,0,0
1763969194.8272328,0.0,0.0,32.15,154.93,-0.06302060186862946,0.21527506411075592,0.9744468927383423,-0.011758379638195038,-3.0911951065063477,-0.11804766207933426,2.704054117202759,0.002009257674217224,0.001754432450979948,-0.0006340374238789082,0.0,0.0,0.0,0.0,0.0,0.0,-0.5491724,0.6080123,10.2577559,0.12217304763960307,0.10471975511965978,-0.05235987755982989,-713.0,322.0,-405.0,1600,1600,1599,1599,0,0,0,0
1763969194.860631,0.0,0.0,32.15,154.93,-0.06302060186862946,0.21527506411075592,0.9744468927383423,-0.011758379638195038,-3.0911951065063477,-0.11804766207933426,2.704054117202759,0.002009257674217224,0.001754432450979948,-0.0006340374238789082,0.0,0.0,0.0,0.0,0.0,0.0,-0.5687857000000001,0.6080123,10.2577559,0.08726646259971647,0.05235987755982989,-0.05235987755982989,-714.0,322.0,-403.0,1600,1600,1599,1599,0,0,0,0
1763969194.894034,0.0,0.0,32.14,154.93,-0.06302060186862946,0.21527506411075592,0.9744468927383423,-0.011758379638195038,-3.0911951065063477,-0.11804766207933426,2.704054117202759,0.002009257674217224,0.001754432450979948,-0.0006340374238789082,0.0,0.0,0.0,0.0,0.0,0.0,-0.5687857000000001,0.6080123,10.2577559,0.08726646259971647,0.05235987755982989,-0.05235987755982989,-714.0,322.0,-403.0,1600,1600,1599,1599,0,0,0,0
1763969194.9274418,0.0,0.0,32.14,154.93,-0.06302060186862946,0.21527506411075592,0.9744468927383423,-0.011758379638195038,-3.091191291809082,-0.11803344637155533,2.704026937484741,0.00031466083601117134,-0.0005725291557610035,-0.00012860260903835297,0.0,0.0,0.0,0.0,0.0,0.0,-0.5687857000000001,0.6080123,10.2577559,0.08726646259971647,0.05235987755982989,-0.05235987755982989,-714.0,322.0,-403.0,1600,1600,1599,1599,0,0,0,0
1763969194.9608686,0.0,0.0,32.14,154.93,-0.06301424652338028,0.215288445353508,0.9744443297386169,-0.011760922148823738,-3.091191291809082,-0.11803344637155533,2.704026937484741,0.00031466083601117134,-0.0005725291557610035,-0.00012860260903835297,0.0,0.0,0.0,0.0,0.0,0.0,-0.5687857000000001,0.6080123,10.2577559,0.08726646259971647,0.05235987755982989,-0.05235987755982989,-714.0,322.0,-403.0,1600,1600,1599,1599,0,0,0,0
1763969194.994274,0.0,0.0,32.14,154.92,-0.06301424652338028,0.215288445353508,0.9744443297386169,-0.011760922148823738,-3.091191291809082,-0.11803344637155533,2.704026937484741,0.00031466083601117134,-0.0005725291557610035,-0.00012860260903835297,0.0,0.0,0.0,0.0,0.0,0.0,-0.5687857000000001,0.6080123,10.2577559,0.08726646259971647,0.05235987755982989,-0.05235987755982989,-714.0,322.0,-403.0,1600,1600,1599,1599,0,0,0,0
1763969195.0276792,0.0,0.0,32.14,154.92,-0.06301424652338028,0.215288445353508,0.9744443297386169,-0.011760922148823738,-3.091191291809082,-0.11803344637155533,2.704026937484741,0.00031466083601117134,-0.0005725291557610035,-0.00012860260903835297,0.0,0.0,0.0,0.0,0.0,0.0,-0.5687857000000001,0.6080123,10.2577559,0.08726646259971647,0.05235987755982989,-0.05235987755982989,-714.0,322.0,-403.0,1600,1600,1599,1599,0,0,0,0
1763969195.0610824,0.0,0.0,32.14,154.92,-0.06301424652338028,0.215288445353508,0.9744443297386169,-0.011760922148823738,-3.091191291809082,-0.11803344637155533,2.704026937484741,0.00031466083601117134,-0.0005725291557610035,-0.00012860260903835297,0.0,0.0,0.0,0.0,0.0,0.0,-0.57859235,0.6080123,10.2577559,0.08726646259971647,0.06981317007977318,-0.05235987755982989,-714.0,322.0,-403.0,1600,1600,1599,1599,0,0,0,0
1763969195.0947876,0.0,0.0,32.14,154.92,-0.06301424652338028,0.215288445353508,0.9744443297386169,-0.011760922148823738,-3.0911896228790283,-0.11803418397903442,2.704021453857422,-0.0008737202733755112,0.001218596938997507,0.0008024191483855247,0.0,0.0,0.0,0.0,0.0,0.0,-0.57859235,0.6080123,10.2577559,0.08726646259971647,0.06981317007977318,-0.05235987755982989,-714.0,322.0,-403.0,1600,1600,1599,1599,0,0,0,0
1763969195.1281867,0.0,0.0,32.14,154.92,-0.06301482021808624,0.21529097855091095,0.974443793296814,-0.011761481873691082,-3.0911896228790283,-0.11803418397903442,2.704021453857422,-0.0008737202733755112,0.001218596938997507,0.0008024191483855247,0.0,0.0,0.0,0.0,0.0,0.0,-0.57859235,0.6080123,10.2577559,0.08726646259971647,0.06981317007977318,-0.05235987755982989,-714.0,322.0,-403.0,1600,1600,1599,1599,0,0,0,0
1763969195.1615944,0.0,0.0,32.19,154.92,-0.06301482021808624,0.21529097855091095,0.974443793296814,-0.011761481873691082,-3.0911896228790283,-0.11803418397903442,2.704021453857422,-0.0008737202733755112,0.001218596938997507,0.0008024191483855247,0.0,0.0,0.0,0.0,0.0,0.0,-0.57859235,0.6080123,10.2577559,0.08726646259971647,0.06981317007977318,-0.05235987755982989,-714.0,322.0,-403.0,1600,1600,1599,1599,0,0,0,0
1763969195.194992,0.0,0.0,32.19,154.92,-0.06301482021808624,0.21529097855091095,0.974443793296814,-0.011761481873691082,-3.0911896228790283,-0.11803418397903442,2.704021453857422,-0.0008737202733755112,0.001218596938997507,0.0008024191483855247,0.0,0.0,0.0,0.0,0.0,0.0,-0.57859235,0.6080123,10.2577559,0.08726646259971647,0.06981317007977318,-0.05235987755982989,-714.0,322.0,-403.0,1600,1600,1599,1599,0,0,0,0
1763969195.2283883,0.0,0.0,32.19,154.92,-0.06301482021808624,0.21529097855091095,0.974443793296814,-0.011761481873691082,-3.0911896228790283,-0.11803418397903442,2.704021453857422,-0.0008737202733755112,0.001218596938997507,0.0008024191483855247,0.0,0.0,0.0,0.0,0.0,0.0,-0.57859235,0.61781895,10.267562550000001,0.06981317007977318,0.08726646259971647,-0.03490658503988659,-724.0,317.0,-399.0,1600,1600,1599,1599,0,0,0,0
1763969195.2617884,0.0,0.0,32.19,154.92,-0.06301482021808624,0.21529097855091095,0.974443793296814,-0.011761481873691082,-3.09121036529541,-0.11802484840154648,2.7040693759918213,-0.00029533449560403824,-0.0004521007649600506,-0.0010513532906770706,0.0,0.0,0.0,0.0,0.0,0.0,-0.57859235,0.61781895,10.267562550000001,0.06981317007977318,0.08726646259971647,-0.03490658503988659,-724.0,317.0,-399.0,1600,1600,1599,1599,0,0,0,0
1763969195.2951984,0.0,0.0,32.19,154.92,-0.06300774961709976,0.21526846289634705,0.9744492173194885,-0.011753898113965988,-3.09121036529541,-0.11802484840154648,2.7040693759918213,-0.00029533449560403824,-0.0004521007649600506,-0.0010513532906770706,0.0,0.0,0.0,0.0,0.0,0.0,-0.57859235,0.61781895,10.267562550000001,0.06981317007977318,0.08726646259971647,-0.03490658503988659,-724.0,317.0,-399.0,1600,1600,1599,1599,0,0,0,0
1763969195.3285937,0.0,0.0,32.19,154.93,-0.06300774961709976,0.21526846289634705,0.9744492173194885,-0.011753898113965988,-3.09121036529541,-0.11802484840154648,2.7040693759918213,-0.00029533449560403824,-0.0004521007649600506,-0.0010513532906770706,0.0,0.0,0.0,0.0,0.0,0.0,-0.57859235,0.61781895,10.267562550000001,0.06981317007977318,0.08726646259971647,-0.03490658503988659,-724.0,317.0,-399.0,1600,1600,1599,1599,0,0,0,0
1763969195.361991,0.0,0.0,32.19,154.93,-0.06300774961709976,0.21526846289634705,0.9744492173194885,-0.011753898113965988,-3.091282844543457,-0.11805001646280289,2.704071283340454,0.0015048705972731113,2.0155683159828186e-05,0.0004152765031903982,0.0,0.0,0.0,0.0,0.0,0.0,-0.57859235,0.61781895,10.267562550000001,0.06981317007977318,0.08726646259971647,-0.03490658503988659,-724.0,317.0,-399.0,1600,1600,1599,1599,0,0,0,0
1763969195.395399,0.0,0.0,32.19,154.93,-0.06301219761371613,0.21526943147182465,0.9744492173194885,-0.011715840548276901,-3.091282844543457,-0.11805001646280289,2.704071283340454,0.0015048705972731113,2.0155683159828186e-05,0.0004152765031903982,0.0,0.0,0.0,0.0,0.0,0.0,-0.57859235,0.61781895,10.267562550000001,0.06981317007977318,0.08726646259971647,-0.03490658503988659,-724.0,317.0,-399.0,1600,1600,1599,1599,0,0,0,0
1763969195.4287992,0.0,0.0,32.35,154.93,-0.06301219761371613,0.21526943147182465,0.9744492173194885,-0.011715840548276901,-3.091282844543457,-0.11805001646280289,2.704071283340454,0.0015048705972731113,2.0155683159828186e-05,0.0004152765031903982,0.0,0.0,0.0,0.0,0.0,0.0,-0.57859235,0.61781895,10.267562550000001,0.06981317007977318,0.08726646259971647,-0.03490658503988659,-724.0,317.0,-399.0,1600,1600,1599,1599,0,0,0,0
1763969195.4622052,0.0,0.0,32.35,154.93,-0.06301219761371613,0.21526943147182465,0.9744492173194885,-0.011715840548276901,-3.091282844543457,-0.11805001646280289,2.704071283340454,0.0015048705972731113,2.0155683159828186e-05,0.0004152765031903982,0.0,0.0,0.0,0.0,0.0,0.0,-0.57859235,0.61781895,10.267562550000001,0.06981317007977318,0.08726646259971647,-0.03490658503988659,-724.0,317.0,-399.0,1600,1600,1599,1599,0,0,0,0
1763969195.49561,0.0,0.0,32.35,154.93,-0.06301219761371613,0.21526943147182465,0.9744492173194885,-0.011715840548276901,-3.091282844543457,-0.11805001646280289,2.704071283340454,0.0015048705972731113,2.0155683159828186e-05,0.0004152765031903982,0.0,0.0,0.0,0.0,0.0,0.0,-0.5687857000000001,0.61781895,10.2577559,0.12217304763960307,0.06981317007977318,-0.03490658503988659,-713.0,321.0,-401.0,1600,1600,1599,1599,0,0,0,0
1763969195.5290225,0.0,0.0,32.35,154.93,-0.06301219761371613,0.21526943147182465,0.9744492173194885,-0.011715840548276901,-3.0912883281707764,-0.11806085705757141,2.704045295715332,-0.002176766050979495,0.0007557515054941177,0.0003515563439577818,0.0,0.0,0.0,0.0,0.0,0.0,-0.5687857000000001,0.61781895,10.2577559,0.12217304763960307,0.06981317007977318,-0.03490658503988659,-713.0,321.0,-401.0,1600,1600,1599,1599,0,0,0,0
1763969195.5624175,0.0,0.0,32.35,154.93,-0.06301705539226532,0.21528206765651703,0.974446177482605,-0.011711240746080875,-3.0912883281707764,-0.11806085705757141,2.704045295715332,-0.002176766050979495,0.0007557515054941177,0.0003515563439577818,0.0,0.0,0.0,0.0,0.0,0.0,-0.5687857000000001,0.61781895,10.2577559,0.12217304763960307,0.06981317007977318,-0.03490658503988659,-713.0,321.0,-401.0,1600,1600,1599,1599,0,0,0,0
1763969195.5958095,0.0,0.0,32.35,154.93,-0.06301705539226532,0.21528206765651703,0.974446177482605,-0.011711240746080875,-3.0912883281707764,-0.11806085705757141,2.704045295715332,-0.002176766050979495,0.0007557515054941177,0.0003515563439577818,0.0,0.0,0.0,0.0,0.0,0.0,-0.5687857000000001,0.61781895,10.2577559,0.12217304763960307,0.06981317007977318,-0.03490658503988659,-713.0,321.0,-401.0,1600,1600,1599,1599,0,0,0,0
1763969195.6292038,0.0,0.0,32.35,154.93,-0.06301705539226532,0.21528206765651703,0.974446177482605,-0.011711240746080875,-3.0912883281707764,-0.11806085705757141,2.704045295715332,-0.002176766050979495,0.0007557515054941177,0.0003515563439577818,0.0,0.0,0.0,0.0,0.0,0.0,-0.5687857000000001,0.61781895,10.2577559,0.12217304763960307,0.06981317007977318,-0.03490658503988659,-713.0,321.0,-401.0,1600,1600,1599,1599,0,0,0,0
1763969195.6625967,0.0,0.0,32.35,154.93,-0.06301705539226532,0.21528206765651703,0.974446177482605,-0.011711240746080875,-3.0912883281707764,-0.11806085705757141,2.704045295715332,-0.002176766050979495,0.0007557515054941177,0.0003515563439577818,0.0,0.0,0.0,0.0,0.0,0.0,-0.57859235,0.6276256,10.2577559,0.05235987755982989,0.08726646259971647,-0.03490658503988659,-713.0,321.0,-401.0,1600,1600,1599,1599,0,0,0,0
1763969195.6959891,0.0,0.0,32.35,154.93,-0.06301705539226532,0.21528206765651703,0.974446177482605,-0.011711240746080875,-3.091310977935791,-0.11804334819316864,2.704024314880371,-0.0017927258741110563,0.00047875987365841866,-5.4815784096717834e-05,0.0,0.0,0.0,0.0,0.0,0.0,-0.57859235,0.6276256,10.2577559,0.05235987755982989,0.08726646259971647,-0.03490658503988659,-713.0,321.0,-401.0,1600,1600,1599,1599,0,0,0,0
1763969195.7293825,0.0,0.0,32.35,154.93,-0.0630062073469162,0.21529319882392883,0.9744445085525513,-0.011701402254402637,-3.091310977935791,-0.11804334819316864,2.704024314880371,-0.0017927258741110563,0.00047875987365841866,-5.4815784096717834e-05,0.0,0.0,0.0,0.0,0.0,0.0,-0.57859235,0.6276256,10.2577559,0.05235987755982989,0.08726646259971647,-0.03490658503988659,-713.0,321.0,-401.0,1600,1600,1599,1599,0,0,0,0
1763969195.7627933,0.0,0.0,32.17,154.92,-0.0630062073469162,0.21529319882392883,0.9744445085525513,-0.011701402254402637,-3.091310977935791,-0.11804334819316864,2.704024314880371,-0.0017927258741110563,0.00047875987365841866,-5.4815784096717834e-05,0.0,0.0,0.0,0.0,0.0,0.0,-0.57859235,0.6276256,10.2577559,0.05235987755982989,0.08726646259971647,-0.03490658503988659,-713.0,321.0,-401.0,1600,1600,1599,1599,0,0,0,0
1763969195.796189,0.0,0.0,32.17,154.92,-0.0630062073469162,0.21529319882392883,0.9744445085525513,-0.011701402254402637,-3.091310977935791,-0.11804334819316864,2.704024314880371,-0.0017927258741110563,0.00047875987365841866,-5.4815784096717834e-05,0.0,0.0,0.0,0.0,0.0,0.0,-0.57859235,0.6276256,10.2577559,0.05235987755982989,0.08726646259971647,-0.03490658503988659,-713.0,321.0,-401.0,1600,1600,1599,1599,0,0,0,0
1763969195.8295834,0.0,0.0,32.17,154.92,-0.0630062073469162,0.21529319882392883,0.9744445085525513,-0.011701402254402637,-3.091310977935791,-0.11804334819316864,2.704024314880371,-0.0017927258741110563,0.00047875987365841866,-5.4815784096717834e-05,0.0,0.0,0.0,0.0,0.0,0.0,-0.57859235,0.6276256,10.2577559,0.05235987755982989,0.08726646259971647,-0.03490658503988659,-713.0,321.0,-401.0,1600,1600,1599,1599,0,0,0,0
1763969195.8629744,0.0,0.0,32.17,154.92,-0.0630062073469162,0.21529319882392883,0.9744445085525513,-0.011701402254402637,-3.091310977935791,-0.11804334819316864,2.704024314880371,-0.0017927258741110563,0.00047875987365841866,-5.4815784096717834e-05,0.0,0.0,0.0,0.0,0.0,0.0,-0.588399,0.63743225,10.2577559,0.05235987755982989,0.08726646259971647,-0.05235987755982989,-716.0,322.0,-401.0,1600,1600,1599,1599,0,0,0,0
1763969195.8963668,0.0,0.0,32.17,154.92,-0.0630062073469162,0.21529319882392883,0.9744445085525513,-0.011701402254402637,-3.0913286209106445,-0.11802344024181366,2.704005002975464,0.00038944976404309273,0.0006252923049032688,0.00012094760313630104,0.0,0.0,0.0,0.0,0.0,0.0,-0.588399,0.63743225,10.2577559,0.05235987755982989,0.08726646259971647,-0.05235987755982989,-716.0,322.0,-401.0,1600,1600,1599,1599,0,0,0,0
1763969195.9297435,0.0,0.0,32.17,154.92,-0.06299474090337753,0.21530358493328094,0.9744430780410767,-0.01169443130493164,-3.0913286209106445,-0.11802344024181366,2.704005002975464,0.00038944976404309273,0.0006252923049032688,0.00012094760313630104,0.0,0.0,0.0,0.0,0.0,0.0,-0.588399,0.63743225,10.2577559,0.05235987755982989,0.08726646259971647,-0.05235987755982989,-716.0,322.0,-401.0,1600,1600,1599,1599,0,0,0,0
1763969195.9631505,0.0,0.0,32.17,154.92,-0.06299474090337753,0.21530358493328094,0.9744430780410767,-0.01169443130493164,-3.0913286209106445,-0.11802344024181366,2.704005002975464,0.00038944976404309273,0.0006252923049032688,0.00012094760313630104,0.0,0.0,0.0,0.0,0.0,0.0,-0.588399,0.63743225,10.2577559,0.05235987755982989,0.08726646259971647,-0.05235987755982989,-716.0,322.0,-401.0,1600,1600,1599,1599,0,0,0,0
1763969195.9965453,0.0,0.0,32.17,154.92,-0.06299474090337753,0.21530358493328094,0.9744430780410767,-0.01169443130493164,-3.0913286209106445,-0.11802344024181366,2.704005002975464,0.00038944976404309273,0.0006252923049032688,0.00012094760313630104,0.0,0.0,0.0,0.0,0.0,0.0,-0.588399,0.63743225,10.2577559,0.05235987755982989,0.08726646259971647,-0.05235987755982989,-716.0,322.0,-401.0,1600,1600,1599,1599,0,0,0,0
1763969196.0299447,0.0,0.0,32.17,154.92,-0.06299474090337753,0.21530358493328094,0.9744430780410767,-0.01169443130493164,-3.0913286209106445,-0.11802344024181366,2.704005002975464,0.00038944976404309273,0.0006252923049032688,0.00012094760313630104,0.0,0.0,0.0,0.0,0.0,0.0,-0.5687857000000001,0.61781895,10.2577559,0.08726646259971647,0.08726646259971647,-0.03490658503988659,-716.0,322.0,-401.0,1600,1600,1599,1599,0,0,0,0
1763969196.0633361,0.0,0.0,32.17,154.92,-0.06299474090337753,0.21530358493328094,0.9744430780410767,-0.01169443130493164,-3.0913517475128174,-0.11803228408098221,2.703995704650879,-0.0007450729608535767,0.0006755446083843708,-0.0004229538608342409,0.0,0.0,0.0,0.0,0.0,0.0,-0.5687857000000001,0.61781895,10.2577559,0.08726646259971647,0.08726646259971647,-0.03490658503988659,-716.0,322.0,-401.0,1600,1600,1599,1599,0,0,0,0
1763969196.0967324,0.0,0.0,32.17,154.92,-0.06299661099910736,0.21530866622924805,0.9744419455528259,-0.011681911535561085,-3.0913517475128174,-0.11803228408098221,2.703995704650879,-0.0007450729608535767,0.0006755446083843708,-0.0004229538608342409,0.0,0.0,0.0,0.0,0.0,0.0,-0.5687857000000001,0.61781895,10.2577559,0.08726646259971647,0.08726646259971647,-0.03490658503988659,-716.0,322.0,-401.0,1600,1600,1599,1599,0,0,0,0
1763969196.1301396,0.0,0.0,32.17,154.92,-0.06299661099910736,0.21530866622924805,0.9744419455528259,-0.011681911535561085,-3.0913517475128174,-0.11803228408098221,2.703995704650879,-0.0007450729608535767,0.0006755446083843708,-0.0004229538608342409,0.0,0.0,0.0,0.0,0.0,0.0,-0.5687857000000001,0.61781895,10.2577559,0.08726646259971647,0.08726646259971647,-0.03490658503988659,-716.0,322.0,-401.0,1600,1600,1599,1599,0,0,0,0
1763969196.1635342,0.0,0.0,32.17,154.92,-0.06299661099910736,0.21530866622924805,0.9744419455528259,-0.011681911535561085,-3.0913517475128174,-0.11803228408098221,2.703995704650879,-0.0007450729608535767,0.0006755446083843708,-0.0004229538608342409,0.0,0.0,0.0,0.0,0.0,0.0,-0.5687857000000001,0.61781895,10.2577559,0.08726646259971647,0.08726646259971647,-0.03490658503988659,-716.0,322.0,-401.0,1600,1600,1599,1599,0,0,0,0
1763969196.1969385,0.0,0.0,32.17,154.92,-0.06299661099910736,0.21530866622924805,0.9744419455528259,-0.011681911535561085,-3.0913517475128174,-0.11803228408098221,2.703995704650879,-0.0007450729608535767,0.0006755446083843708,-0.0004229538608342409,0.0,0.0,0.0,0.0,0.0,0.0,-0.5491724,0.59820565,10.2577559,0.06981317007977318,0.08726646259971647,-0.05235987755982989,-716.0,322.0,-401.0,1600,1600,1599,1599,0,0,0,0
1763969196.2303364,0.0,0.0,32.17,154.92,-0.06299661099910736,0.21530866622924805,0.9744419455528259,-0.011681911535561085,-3.091452121734619,-0.11789929866790771,2.703856945037842,0.0021458910778164864,0.002608729060739279,-0.000388656510040164,0.0,0.0,0.0,0.0,0.0,0.0,-0.5491724,0.59820565,10.2577559,0.06981317007977318,0.08726646259971647,-0.05235987755982989,-716.0,322.0,-401.0,1600,1600,1599,1599,0,0,0,0
1763969196.263734,0.0,0.0,32.17,154.92,-0.06292186677455902,0.21538200974464417,0.9744310975074768,-0.011643064208328724,-3.091452121734619,-0.11789929866790771,2.703856945037842,0.0021458910778164864,0.002608729060739279,-0.000388656510040164,0.0,0.0,0.0,0.0,0.0,0.0,-0.5491724,0.59820565,10.2577559,0.06981317007977318,0.08726646259971647,-0.05235987755982989,-716.0,322.0,-401.0,1600,1600,1599,1599,0,0,0,0
1763969196.2971277,0.0,0.0,32.27,154.91,-0.06292186677455902,0.21538200974464417,0.9744310975074768,-0.011643064208328724,-3.091452121734619,-0.11789929866790771,2.703856945037842,0.0021458910778164864,0.002608729060739279,-0.000388656510040164,0.0,0.0,0.0,0.0,0.0,0.0,-0.5491724,0.59820565,10.2577559,0.06981317007977318,0.08726646259971647,-0.05235987755982989,-716.0,322.0,-401.0,1600,1600,1599,1599,0,0,0,0
1763969196.3305228,0.0,0.0,32.27,154.91,-0.06292186677455902,0.21538200974464417,0.9744310975074768,-0.011643064208328724,-3.091452121734619,-0.11789929866790771,2.703856945037842,0.0021458910778164864,0.002608729060739279,-0.000388656510040164,0.0,0.0,0.0,0.0,0.0,0.0,-0.5491724,0.59820565,10.2577559,0.06981317007977318,0.08726646259971647,-0.05235987755982989,-716.0,322.0,-401.0,1600,1600,1599,1599,0,0,0,0
1763969196.3639252,0.0,0.0,32.27,154.91,-0.06292186677455902,0.21538200974464417,0.9744310975074768,-0.011643064208328724,-3.091452121734619,-0.11789929866790771,2.703856945037842,0.0021458910778164864,0.002608729060739279,-0.000388656510040164,0.0,0.0,0.0,0.0,0.0,0.0,-0.5687857000000001,0.61781895,10.2577559,0.12217304763960307,0.12217304763960307,-0.05235987755982989,-720.0,324.0,-406.0,1600,1600,1599,1599,0,0,0,0
1763969196.397334,0.0,0.0,32.27,154.91,-0.06292186677455902,0.21538200974464417,0.9744310975074768,-0.011643064208328724,-3.091421365737915,-0.11790532618761063,2.7038586139678955,0.0012172400020062923,-0.00032479967921972275,-0.0005955356173217297,0.0,0.0,0.0,0.0,0.0,0.0,-0.5687857000000001,0.61781895,10.2577559,0.12217304763960307,0.12217304763960307,-0.05235987755982989,-720.0,324.0,-406.0,1600,1600,1599,1599,0,0,0,0
1763969196.4307897,0.0,0.0,32.27,154.91,-0.06292811036109924,0.21538002789020538,0.9744309782981873,-0.01165749505162239,-3.091421365737915,-0.11790532618761063,2.7038586139678955,0.0012172400020062923,-0.00032479967921972275,-0.0005955356173217297,0.0,0.0,0.0,0.0,0.0,0.0,-0.5687857000000001,0.61781895,10.2577559,0.12217304763960307,0.12217304763960307,-0.05235987755982989,-720.0,324.0,-406.0,1600,1600,1599,1599,0,0,0,0
1763969196.464215,0.0,0.0,32.27,154.91,-0.06292811036109924,0.21538002789020538,0.9744309782981873,-0.01165749505162239,-3.091421365737915,-0.11790532618761063,2.7038586139678955,0.0012172400020062923,-0.00032479967921972275,-0.0005955356173217297,0.0,0.0,0.0,0.0,0.0,0.0,-0.5687857000000001,0.61781895,10.2577559,0.12217304763960307,0.12217304763960307,-0.05235987755982989,-720.0,324.0,-406.0,1600,1600,1599,1599,0,0,0,0
1763969196.4976368,0.0,0.0,32.27,154.91,-0.06292811036109924,0.21538002789020538,0.9744309782981873,-0.01165749505162239,-3.091421365737915,-0.11790532618761063,2.7038586139678955,0.0012172400020062923,-0.00032479967921972275,-0.0005955356173217297,0.0,0.0,0.0,0.0,0.0,0.0,-0.5687857000000001,0.61781895,10.2577559,0.12217304763960307,0.12217304763960307,-0.05235987755982989,-720.0,324.0,-406.0,1600,1600,1599,1599,0,0,0,0
1763969196.5310543,0.0,0.0,32.27,154.91,-0.06292811036109924,0.21538002789020538,0.9744309782981873,-0.01165749505162239,-3.091421365737915,-0.11790532618761063,2.7038586139678955,0.0012172400020062923,-0.00032479967921972275,-0.0005955356173217297,0.0,0.0,0.0,0.0,0.0,0.0,-0.5687857000000001,0.61781895,10.2577559,0.12217304763960307,0.12217304763960307,-0.05235987755982989,-720.0,324.0,-406.0,1600,1600,1599,1599,0,0,0,0
1763969196.5644817,0.0,0.0,32.27,154.91,-0.06292811036109924,0.21538002789020538,0.9744309782981873,-0.01165749505162239,-3.091421365737915,-0.11790532618761063,2.7038586139678955,0.0012172400020062923,-0.00032479967921972275,-0.0005955356173217297,0.0,0.0,0.0,0.0,0.0,0.0,-0.59820565,0.6472389000000001,10.2577559,0.10471975511965978,0.06981317007977318,-0.05235987755982989,-720.0,324.0,-406.0,1600,1600,1599,1599,0,0,0,0
1763969196.5979078,0.0,0.0,32.27,154.91,-0.06292811036109924,0.21538002789020538,0.9744309782981873,-0.01165749505162239,-3.0914549827575684,-0.11787878721952438,2.7038681507110596,-0.001845979131758213,-0.00021558348089456558,9.558419696986675e-05,0.0,0.0,0.0,0.0,0.0,0.0,-0.59820565,0.6472389000000001,10.2577559,0.10471975511965978,0.06981317007977318,-0.05235987755982989,-720.0,324.0,-406.0,1600,1600,1599,1599,0,0,0,0
1763969196.6313314,0.0,0.0,32.27,154.91,-0.0629115104675293,0.21537698805332184,0.9744328260421753,-0.011644295416772366,-3.0914549827575684,-0.11787878721952438,2.7038681507110596,-0.001845979131758213,-0.00021558348089456558,9.558419696986675e-05,0.0,0.0,0.0,0.0,0.0,0.0,-0.59820565,0.6472389000000001,10.2577559,0.10471975511965978,0.06981317007977318,-0.05235987755982989,-720.0,324.0,-406.0,1600,1600,1599,1599,0,0,0,0
1763969196.6647503,0.0,0.0,32.06,154.92,-0.0629115104675293,0.21537698805332184,0.9744328260421753,-0.011644295416772366,-3.0914549827575684,-0.11787878721952438,2.7038681507110596,-0.001845979131758213,-0.00021558348089456558,9.558419696986675e-05,0.0,0.0,0.0,0.0,0.0,0.0,-0.59820565,0.6472389000000001,10.2577559,0.10471975511965978,0.06981317007977318,-0.05235987755982989,-720.0,324.0,-406.0,1600,1600,1599,1599,0,0,0,0
1763969196.6981704,0.0,0.0,32.06,154.92,-0.0629115104675293,0.21537698805332184,0.9744328260421753,-0.011644295416772366,-3.0914549827575684,-0.11787878721952438,2.7038681507110596,-0.001845979131758213,-0.00021558348089456558,9.558419696986675e-05,0.0,0.0,0.0,0.0,0.0,0.0,-0.59820565,0.6472389000000001,10.2577559,0.10471975511965978,0.06981317007977318,-0.05235987755982989,-720.0,324.0,-406.0,1600,1600,1599,1599,0,0,0,0
1763969196.7315753,0.0,0.0,32.06,154.92,-0.0629115104675293,0.21537698805332184,0.9744328260421753,-0.011644295416772366,-3.0914549827575684,-0.11787878721952438,2.7038681507110596,-0.001845979131758213,-0.00021558348089456558,9.558419696986675e-05,0.0,0.0,0.0,0.0,0.0,0.0,-0.6080123,0.65704555,10.2577559,0.05235987755982989,0.06981317007977318,-0.03490658503988659,-718.0,321.0,-401.0,1600,1600,1599,1599,0,0,0,0
1763969196.7649908,0.0,0.0,32.06,154.92,-0.0629115104675293,0.21537698805332184,0.9744328260421753,-0.011644295416772366,-3.091496467590332,-0.1178411990404129,2.7038919925689697,-0.0007588164880871773,1.0448973625898361e-05,0.00045626983046531677,0.0,0.0,0.0,0.0,0.0,0.0,-0.6080123,0.65704555,10.2577559,0.05235987755982989,0.06981317007977318,-0.03490658503988659,-718.0,321.0,-401.0,1600,1600,1599,1599,0,0,0,0
1763969196.7984138,0.0,0.0,32.06,154.92,-0.06288859993219376,0.21536731719970703,0.9744365811347961,-0.011628883890807629,-3.091496467590332,-0.1178411990404129,2.7038919925689697,-0.0007588164880871773,1.0448973625898361e-05,0.00045626983046531677,0.0,0.0,0.0,0.0,0.0,0.0,-0.6080123,0.65704555,10.2577559,0.05235987755982989,0.06981317007977318,-0.03490658503988659,-718.0,321.0,-401.0,1600,1600,1599,1599,0,0,0,0
1763969196.831831,0.0,0.0,32.06,154.92,-0.06288859993219376,0.21536731719970703,0.9744365811347961,-0.011628883890807629,-3.091496467590332,-0.1178411990404129,2.7038919925689697,-0.0007588164880871773,1.0448973625898361e-05,0.00045626983046531677,0.0,0.0,0.0,0.0,0.0,0.0,-0.6080123,0.65704555,10.2577559,0.05235987755982989,0.06981317007977318,-0.03490658503988659,-718.0,321.0,-401.0,1600,1600,1599,1599,0,0,0,0
1763969196.8652503,0.0,0.0,32.06,154.92,-0.06288859993219376,0.21536731719970703,0.9744365811347961,-0.011628883890807629,-3.091496467590332,-0.1178411990404129,2.7038919925689697,-0.0007588164880871773,1.0448973625898361e-05,0.00045626983046531677,0.0,0.0,0.0,0.0,0.0,0.0,-0.6080123,0.65704555,10.2577559,0.05235987755982989,0.06981317007977318,-0.03490658503988659,-718.0,321.0,-401.0,1600,1600,1599,1599,0,0,0,0
1763969196.8986454,0.0,0.0,32.06,154.92,-0.06288859993219376,0.21536731719970703,0.9744365811347961,-0.011628883890807629,-3.091496467590332,-0.1178411990404129,2.7038919925689697,-0.0007588164880871773,1.0448973625898361e-05,0.00045626983046531677,0.0,0.0,0.0,0.0,0.0,0.0,-0.5687857000000001,0.6276256,10.2577559,0.06981317007977318,0.06981317007977318,-0.03490658503988659,-718.0,321.0,-401.0,1600,1600,1599,1599,0,0,0,0
1763969196.932049,0.0,0.0,32.06,154.92,-0.06288859993219376,0.21536731719970703,0.9744365811347961,-0.011628883890807629,-3.091496467590332,-0.1178411990404129,2.7038919925689697,-0.0007588164880871773,1.0448973625898361e-05,0.00045626983046531677,0.0,0.0,0.0,0.0,0.0,0.0,-0.5687857000000001,0.6276256,10.2577559,0.06981317007977318,0.06981317007977318,-0.03490658503988659,-718.0,321.0,-401.0,1600,1600,1599,1599,0,0,0,0
1763969196.9654622,0.0,0.0,32.06,154.92,-0.06288859993219376,0.21536731719970703,0.9744365811347961,-0.011628883890807629,-3.091482162475586,-0.11782113462686539,2.7038934230804443,0.0029008896090090275,0.00042445119470357895,0.0006428807973861694,0.0,0.0,0.0,0.0,0.0,0.0,-0.5687857000000001,0.6276256,10.2577559,0.06981317007977318,0.06981317007977318,-0.03490658503988659,-718.0,321.0,-401.0,1600,1600,1599,1599,0,0,0,0
1763969196.9988725,0.0,0.0,32.06,154.92,-0.06288859993219376,0.21536731719970703,0.9744365811347961,-0.011628883890807629,-3.091482162475586,-0.11782113462686539,2.7038934230804443,0.0029008896090090275,0.00042445119470357895,0.0006428807973861694,0.0,0.0,0.0,0.0,0.0,0.0,-0.5295591,0.57859235,10.24794925,0.13962634015954636,0.08726646259971647,-0.03490658503988659,-718.0,321.0,-401.0,1600,1600,1599,1599,0,0,0,0
1763969197.0322785,0.0,0.0,32.06,154.92,-0.06288038194179535,0.21536661684513092,0.9744371175765991,-0.011638175696134567,-3.091482162475586,-0.11782113462686539,2.7038934230804443,0.0029008896090090275,0.00042445119470357895,0.0006428807973861694,0.0,0.0,0.0,0.0,0.0,0.0,-0.5295591,0.57859235,10.24794925,0.13962634015954636,0.08726646259971647,-0.03490658503988659,-718.0,321.0,-401.0,1600,1600,1599,1599,0,0,0,0
1763969197.0656846,0.0,0.0,32.06,154.92,-0.06288038194179535,0.21536661684513092,0.9744371175765991,-0.011638175696134567,-3.091482162475586,-0.11782113462686539,2.7038934230804443,0.0029008896090090275,0.00042445119470357895,0.0006428807973861694,0.0,0.0,0.0,0.0,0.0,0.0,-0.5295591,0.57859235,10.24794925,0.13962634015954636,0.08726646259971647,-0.03490658503988659,-718.0,321.0,-401.0,1600,1600,1599,1599,0,0,0,0
1763969197.0990863,0.0,0.0,32.06,154.92,-0.06288038194179535,0.21536661684513092,0.9744371175765991,-0.011638175696134567,-3.0916190147399902,-0.11786134541034698,2.70389461517334,-7.61980190873146e-05,0.0004359879530966282,-0.00021283747628331184,0.0,0.0,0.0,0.0,0.0,0.0,-0.5295591,0.57859235,10.24794925,0.13962634015954636,0.08726646259971647,-0.03490658503988659,-718.0,321.0,-401.0,1600,1600,1599,1599,0,0,0,0
1763969197.1325023,0.0,0.0,32.06,154.92,-0.06288038194179535,0.21536661684513092,0.9744371175765991,-0.011638175696134567,-3.0916190147399902,-0.11786134541034698,2.70389461517334,-7.61980190873146e-05,0.0004359879530966282,-0.00021283747628331184,0.0,0.0,0.0,0.0,0.0,0.0,-0.5295591,0.57859235,10.24794925,0.13962634015954636,0.08726646259971647,-0.03490658503988659,-718.0,321.0,-401.0,1600,1600,1599,1599,0,0,0,0
1763969197.165921,0.0,0.0,32.06,154.92,-0.06288522481918335,0.21536950767040253,0.9744370579719543,-0.011567131616175175,-3.0916190147399902,-0.11786134541034698,2.70389461517334,-7.61980190873146e-05,0.0004359879530966282,-0.00021283747628331184,0.0,0.0,0.0,0.0,0.0,0.0,-0.5295591,0.57859235,10.24794925,0.13962634015954636,0.08726646259971647,-0.03490658503988659,-718.0,321.0,-401.0,1600,1600,1599,1599,0,0,0,0
1763969197.1993487,0.0,0.0,32.06,154.92,-0.06288522481918335,0.21536950767040253,0.9744370579719543,-0.011567131616175175,-3.0916190147399902,-0.11786134541034698,2.70389461517334,-7.61980190873146e-05,0.0004359879530966282,-0.00021283747628331184,0.0,0.0,0.0,0.0,0.0,0.0,-0.5491724,0.59820565,10.2577559,0.08726646259971647,0.08726646259971647,-0.05235987755982989,-714.0,320.0,-402.0,1600,1600,1599,1599,0,0,0,0
1763969197.2327712,0.0,0.0,32.09,154.92,-0.06288522481918335,0.21536950767040253,0.9744370579719543,-0.011567131616175175,-3.0916190147399902,-0.11786134541034698,2.70389461517334,-7.61980190873146e-05,0.0004359879530966282,-0.00021283747628331184,0.0,0.0,0.0,0.0,0.0,0.0,-0.5491724,0.59820565,10.2577559,0.08726646259971647,0.08726646259971647,-0.05235987755982989,-714.0,320.0,-402.0,1600,1600,1599,1599,0,0,0,0
1763969197.2661793,0.0,0.0,32.09,154.92,-0.06288522481918335,0.21536950767040253,0.9744370579719543,-0.011567131616175175,-3.0915982723236084,-0.11787480860948563,2.703864336013794,0.0010235179215669632,5.448143929243088e-05,0.00038387812674045563,0.0,0.0,0.0,0.0,0.0,0.0,-0.5491724,0.59820565,10.2577559,0.08726646259971647,0.08726646259971647,-0.05235987755982989,-714.0,320.0,-402.0,1600,1600,1599,1599,0,0,0,0
1763969197.299584,0.0,0.0,32.09,154.92,-0.06289418786764145,0.21538348495960236,0.9744333624839783,-0.011574795469641685,-3.0915982723236084,-0.11787480860948563,2.703864336013794,0.0010235179215669632,5.448143929243088e-05,0.00038387812674045563,0.0,0.0,0.0,0.0,0.0,0.0,-0.5491724,0.59820565,10.2577559,0.08726646259971647,0.08726646259971647,-0.05235987755982989,-714.0,320.0,-402.0,1600,1600,1599,1599,0,0,0,0
1763969197.332993,0.0,0.0,32.19,154.92,-0.06289418786764145,0.21538348495960236,0.9744333624839783,-0.011574795469641685,-3.0915982723236084,-0.11787480860948563,2.703864336013794,0.0010235179215669632,5.448143929243088e-05,0.00038387812674045563,0.0,0.0,0.0,0.0,0.0,0.0,-0.5491724,0.59820565,10.2577559,0.08726646259971647,0.08726646259971647,-0.05235987755982989,-714.0,320.0,-402.0,1600,1600,1599,1599,0,0,0,0
1763969197.3664186,0.0,0.0,32.19,154.92,-0.06289418786764145,0.21538348495960236,0.9744333624839783,-0.011574795469641685,-3.0915982723236084,-0.11787480860948563,2.703864336013794,0.0010235179215669632,5.448143929243088e-05,0.00038387812674045563,0.0,0.0,0.0,0.0,0.0,0.0,-0.5491724,0.59820565,10.2577559,0.08726646259971647,0.08726646259971647,-0.05235987755982989,-714.0,320.0,-402.0,1600,1600,1599,1599,0,0,0,0
1763969197.399815,0.0,0.0,32.19,154.92,-0.06289418786764145,0.21538348495960236,0.9744333624839783,-0.011574795469641685,-3.0915982723236084,-0.11787480860948563,2.703864336013794,0.0010235179215669632,5.448143929243088e-05,0.00038387812674045563,0.0,0.0,0.0,0.0,0.0,0.0,-0.5491724,0.6080123,10.2577559,0.10471975511965978,0.06981317007977318,-0.03490658503988659,-711.0,322.0,-400.0,1600,1600,1599,1599,0,0,0,0
1763969197.4332252,0.0,0.0,32.19,154.92,-0.06289418786764145,0.21538348495960236,0.9744333624839783,-0.011574795469641685,-3.0915539264678955,-0.11790148913860321,2.7038307189941406,0.001276032067835331,0.0012736557982861996,0.00019480171613395214,0.0,0.0,0.0,0.0,0.0,0.0,-0.5491724,0.6080123,10.2577559,0.10471975511965978,0.06981317007977318,-0.03490658503988659,-711.0,322.0,-400.0,1600,1600,1599,1599,0,0,0,0
1763969197.4666312,0.0,0.0,32.19,154.92,-0.06291212886571884,0.21539784967899323,0.9744287729263306,-0.011592380702495575,-3.0915539264678955,-0.11790148913860321,2.7038307189941406,0.001276032067835331,0.0012736557982861996,0.00019480171613395214,0.0,0.0,0.0,0.0,0.0,0.0,-0.5491724,0.6080123,10.2577559,0.10471975511965978,0.06981317007977318,-0.03490658503988659,-711.0,322.0,-400.0,1600,1600,1599,1599,0,0,0,0
1763969197.5000312,0.0,0.0,32.19,154.91,-0.06291212886571884,0.21539784967899323,0.9744287729263306,-0.011592380702495575,-3.0915539264678955,-0.11790148913860321,2.7038307189941406,0.001276032067835331,0.0012736557982861996,0.00019480171613395214,0.0,0.0,0.0,0.0,0.0,0.0,-0.5491724,0.6080123,10.2577559,0.10471975511965978,0.06981317007977318,-0.03490658503988659,-711.0,322.0,-400.0,1600,1600,1599,1599,0,0,0,0
1763969197.5334275,0.0,0.0,32.19,154.91,-0.06291212886571884,0.21539784967899323,0.9744287729263306,-0.011592380702495575,-3.091547727584839,-0.11791185289621353,2.703812837600708,-0.00012479489669203758,0.000817812979221344,0.00010453583672642708,0.0,0.0,0.0,0.0,0.0,0.0,-0.5491724,0.6080123,10.2577559,0.10471975511965978,0.06981317007977318,-0.03490658503988659,-711.0,322.0,-400.0,1600,1600,1599,1599,0,0,0,0
1763969197.5668268,0.0,0.0,32.19,154.91,-0.06291796267032623,0.21540626883506775,0.9744265079498291,-0.01159378420561552,-3.091547727584839,-0.11791185289621353,2.703812837600708,-0.00012479489669203758,0.000817812979221344,0.00010453583672642708,0.0,0.0,0.0,0.0,0.0,0.0,-0.5491724,0.6080123,10.2577559,0.10471975511965978,0.06981317007977318,-0.03490658503988659,-711.0,322.0,-400.0,1600,1600,1599,1599,0,0,0,0
1763969197.6004062,0.0,0.0,32.19,154.91,-0.06291796267032623,0.21540626883506775,0.9744265079498291,-0.01159378420561552,-3.091547727584839,-0.11791185289621353,2.703812837600708,-0.00012479489669203758,0.000817812979221344,0.00010453583672642708,0.0,0.0,0.0,0.0,0.0,0.0,-0.5491724,0.6080123,10.2577559,0.10471975511965978,0.06981317007977318,-0.03490658503988659,-711.0,322.0,-400.0,1600,1600,1599,1599,0,0,0,0
1763969197.6341465,0.0,0.0,32.19,154.91,-0.06291796267032623,0.21540626883506775,0.9744265079498291,-0.01159378420561552,-3.091547727584839,-0.11791185289621353,2.703812837600708,-0.00012479489669203758,0.000817812979221344,0.00010453583672642708,0.0,0.0,0.0,0.0,0.0,0.0,-0.5491724,0.6080123,10.2577559,0.10471975511965978,0.06981317007977318,-0.03490658503988659,-711.0,322.0,-400.0,1600,1600,1599,1599,0,0,0,0
1763969197.6675503,0.0,0.0,32.19,154.91,-0.06291796267032623,0.21540626883506775,0.9744265079498291,-0.01159378420561552,-3.091547727584839,-0.11791185289621353,2.703812837600708,-0.00012479489669203758,0.000817812979221344,0.00010453583672642708,0.0,0.0,0.0,0.0,0.0,0.0,-0.5491724,0.6080123,10.2577559,0.10471975511965978,0.06981317007977318,-0.03490658503988659,-711.0,322.0,-400.0,1600,1600,1599,1599,0,0,0,0
1763969197.7009535,0.0,0.0,32.19,154.91,-0.06291796267032623,0.21540626883506775,0.9744265079498291,-0.01159378420561552,-3.091547727584839,-0.11791185289621353,2.703812837600708,-0.00012479489669203758,0.000817812979221344,0.00010453583672642708,0.0,0.0,0.0,0.0,0.0,0.0,-0.588399,0.6276256,10.2577559,0.08726646259971647,0.08726646259971647,-0.05235987755982989,-711.0,322.0,-400.0,1600,1600,1599,1599,0,0,0,0
1763969197.7343614,0.0,0.0,32.19,154.91,-0.06291796267032623,0.21540626883506775,0.9744265079498291,-0.01159378420561552,-3.09157657623291,-0.11786533892154694,2.703831434249878,-0.0009805839508771896,-0.002805833239108324,-7.128389552235603e-05,0.0,0.0,0.0,0.0,0.0,0.0,-0.588399,0.6276256,10.2577559,0.08726646259971647,0.08726646259971647,-0.05235987755982989,-711.0,322.0,-400.0,1600,1600,1599,1599,0,0,0,0
1763969197.7677612,0.0,0.0,32.19,154.91,-0.06289210170507431,0.21539893746376038,0.9744299650192261,-0.011585358530282974,-3.09157657623291,-0.11786533892154694,2.703831434249878,-0.0009805839508771896,-0.002805833239108324,-7.128389552235603e-05,0.0,0.0,0.0,0.0,0.0,0.0,-0.588399,0.6276256,10.2577559,0.08726646259971647,0.08726646259971647,-0.05235987755982989,-711.0,322.0,-400.0,1600,1600,1599,1599,0,0,0,0
1763969197.8011584,0.0,0.0,32.07,154.91,-0.06289210170507431,0.21539893746376038,0.9744299650192261,-0.011585358530282974,-3.09157657623291,-0.11786533892154694,2.703831434249878,-0.0009805839508771896,-0.002805833239108324,-7.128389552235603e-05,0.0,0.0,0.0,0.0,0.0,0.0,-0.588399,0.6276256,10.2577559,0.08726646259971647,0.08726646259971647,-0.05235987755982989,-711.0,322.0,-400.0,1600,1600,1599,1599,0,0,0,0
1763969197.8345578,0.0,0.0,32.07,154.91,-0.06289210170507431,0.21539893746376038,0.9744299650192261,-0.011585358530282974,-3.09157657623291,-0.11786533892154694,2.703831434249878,-0.0009805839508771896,-0.002805833239108324,-7.128389552235603e-05,0.0,0.0,0.0,0.0,0.0,0.0,-0.588399,0.6276256,10.2577559,0.08726646259971647,0.08726646259971647,-0.05235987755982989,-711.0,322.0,-400.0,1600,1600,1599,1599,0,0,0,0
1763969197.8679554,0.0,0.0,32.07,154.91,-0.06289210170507431,0.21539893746376038,0.9744299650192261,-0.011585358530282974,-3.09157657623291,-0.11786533892154694,2.703831434249878,-0.0009805839508771896,-0.002805833239108324,-7.128389552235603e-05,0.0,0.0,0.0,0.0,0.0,0.0,-0.588399,0.6276256,10.2577559,0.08726646259971647,0.08726646259971647,-0.05235987755982989,-711.0,322.0,-400.0,1600,1600,1599,1599,0,0,0,0
1763969197.901354,0.0,0.0,32.07,154.91,-0.06289210170507431,0.21539893746376038,0.9744299650192261,-0.011585358530282974,-3.09157657623291,-0.11786533892154694,2.703831434249878,-0.0009805839508771896,-0.002805833239108324,-7.128389552235603e-05,0.0,0.0,0.0,0.0,0.0,0.0,-0.59820565,0.63743225,10.2577559,0.06981317007977318,0.017453292519943295,-0.05235987755982989,-710.0,320.0,-404.0,1600,1600,1599,1599,0,0,0,0
1763969197.9347746,0.0,0.0,32.07,154.91,-0.06289210170507431,0.21539893746376038,0.9744299650192261,-0.011585358530282974,-3.0915446281433105,-0.1178690642118454,2.7036855220794678,0.0008342349901795387,-0.0006246627308428288,0.0007202450651675463,0.0,0.0,0.0,0.0,0.0,0.0,-0.59820565,0.63743225,10.2577559,0.06981317007977318,0.017453292519943295,-0.05235987755982989,-710.0,320.0,-404.0,1600,1600,1599,1599,0,0,0,0
1763969197.9681983,0.0,0.0,32.07,154.91,-0.0628981962800026,0.21546898782253265,0.9744138717651367,-0.011595911346375942,-3.0915446281433105,-0.1178690642118454,2.7036855220794678,0.0008342349901795387,-0.0006246627308428288,0.0007202450651675463,0.0,0.0,0.0,0.0,0.0,0.0,-0.59820565,0.63743225,10.2577559,0.06981317007977318,0.017453292519943295,-0.05235987755982989,-710.0,320.0,-404.0,1600,1600,1599,1599,0,0,0,0
1763969198.0016255,0.0,0.0,32.27,154.9,-0.0628981962800026,0.21546898782253265,0.9744138717651367,-0.011595911346375942,-3.0915446281433105,-0.1178690642118454,2.7036855220794678,0.0008342349901795387,-0.0006246627308428288,0.0007202450651675463,0.0,0.0,0.0,0.0,0.0,0.0,-0.59820565,0.63743225,10.2577559,0.06981317007977318,0.017453292519943295,-0.05235987755982989,-710.0,320.0,-404.0,1600,1600,1599,1599,0,0,0,0
1763969198.0350308,0.0,0.0,32.27,154.9,-0.0628981962800026,0.21546898782253265,0.9744138717651367,-0.011595911346375942,-3.0915446281433105,-0.1178690642118454,2.7036855220794678,0.0008342349901795387,-0.0006246627308428288,0.0007202450651675463,0.0,0.0,0.0,0.0,0.0,0.0,-0.59820565,0.63743225,10.2577559,0.06981317007977318,0.017453292519943295,-0.05235987755982989,-710.0,320.0,-404.0,1600,1600,1599,1599,0,0,0,0
1763969198.0684373,0.0,0.0,32.27,154.9,-0.0628981962800026,0.21546898782253265,0.9744138717651367,-0.011595911346375942,-3.0915446281433105,-0.1178690642118454,2.7036855220794678,0.0008342349901795387,-0.0006246627308428288,0.0007202450651675463,0.0,0.0,0.0,0.0,0.0,0.0,-0.59820565,0.63743225,10.2577559,0.06981317007977318,0.017453292519943295,-0.05235987755982989,-710.0,320.0,-404.0,1600,1600,1599,1599,0,0,0,0
1763969198.1020977,0.0,0.0,32.27,154.9,-0.0628981962800026,0.21546898782253265,0.9744138717651367,-0.011595911346375942,-3.0915446281433105,-0.1178690642118454,2.7036855220794678,0.0008342349901795387,-0.0006246627308428288,0.0007202450651675463,0.0,0.0,0.0,0.0,0.0,0.0,-0.59820565,0.6472389000000001,10.2577559,0.10471975511965978,0.06981317007977318,-0.03490658503988659,-715.0,320.0,-398.0,1600,1600,1599,1599,0,0,0,0
1763969198.1355205,0.0,0.0,32.27,154.9,-0.0628981962800026,0.21546898782253265,0.9744138717651367,-0.011595911346375942,-3.091569185256958,-0.1178545132279396,2.7036757469177246,-0.0008055316284298897,-0.0011819161009043455,0.0012242314405739307,0.0,0.0,0.0,0.0,0.0,0.0,-0.59820565,0.6472389000000001,10.2577559,0.10471975511965978,0.06981317007977318,-0.03490658503988659,-715.0,320.0,-398.0,1600,1600,1599,1599,0,0,0,0
1763969198.1689262,0.0,0.0,32.27,154.9,-0.06288853287696838,0.21547476947307587,0.9744133949279785,-0.011585280299186707,-3.091569185256958,-0.1178545132279396,2.7036757469177246,-0.0008055316284298897,-0.0011819161009043455,0.0012242314405739307,0.0,0.0,0.0,0.0,0.0,0.0,-0.59820565,0.6472389000000001,10.2577559,0.10471975511965978,0.06981317007977318,-0.03490658503988659,-715.0,320.0,-398.0,1600,1600,1599,1599,0,0,0,0
1763969198.2023325,0.0,0.0,32.27,154.9,-0.06288853287696838,0.21547476947307587,0.9744133949279785,-0.011585280299186707,-3.091569185256958,-0.1178545132279396,2.7036757469177246,-0.0008055316284298897,-0.0011819161009043455,0.0012242314405739307,0.0,0.0,0.0,0.0,0.0,0.0,-0.59820565,0.6472389000000001,10.2577559,0.10471975511965978,0.06981317007977318,-0.03490658503988659,-715.0,320.0,-398.0,1600,1600,1599,1599,0,0,0,0
1763969198.2357376,0.0,0.0,32.27,154.9,-0.06288853287696838,0.21547476947307587,0.9744133949279785,-0.011585280299186707,-3.091569185256958,-0.1178545132279396,2.7036757469177246,-0.0008055316284298897,-0.0011819161009043455,0.0012242314405739307,0.0,0.0,0.0,0.0,0.0,0.0,-0.59820565,0.6472389000000001,10.2577559,0.10471975511965978,0.06981317007977318,-0.03490658503988659,-715.0,320.0,-398.0,1600,1600,1599,1599,0,0,0,0
1763969198.2691436,0.0,0.0,32.27,154.9,-0.06288853287696838,0.21547476947307587,0.9744133949279785,-0.011585280299186707,-3.091569185256958,-0.1178545132279396,2.7036757469177246,-0.0008055316284298897,-0.0011819161009043455,0.0012242314405739307,0.0,0.0,0.0,0.0,0.0,0.0,-0.59820565,0.6472389000000001,10.2577559,0.10471975511965978,0.06981317007977318,-0.03490658503988659,-715.0,320.0,-398.0,1600,1600,1599,1599,0,0,0,0
1763969198.3025484,0.0,0.0,32.27,154.9,-0.06288853287696838,0.21547476947307587,0.9744133949279785,-0.011585280299186707,-3.091569185256958,-0.1178545132279396,2.7036757469177246,-0.0008055316284298897,-0.0011819161009043455,0.0012242314405739307,0.0,0.0,0.0,0.0,0.0,0.0,-0.588399,0.6472389000000001,10.2577559,0.06981317007977318,0.05235987755982989,-0.017453292519943295,-715.0,320.0,-398.0,1600,1600,1599,1599,0,0,0,0
1763969198.335954,0.0,0.0,32.27,154.9,-0.06288853287696838,0.21547476947307587,0.9744133949279785,-0.011585280299186707,-3.0916216373443604,-0.11780428886413574,2.7036964893341064,-0.001190828625112772,-0.0017315284349024296,-0.0008039646781980991,0.0,0.0,0.0,0.0,0.0,0.0,-0.588399,0.6472389000000001,10.2577559,0.06981317007977318,0.05235987755982989,-0.017453292519943295,-715.0,320.0,-398.0,1600,1600,1599,1599,0,0,0,0
1763969198.369358,0.0,0.0,32.27,154.9,-0.06285831332206726,0.21546724438667297,0.9744172096252441,-0.011565851978957653,-3.0916216373443604,-0.11780428886413574,2.7036964893341064,-0.001190828625112772,-0.0017315284349024296,-0.0008039646781980991,0.0,0.0,0.0,0.0,0.0,0.0,-0.588399,0.6472389000000001,10.2577559,0.06981317007977318,0.05235987755982989,-0.017453292519943295,-715.0,320.0,-398.0,1600,1600,1599,1599,0,0,0,0
1763969198.4027708,0.0,0.0,32.27,154.91,-0.06285831332206726,0.21546724438667297,0.9744172096252441,-0.011565851978957653,-3.0916216373443604,-0.11780428886413574,2.7036964893341064,-0.001190828625112772,-0.0017315284349024296,-0.0008039646781980991,0.0,0.0,0.0,0.0,0.0,0.0,-0.588399,0.6472389000000001,10.2577559,0.06981317007977318,0.05235987755982989,-0.017453292519943295,-715.0,320.0,-398.0,1600,1600,1599,1599,0,0,0,0
1763969198.4369287,0.0,0.0,32.27,154.91,-0.06285831332206726,0.21546724438667297,0.9744172096252441,-0.011565851978957653,-3.0916216373443604,-0.11780428886413574,2.7036964893341064,-0.001190828625112772,-0.0017315284349024296,-0.0008039646781980991,0.0,0.0,0.0,0.0,0.0,0.0,-0.588399,0.6472389000000001,10.2577559,0.06981317007977318,0.05235987755982989,-0.017453292519943295,-715.0,320.0,-398.0,1600,1600,1599,1599,0,0,0,0
1763969198.470335,0.0,0.0,32.27,154.91,-0.06285831332206726,0.21546724438667297,0.9744172096252441,-0.011565851978957653,-3.0916216373443604,-0.11780428886413574,2.7036964893341064,-0.001190828625112772,-0.0017315284349024296,-0.0008039646781980991,0.0,0.0,0.0,0.0,0.0,0.0,-0.5687857000000001,0.61781895,10.24794925,0.06981317007977318,0.03490658503988659,-0.05235987755982989,-715.0,320.0,-398.0,1600,1600,1599,1599,0,0,0,0
1763969198.5037413,0.0,0.0,32.27,154.91,-0.06285831332206726,0.21546724438667297,0.9744172096252441,-0.011565851978957653,-3.091637134552002,-0.11778631061315536,2.703709363937378,0.00025628646835684776,0.0007930407300591469,-0.0010318192653357983,0.0,0.0,0.0,0.0,0.0,0.0,-0.5687857000000001,0.61781895,10.24794925,0.06981317007977318,0.03490658503988659,-0.05235987755982989,-715.0,320.0,-398.0,1600,1600,1599,1599,0,0,0,0
1763969198.5371428,0.0,0.0,32.27,154.91,-0.0628478154540062,0.21546176075935364,0.9744191765785217,-0.01156064122915268,-3.091637134552002,-0.11778631061315536,2.703709363937378,0.00025628646835684776,0.0007930407300591469,-0.0010318192653357983,0.0,0.0,0.0,0.0,0.0,0.0,-0.5687857000000001,0.61781895,10.24794925,0.06981317007977318,0.03490658503988659,-0.05235987755982989,-715.0,320.0,-398.0,1600,1600,1599,1599,0,0,0,0
1763969198.5705633,0.0,0.0,32.07,154.91,-0.0628478154540062,0.21546176075935364,0.9744191765785217,-0.01156064122915268,-3.091637134552002,-0.11778631061315536,2.703709363937378,0.00025628646835684776,0.0007930407300591469,-0.0010318192653357983,0.0,0.0,0.0,0.0,0.0,0.0,-0.5687857000000001,0.61781895,10.24794925,0.06981317007977318,0.03490658503988659,-0.05235987755982989,-715.0,320.0,-398.0,1600,1600,1599,1599,0,0,0,0
1763969198.6048448,0.0,0.0,32.07,154.91,-0.0628478154540062,0.21546176075935364,0.9744191765785217,-0.01156064122915268,-3.091610908508301,-0.11780840158462524,2.7036948204040527,-0.00010132230818271637,0.000978077296167612,0.0001503261737525463,0.0,0.0,0.0,0.0,0.0,0.0,-0.5687857000000001,0.61781895,10.24794925,0.06981317007977318,0.03490658503988659,-0.05235987755982989,-715.0,320.0,-398.0,1600,1600,1599,1599,0,0,0,0
1763969198.638298,0.0,0.0,32.07,154.91,-0.06286147236824036,0.215467631816864,0.9744169116020203,-0.01157055702060461,-3.091610908508301,-0.11780840158462524,2.7036948204040527,-0.00010132230818271637,0.000978077296167612,0.0001503261737525463,0.0,0.0,0.0,0.0,0.0,0.0,-0.5687857000000001,0.61781895,10.24794925,0.06981317007977318,0.03490658503988659,-0.05235987755982989,-715.0,320.0,-398.0,1600,1600,1599,1599,0,0,0,0
1763969198.6717803,0.0,0.0,32.07,154.91,-0.06286147236824036,0.215467631816864,0.9744169116020203,-0.01157055702060461,-3.091610908508301,-0.11780840158462524,2.7036948204040527,-0.00010132230818271637,0.000978077296167612,0.0001503261737525463,0.0,0.0,0.0,0.0,0.0,0.0,-0.5687857000000001,0.61781895,10.24794925,0.06981317007977318,0.03490658503988659,-0.05235987755982989,-715.0,320.0,-398.0,1600,1600,1599,1599,0,0,0,0
1763969198.7052357,0.0,0.0,32.07,154.91,-0.06286147236824036,0.215467631816864,0.9744169116020203,-0.01157055702060461,-3.0915722846984863,-0.11783894151449203,2.703683614730835,9.865919128060341e-05,0.002317262813448906,-0.00036559905856847763,0.0,0.0,0.0,0.0,0.0,0.0,-0.5687857000000001,0.61781895,10.24794925,0.06981317007977318,0.03490658503988659,-0.05235987755982989,-715.0,320.0,-398.0,1600,1600,1599,1599,0,0,0,0
1763969198.7386727,0.0,0.0,32.07,154.91,-0.06288056075572968,0.2154713273048401,0.9744146466255188,-0.011585621163249016,-3.0915722846984863,-0.11783894151449203,2.703683614730835,9.865919128060341e-05,0.002317262813448906,-0.00036559905856847763,0.0,0.0,0.0,0.0,0.0,0.0,-0.5687857000000001,0.61781895,10.24794925,0.06981317007977318,0.03490658503988659,-0.05235987755982989,-715.0,320.0,-398.0,1600,1600,1599,1599,0,0,0,0
1763969198.7721157,0.0,0.0,32.07,154.91,-0.06288056075572968,0.2154713273048401,0.9744146466255188,-0.011585621163249016,-3.0915491580963135,-0.11769450455904007,2.703599452972412,-0.00046877190470695496,-0.0006332262419164181,0.0005741477943956852,0.0,0.0,0.0,0.0,0.0,0.0,-0.5687857000000001,0.61781895,10.24794925,0.06981317007977318,0.03490658503988659,-0.05235987755982989,-715.0,320.0,-398.0,1600,1600,1599,1599,0,0,0,0
1763969198.8055172,0.0,0.0,32.07,154.91,-0.06281322985887527,0.21551428735256195,0.9744092226028442,-0.011610104702413082,-3.0915491580963135,-0.11769450455904007,2.703599452972412,-0.00046877190470695496,-0.0006332262419164181,0.0005741477943956852,0.0,0.0,0.0,0.0,0.0,0.0,-0.5687857000000001,0.61781895,10.24794925,0.06981317007977318,0.03490658503988659,-0.05235987755982989,-715.0,320.0,-398.0,1600,1600,1599,1599,0,0,0,0
1763969198.838923,0.0,0.0,32.16,154.9,-0.06281322985887527,0.21551428735256195,0.9744092226028442,-0.011610104702413082,-3.0915491580963135,-0.11769450455904007,2.703599452972412,-0.00046877190470695496,-0.0006332262419164181,0.0005741477943956852,0.0,0.0,0.0,0.0,0.0,0.0,-0.5687857000000001,0.61781895,10.24794925,0.06981317007977318,0.03490658503988659,-0.05235987755982989,-715.0,320.0,-398.0,1600,1600,1599,1599,0,0,0,0
1763969198.872329,0.0,0.0,32.16,154.9,-0.06281322985887527,0.21551428735256195,0.9744092226028442,-0.011610104702413082,-3.0915491580963135,-0.11769450455904007,2.703599452972412,-0.00046877190470695496,-0.0006332262419164181,0.0005741477943956852,0.0,0.0,0.0,0.0,0.0,0.0,-0.5687857000000001,0.61781895,10.24794925,0.06981317007977318,0.03490658503988659,-0.05235987755982989,-715.0,320.0,-398.0,1600,1600,1599,1599,0,0,0,0
1763969198.9057336,0.0,0.0,32.16,154.9,-0.06281322985887527,0.21551428735256195,0.9744092226028442,-0.011610104702413082,-3.0915491580963135,-0.11769450455904007,2.703599452972412,-0.00046877190470695496,-0.0006332262419164181,0.0005741477943956852,0.0,0.0,0.0,0.0,0.0,0.0,-0.5687857000000001,0.61781895,10.24794925,0.06981317007977318,0.03490658503988659,-0.05235987755982989,-715.0,320.0,-398.0,1600,1600,1599,1599,0,0,0,0
1763969198.939134,0.0,0.0,32.16,154.9,-0.06281322985887527,0.21551428735256195,0.9744092226028442,-0.011610104702413082,-3.0915491580963135,-0.11769450455904007,2.703599452972412,-0.00046877190470695496,-0.0006332262419164181,0.0005741477943956852,0.0,0.0,0.0,0.0,0.0,0.0,-0.55897905,0.6080123,10.2577559,0.08726646259971647,0.06981317007977318,-0.03490658503988659,-715.0,319.0,-404.0,1600,1600,1599,1599,0,0,0,0
1763969198.972536,0.0,0.0,32.16,154.9,-0.06281322985887527,0.21551428735256195,0.9744092226028442,-0.011610104702413082,-3.091554641723633,-0.11769593507051468,2.703608989715576,-0.0012224731035530567,0.0005104104056954384,1.545739360153675e-05,0.0,0.0,0.0,0.0,0.0,0.0,-0.55897905,0.6080123,10.2577559,0.08726646259971647,0.06981317007977318,-0.03490658503988659,-715.0,319.0,-404.0,1600,1600,1599,1599,0,0,0,0
1763969199.0059414,0.0,0.0,32.16,154.9,-0.06281326711177826,0.2155098170042038,0.9744102358818054,-0.011607542634010315,-3.091554641723633,-0.11769593507051468,2.703608989715576,-0.0012224731035530567,0.0005104104056954384,1.545739360153675e-05,0.0,0.0,0.0,0.0,0.0,0.0,-0.55897905,0.6080123,10.2577559,0.08726646259971647,0.06981317007977318,-0.03490658503988659,-715.0,319.0,-404.0,1600,1600,1599,1599,0,0,0,0
1763969199.0393426,0.0,0.0,32.16,154.9,-0.06281326711177826,0.2155098170042038,0.9744102358818054,-0.011607542634010315,-3.091554641723633,-0.11769593507051468,2.703608989715576,-0.0012224731035530567,0.0005104104056954384,1.545739360153675e-05,0.0,0.0,0.0,0.0,0.0,0.0,-0.55897905,0.6080123,10.2577559,0.08726646259971647,0.06981317007977318,-0.03490658503988659,-715.0,319.0,-404.0,1600,1600,1599,1599,0,0,0,0
1763969199.0727448,0.0,0.0,32.16,154.9,-0.06281326711177826,0.2155098170042038,0.9744102358818054,-0.011607542634010315,-3.091554641723633,-0.11769593507051468,2.703608989715576,-0.0012224731035530567,0.0005104104056954384,1.545739360153675e-05,0.0,0.0,0.0,0.0,0.0,0.0,-0.5687857000000001,0.6080123,10.2577559,0.06981317007977318,0.08726646259971647,-0.05235987755982989,-715.0,319.0,-404.0,1600,1600,1599,1599,0,0,0,0
1763969199.106151,0.0,0.0,32.13,154.9,-0.06281326711177826,0.2155098170042038,0.9744102358818054,-0.011607542634010315,-3.091554641723633,-0.11769593507051468,2.703608989715576,-0.0012224731035530567,0.0005104104056954384,1.545739360153675e-05,0.0,0.0,0.0,0.0,0.0,0.0,-0.5687857000000001,0.6080123,10.2577559,0.06981317007977318,0.08726646259971647,-0.05235987755982989,-715.0,319.0,-404.0,1600,1600,1599,1599,0,0,0,0
1763969199.1395535,0.0,0.0,32.13,154.9,-0.06281326711177826,0.2155098170042038,0.9744102358818054,-0.011607542634010315,-3.091554641723633,-0.11769593507051468,2.703608989715576,-0.0012224731035530567,0.0005104104056954384,1.545739360153675e-05,0.0,0.0,0.0,0.0,0.0,0.0,-0.5687857000000001,0.6080123,10.2577559,0.06981317007977318,0.08726646259971647,-0.05235987755982989,-715.0,319.0,-404.0,1600,1600,1599,1599,0,0,0,0
1763969199.1729698,0.0,0.0,32.13,154.9,-0.06281326711177826,0.2155098170042038,0.9744102358818054,-0.011607542634010315,-3.091538906097412,-0.1177048459649086,2.703601598739624,-5.8776699006557465e-05,0.0005669132806360722,9.77290328592062e-05,0.0,0.0,0.0,0.0,0.0,0.0,-0.5687857000000001,0.6080123,10.2577559,0.06981317007977318,0.08726646259971647,-0.05235987755982989,-715.0,319.0,-404.0,1600,1600,1599,1599,0,0,0,0
1763969199.2063706,0.0,0.0,32.13,154.9,-0.06281326711177826,0.2155098170042038,0.9744102358818054,-0.011607542634010315,-3.091538906097412,-0.1177048459649086,2.703601598739624,-5.8776699006557465e-05,0.0005669132806360722,9.77290328592062e-05,0.0,0.0,0.0,0.0,0.0,0.0,-0.5491724,0.61781895,10.267562550000001,0.08726646259971647,0.08726646259971647,-0.05235987755982989,-715.0,319.0,-404.0,1600,1600,1599,1599,0,0,0,0
1763969199.2397745,0.0,0.0,32.13,154.9,-0.06281933188438416,0.2155127078294754,0.9744091629981995,-0.011613966897130013,-3.091538906097412,-0.1177048459649086,2.703601598739624,-5.8776699006557465e-05,0.0005669132806360722,9.77290328592062e-05,0.0,0.0,0.0,0.0,0.0,0.0,-0.5491724,0.61781895,10.267562550000001,0.08726646259971647,0.08726646259971647,-0.05235987755982989,-715.0,319.0,-404.0,1600,1600,1599,1599,0,0,0,0
1763969199.273177,0.0,0.0,32.13,154.9,-0.06281933188438416,0.2155127078294754,0.9744091629981995,-0.011613966897130013,-3.091538906097412,-0.1177048459649086,2.703601598739624,-5.8776699006557465e-05,0.0005669132806360722,9.77290328592062e-05,0.0,0.0,0.0,0.0,0.0,0.0,-0.5491724,0.61781895,10.267562550000001,0.08726646259971647,0.08726646259971647,-0.05235987755982989,-715.0,319.0,-404.0,1600,1600,1599,1599,0,0,0,0
1763969199.3065777,0.0,0.0,32.13,154.9,-0.06281933188438416,0.2155127078294754,0.9744091629981995,-0.011613966897130013,-3.091512441635132,-0.11771219223737717,2.7035956382751465,-1.146877184510231e-05,0.001379785593599081,-0.0007758564315736294,0.0,0.0,0.0,0.0,0.0,0.0,-0.5491724,0.61781895,10.267562550000001,0.08726646259971647,0.08726646259971647,-0.05235987755982989,-715.0,319.0,-404.0,1600,1600,1599,1599,0,0,0,0
1763969199.3399792,0.0,0.0,32.13,154.9,-0.06282579153776169,0.2155146300792694,0.9744082093238831,-0.011625840328633785,-3.091512441635132,-0.11771219223737717,2.7035956382751465,-1.146877184510231e-05,0.001379785593599081,-0.0007758564315736294,0.0,0.0,0.0,0.0,0.0,0.0,-0.5491724,0.61781895,10.267562550000001,0.08726646259971647,0.08726646259971647,-0.05235987755982989,-715.0,319.0,-404.0,1600,1600,1599,1599,0,0,0,0
1763969199.3733807,0.0,0.0,32.13,154.9,-0.06282579153776169,0.2155146300792694,0.9744082093238831,-0.011625840328633785,-3.091512441635132,-0.11771219223737717,2.7035956382751465,-1.146877184510231e-05,0.001379785593599081,-0.0007758564315736294,0.0,0.0,0.0,0.0,0.0,0.0,-0.5491724,0.61781895,10.267562550000001,0.08726646259971647,0.08726646259971647,-0.05235987755982989,-715.0,319.0,-404.0,1600,1600,1599,1599,0,0,0,0
1763969199.4067783,0.0,0.0,32.13,154.9,-0.06282579153776169,0.2155146300792694,0.9744082093238831,-0.011625840328633785,-3.091512441635132,-0.11771219223737717,2.7035956382751465,-1.146877184510231e-05,0.001379785593599081,-0.0007758564315736294,0.0,0.0,0.0,0.0,0.0,0.0,-0.5491724,0.61781895,10.267562550000001,0.08726646259971647,0.08726646259971647,-0.05235987755982989,-715.0,319.0,-404.0,1600,1600,1599,1599,0,0,0,0
1763969199.4401731,0.0,0.0,32.13,154.9,-0.06282579153776169,0.2155146300792694,0.9744082093238831,-0.011625840328633785,-3.091512441635132,-0.11771219223737717,2.7035956382751465,-1.146877184510231e-05,0.001379785593599081,-0.0007758564315736294,0.0,0.0,0.0,0.0,0.0,0.0,-0.5491724,0.61781895,10.267562550000001,0.08726646259971647,0.08726646259971647,-0.05235987755982989,-715.0,319.0,-404.0,1600,1600,1599,1599,0,0,0,0
1763969199.4735754,0.0,0.0,32.13,154.9,-0.06282579153776169,0.2155146300792694,0.9744082093238831,-0.011625840328633785,-3.091512441635132,-0.11771219223737717,2.7035956382751465,-1.146877184510231e-05,0.001379785593599081,-0.0007758564315736294,0.0,0.0,0.0,0.0,0.0,0.0,-0.5687857000000001,0.61781895,10.267562550000001,0.08726646259971647,0.10471975511965978,-0.05235987755982989,-717.0,321.0,-400.0,1600,1600,1599,1599,0,0,0,0
1763969199.5069723,0.0,0.0,32.13,154.9,-0.06282579153776169,0.2155146300792694,0.9744082093238831,-0.011625840328633785,-3.091512441635132,-0.11771219223737717,2.7035956382751465,-1.146877184510231e-05,0.001379785593599081,-0.0007758564315736294,0.0,0.0,0.0,0.0,0.0,0.0,-0.5687857000000001,0.61781895,10.267562550000001,0.08726646259971647,0.10471975511965978,-0.05235987755982989,-717.0,321.0,-400.0,1600,1600,1599,1599,0,0,0,0
1763969199.5403733,0.0,0.0,32.13,154.9,-0.06282579153776169,0.2155146300792694,0.9744082093238831,-0.011625840328633785,-3.091512441635132,-0.11771219223737717,2.7035956382751465,-1.146877184510231e-05,0.001379785593599081,-0.0007758564315736294,0.0,0.0,0.0,0.0,0.0,0.0,-0.57859235,0.6080123,10.267562550000001,0.06981317007977318,0.08726646259971647,-0.06981317007977318,-717.0,321.0,-400.0,1600,1600,1599,1599,0,0,0,0
1763969199.5737686,0.0,0.0,32.13,154.9,-0.06282579153776169,0.2155146300792694,0.9744082093238831,-0.011625840328633785,-3.091519594192505,-0.11774341762065887,2.7036030292510986,-0.0008108601905405521,0.0010054339654743671,-0.001113873440772295,0.0,0.0,0.0,0.0,0.0,0.0,-0.57859235,0.6080123,10.267562550000001,0.06981317007977318,0.08726646259971647,-0.06981317007977318,-717.0,321.0,-400.0,1600,1600,1599,1599,0,0,0,0
1763969199.6071792,0.0,0.0,32.13,154.9,-0.06282579153776169,0.2155146300792694,0.9744082093238831,-0.011625840328633785,-3.0914089679718018,-0.11777746677398682,2.7036139965057373,0.00047810981050133705,0.002211327198892832,-5.033332854509354e-06,0.0,0.0,0.0,0.0,0.0,0.0,-0.57859235,0.6080123,10.267562550000001,0.06981317007977318,0.08726646259971647,-0.06981317007977318,-717.0,321.0,-400.0,1600,1600,1599,1599,0,0,0,0
1763969199.6405778,0.0,0.0,32.13,154.9,-0.06286861002445221,0.21550126373767853,0.9744077920913696,-0.011669778265058994,-3.0914089679718018,-0.11777746677398682,2.7036139965057373,0.00047810981050133705,0.002211327198892832,-5.033332854509354e-06,0.0,0.0,0.0,0.0,0.0,0.0,-0.57859235,0.6080123,10.267562550000001,0.06981317007977318,0.08726646259971647,-0.06981317007977318,-717.0,321.0,-400.0,1600,1600,1599,1599,0,0,0,0
1763969199.6739748,0.0,0.0,32.11,154.9,-0.06286861002445221,0.21550126373767853,0.9744077920913696,-0.011669778265058994,-3.0914089679718018,-0.11777746677398682,2.7036139965057373,0.00047810981050133705,0.002211327198892832,-5.033332854509354e-06,0.0,0.0,0.0,0.0,0.0,0.0,-0.57859235,0.6080123,10.267562550000001,0.06981317007977318,0.08726646259971647,-0.06981317007977318,-717.0,321.0,-400.0,1600,1600,1599,1599,0,0,0,0
1763969199.7073696,0.0,0.0,32.11,154.9,-0.06286861002445221,0.21550126373767853,0.9744077920913696,-0.011669778265058994,-3.0914089679718018,-0.11777746677398682,2.7036139965057373,0.00047810981050133705,0.002211327198892832,-5.033332854509354e-06,0.0,0.0,0.0,0.0,0.0,0.0,-0.57859235,0.6080123,10.267562550000001,0.06981317007977318,0.08726646259971647,-0.06981317007977318,-717.0,321.0,-400.0,1600,1600,1599,1599,0,0,0,0
1763969199.740777,0.0,0.0,32.11,154.9,-0.06286861002445221,0.21550126373767853,0.9744077920913696,-0.011669778265058994,-3.0914089679718018,-0.11777746677398682,2.7036139965057373,0.00047810981050133705,0.002211327198892832,-5.033332854509354e-06,0.0,0.0,0.0,0.0,0.0,0.0,-0.5491724,0.6080123,10.2577559,0.08726646259971647,0.10471975511965978,-0.05235987755982989,-716.0,323.0,-400.0,1600,1600,1599,1599,0,0,0,0
1763969199.7741797,0.0,0.0,32.11,154.9,-0.06286861002445221,0.21550126373767853,0.9744077920913696,-0.011669778265058994,-3.0914089679718018,-0.11777746677398682,2.7036139965057373,0.00047810981050133705,0.002211327198892832,-5.033332854509354e-06,0.0,0.0,0.0,0.0,0.0,0.0,-0.5491724,0.6080123,10.2577559,0.08726646259971647,0.10471975511965978,-0.05235987755982989,-716.0,323.0,-400.0,1600,1600,1599,1599,0,0,0,0
1763969199.8075752,0.0,0.0,32.11,154.9,-0.06286861002445221,0.21550126373767853,0.9744077920913696,-0.011669778265058994,-3.0913844108581543,-0.11779489368200302,2.7035841941833496,-0.0005222759209573269,0.00085102254524827,0.0015033044619485736,0.0,0.0,0.0,0.0,0.0,0.0,-0.5491724,0.6080123,10.2577559,0.08726646259971647,0.10471975511965978,-0.05235987755982989,-716.0,323.0,-400.0,1600,1600,1599,1599,0,0,0,0
1763969199.840977,0.0,0.0,32.11,154.9,-0.06286861002445221,0.21550126373767853,0.9744077920913696,-0.011669778265058994,-3.0913844108581543,-0.11779489368200302,2.7035841941833496,-0.0005222759209573269,0.00085102254524827,0.0015033044619485736,0.0,0.0,0.0,0.0,0.0,0.0,-0.55897905,0.6276256,10.2577559,0.06981317007977318,0.08726646259971647,-0.017453292519943295,-716.0,323.0,-400.0,1600,1600,1599,1599,0,0,0,0
1763969199.8743773,0.0,0.0,32.11,154.9,-0.06287991255521774,0.21551471948623657,0.9744040369987488,-0.011678921990096569,-3.0913844108581543,-0.11779489368200302,2.7035841941833496,-0.0005222759209573269,0.00085102254524827,0.0015033044619485736,0.0,0.0,0.0,0.0,0.0,0.0,-0.55897905,0.6276256,10.2577559,0.06981317007977318,0.08726646259971647,-0.017453292519943295,-716.0,323.0,-400.0,1600,1600,1599,1599,0,0,0,0
1763969199.90778,0.0,0.0,32.11,154.9,-0.06287991255521774,0.21551471948623657,0.9744040369987488,-0.011678921990096569,-3.0913844108581543,-0.11779489368200302,2.7035841941833496,-0.0005222759209573269,0.00085102254524827,0.0015033044619485736,0.0,0.0,0.0,0.0,0.0,0.0,-0.55897905,0.6276256,10.2577559,0.06981317007977318,0.08726646259971647,-0.017453292519943295,-716.0,323.0,-400.0,1600,1600,1599,1599,0,0,0,0
1763969199.9411783,0.0,0.0,32.11,154.9,-0.06287991255521774,0.21551471948623657,0.9744040369987488,-0.011678921990096569,-3.091388702392578,-0.1177920550107956,2.7035555839538574,-0.00018058856949210167,-0.00035180384293198586,0.0003650123253464699,0.0,0.0,0.0,0.0,0.0,0.0,-0.55897905,0.6276256,10.2577559,0.06981317007977318,0.08726646259971647,-0.017453292519943295,-716.0,323.0,-400.0,1600,1600,1599,1599,0,0,0,0
1763969199.9745786,0.0,0.0,32.11,154.9,-0.06287822872400284,0.21552883088588715,0.9744009971618652,-0.011676182970404625,-3.091388702392578,-0.1177920550107956,2.7035555839538574,-0.00018058856949210167,-0.00035180384293198586,0.0003650123253464699,0.0,0.0,0.0,0.0,0.0,0.0,-0.55897905,0.6276256,10.2577559,0.06981317007977318,0.08726646259971647,-0.017453292519943295,-716.0,323.0,-400.0,1600,1600,1599,1599,0,0,0,0
1763969200.007973,0.0,0.0,32.11,154.9,-0.06287822872400284,0.21552883088588715,0.9744009971618652,-0.011676182970404625,-3.091388702392578,-0.1177920550107956,2.7035555839538574,-0.00018058856949210167,-0.00035180384293198586,0.0003650123253464699,0.0,0.0,0.0,0.0,0.0,0.0,-0.55897905,0.6276256,10.2577559,0.06981317007977318,0.08726646259971647,-0.017453292519943295,-716.0,323.0,-400.0,1600,1600,1599,1599,0,0,0,0
1763969200.0413723,0.0,0.0,32.11,154.9,-0.06287822872400284,0.21552883088588715,0.9744009971618652,-0.011676182970404625,-3.091388702392578,-0.1177920550107956,2.7035555839538574,-0.00018058856949210167,-0.00035180384293198586,0.0003650123253464699,0.0,0.0,0.0,0.0,0.0,0.0,-0.55897905,0.6276256,10.2577559,0.06981317007977318,0.08726646259971647,-0.017453292519943295,-716.0,323.0,-400.0,1600,1600,1599,1599,0,0,0,0
1763969200.0747676,0.0,0.0,32.11,154.9,-0.06287822872400284,0.21552883088588715,0.9744009971618652,-0.011676182970404625,-3.091388702392578,-0.1177920550107956,2.7035555839538574,-0.00018058856949210167,-0.00035180384293198586,0.0003650123253464699,0.0,0.0,0.0,0.0,0.0,0.0,-0.59820565,0.63743225,10.2577559,0.08726646259971647,0.06981317007977318,-0.03490658503988659,-716.0,323.0,-400.0,1600,1600,1599,1599,0,0,0,0
1763969200.1081798,0.0,0.0,32.11,154.9,-0.06287822872400284,0.21552883088588715,0.9744009971618652,-0.011676182970404625,-3.0914204120635986,-0.11775615066289902,2.70358943939209,-0.0008457121439278126,-0.0018194490112364292,-0.0014591319486498833,0.0,0.0,0.0,0.0,0.0,0.0,-0.59820565,0.63743225,10.2577559,0.08726646259971647,0.06981317007977318,-0.03490658503988659,-716.0,323.0,-400.0,1600,1600,1599,1599,0,0,0,0
1763969200.1415753,0.0,0.0,32.11,154.9,-0.06285714358091354,0.21551388502120972,0.974405825138092,-0.011665750294923782,-3.0914204120635986,-0.11775615066289902,2.70358943939209,-0.0008457121439278126,-0.0018194490112364292,-0.0014591319486498833,0.0,0.0,0.0,0.0,0.0,0.0,-0.59820565,0.63743225,10.2577559,0.08726646259971647,0.06981317007977318,-0.03490658503988659,-716.0,323.0,-400.0,1600,1600,1599,1599,0,0,0,0
1763969200.1749775,0.0,0.0,32.02,154.9,-0.06285714358091354,0.21551388502120972,0.974405825138092,-0.011665750294923782,-3.0914204120635986,-0.11775615066289902,2.70358943939209,-0.0008457121439278126,-0.0018194490112364292,-0.0014591319486498833,0.0,0.0,0.0,0.0,0.0,0.0,-0.59820565,0.63743225,10.2577559,0.08726646259971647,0.06981317007977318,-0.03490658503988659,-716.0,323.0,-400.0,1600,1600,1599,1599,0,0,0,0
1763969200.2083707,0.0,0.0,32.02,154.9,-0.06285714358091354,0.21551388502120972,0.974405825138092,-0.011665750294923782,-3.0914204120635986,-0.11775615066289902,2.70358943939209,-0.0008457121439278126,-0.0018194490112364292,-0.0014591319486498833,0.0,0.0,0.0,0.0,0.0,0.0,-0.59820565,0.63743225,10.2577559,0.08726646259971647,0.06981317007977318,-0.03490658503988659,-716.0,323.0,-400.0,1600,1600,1599,1599,0,0,0,0
1763969200.2417657,0.0,0.0,32.02,154.9,-0.06285714358091354,0.21551388502120972,0.974405825138092,-0.011665750294923782,-3.0914204120635986,-0.11775615066289902,2.70358943939209,-0.0008457121439278126,-0.0018194490112364292,-0.0014591319486498833,0.0,0.0,0.0,0.0,0.0,0.0,-0.5491724,0.6080123,10.2577559,0.08726646259971647,0.06981317007977318,-0.05235987755982989,-722.0,316.0,-403.0,1600,1600,1599,1599,0,0,0,0
1763969200.2751608,0.0,0.0,32.02,154.9,-0.06285714358091354,0.21551388502120972,0.974405825138092,-0.011665750294923782,-3.0914204120635986,-0.11775615066289902,2.70358943939209,-0.0008457121439278126,-0.0018194490112364292,-0.0014591319486498833,0.0,0.0,0.0,0.0,0.0,0.0,-0.5491724,0.6080123,10.2577559,0.08726646259971647,0.06981317007977318,-0.05235987755982989,-722.0,316.0,-403.0,1600,1600,1599,1599,0,0,0,0
1763969200.3085535,0.0,0.0,32.02,154.9,-0.06285714358091354,0.21551388502120972,0.974405825138092,-0.011665750294923782,-3.0914204120635986,-0.11775615066289902,2.70358943939209,-0.0008457121439278126,-0.0018194490112364292,-0.0014591319486498833,0.0,0.0,0.0,0.0,0.0,0.0,-0.53936575,0.59820565,10.2577559,0.08726646259971647,0.10471975511965978,-0.017453292519943295,-722.0,316.0,-403.0,1600,1600,1599,1599,0,0,0,0
1763969200.341962,0.0,0.0,32.02,154.9,-0.06284082680940628,0.21550410985946655,0.9744091033935547,-0.011657352559268475,-3.0914204120635986,-0.11775615066289902,2.70358943939209,-0.0008457121439278126,-0.0018194490112364292,-0.0014591319486498833,0.0,0.0,0.0,0.0,0.0,0.0,-0.53936575,0.59820565,10.2577559,0.08726646259971647,0.10471975511965978,-0.017453292519943295,-722.0,316.0,-403.0,1600,1600,1599,1599,0,0,0,0
1763969200.3753638,0.0,0.0,32.02,154.9,-0.06284082680940628,0.21550410985946655,0.9744091033935547,-0.011657352559268475,-3.0914204120635986,-0.11775615066289902,2.70358943939209,-0.0008457121439278126,-0.0018194490112364292,-0.0014591319486498833,0.0,0.0,0.0,0.0,0.0,0.0,-0.53936575,0.59820565,10.2577559,0.08726646259971647,0.10471975511965978,-0.017453292519943295,-722.0,316.0,-403.0,1600,1600,1599,1599,0,0,0,0
1763969200.4087582,0.0,0.0,32.02,154.9,-0.06284082680940628,0.21550410985946655,0.9744091033935547,-0.011657352559268475,-3.0914981365203857,-0.117808036506176,2.7034850120544434,0.0007269838824868202,-0.00011482276022434235,0.0001295013353228569,0.0,0.0,0.0,0.0,0.0,0.0,-0.53936575,0.59820565,10.2577559,0.08726646259971647,0.10471975511965978,-0.017453292519943295,-722.0,316.0,-403.0,1600,1600,1599,1599,0,0,0,0
1763969200.4421518,0.0,0.0,32.02,154.9,-0.06287464499473572,0.21556632220745087,0.9743936061859131,-0.011618890799582005,-3.0914981365203857,-0.117808036506176,2.7034850120544434,0.0007269838824868202,-0.00011482276022434235,0.0001295013353228569,0.0,0.0,0.0,0.0,0.0,0.0,-0.53936575,0.59820565,10.2577559,0.08726646259971647,0.10471975511965978,-0.017453292519943295,-722.0,316.0,-403.0,1600,1600,1599,1599,0,0,0,0
1763969200.4755464,0.0,0.0,32.05,154.89,-0.06287464499473572,0.21556632220745087,0.9743936061859131,-0.011618890799582005,-3.0914981365203857,-0.117808036506176,2.7034850120544434,0.0007269838824868202,-0.00011482276022434235,0.0001295013353228569,0.0,0.0,0.0,0.0,0.0,0.0,-0.53936575,0.59820565,10.2577559,0.08726646259971647,0.10471975511965978,-0.017453292519943295,-722.0,316.0,-403.0,1600,1600,1599,1599,0,0,0,0
1763969200.5089371,0.0,0.0,32.05,154.89,-0.06287464499473572,0.21556632220745087,0.9743936061859131,-0.011618890799582005,-3.0914981365203857,-0.117808036506176,2.7034850120544434,0.0007269838824868202,-0.00011482276022434235,0.0001295013353228569,0.0,0.0,0.0,0.0,0.0,0.0,-0.53936575,0.59820565,10.2577559,0.08726646259971647,0.10471975511965978,-0.017453292519943295,-722.0,316.0,-403.0,1600,1600,1599,1599,0,0,0,0
1763969200.5423362,0.0,0.0,32.05,154.89,-0.06287464499473572,0.21556632220745087,0.9743936061859131,-0.011618890799582005,-3.0914981365203857,-0.117808036506176,2.7034850120544434,0.0007269838824868202,-0.00011482276022434235,0.0001295013353228569,0.0,0.0,0.0,0.0,0.0,0.0,-0.588399,0.61781895,10.2577559,0.10471975511965978,0.06981317007977318,-0.03490658503988659,-719.0,323.0,-401.0,1600,1600,1599,1599,0,0,0,0
1763969200.5757313,0.0,0.0,32.05,154.89,-0.06287464499473572,0.21556632220745087,0.9743936061859131,-0.011618890799582005,-3.0914981365203857,-0.117808036506176,2.7034850120544434,0.0007269838824868202,-0.00011482276022434235,0.0001295013353228569,0.0,0.0,0.0,0.0,0.0,0.0,-0.588399,0.61781895,10.2577559,0.10471975511965978,0.06981317007977318,-0.03490658503988659,-719.0,323.0,-401.0,1600,1600,1599,1599,0,0,0,0
1763969200.6091413,0.0,0.0,32.05,154.89,-0.06287655234336853,0.21557095646858215,0.9743924140930176,-0.011624159291386604,-3.0914981365203857,-0.117808036506176,2.7034850120544434,0.0007269838824868202,-0.00011482276022434235,0.0001295013353228569,0.0,0.0,0.0,0.0,0.0,0.0,-0.588399,0.61781895,10.2577559,0.10471975511965978,0.06981317007977318,-0.03490658503988659,-719.0,323.0,-401.0,1600,1600,1599,1599,0,0,0,0
1763969200.642544,0.0,0.0,32.05,154.89,-0.06287655234336853,0.21557095646858215,0.9743924140930176,-0.011624159291386604,-3.0914981365203857,-0.117808036506176,2.7034850120544434,0.0007269838824868202,-0.00011482276022434235,0.0001295013353228569,0.0,0.0,0.0,0.0,0.0,0.0,-0.57859235,0.63743225,10.2577559,0.08726646259971647,0.06981317007977318,-0.05235987755982989,-718.0,321.0,-405.0,1600,1600,1599,1599,0,0,0,0
1763969200.6759377,0.0,0.0,32.13,154.89,-0.06287655234336853,0.21557095646858215,0.9743924140930176,-0.011624159291386604,-3.0914981365203857,-0.117808036506176,2.7034850120544434,0.0007269838824868202,-0.00011482276022434235,0.0001295013353228569,0.0,0.0,0.0,0.0,0.0,0.0,-0.57859235,0.63743225,10.2577559,0.08726646259971647,0.06981317007977318,-0.05235987755982989,-718.0,321.0,-405.0,1600,1600,1599,1599,0,0,0,0
1763969200.7093275,0.0,0.0,32.13,154.89,-0.06287655234336853,0.21557095646858215,0.9743924140930176,-0.011624159291386604,-3.0914981365203857,-0.117808036506176,2.7034850120544434,0.0007269838824868202,-0.00011482276022434235,0.0001295013353228569,0.0,0.0,0.0,0.0,0.0,0.0,-0.57859235,0.63743225,10.2577559,0.08726646259971647,0.06981317007977318,-0.05235987755982989,-718.0,321.0,-405.0,1600,1600,1599,1599,0,0,0,0
1763969200.7427185,0.0,0.0,32.13,154.89,-0.06287655234336853,0.21557095646858215,0.9743924140930176,-0.011624159291386604,-3.0914981365203857,-0.117808036506176,2.7034850120544434,0.0007269838824868202,-0.00011482276022434235,0.0001295013353228569,0.0,0.0,0.0,0.0,0.0,0.0,-0.57859235,0.63743225,10.2577559,0.08726646259971647,0.06981317007977318,-0.05235987755982989,-718.0,321.0,-405.0,1600,1600,1599,1599,0,0,0,0
1763969200.776121,0.0,0.0,32.13,154.89,-0.06287655234336853,0.21557095646858215,0.9743924140930176,-0.011624159291386604,-3.0914981365203857,-0.117808036506176,2.7034850120544434,0.0007269838824868202,-0.00011482276022434235,0.0001295013353228569,0.0,0.0,0.0,0.0,0.0,0.0,-0.57859235,0.63743225,10.2577559,0.08726646259971647,0.06981317007977318,-0.05235987755982989,-718.0,321.0,-405.0,1600,1600,1599,1599,0,0,0,0
1763969200.8095508,0.0,0.0,32.13,154.89,-0.06287655234336853,0.21557095646858215,0.9743924140930176,-0.011624159291386604,-3.0914981365203857,-0.117808036506176,2.7034850120544434,0.0007269838824868202,-0.00011482276022434235,0.0001295013353228569,0.0,0.0,0.0,0.0,0.0,0.0,-0.5687857000000001,0.63743225,10.267562550000001,0.10471975511965978,0.06981317007977318,-0.03490658503988659,-718.0,321.0,-405.0,1600,1600,1599,1599,0,0,0,0
1763969200.8429685,0.0,0.0,32.13,154.89,-0.06287655234336853,0.21557095646858215,0.9743924140930176,-0.011624159291386604,-3.0915322303771973,-0.11779874563217163,2.703460693359375,0.00042607635259628296,-0.0003146175295114517,-0.0010501411743462086,0.0,0.0,0.0,0.0,0.0,0.0,-0.5687857000000001,0.63743225,10.267562550000001,0.10471975511965978,0.06981317007977318,-0.03490658503988659,-718.0,321.0,-405.0,1600,1600,1599,1599,0,0,0,0
1763969200.8763804,0.0,0.0,32.13,154.89,-0.06286659091711044,0.21557943522930145,0.9743914604187012,-0.011602560989558697,-3.0915322303771973,-0.11779874563217163,2.703460693359375,0.00042607635259628296,-0.0003146175295114517,-0.0010501411743462086,0.0,0.0,0.0,0.0,0.0,0.0,-0.5687857000000001,0.63743225,10.267562550000001,0.10471975511965978,0.06981317007977318,-0.03490658503988659,-718.0,321.0,-405.0,1600,1600,1599,1599,0,0,0,0
1763969200.9097974,0.0,0.0,32.13,154.89,-0.06286659091711044,0.21557943522930145,0.9743914604187012,-0.011602560989558697,-3.0915322303771973,-0.11779874563217163,2.703460693359375,0.00042607635259628296,-0.0003146175295114517,-0.0010501411743462086,0.0,0.0,0.0,0.0,0.0,0.0,-0.5687857000000001,0.63743225,10.267562550000001,0.10471975511965978,0.06981317007977318,-0.03490658503988659,-718.0,321.0,-405.0,1600,1600,1599,1599,0,0,0,0
1763969200.9432223,0.0,0.0,32.13,154.89,-0.06286659091711044,0.21557943522930145,0.9743914604187012,-0.011602560989558697,-3.0915322303771973,-0.11779874563217163,2.703460693359375,0.00042607635259628296,-0.0003146175295114517,-0.0010501411743462086,0.0,0.0,0.0,0.0,0.0,0.0,-0.5687857000000001,0.63743225,10.267562550000001,0.10471975511965978,0.06981317007977318,-0.03490658503988659,-718.0,321.0,-405.0,1600,1600,1599,1599,0,0,0,0
1763969200.9766185,0.0,0.0,32.13,154.89,-0.06286659091711044,0.21557943522930145,0.9743914604187012,-0.011602560989558697,-3.0915322303771973,-0.11779874563217163,2.703460693359375,0.00042607635259628296,-0.0003146175295114517,-0.0010501411743462086,0.0,0.0,0.0,0.0,0.0,0.0,-0.5687857000000001,0.63743225,10.267562550000001,0.10471975511965978,0.06981317007977318,-0.03490658503988659,-718.0,321.0,-405.0,1600,1600,1599,1599,0,0,0,0
1763969201.0100217,0.0,0.0,32.13,154.89,-0.06286659091711044,0.21557943522930145,0.9743914604187012,-0.011602560989558697,-3.0915322303771973,-0.11779874563217163,2.703460693359375,0.00042607635259628296,-0.0003146175295114517,-0.0010501411743462086,0.0,0.0,0.0,0.0,0.0,0.0,-0.5687857000000001,0.6080123,10.2577559,0.08726646259971647,0.06981317007977318,-0.06981317007977318,-718.0,321.0,-405.0,1600,1600,1599,1599,0,0,0,0
1763969201.0434246,0.0,0.0,32.13,154.89,-0.06286659091711044,0.21557943522930145,0.9743914604187012,-0.011602560989558697,-3.091522455215454,-0.11779439449310303,2.7034695148468018,0.0005439114756882191,-0.0008213194087147713,0.00017625698819756508,0.0,0.0,0.0,0.0,0.0,0.0,-0.5687857000000001,0.6080123,10.2577559,0.08726646259971647,0.06981317007977318,-0.06981317007977318,-718.0,321.0,-405.0,1600,1600,1599,1599,0,0,0,0
1763969201.0768218,0.0,0.0,32.13,154.89,-0.0628654807806015,0.21557480096817017,0.9743924736976624,-0.011608115397393703,-3.091522455215454,-0.11779439449310303,2.7034695148468018,0.0005439114756882191,-0.0008213194087147713,0.00017625698819756508,0.0,0.0,0.0,0.0,0.0,0.0,-0.5687857000000001,0.6080123,10.2577559,0.08726646259971647,0.06981317007977318,-0.06981317007977318,-718.0,321.0,-405.0,1600,1600,1599,1599,0,0,0,0
1763969201.1102386,0.0,0.0,32.01,154.89,-0.0628654807806015,0.21557480096817017,0.9743924736976624,-0.011608115397393703,-3.091522455215454,-0.11779439449310303,2.7034695148468018,0.0005439114756882191,-0.0008213194087147713,0.00017625698819756508,0.0,0.0,0.0,0.0,0.0,0.0,-0.5687857000000001,0.6080123,10.2577559,0.08726646259971647,0.06981317007977318,-0.06981317007977318,-718.0,321.0,-405.0,1600,1600,1599,1599,0,0,0,0
1763969201.1436365,0.0,0.0,32.01,154.89,-0.0628654807806015,0.21557480096817017,0.9743924736976624,-0.011608115397393703,-3.091522455215454,-0.11779439449310303,2.7034695148468018,0.0005439114756882191,-0.0008213194087147713,0.00017625698819756508,0.0,0.0,0.0,0.0,0.0,0.0,-0.5687857000000001,0.6080123,10.2577559,0.08726646259971647,0.06981317007977318,-0.06981317007977318,-718.0,321.0,-405.0,1600,1600,1599,1599,0,0,0,0
1763969201.177032,0.0,0.0,32.01,154.89,-0.0628654807806015,0.21557480096817017,0.9743924736976624,-0.011608115397393703,-3.091522455215454,-0.11779439449310303,2.7034695148468018,0.0005439114756882191,-0.0008213194087147713,0.00017625698819756508,0.0,0.0,0.0,0.0,0.0,0.0,-0.5687857000000001,0.6080123,10.2577559,0.08726646259971647,0.06981317007977318,-0.06981317007977318,-718.0,321.0,-405.0,1600,1600,1599,1599,0,0,0,0
1763969201.2104328,0.0,0.0,32.01,154.89,-0.0628654807806015,0.21557480096817017,0.9743924736976624,-0.011608115397393703,-3.091522455215454,-0.11779439449310303,2.7034695148468018,0.0005439114756882191,-0.0008213194087147713,0.00017625698819756508,0.0,0.0,0.0,0.0,0.0,0.0,-0.55897905,0.59820565,10.2577559,0.10471975511965978,0.05235987755982989,-0.03490658503988659,-719.0,323.0,-405.0,1600,1600,1599,1599,0,0,0,0
1763969201.2438416,0.0,0.0,32.01,154.89,-0.0628654807806015,0.21557480096817017,0.9743924736976624,-0.011608115397393703,-3.0916428565979004,-0.11778619885444641,2.703399658203125,0.0018924158066511154,0.0010147388093173504,0.0005636261776089668,0.0,0.0,0.0,0.0,0.0,0.0,-0.55897905,0.59820565,10.2577559,0.10471975511965978,0.05235987755982989,-0.03490658503988659,-719.0,323.0,-405.0,1600,1600,1599,1599,0,0,0,0
1763969201.277236,0.0,0.0,32.01,154.89,-0.06284892559051514,0.21561290323734283,0.9743857979774475,-0.011548074893653393,-3.0916428565979004,-0.11778619885444641,2.703399658203125,0.0018924158066511154,0.0010147388093173504,0.0005636261776089668,0.0,0.0,0.0,0.0,0.0,0.0,-0.55897905,0.59820565,10.2577559,0.10471975511965978,0.05235987755982989,-0.03490658503988659,-719.0,323.0,-405.0,1600,1600,1599,1599,0,0,0,0
1763969201.3106272,0.0,0.0,32.24,154.89,-0.06284892559051514,0.21561290323734283,0.9743857979774475,-0.011548074893653393,-3.0916428565979004,-0.11778619885444641,2.703399658203125,0.0018924158066511154,0.0010147388093173504,0.0005636261776089668,0.0,0.0,0.0,0.0,0.0,0.0,-0.55897905,0.59820565,10.2577559,0.10471975511965978,0.05235987755982989,-0.03490658503988659,-719.0,323.0,-405.0,1600,1600,1599,1599,0,0,0,0
1763969201.3440187,0.0,0.0,32.24,154.89,-0.06284892559051514,0.21561290323734283,0.9743857979774475,-0.011548074893653393,-3.0916428565979004,-0.11778619885444641,2.703399658203125,0.0018924158066511154,0.0010147388093173504,0.0005636261776089668,0.0,0.0,0.0,0.0,0.0,0.0,-0.55897905,0.59820565,10.2577559,0.10471975511965978,0.05235987755982989,-0.03490658503988659,-719.0,323.0,-405.0,1600,1600,1599,1599,0,0,0,0
1763969201.3774219,0.0,0.0,32.24,154.89,-0.06284892559051514,0.21561290323734283,0.9743857979774475,-0.011548074893653393,-3.0916428565979004,-0.11778619885444641,2.703399658203125,0.0018924158066511154,0.0010147388093173504,0.0005636261776089668,0.0,0.0,0.0,0.0,0.0,0.0,-0.55897905,0.59820565,10.2577559,0.10471975511965978,0.05235987755982989,-0.03490658503988659,-719.0,323.0,-405.0,1600,1600,1599,1599,0,0,0,0
1763969201.4108233,0.0,0.0,32.24,154.89,-0.06284892559051514,0.21561290323734283,0.9743857979774475,-0.011548074893653393,-3.0916428565979004,-0.11778619885444641,2.703399658203125,0.0018924158066511154,0.0010147388093173504,0.0005636261776089668,0.0,0.0,0.0,0.0,0.0,0.0,-0.55897905,0.61781895,10.2577559,0.12217304763960307,0.08726646259971647,-0.03490658503988659,-718.0,317.0,-396.0,1600,1600,1599,1599,0,0,0,0
1763969201.4442246,0.0,0.0,32.24,154.89,-0.06284892559051514,0.21561290323734283,0.9743857979774475,-0.011548074893653393,-3.0916409492492676,-0.11777832359075546,2.703411102294922,-0.0003063743934035301,-0.001158753875643015,-0.0001902589574456215,0.0,0.0,0.0,0.0,0.0,0.0,-0.55897905,0.61781895,10.2577559,0.12217304763960307,0.08726646259971647,-0.03490658503988659,-718.0,317.0,-396.0,1600,1600,1599,1599,0,0,0,0
1763969201.4776208,0.0,0.0,32.24,154.89,-0.06284522265195847,0.21560731530189514,0.9743872284889221,-0.011550238355994225,-3.0916409492492676,-0.11777832359075546,2.703411102294922,-0.0003063743934035301,-0.001158753875643015,-0.0001902589574456215,0.0,0.0,0.0,0.0,0.0,0.0,-0.55897905,0.61781895,10.2577559,0.12217304763960307,0.08726646259971647,-0.03490658503988659,-718.0,317.0,-396.0,1600,1600,1599,1599,0,0,0,0
1763969201.5110395,0.0,0.0,32.24,154.89,-0.06284522265195847,0.21560731530189514,0.9743872284889221,-0.011550238355994225,-3.0916409492492676,-0.11777832359075546,2.703411102294922,-0.0003063743934035301,-0.001158753875643015,-0.0001902589574456215,0.0,0.0,0.0,0.0,0.0,0.0,-0.55897905,0.61781895,10.2577559,0.12217304763960307,0.08726646259971647,-0.03490658503988659,-718.0,317.0,-396.0,1600,1600,1599,1599,0,0,0,0
1763969201.5444584,0.0,0.0,32.24,154.89,-0.06284522265195847,0.21560731530189514,0.9743872284889221,-0.011550238355994225,-3.0916409492492676,-0.11777832359075546,2.703411102294922,-0.0003063743934035301,-0.001158753875643015,-0.0001902589574456215,0.0,0.0,0.0,0.0,0.0,0.0,-0.55897905,0.61781895,10.2577559,0.12217304763960307,0.08726646259971647,-0.03490658503988659,-718.0,317.0,-396.0,1600,1600,1599,1599,0,0,0,0
1763969201.577878,0.0,0.0,32.24,154.89,-0.06284522265195847,0.21560731530189514,0.9743872284889221,-0.011550238355994225,-3.0916409492492676,-0.11777832359075546,2.703411102294922,-0.0003063743934035301,-0.001158753875643015,-0.0001902589574456215,0.0,0.0,0.0,0.0,0.0,0.0,-0.588399,0.61781895,10.267562550000001,0.08726646259971647,0.05235987755982989,-0.05235987755982989,-718.0,317.0,-396.0,1600,1600,1599,1599,0,0,0,0
1763969201.6112537,0.0,0.0,32.24,154.89,-0.06284522265195847,0.21560731530189514,0.9743872284889221,-0.011550238355994225,-3.091644525527954,-0.11776959896087646,2.703442335128784,-0.0003702607937157154,-0.0006535877473652363,-0.0009611332789063454,0.0,0.0,0.0,0.0,0.0,0.0,-0.588399,0.61781895,10.267562550000001,0.08726646259971647,0.05235987755982989,-0.05235987755982989,-718.0,317.0,-396.0,1600,1600,1599,1599,0,0,0,0
1763969201.6452398,0.0,0.0,32.24,154.89,-0.06284043192863464,0.2155924290418625,0.9743908643722534,-0.011550497263669968,-3.091644525527954,-0.11776959896087646,2.703442335128784,-0.0003702607937157154,-0.0006535877473652363,-0.0009611332789063454,0.0,0.0,0.0,0.0,0.0,0.0,-0.588399,0.61781895,10.267562550000001,0.08726646259971647,0.05235987755982989,-0.05235987755982989,-718.0,317.0,-396.0,1600,1600,1599,1599,0,0,0,0
1763969201.6786373,0.0,0.0,32.24,154.89,-0.06284043192863464,0.2155924290418625,0.9743908643722534,-0.011550497263669968,-3.091644525527954,-0.11776959896087646,2.703442335128784,-0.0003702607937157154,-0.0006535877473652363,-0.0009611332789063454,0.0,0.0,0.0,0.0,0.0,0.0,-0.588399,0.61781895,10.267562550000001,0.08726646259971647,0.05235987755982989,-0.05235987755982989,-718.0,317.0,-396.0,1600,1600,1599,1599,0,0,0,0
1763969201.7120326,0.0,0.0,32.24,154.89,-0.06284043192863464,0.2155924290418625,0.9743908643722534,-0.011550497263669968,-3.091644525527954,-0.11776959896087646,2.703442335128784,-0.0003702607937157154,-0.0006535877473652363,-0.0009611332789063454,0.0,0.0,0.0,0.0,0.0,0.0,-0.588399,0.61781895,10.267562550000001,0.08726646259971647,0.05235987755982989,-0.05235987755982989,-718.0,317.0,-396.0,1600,1600,1599,1599,0,0,0,0
1763969201.7454236,0.0,0.0,32.24,154.89,-0.06284043192863464,0.2155924290418625,0.9743908643722534,-0.011550497263669968,-3.091644525527954,-0.11776959896087646,2.703442335128784,-0.0003702607937157154,-0.0006535877473652363,-0.0009611332789063454,0.0,0.0,0.0,0.0,0.0,0.0,-0.57859235,0.6276256,10.2577559,0.08726646259971647,0.06981317007977318,-0.06981317007977318,-718.0,317.0,-396.0,1600,1600,1599,1599,0,0,0,0
1763969201.7788296,0.0,0.0,32.24,154.89,-0.06283211708068848,0.21558095514774323,0.9743939638137817,-0.011542719788849354,-3.091644525527954,-0.11776959896087646,2.703442335128784,-0.0003702607937157154,-0.0006535877473652363,-0.0009611332789063454,0.0,0.0,0.0,0.0,0.0,0.0,-0.57859235,0.6276256,10.2577559,0.08726646259971647,0.06981317007977318,-0.06981317007977318,-718.0,317.0,-396.0,1600,1600,1599,1599,0,0,0,0
1763969201.8122637,0.0,0.0,32.31,154.89,-0.06283211708068848,0.21558095514774323,0.9743939638137817,-0.011542719788849354,-3.091644525527954,-0.11776959896087646,2.703442335128784,-0.0003702607937157154,-0.0006535877473652363,-0.0009611332789063454,0.0,0.0,0.0,0.0,0.0,0.0,-0.57859235,0.6276256,10.2577559,0.08726646259971647,0.06981317007977318,-0.06981317007977318,-718.0,317.0,-396.0,1600,1600,1599,1599,0,0,0,0
1763969201.8456767,0.0,0.0,32.31,154.89,-0.06283211708068848,0.21558095514774323,0.9743939638137817,-0.011542719788849354,-3.091644525527954,-0.11776959896087646,2.703442335128784,-0.0003702607937157154,-0.0006535877473652363,-0.0009611332789063454,0.0,0.0,0.0,0.0,0.0,0.0,-0.57859235,0.6276256,10.2577559,0.08726646259971647,0.06981317007977318,-0.06981317007977318,-718.0,317.0,-396.0,1600,1600,1599,1599,0,0,0,0
1763969201.8790796,0.0,0.0,32.31,154.89,-0.06283211708068848,0.21558095514774323,0.9743939638137817,-0.011542719788849354,-3.091644525527954,-0.11776959896087646,2.703442335128784,-0.0003702607937157154,-0.0006535877473652363,-0.0009611332789063454,0.0,0.0,0.0,0.0,0.0,0.0,-0.55897905,0.61781895,10.2577559,0.06981317007977318,0.06981317007977318,-0.05235987755982989,-719.0,321.0,-405.0,1600,1600,1599,1599,0,0,0,0
1763969201.912501,0.0,0.0,32.31,154.89,-0.06283211708068848,0.21558095514774323,0.9743939638137817,-0.011542719788849354,-3.091672658920288,-0.11775697022676468,2.7034597396850586,-6.956979632377625e-05,-0.0010346367489546537,0.00011404347606003284,0.0,0.0,0.0,0.0,0.0,0.0,-0.55897905,0.61781895,10.2577559,0.06981317007977318,0.06981317007977318,-0.05235987755982989,-719.0,321.0,-405.0,1600,1600,1599,1599,0,0,0,0
1763969201.9459052,0.0,0.0,32.31,154.89,-0.06283211708068848,0.21558095514774323,0.9743939638137817,-0.011542719788849354,-3.091672658920288,-0.11775697022676468,2.7034597396850586,-6.956979632377625e-05,-0.0010346367489546537,0.00011404347606003284,0.0,0.0,0.0,0.0,0.0,0.0,-0.55897905,0.61781895,10.2577559,0.06981317007977318,0.06981317007977318,-0.05235987755982989,-719.0,321.0,-405.0,1600,1600,1599,1599,0,0,0,0
1763969201.9793053,0.0,0.0,32.31,154.89,-0.06283211708068848,0.21558095514774323,0.9743939638137817,-0.011542719788849354,-3.091672658920288,-0.11775697022676468,2.7034597396850586,-6.956979632377625e-05,-0.0010346367489546537,0.00011404347606003284,0.0,0.0,0.0,0.0,0.0,0.0,-0.55897905,0.6080123,10.2577559,0.08726646259971647,0.05235987755982989,-0.03490658503988659,-719.0,321.0,-405.0,1600,1600,1599,1599,0,0,0,0
1763969202.0127087,0.0,0.0,32.31,154.89,-0.06283114850521088,0.21558508276939392,0.9743932485580444,-0.011538689956068993,-3.091672658920288,-0.11775697022676468,2.7034597396850586,-6.956979632377625e-05,-0.0010346367489546537,0.00011404347606003284,0.0,0.0,0.0,0.0,0.0,0.0,-0.55897905,0.6080123,10.2577559,0.08726646259971647,0.05235987755982989,-0.03490658503988659,-719.0,321.0,-405.0,1600,1600,1599,1599,0,0,0,0
1763969202.0461447,0.0,0.0,32.31,154.89,-0.06283114850521088,0.21558508276939392,0.9743932485580444,-0.011538689956068993,-3.091672658920288,-0.11775697022676468,2.7034597396850586,-6.956979632377625e-05,-0.0010346367489546537,0.00011404347606003284,0.0,0.0,0.0,0.0,0.0,0.0,-0.55897905,0.6080123,10.2577559,0.08726646259971647,0.05235987755982989,-0.03490658503988659,-719.0,321.0,-405.0,1600,1600,1599,1599,0,0,0,0
1763969202.0795455,0.0,0.0,32.31,154.89,-0.06283114850521088,0.21558508276939392,0.9743932485580444,-0.011538689956068993,-3.0916244983673096,-0.11784010380506516,2.703394651412964,-0.00022910302504897118,-0.0005441755056381226,-0.0008960061240941286,0.0,0.0,0.0,0.0,0.0,0.0,-0.55897905,0.6080123,10.2577559,0.08726646259971647,0.05235987755982989,-0.03490658503988659,-719.0,321.0,-405.0,1600,1600,1599,1599,0,0,0,0
1763969202.1129427,0.0,0.0,32.31,154.89,-0.06287720054388046,0.21561378240585327,0.9743837714195251,-0.01155105046927929,-3.0916244983673096,-0.11784010380506516,2.703394651412964,-0.00022910302504897118,-0.0005441755056381226,-0.0008960061240941286,0.0,0.0,0.0,0.0,0.0,0.0,-0.55897905,0.6080123,10.2577559,0.08726646259971647,0.05235987755982989,-0.03490658503988659,-719.0,321.0,-405.0,1600,1600,1599,1599,0,0,0,0
1763969202.1463583,0.0,0.0,32.2,154.89,-0.06287720054388046,0.21561378240585327,0.9743837714195251,-0.01155105046927929,-3.0916244983673096,-0.11784010380506516,2.703394651412964,-0.00022910302504897118,-0.0005441755056381226,-0.0008960061240941286,0.0,0.0,0.0,0.0,0.0,0.0,-0.55897905,0.6080123,10.2577559,0.08726646259971647,0.05235987755982989,-0.03490658503988659,-719.0,321.0,-405.0,1600,1600,1599,1599,0,0,0,0
1763969202.1797576,0.0,0.0,32.2,154.89,-0.06287720054388046,0.21561378240585327,0.9743837714195251,-0.01155105046927929,-3.0916244983673096,-0.11784010380506516,2.703394651412964,-0.00022910302504897118,-0.0005441755056381226,-0.0008960061240941286,0.0,0.0,0.0,0.0,0.0,0.0,-0.55897905,0.6080123,10.2577559,0.08726646259971647,0.05235987755982989,-0.03490658503988659,-719.0,321.0,-405.0,1600,1600,1599,1599,0,0,0,0
1763969202.2131584,0.0,0.0,32.2,154.89,-0.06287720054388046,0.21561378240585327,0.9743837714195251,-0.01155105046927929,-3.0916244983673096,-0.11784010380506516,2.703394651412964,-0.00022910302504897118,-0.0005441755056381226,-0.0008960061240941286,0.0,0.0,0.0,0.0,0.0,0.0,-0.55897905,0.6080123,10.2577559,0.08726646259971647,0.05235987755982989,-0.03490658503988659,-719.0,321.0,-405.0,1600,1600,1599,1599,0,0,0,0
1763969202.2465754,0.0,0.0,32.2,154.89,-0.06287720054388046,0.21561378240585327,0.9743837714195251,-0.01155105046927929,-3.0916244983673096,-0.11784010380506516,2.703394651412964,-0.00022910302504897118,-0.0005441755056381226,-0.0008960061240941286,0.0,0.0,0.0,0.0,0.0,0.0,-0.5687857000000001,0.6276256,10.267562550000001,0.08726646259971647,0.06981317007977318,-0.06981317007977318,-712.0,320.0,-405.0,1600,1600,1599,1599,0,0,0,0
1763969202.2799718,0.0,0.0,32.2,154.89,-0.06287720054388046,0.21561378240585327,0.9743837714195251,-0.01155105046927929,-3.0916240215301514,-0.11784612387418747,2.7033889293670654,0.00044830795377492905,-0.00016168225556612015,-0.0009762097615748644,0.0,0.0,0.0,0.0,0.0,0.0,-0.5687857000000001,0.6276256,10.267562550000001,0.08726646259971647,0.06981317007977318,-0.06981317007977318,-712.0,320.0,-405.0,1600,1600,1599,1599,0,0,0,0
1763969202.3133662,0.0,0.0,32.2,154.89,-0.06287720054388046,0.21561378240585327,0.9743837714195251,-0.01155105046927929,-3.0916240215301514,-0.11784612387418747,2.7033889293670654,0.00044830795377492905,-0.00016168225556612015,-0.0009762097615748644,0.0,0.0,0.0,0.0,0.0,0.0,-0.5687857000000001,0.6276256,10.267562550000001,0.08726646259971647,0.06981317007977318,-0.06981317007977318,-712.0,320.0,-405.0,1600,1600,1599,1599,0,0,0,0
1763969202.3467586,0.0,0.0,32.2,154.89,-0.06287720054388046,0.21561378240585327,0.9743837714195251,-0.01155105046927929,-3.0916240215301514,-0.11784612387418747,2.7033889293670654,0.00044830795377492905,-0.00016168225556612015,-0.0009762097615748644,0.0,0.0,0.0,0.0,0.0,0.0,-0.5687857000000001,0.6276256,10.267562550000001,0.08726646259971647,0.06981317007977318,-0.06981317007977318,-712.0,320.0,-405.0,1600,1600,1599,1599,0,0,0,0
1763969202.3801587,0.0,0.0,32.2,154.89,-0.06287720054388046,0.21561378240585327,0.9743837714195251,-0.01155105046927929,-3.0916240215301514,-0.11784612387418747,2.7033889293670654,0.00044830795377492905,-0.00016168225556612015,-0.0009762097615748644,0.0,0.0,0.0,0.0,0.0,0.0,-0.5687857000000001,0.6276256,10.267562550000001,0.08726646259971647,0.06981317007977318,-0.06981317007977318,-712.0,320.0,-405.0,1600,1600,1599,1599,0,0,0,0
1763969202.413553,0.0,0.0,32.2,154.89,-0.06287720054388046,0.21561378240585327,0.9743837714195251,-0.01155105046927929,-3.0916318893432617,-0.11785773932933807,2.7033774852752686,-0.0006629345007240772,-0.0006417594850063324,0.0002668497618287802,0.0,0.0,0.0,0.0,0.0,0.0,-0.5687857000000001,0.6276256,10.267562550000001,0.08726646259971647,0.06981317007977318,-0.06981317007977318,-712.0,320.0,-405.0,1600,1600,1599,1599,0,0,0,0
1763969202.4469733,0.0,0.0,32.2,154.89,-0.06288508325815201,0.2156219184398651,0.9743815064430237,-0.011544992215931416,-3.0916318893432617,-0.11785773932933807,2.7033774852752686,-0.0006629345007240772,-0.0006417594850063324,0.0002668497618287802,0.0,0.0,0.0,0.0,0.0,0.0,-0.5687857000000001,0.6276256,10.267562550000001,0.08726646259971647,0.06981317007977318,-0.06981317007977318,-712.0,320.0,-405.0,1600,1600,1599,1599,0,0,0,0
1763969202.4803684,0.0,0.0,32.28,154.89,-0.06288508325815201,0.2156219184398651,0.9743815064430237,-0.011544992215931416,-3.0916318893432617,-0.11785773932933807,2.7033774852752686,-0.0006629345007240772,-0.0006417594850063324,0.0002668497618287802,0.0,0.0,0.0,0.0,0.0,0.0,-0.5687857000000001,0.6276256,10.267562550000001,0.08726646259971647,0.06981317007977318,-0.06981317007977318,-712.0,320.0,-405.0,1600,1600,1599,1599,0,0,0,0
1763969202.5137625,0.0,0.0,32.28,154.89,-0.06288508325815201,0.2156219184398651,0.9743815064430237,-0.011544992215931416,-3.0916318893432617,-0.11785773932933807,2.7033774852752686,-0.0006629345007240772,-0.0006417594850063324,0.0002668497618287802,0.0,0.0,0.0,0.0,0.0,0.0,-0.5687857000000001,0.6276256,10.267562550000001,0.08726646259971647,0.06981317007977318,-0.06981317007977318,-712.0,320.0,-405.0,1600,1600,1599,1599,0,0,0,0
1763969202.5472713,0.0,0.0,32.28,154.89,-0.06288508325815201,0.2156219184398651,0.9743815064430237,-0.011544992215931416,-3.0916318893432617,-0.11785773932933807,2.7033774852752686,-0.0006629345007240772,-0.0006417594850063324,0.0002668497618287802,0.0,0.0,0.0,0.0,0.0,0.0,-0.5687857000000001,0.6276256,10.267562550000001,0.08726646259971647,0.06981317007977318,-0.06981317007977318,-712.0,320.0,-405.0,1600,1600,1599,1599,0,0,0,0
1763969202.5808296,0.0,0.0,32.28,154.89,-0.06288508325815201,0.2156219184398651,0.9743815064430237,-0.011544992215931416,-3.0916318893432617,-0.11785773932933807,2.7033774852752686,-0.0006629345007240772,-0.0006417594850063324,0.0002668497618287802,0.0,0.0,0.0,0.0,0.0,0.0,-0.5687857000000001,0.61781895,10.2577559,0.06981317007977318,0.06981317007977318,-0.03490658503988659,-718.0,322.0,-402.0,1600,1600,1599,1599,0,0,0,0
1763969202.6142309,0.0,0.0,32.28,154.89,-0.06288508325815201,0.2156219184398651,0.9743815064430237,-0.011544992215931416,-3.0916554927825928,-0.11786053329706192,2.703380584716797,-0.0019475887529551983,-0.0004951818846166134,-0.00041211978532373905,0.0,0.0,0.0,0.0,0.0,0.0,-0.5687857000000001,0.61781895,10.2577559,0.06981317007977318,0.06981317007977318,-0.03490658503988659,-718.0,322.0,-402.0,1600,1600,1599,1599,0,0,0,0
1763969202.6476262,0.0,0.0,32.28,154.89,-0.06288508325815201,0.2156219184398651,0.9743815064430237,-0.011544992215931416,-3.0916554927825928,-0.11786053329706192,2.703380584716797,-0.0019475887529551983,-0.0004951818846166134,-0.00041211978532373905,0.0,0.0,0.0,0.0,0.0,0.0,-0.5687857000000001,0.61781895,10.2577559,0.06981317007977318,0.06981317007977318,-0.03490658503988659,-718.0,322.0,-402.0,1600,1600,1599,1599,0,0,0,0
1763969202.681018,0.0,0.0,32.28,154.89,-0.06288386881351471,0.21562111377716064,0.9743819832801819,-0.011533270590007305,-3.0916554927825928,-0.11786053329706192,2.703380584716797,-0.0019475887529551983,-0.0004951818846166134,-0.00041211978532373905,0.0,0.0,0.0,0.0,0.0,0.0,-0.5687857000000001,0.61781895,10.2577559,0.06981317007977318,0.06981317007977318,-0.03490658503988659,-718.0,322.0,-402.0,1600,1600,1599,1599,0,0,0,0
1763969202.714411,0.0,0.0,32.28,154.89,-0.06288386881351471,0.21562111377716064,0.9743819832801819,-0.011533270590007305,-3.0916554927825928,-0.11786053329706192,2.703380584716797,-0.0019475887529551983,-0.0004951818846166134,-0.00041211978532373905,0.0,0.0,0.0,0.0,0.0,0.0,-0.5687857000000001,0.61781895,10.2577559,0.06981317007977318,0.06981317007977318,-0.03490658503988659,-718.0,322.0,-402.0,1600,1600,1599,1599,0,0,0,0
1763969202.7478287,0.0,0.0,32.28,154.89,-0.06288386881351471,0.21562111377716064,0.9743819832801819,-0.011533270590007305,-3.0916554927825928,-0.11786053329706192,2.703380584716797,-0.0019475887529551983,-0.0004951818846166134,-0.00041211978532373905,0.0,0.0,0.0,0.0,0.0,0.0,-0.55897905,0.61781895,10.2577559,0.05235987755982989,0.06981317007977318,-0.05235987755982989,-718.0,322.0,-402.0,1600,1600,1599,1599,0,0,0,0
1763969202.781222,0.0,0.0,32.28,154.89,-0.06288386881351471,0.21562111377716064,0.9743819832801819,-0.011533270590007305,-3.0916285514831543,-0.11787872761487961,2.7033610343933105,0.0007379213348031044,0.0012867865152657032,0.0008853785693645477,0.0,0.0,0.0,0.0,0.0,0.0,-0.55897905,0.61781895,10.2577559,0.05235987755982989,0.06981317007977318,-0.05235987755982989,-718.0,322.0,-402.0,1600,1600,1599,1599,0,0,0,0
1763969202.8146188,0.0,0.0,32.28,154.89,-0.06288386881351471,0.21562111377716064,0.9743819832801819,-0.011533270590007305,-3.0916285514831543,-0.11787872761487961,2.7033610343933105,0.0007379213348031044,0.0012867865152657032,0.0008853785693645477,0.0,0.0,0.0,0.0,0.0,0.0,-0.55897905,0.61781895,10.2577559,0.05235987755982989,0.06981317007977318,-0.05235987755982989,-718.0,322.0,-402.0,1600,1600,1599,1599,0,0,0,0
1763969202.8480105,0.0,0.0,32.28,154.89,-0.06288386881351471,0.21562111377716064,0.9743819832801819,-0.011533270590007305,-3.0916285514831543,-0.11787872761487961,2.7033610343933105,0.0007379213348031044,0.0012867865152657032,0.0008853785693645477,0.0,0.0,0.0,0.0,0.0,0.0,-0.55897905,0.6080123,10.267562550000001,0.10471975511965978,0.08726646259971647,-0.03490658503988659,-719.0,320.0,-402.0,1600,1600,1599,1599,0,0,0,0
1763969202.8814151,0.0,0.0,32.28,154.89,-0.0628957450389862,0.215629443526268,0.9743792414665222,-0.011543801054358482,-3.0916285514831543,-0.11787872761487961,2.7033610343933105,0.0007379213348031044,0.0012867865152657032,0.0008853785693645477,0.0,0.0,0.0,0.0,0.0,0.0,-0.55897905,0.6080123,10.267562550000001,0.10471975511965978,0.08726646259971647,-0.03490658503988659,-719.0,320.0,-402.0,1600,1600,1599,1599,0,0,0,0
1763969202.914807,0.0,0.0,32.28,154.89,-0.0628957450389862,0.215629443526268,0.9743792414665222,-0.011543801054358482,-3.0916285514831543,-0.11787872761487961,2.7033610343933105,0.0007379213348031044,0.0012867865152657032,0.0008853785693645477,0.0,0.0,0.0,0.0,0.0,0.0,-0.55897905,0.6080123,10.267562550000001,0.10471975511965978,0.08726646259971647,-0.03490658503988659,-719.0,320.0,-402.0,1600,1600,1599,1599,0,0,0,0
1763969202.9481976,0.0,0.0,32.28,154.89,-0.0628957450389862,0.215629443526268,0.9743792414665222,-0.011543801054358482,-3.0916104316711426,-0.11789790540933609,2.703348159790039,0.000684024766087532,0.0016335779801011086,0.00031682709231972694,0.0,0.0,0.0,0.0,0.0,0.0,-0.55897905,0.6080123,10.267562550000001,0.10471975511965978,0.08726646259971647,-0.03490658503988659,-719.0,320.0,-402.0,1600,1600,1599,1599,0,0,0,0
1763969202.9815872,0.0,0.0,32.28,154.89,-0.06290712207555771,0.21563485264778137,0.9743772149085999,-0.011550155468285084,-3.0916104316711426,-0.11789790540933609,2.703348159790039,0.000684024766087532,0.0016335779801011086,0.00031682709231972694,0.0,0.0,0.0,0.0,0.0,0.0,-0.55897905,0.6080123,10.267562550000001,0.10471975511965978,0.08726646259971647,-0.03490658503988659,-719.0,320.0,-402.0,1600,1600,1599,1599,0,0,0,0
1763969203.0149767,0.0,0.0,32.28,154.89,-0.06290712207555771,0.21563485264778137,0.9743772149085999,-0.011550155468285084,-3.091582775115967,-0.11796730756759644,2.703256845474243,-0.00012175645679235458,0.00017155148088932037,0.0008487862069159746,0.0,0.0,0.0,0.0,0.0,0.0,-0.55897905,0.6080123,10.267562550000001,0.10471975511965978,0.08726646259971647,-0.03490658503988659,-719.0,320.0,-402.0,1600,1600,1599,1599,0,0,0,0
1763969203.0483828,0.0,0.0,32.28,154.89,-0.06294439733028412,0.2156772017478943,0.9743654131889343,-0.011553093791007996,-3.091582775115967,-0.11796730756759644,2.703256845474243,-0.00012175645679235458,0.00017155148088932037,0.0008487862069159746,0.0,0.0,0.0,0.0,0.0,0.0,-0.55897905,0.6080123,10.267562550000001,0.10471975511965978,0.08726646259971647,-0.03490658503988659,-719.0,320.0,-402.0,1600,1600,1599,1599,0,0,0,0
1763969203.0817876,0.0,0.0,32.07,154.88,-0.06294439733028412,0.2156772017478943,0.9743654131889343,-0.011553093791007996,-3.091582775115967,-0.11796730756759644,2.703256845474243,-0.00012175645679235458,0.00017155148088932037,0.0008487862069159746,0.0,0.0,0.0,0.0,0.0,0.0,-0.55897905,0.6080123,10.267562550000001,0.10471975511965978,0.08726646259971647,-0.03490658503988659,-719.0,320.0,-402.0,1600,1600,1599,1599,0,0,0,0
1763969203.11519,0.0,0.0,32.07,154.88,-0.06294439733028412,0.2156772017478943,0.9743654131889343,-0.011553093791007996,-3.091582775115967,-0.11796730756759644,2.703256845474243,-0.00012175645679235458,0.00017155148088932037,0.0008487862069159746,0.0,0.0,0.0,0.0,0.0,0.0,-0.55897905,0.6080123,10.267562550000001,0.10471975511965978,0.08726646259971647,-0.03490658503988659,-719.0,320.0,-402.0,1600,1600,1599,1599,0,0,0,0
1763969203.1485844,0.0,0.0,32.07,154.88,-0.06294439733028412,0.2156772017478943,0.9743654131889343,-0.011553093791007996,-3.091582775115967,-0.11796730756759644,2.703256845474243,-0.00012175645679235458,0.00017155148088932037,0.0008487862069159746,0.0,0.0,0.0,0.0,0.0,0.0,-0.55897905,0.6080123,10.267562550000001,0.10471975511965978,0.08726646259971647,-0.03490658503988659,-719.0,320.0,-402.0,1600,1600,1599,1599,0,0,0,0
1763969203.1819797,0.0,0.0,32.07,154.88,-0.06294439733028412,0.2156772017478943,0.9743654131889343,-0.011553093791007996,-3.091582775115967,-0.11796730756759644,2.703256845474243,-0.00012175645679235458,0.00017155148088932037,0.0008487862069159746,0.0,0.0,0.0,0.0,0.0,0.0,-0.5687857000000001,0.61781895,10.2577559,0.08726646259971647,0.06981317007977318,-0.03490658503988659,-716.0,319.0,-406.0,1600,1600,1599,1599,0,0,0,0
1763969203.2153702,0.0,0.0,32.07,154.88,-0.06294439733028412,0.2156772017478943,0.9743654131889343,-0.011553093791007996,-3.0915846824645996,-0.11796268820762634,2.7032577991485596,0.0014229761436581612,-0.0016317542176693678,0.000569093506783247,0.0,0.0,0.0,0.0,0.0,0.0,-0.5687857000000001,0.61781895,10.2577559,0.08726646259971647,0.06981317007977318,-0.03490658503988659,-716.0,319.0,-406.0,1600,1600,1599,1599,0,0,0,0
1763969203.2487738,0.0,0.0,32.07,154.88,-0.06294193863868713,0.21567688882350922,0.9743656516075134,-0.011552749201655388,-3.0915846824645996,-0.11796268820762634,2.7032577991485596,0.0014229761436581612,-0.0016317542176693678,0.000569093506783247,0.0,0.0,0.0,0.0,0.0,0.0,-0.5687857000000001,0.61781895,10.2577559,0.08726646259971647,0.06981317007977318,-0.03490658503988659,-716.0,319.0,-406.0,1600,1600,1599,1599,0,0,0,0
1763969203.2821646,0.0,0.0,32.07,154.88,-0.06294193863868713,0.21567688882350922,0.9743656516075134,-0.011552749201655388,-3.0915846824645996,-0.11796268820762634,2.7032577991485596,0.0014229761436581612,-0.0016317542176693678,0.000569093506783247,0.0,0.0,0.0,0.0,0.0,0.0,-0.5687857000000001,0.61781895,10.2577559,0.08726646259971647,0.06981317007977318,-0.03490658503988659,-716.0,319.0,-406.0,1600,1600,1599,1599,0,0,0,0
1763969203.3155546,0.0,0.0,32.07,154.88,-0.06294193863868713,0.21567688882350922,0.9743656516075134,-0.011552749201655388,-3.0915846824645996,-0.11796268820762634,2.7032577991485596,0.0014229761436581612,-0.0016317542176693678,0.000569093506783247,0.0,0.0,0.0,0.0,0.0,0.0,-0.5687857000000001,0.61781895,10.2577559,0.08726646259971647,0.06981317007977318,-0.03490658503988659,-716.0,319.0,-406.0,1600,1600,1599,1599,0,0,0,0
1763969203.3489635,0.0,0.0,32.07,154.88,-0.06294193863868713,0.21567688882350922,0.9743656516075134,-0.011552749201655388,-3.0915846824645996,-0.11796268820762634,2.7032577991485596,0.0014229761436581612,-0.0016317542176693678,0.000569093506783247,0.0,0.0,0.0,0.0,0.0,0.0,-0.5687857000000001,0.61781895,10.2577559,0.10471975511965978,0.05235987755982989,-0.03490658503988659,-716.0,319.0,-406.0,1600,1600,1599,1599,0,0,0,0
1763969203.3823638,0.0,0.0,32.07,154.88,-0.06294193863868713,0.21567688882350922,0.9743656516075134,-0.011552749201655388,-3.091567277908325,-0.11797115951776505,2.7032625675201416,0.0008773934096097946,-0.0006127525120973587,-4.682154394686222e-05,0.0,0.0,0.0,0.0,0.0,0.0,-0.5687857000000001,0.61781895,10.2577559,0.10471975511965978,0.05235987755982989,-0.03490658503988659,-716.0,319.0,-406.0,1600,1600,1599,1599,0,0,0,0
1763969203.4157836,0.0,0.0,32.07,154.88,-0.06294790655374527,0.21567381918430328,0.9743658304214478,-0.011560406535863876,-3.091567277908325,-0.11797115951776505,2.7032625675201416,0.0008773934096097946,-0.0006127525120973587,-4.682154394686222e-05,0.0,0.0,0.0,0.0,0.0,0.0,-0.5687857000000001,0.61781895,10.2577559,0.10471975511965978,0.05235987755982989,-0.03490658503988659,-716.0,319.0,-406.0,1600,1600,1599,1599,0,0,0,0
1763969203.449224,0.0,0.0,32.22,154.88,-0.06294790655374527,0.21567381918430328,0.9743658304214478,-0.011560406535863876,-3.091567277908325,-0.11797115951776505,2.7032625675201416,0.0008773934096097946,-0.0006127525120973587,-4.682154394686222e-05,0.0,0.0,0.0,0.0,0.0,0.0,-0.5687857000000001,0.61781895,10.2577559,0.10471975511965978,0.05235987755982989,-0.03490658503988659,-716.0,319.0,-406.0,1600,1600,1599,1599,0,0,0,0
1763969203.4826448,0.0,0.0,32.22,154.88,-0.06294790655374527,0.21567381918430328,0.9743658304214478,-0.011560406535863876,-3.091567277908325,-0.11797115951776505,2.7032625675201416,0.0008773934096097946,-0.0006127525120973587,-4.682154394686222e-05,0.0,0.0,0.0,0.0,0.0,0.0,-0.5687857000000001,0.61781895,10.2577559,0.10471975511965978,0.05235987755982989,-0.03490658503988659,-716.0,319.0,-406.0,1600,1600,1599,1599,0,0,0,0
1763969203.516045,0.0,0.0,32.22,154.88,-0.06294790655374527,0.21567381918430328,0.9743658304214478,-0.011560406535863876,-3.091567277908325,-0.11797115951776505,2.7032625675201416,0.0008773934096097946,-0.0006127525120973587,-4.682154394686222e-05,0.0,0.0,0.0,0.0,0.0,0.0,-0.5687857000000001,0.61781895,10.2577559,0.10471975511965978,0.05235987755982989,-0.03490658503988659,-716.0,319.0,-406.0,1600,1600,1599,1599,0,0,0,0
1763969203.549437,0.0,0.0,32.22,154.88,-0.06294790655374527,0.21567381918430328,0.9743658304214478,-0.011560406535863876,-3.091567277908325,-0.11797115951776505,2.7032625675201416,0.0008773934096097946,-0.0006127525120973587,-4.682154394686222e-05,0.0,0.0,0.0,0.0,0.0,0.0,-0.55897905,0.61781895,10.267562550000001,0.10471975511965978,0.06981317007977318,-0.05235987755982989,-718.0,319.0,-398.0,1600,1600,1599,1599,0,0,0,0
1763969203.582826,0.0,0.0,32.22,154.88,-0.06294790655374527,0.21567381918430328,0.9743658304214478,-0.011560406535863876,-3.091571569442749,-0.117986761033535,2.703256368637085,0.00015974324196577072,0.0006436305120587349,-0.000552985118702054,0.0,0.0,0.0,0.0,0.0,0.0,-0.55897905,0.61781895,10.267562550000001,0.10471975511965978,0.06981317007977318,-0.05235987755982989,-718.0,319.0,-398.0,1600,1600,1599,1599,0,0,0,0
1763969203.6162233,0.0,0.0,32.22,154.88,-0.06295508146286011,0.21567675471305847,0.9743648171424866,-0.011556442826986313,-3.091571569442749,-0.117986761033535,2.703256368637085,0.00015974324196577072,0.0006436305120587349,-0.000552985118702054,0.0,0.0,0.0,0.0,0.0,0.0,-0.55897905,0.61781895,10.267562550000001,0.10471975511965978,0.06981317007977318,-0.05235987755982989,-718.0,319.0,-398.0,1600,1600,1599,1599,0,0,0,0
1763969203.6496172,0.0,0.0,32.22,154.88,-0.06295508146286011,0.21567675471305847,0.9743648171424866,-0.011556442826986313,-3.091571569442749,-0.117986761033535,2.703256368637085,0.00015974324196577072,0.0006436305120587349,-0.000552985118702054,0.0,0.0,0.0,0.0,0.0,0.0,-0.55897905,0.61781895,10.267562550000001,0.10471975511965978,0.06981317007977318,-0.05235987755982989,-718.0,319.0,-398.0,1600,1600,1599,1599,0,0,0,0
1763969203.6830106,0.0,0.0,32.22,154.88,-0.06295508146286011,0.21567675471305847,0.9743648171424866,-0.011556442826986313,-3.091571569442749,-0.117986761033535,2.703256368637085,0.00015974324196577072,0.0006436305120587349,-0.000552985118702054,0.0,0.0,0.0,0.0,0.0,0.0,-0.55897905,0.61781895,10.267562550000001,0.10471975511965978,0.06981317007977318,-0.05235987755982989,-718.0,319.0,-398.0,1600,1600,1599,1599,0,0,0,0
1763969203.7164047,0.0,0.0,32.22,154.88,-0.06295508146286011,0.21567675471305847,0.9743648171424866,-0.011556442826986313,-3.091571569442749,-0.117986761033535,2.703256368637085,0.00015974324196577072,0.0006436305120587349,-0.000552985118702054,0.0,0.0,0.0,0.0,0.0,0.0,-0.55897905,0.61781895,10.267562550000001,0.10471975511965978,0.06981317007977318,-0.05235987755982989,-718.0,319.0,-398.0,1600,1600,1599,1599,0,0,0,0
1763969203.7498052,0.0,0.0,32.22,154.88,-0.06295508146286011,0.21567675471305847,0.9743648171424866,-0.011556442826986313,-3.091571569442749,-0.117986761033535,2.703256368637085,0.00015974324196577072,0.0006436305120587349,-0.000552985118702054,0.0,0.0,0.0,0.0,0.0,0.0,-0.5687857000000001,0.61781895,10.267562550000001,0.08726646259971647,0.08726646259971647,-0.05235987755982989,-718.0,319.0,-398.0,1600,1600,1599,1599,0,0,0,0
1763969203.7832146,0.0,0.0,32.22,154.88,-0.06295508146286011,0.21567675471305847,0.9743648171424866,-0.011556442826986313,-3.091559410095215,-0.11797717213630676,2.7033255100250244,0.00026170723140239716,-0.0008150532376021147,0.0013655060902237892,0.0,0.0,0.0,0.0,0.0,0.0,-0.5687857000000001,0.61781895,10.267562550000001,0.08726646259971647,0.08726646259971647,-0.05235987755982989,-718.0,319.0,-398.0,1600,1600,1599,1599,0,0,0,0
1763969203.8166265,0.0,0.0,32.22,154.88,-0.06295132637023926,0.2156428098678589,0.9743724465370178,-0.011565640568733215,-3.091559410095215,-0.11797717213630676,2.7033255100250244,0.00026170723140239716,-0.0008150532376021147,0.0013655060902237892,0.0,0.0,0.0,0.0,0.0,0.0,-0.5687857000000001,0.61781895,10.267562550000001,0.08726646259971647,0.08726646259971647,-0.05235987755982989,-718.0,319.0,-398.0,1600,1600,1599,1599,0,0,0,0
1763969203.850034,0.0,0.0,32.32,154.88,-0.06295132637023926,0.2156428098678589,0.9743724465370178,-0.011565640568733215,-3.091559410095215,-0.11797717213630676,2.7033255100250244,0.00026170723140239716,-0.0008150532376021147,0.0013655060902237892,0.0,0.0,0.0,0.0,0.0,0.0,-0.5687857000000001,0.61781895,10.267562550000001,0.08726646259971647,0.08726646259971647,-0.05235987755982989,-718.0,319.0,-398.0,1600,1600,1599,1599,0,0,0,0
1763969203.8834524,0.0,0.0,32.32,154.88,-0.06295132637023926,0.2156428098678589,0.9743724465370178,-0.011565640568733215,-3.091559410095215,-0.11797717213630676,2.7033255100250244,0.00026170723140239716,-0.0008150532376021147,0.0013655060902237892,0.0,0.0,0.0,0.0,0.0,0.0,-0.5687857000000001,0.61781895,10.267562550000001,0.08726646259971647,0.08726646259971647,-0.05235987755982989,-718.0,319.0,-398.0,1600,1600,1599,1599,0,0,0,0
1763969203.9168742,0.0,0.0,32.32,154.88,-0.06295132637023926,0.2156428098678589,0.9743724465370178,-0.011565640568733215,-3.091559410095215,-0.11797717213630676,2.7033255100250244,0.00026170723140239716,-0.0008150532376021147,0.0013655060902237892,0.0,0.0,0.0,0.0,0.0,0.0,-0.5687857000000001,0.61781895,10.2577559,0.08726646259971647,0.05235987755982989,-0.017453292519943295,-715.0,319.0,-399.0,1600,1600,1599,1599,0,0,0,0
1763969203.9502978,0.0,0.0,32.32,154.88,-0.06295132637023926,0.2156428098678589,0.9743724465370178,-0.011565640568733215,-3.0915513038635254,-0.11796253174543381,2.703310489654541,0.0008176537230610847,-0.0010436910670250654,0.00025439681485295296,0.0,0.0,0.0,0.0,0.0,0.0,-0.5687857000000001,0.61781895,10.2577559,0.08726646259971647,0.05235987755982989,-0.017453292519943295,-715.0,319.0,-399.0,1600,1600,1599,1599,0,0,0,0
1763969203.983718,0.0,0.0,32.32,154.88,-0.0629451721906662,0.21565018594264984,0.974371075630188,-0.01157072652131319,-3.0915513038635254,-0.11796253174543381,2.703310489654541,0.0008176537230610847,-0.0010436910670250654,0.00025439681485295296,0.0,0.0,0.0,0.0,0.0,0.0,-0.5687857000000001,0.61781895,10.2577559,0.08726646259971647,0.05235987755982989,-0.017453292519943295,-715.0,319.0,-399.0,1600,1600,1599,1599,0,0,0,0
1763969204.0171347,0.0,0.0,32.21,154.88,-0.0629451721906662,0.21565018594264984,0.974371075630188,-0.01157072652131319,-3.0915513038635254,-0.11796253174543381,2.703310489654541,0.0008176537230610847,-0.0010436910670250654,0.00025439681485295296,0.0,0.0,0.0,0.0,0.0,0.0,-0.5687857000000001,0.61781895,10.2577559,0.08726646259971647,0.05235987755982989,-0.017453292519943295,-715.0,319.0,-399.0,1600,1600,1599,1599,0,0,0,0
1763969204.0505514,0.0,0.0,32.21,154.88,-0.0629451721906662,0.21565018594264984,0.974371075630188,-0.01157072652131319,-3.0915513038635254,-0.11796253174543381,2.703310489654541,0.0008176537230610847,-0.0010436910670250654,0.00025439681485295296,0.0,0.0,0.0,0.0,0.0,0.0,-0.5687857000000001,0.61781895,10.2577559,0.08726646259971647,0.05235987755982989,-0.017453292519943295,-715.0,319.0,-399.0,1600,1600,1599,1599,0,0,0,0
1763969204.0839844,0.0,0.0,32.21,154.88,-0.0629451721906662,0.21565018594264984,0.974371075630188,-0.01157072652131319,-3.0915513038635254,-0.11796253174543381,2.703310489654541,0.0008176537230610847,-0.0010436910670250654,0.00025439681485295296,0.0,0.0,0.0,0.0,0.0,0.0,-0.5687857000000001,0.61781895,10.2577559,0.10471975511965978,0.05235987755982989,-0.03490658503988659,-718.0,319.0,-405.0,1600,1600,1599,1599,0,0,0,0
1763969204.1175177,0.0,0.0,32.21,154.88,-0.0629451721906662,0.21565018594264984,0.974371075630188,-0.01157072652131319,-3.0915427207946777,-0.11796480417251587,2.703314781188965,-9.437790140509605e-05,-0.0004979721270501614,-0.0009410728234797716,0.0,0.0,0.0,0.0,0.0,0.0,-0.5687857000000001,0.61781895,10.2577559,0.10471975511965978,0.05235987755982989,-0.03490658503988659,-718.0,319.0,-405.0,1600,1600,1599,1599,0,0,0,0
1763969204.1509414,0.0,0.0,32.21,154.88,-0.06294715404510498,0.21564778685569763,0.9743713736534119,-0.011574730277061462,-3.0915427207946777,-0.11796480417251587,2.703314781188965,-9.437790140509605e-05,-0.0004979721270501614,-0.0009410728234797716,0.0,0.0,0.0,0.0,0.0,0.0,-0.5687857000000001,0.61781895,10.2577559,0.10471975511965978,0.05235987755982989,-0.03490658503988659,-718.0,319.0,-405.0,1600,1600,1599,1599,0,0,0,0
1763969204.1843615,0.0,0.0,32.21,154.88,-0.06294715404510498,0.21564778685569763,0.9743713736534119,-0.011574730277061462,-3.0915427207946777,-0.11796480417251587,2.703314781188965,-9.437790140509605e-05,-0.0004979721270501614,-0.0009410728234797716,0.0,0.0,0.0,0.0,0.0,0.0,-0.5687857000000001,0.61781895,10.2577559,0.10471975511965978,0.05235987755982989,-0.03490658503988659,-718.0,319.0,-405.0,1600,1600,1599,1599,0,0,0,0
1763969204.2177813,0.0,0.0,32.21,154.88,-0.06294715404510498,0.21564778685569763,0.9743713736534119,-0.011574730277061462,-3.0915427207946777,-0.11796480417251587,2.703314781188965,-9.437790140509605e-05,-0.0004979721270501614,-0.0009410728234797716,0.0,0.0,0.0,0.0,0.0,0.0,-0.5687857000000001,0.61781895,10.2577559,0.10471975511965978,0.05235987755982989,-0.03490658503988659,-718.0,319.0,-405.0,1600,1600,1599,1599,0,0,0,0
1763969204.251206,0.0,0.0,32.21,154.88,-0.06294715404510498,0.21564778685569763,0.9743713736534119,-0.011574730277061462,-3.0915427207946777,-0.11796480417251587,2.703314781188965,-9.437790140509605e-05,-0.0004979721270501614,-0.0009410728234797716,0.0,0.0,0.0,0.0,0.0,0.0,-0.5687857000000001,0.61781895,10.2577559,0.10471975511965978,0.05235987755982989,-0.03490658503988659,-718.0,319.0,-405.0,1600,1600,1599,1599,0,0,0,0
1763969204.284636,0.0,0.0,32.21,154.88,-0.06294715404510498,0.21564778685569763,0.9743713736534119,-0.011574730277061462,-3.091529369354248,-0.11797582358121872,2.7033090591430664,-0.0006830319762229919,-0.0007896674796938896,0.0004169703461229801,0.0,0.0,0.0,0.0,0.0,0.0,-0.5687857000000001,0.61781895,10.2577559,0.10471975511965978,0.05235987755982989,-0.03490658503988659,-718.0,319.0,-405.0,1600,1600,1599,1599,0,0,0,0
1763969204.318061,0.0,0.0,32.21,154.88,-0.06295401602983475,0.21564988791942596,0.9743704795837402,-0.011579920537769794,-3.091529369354248,-0.11797582358121872,2.7033090591430664,-0.0006830319762229919,-0.0007896674796938896,0.0004169703461229801,0.0,0.0,0.0,0.0,0.0,0.0,-0.5687857000000001,0.61781895,10.2577559,0.10471975511965978,0.05235987755982989,-0.03490658503988659,-718.0,319.0,-405.0,1600,1600,1599,1599,0,0,0,0
1763969204.3514829,0.0,0.0,32.21,154.88,-0.06295401602983475,0.21564988791942596,0.9743704795837402,-0.011579920537769794,-3.091529369354248,-0.11797582358121872,2.7033090591430664,-0.0006830319762229919,-0.0007896674796938896,0.0004169703461229801,0.0,0.0,0.0,0.0,0.0,0.0,-0.5687857000000001,0.61781895,10.2577559,0.10471975511965978,0.05235987755982989,-0.03490658503988659,-718.0,319.0,-405.0,1600,1600,1599,1599,0,0,0,0
1763969204.3848991,0.0,0.0,32.21,154.88,-0.06295401602983475,0.21564988791942596,0.9743704795837402,-0.011579920537769794,-3.091529369354248,-0.11797582358121872,2.7033090591430664,-0.0006830319762229919,-0.0007896674796938896,0.0004169703461229801,0.0,0.0,0.0,0.0,0.0,0.0,-0.5687857000000001,0.61781895,10.2577559,0.10471975511965978,0.05235987755982989,-0.03490658503988659,-718.0,319.0,-405.0,1600,1600,1599,1599,0,0,0,0
1763969204.4183164,0.0,0.0,32.21,154.88,-0.06295401602983475,0.21564988791942596,0.9743704795837402,-0.011579920537769794,-3.091529369354248,-0.11797582358121872,2.7033090591430664,-0.0006830319762229919,-0.0007896674796938896,0.0004169703461229801,0.0,0.0,0.0,0.0,0.0,0.0,-0.5687857000000001,0.61781895,10.2577559,0.06981317007977318,0.05235987755982989,-0.03490658503988659,-718.0,319.0,-405.0,1600,1600,1599,1599,0,0,0,0
1763969204.4517362,0.0,0.0,32.21,154.88,-0.06295401602983475,0.21564988791942596,0.9743704795837402,-0.011579920537769794,-3.0915145874023438,-0.11798426508903503,2.7033002376556396,0.0013187429867684841,0.0014249393716454506,-0.00014741579070687294,0.0,0.0,0.0,0.0,0.0,0.0,-0.5687857000000001,0.61781895,10.2577559,0.06981317007977318,0.05235987755982989,-0.03490658503988659,-718.0,319.0,-405.0,1600,1600,1599,1599,0,0,0,0
1763969204.485162,0.0,0.0,32.21,154.88,-0.06295974552631378,0.21565355360507965,0.9743691682815552,-0.011585839092731476,-3.0915145874023438,-0.11798426508903503,2.7033002376556396,0.0013187429867684841,0.0014249393716454506,-0.00014741579070687294,0.0,0.0,0.0,0.0,0.0,0.0,-0.5687857000000001,0.61781895,10.2577559,0.06981317007977318,0.05235987755982989,-0.03490658503988659,-718.0,319.0,-405.0,1600,1600,1599,1599,0,0,0,0
1763969204.5185843,0.0,0.0,32.18,154.88,-0.06295974552631378,0.21565355360507965,0.9743691682815552,-0.011585839092731476,-3.0915145874023438,-0.11798426508903503,2.7033002376556396,0.0013187429867684841,0.0014249393716454506,-0.00014741579070687294,0.0,0.0,0.0,0.0,0.0,0.0,-0.5687857000000001,0.61781895,10.2577559,0.06981317007977318,0.05235987755982989,-0.03490658503988659,-718.0,319.0,-405.0,1600,1600,1599,1599,0,0,0,0
1763969204.5520415,0.0,0.0,32.18,154.88,-0.06295974552631378,0.21565355360507965,0.9743691682815552,-0.011585839092731476,-3.0915145874023438,-0.11798426508903503,2.7033002376556396,0.0013187429867684841,0.0014249393716454506,-0.00014741579070687294,0.0,0.0,0.0,0.0,0.0,0.0,-0.5687857000000001,0.61781895,10.2577559,0.06981317007977318,0.05235987755982989,-0.03490658503988659,-718.0,319.0,-405.0,1600,1600,1599,1599,0,0,0,0
1763969204.5854669,0.0,0.0,32.18,154.88,-0.06295974552631378,0.21565355360507965,0.9743691682815552,-0.011585839092731476,-3.0915145874023438,-0.11798426508903503,2.7033002376556396,0.0013187429867684841,0.0014249393716454506,-0.00014741579070687294,0.0,0.0,0.0,0.0,0.0,0.0,-0.5687857000000001,0.61781895,10.2577559,0.10471975511965978,0.10471975511965978,-0.05235987755982989,-720.0,321.0,-406.0,1600,1600,1599,1599,0,0,0,0
1763969204.6188807,0.0,0.0,32.18,154.88,-0.06295974552631378,0.21565355360507965,0.9743691682815552,-0.011585839092731476,-3.0914952754974365,-0.11803030222654343,2.7032299041748047,-0.00032866140827536583,-0.00032924534752964973,0.0003789926413446665,0.0,0.0,0.0,0.0,0.0,0.0,-0.5687857000000001,0.61781895,10.2577559,0.10471975511965978,0.10471975511965978,-0.05235987755982989,-720.0,321.0,-406.0,1600,1600,1599,1599,0,0,0,0
1763969204.652302,0.0,0.0,32.18,154.88,-0.0629846528172493,0.21568633615970612,0.9743603467941284,-0.01158803142607212,-3.0914952754974365,-0.11803030222654343,2.7032299041748047,-0.00032866140827536583,-0.00032924534752964973,0.0003789926413446665,0.0,0.0,0.0,0.0,0.0,0.0,-0.5687857000000001,0.61781895,10.2577559,0.10471975511965978,0.10471975511965978,-0.05235987755982989,-720.0,321.0,-406.0,1600,1600,1599,1599,0,0,0,0
1763969204.6857247,0.0,0.0,32.13,154.88,-0.0629846528172493,0.21568633615970612,0.9743603467941284,-0.01158803142607212,-3.0914952754974365,-0.11803030222654343,2.7032299041748047,-0.00032866140827536583,-0.00032924534752964973,0.0003789926413446665,0.0,0.0,0.0,0.0,0.0,0.0,-0.5687857000000001,0.61781895,10.2577559,0.10471975511965978,0.10471975511965978,-0.05235987755982989,-720.0,321.0,-406.0,1600,1600,1599,1599,0,0,0,0
1763969204.7191675,0.0,0.0,32.13,154.88,-0.0629846528172493,0.21568633615970612,0.9743603467941284,-0.01158803142607212,-3.0914952754974365,-0.11803030222654343,2.7032299041748047,-0.00032866140827536583,-0.00032924534752964973,0.0003789926413446665,0.0,0.0,0.0,0.0,0.0,0.0,-0.5687857000000001,0.61781895,10.2577559,0.10471975511965978,0.10471975511965978,-0.05235987755982989,-720.0,321.0,-406.0,1600,1600,1599,1599,0,0,0,0
1763969204.7525866,0.0,0.0,32.13,154.88,-0.0629846528172493,0.21568633615970612,0.9743603467941284,-0.01158803142607212,-3.091484546661377,-0.1180436760187149,2.703207015991211,0.0008202074095606804,-0.001158183440566063,0.0006608185358345509,0.0,0.0,0.0,0.0,0.0,0.0,-0.5687857000000001,0.61781895,10.2577559,0.10471975511965978,0.10471975511965978,-0.05235987755982989,-720.0,321.0,-406.0,1600,1600,1599,1599,0,0,0,0
1763969204.7860062,0.0,0.0,32.13,154.88,-0.06299246102571487,0.21569690108299255,0.9743574857711792,-0.011591116897761822,-3.091484546661377,-0.1180436760187149,2.703207015991211,0.0008202074095606804,-0.001158183440566063,0.0006608185358345509,0.0,0.0,0.0,0.0,0.0,0.0,-0.5687857000000001,0.61781895,10.2577559,0.10471975511965978,0.10471975511965978,-0.05235987755982989,-720.0,321.0,-406.0,1600,1600,1599,1599,0,0,0,0
1763969204.8194058,0.0,0.0,32.13,154.88,-0.06299246102571487,0.21569690108299255,0.9743574857711792,-0.011591116897761822,-3.091484546661377,-0.1180436760187149,2.703207015991211,0.0008202074095606804,-0.001158183440566063,0.0006608185358345509,0.0,0.0,0.0,0.0,0.0,0.0,-0.5687857000000001,0.61781895,10.2577559,0.10471975511965978,0.10471975511965978,-0.05235987755982989,-720.0,321.0,-406.0,1600,1600,1599,1599,0,0,0,0
1763969204.8528094,0.0,0.0,32.13,154.88,-0.06299246102571487,0.21569690108299255,0.9743574857711792,-0.011591116897761822,-3.091484546661377,-0.1180436760187149,2.703207015991211,0.0008202074095606804,-0.001158183440566063,0.0006608185358345509,0.0,0.0,0.0,0.0,0.0,0.0,-0.5687857000000001,0.61781895,10.2577559,0.10471975511965978,0.10471975511965978,-0.05235987755982989,-720.0,321.0,-406.0,1600,1600,1599,1599,0,0,0,0
1763969204.8862083,0.0,0.0,32.13,154.88,-0.06299246102571487,0.21569690108299255,0.9743574857711792,-0.011591116897761822,-3.091484546661377,-0.1180436760187149,2.703207015991211,0.0008202074095606804,-0.001158183440566063,0.0006608185358345509,0.0,0.0,0.0,0.0,0.0,0.0,-0.55897905,0.61781895,10.2577559,0.10471975511965978,0.05235987755982989,-0.03490658503988659,-716.0,324.0,-402.0,1600,1600,1599,1599,0,0,0,0
1763969204.9196143,0.0,0.0,32.13,154.88,-0.06299246102571487,0.21569690108299255,0.9743574857711792,-0.011591116897761822,-3.0914783477783203,-0.11804304271936417,2.7031943798065186,0.0002067163586616516,-0.0005093943327665329,0.00020576175302267075,0.0,0.0,0.0,0.0,0.0,0.0,-0.55897905,0.61781895,10.2577559,0.10471975511965978,0.05235987755982989,-0.03490658503988659,-716.0,324.0,-402.0,1600,1600,1599,1599,0,0,0,0
1763969204.953008,0.0,0.0,32.13,154.88,-0.0629928931593895,0.2157028615474701,0.9743561148643494,-0.011593794450163841,-3.0914783477783203,-0.11804304271936417,2.7031943798065186,0.0002067163586616516,-0.0005093943327665329,0.00020576175302267075,0.0,0.0,0.0,0.0,0.0,0.0,-0.55897905,0.61781895,10.2577559,0.10471975511965978,0.05235987755982989,-0.03490658503988659,-716.0,324.0,-402.0,1600,1600,1599,1599,0,0,0,0
1763969204.9864016,0.0,0.0,32.03,154.88,-0.0629928931593895,0.2157028615474701,0.9743561148643494,-0.011593794450163841,-3.0914783477783203,-0.11804304271936417,2.7031943798065186,0.0002067163586616516,-0.0005093943327665329,0.00020576175302267075,0.0,0.0,0.0,0.0,0.0,0.0,-0.55897905,0.61781895,10.2577559,0.10471975511965978,0.05235987755982989,-0.03490658503988659,-716.0,324.0,-402.0,1600,1600,1599,1599,0,0,0,0
1763969205.0198047,0.0,0.0,32.03,154.88,-0.0629928931593895,0.2157028615474701,0.9743561148643494,-0.011593794450163841,-3.0914783477783203,-0.11804304271936417,2.7031943798065186,0.0002067163586616516,-0.0005093943327665329,0.00020576175302267075,0.0,0.0,0.0,0.0,0.0,0.0,-0.55897905,0.61781895,10.2577559,0.10471975511965978,0.05235987755982989,-0.03490658503988659,-716.0,324.0,-402.0,1600,1600,1599,1599,0,0,0,0
1763969205.05321,0.0,0.0,32.03,154.88,-0.0629928931593895,0.2157028615474701,0.9743561148643494,-0.011593794450163841,-3.0914783477783203,-0.11804304271936417,2.7031943798065186,0.0002067163586616516,-0.0005093943327665329,0.00020576175302267075,0.0,0.0,0.0,0.0,0.0,0.0,-0.5687857000000001,0.6276256,10.267562550000001,0.08726646259971647,0.06981317007977318,-0.03490658503988659,-721.0,318.0,-404.0,1600,1600,1599,1599,0,0,0,0
1763969205.086615,0.0,0.0,32.03,154.88,-0.0629928931593895,0.2157028615474701,0.9743561148643494,-0.011593794450163841,-3.091463327407837,-0.11804885417222977,2.7032101154327393,-0.0006439532153308392,0.0018607228994369507,0.00022151460871100426,0.0,0.0,0.0,0.0,0.0,0.0,-0.5687857000000001,0.6276256,10.267562550000001,0.08726646259971647,0.06981317007977318,-0.03490658503988659,-721.0,318.0,-404.0,1600,1600,1599,1599,0,0,0,0
1763969205.120018,0.0,0.0,32.03,154.88,-0.0629972442984581,0.21569471061229706,0.9743574857711792,-0.01160095352679491,-3.091463327407837,-0.11804885417222977,2.7032101154327393,-0.0006439532153308392,0.0018607228994369507,0.00022151460871100426,0.0,0.0,0.0,0.0,0.0,0.0,-0.5687857000000001,0.6276256,10.267562550000001,0.08726646259971647,0.06981317007977318,-0.03490658503988659,-721.0,318.0,-404.0,1600,1600,1599,1599,0,0,0,0
1763969205.1534355,0.0,0.0,32.03,154.88,-0.0629972442984581,0.21569471061229706,0.9743574857711792,-0.01160095352679491,-3.091463327407837,-0.11804885417222977,2.7032101154327393,-0.0006439532153308392,0.0018607228994369507,0.00022151460871100426,0.0,0.0,0.0,0.0,0.0,0.0,-0.5687857000000001,0.6276256,10.267562550000001,0.08726646259971647,0.06981317007977318,-0.03490658503988659,-721.0,318.0,-404.0,1600,1600,1599,1599,0,0,0,0
1763969205.1868396,0.0,0.0,32.03,154.88,-0.0629972442984581,0.21569471061229706,0.9743574857711792,-0.01160095352679491,-3.091463327407837,-0.11804885417222977,2.7032101154327393,-0.0006439532153308392,0.0018607228994369507,0.00022151460871100426,0.0,0.0,0.0,0.0,0.0,0.0,-0.5687857000000001,0.6276256,10.267562550000001,0.08726646259971647,0.06981317007977318,-0.03490658503988659,-721.0,318.0,-404.0,1600,1600,1599,1599,0,0,0,0
1763969205.2202406,0.0,0.0,32.03,154.88,-0.0629972442984581,0.21569471061229706,0.9743574857711792,-0.01160095352679491,-3.091463327407837,-0.11804885417222977,2.7032101154327393,-0.0006439532153308392,0.0018607228994369507,0.00022151460871100426,0.0,0.0,0.0,0.0,0.0,0.0,-0.5687857000000001,0.6276256,10.267562550000001,0.08726646259971647,0.06981317007977318,-0.03490658503988659,-721.0,318.0,-404.0,1600,1600,1599,1599,0,0,0,0
1763969205.253641,0.0,0.0,32.03,154.88,-0.0629972442984581,0.21569471061229706,0.9743574857711792,-0.01160095352679491,-3.091463327407837,-0.11804885417222977,2.7032101154327393,-0.0006439532153308392,0.0018607228994369507,0.00022151460871100426,0.0,0.0,0.0,0.0,0.0,0.0,-0.57859235,0.61781895,10.2577559,0.06981317007977318,0.10471975511965978,-0.03490658503988659,-721.0,318.0,-404.0,1600,1600,1599,1599,0,0,0,0
1763969205.287063,0.0,0.0,32.03,154.88,-0.0629972442984581,0.21569471061229706,0.9743574857711792,-0.01160095352679491,-3.091449022293091,-0.11805642396211624,2.703228235244751,-0.000802814494818449,0.0007188739255070686,-2.7379486709833145e-05,0.0,0.0,0.0,0.0,0.0,0.0,-0.57859235,0.61781895,10.2577559,0.06981317007977318,0.10471975511965978,-0.03490658503988659,-721.0,318.0,-404.0,1600,1600,1599,1599,0,0,0,0
1763969205.3204374,0.0,0.0,32.03,154.88,-0.0629972442984581,0.21569471061229706,0.9743574857711792,-0.01160095352679491,-3.091449022293091,-0.11805642396211624,2.703228235244751,-0.000802814494818449,0.0007188739255070686,-2.7379486709833145e-05,0.0,0.0,0.0,0.0,0.0,0.0,-0.57859235,0.61781895,10.2577559,0.06981317007977318,0.10471975511965978,-0.03490658503988659,-721.0,318.0,-404.0,1600,1600,1599,1599,0,0,0,0
1763969205.353834,0.0,0.0,32.03,154.88,-0.0629972442984581,0.21569471061229706,0.9743574857711792,-0.01160095352679491,-3.091460704803467,-0.1180114597082138,2.703272819519043,-0.000981160905212164,-0.00032709306105971336,-0.0010869826655834913,0.0,0.0,0.0,0.0,0.0,0.0,-0.57859235,0.61781895,10.2577559,0.06981317007977318,0.10471975511965978,-0.03490658503988659,-721.0,318.0,-404.0,1600,1600,1599,1599,0,0,0,0
1763969205.3872275,0.0,0.0,32.03,154.88,-0.0629972442984581,0.21569471061229706,0.9743574857711792,-0.01160095352679491,-3.091460704803467,-0.1180114597082138,2.703272819519043,-0.000981160905212164,-0.00032709306105971336,-0.0010869826655834913,0.0,0.0,0.0,0.0,0.0,0.0,-0.5687857000000001,0.61781895,10.2577559,0.06981317007977318,0.06981317007977318,-0.06981317007977318,-720.0,323.0,-399.0,1600,1600,1599,1599,0,0,0,0
1763969205.4206247,0.0,0.0,32.03,154.88,-0.06297896057367325,0.21566465497016907,0.974365234375,-0.011608289554715157,-3.091460704803467,-0.1180114597082138,2.703272819519043,-0.000981160905212164,-0.00032709306105971336,-0.0010869826655834913,0.0,0.0,0.0,0.0,0.0,0.0,-0.5687857000000001,0.61781895,10.2577559,0.06981317007977318,0.06981317007977318,-0.06981317007977318,-720.0,323.0,-399.0,1600,1600,1599,1599,0,0,0,0
1763969205.4540327,0.0,0.0,32.13,154.88,-0.06297896057367325,0.21566465497016907,0.974365234375,-0.011608289554715157,-3.091460704803467,-0.1180114597082138,2.703272819519043,-0.000981160905212164,-0.00032709306105971336,-0.0010869826655834913,0.0,0.0,0.0,0.0,0.0,0.0,-0.5687857000000001,0.61781895,10.2577559,0.06981317007977318,0.06981317007977318,-0.06981317007977318,-720.0,323.0,-399.0,1600,1600,1599,1599,0,0,0,0
1763969205.4874341,0.0,0.0,32.13,154.88,-0.06297896057367325,0.21566465497016907,0.974365234375,-0.011608289554715157,-3.091456651687622,-0.11800741404294968,2.703260660171509,0.00018820678815245628,0.0012102187611162663,0.0005857809446752071,0.0,0.0,0.0,0.0,0.0,0.0,-0.5687857000000001,0.61781895,10.2577559,0.06981317007977318,0.06981317007977318,-0.06981317007977318,-720.0,323.0,-399.0,1600,1600,1599,1599,0,0,0,0
1763969205.5208344,0.0,0.0,32.13,154.88,-0.06297749280929565,0.21567051112651825,0.9743641018867493,-0.011610323563218117,-3.091456651687622,-0.11800741404294968,2.703260660171509,0.00018820678815245628,0.0012102187611162663,0.0005857809446752071,0.0,0.0,0.0,0.0,0.0,0.0,-0.5687857000000001,0.61781895,10.2577559,0.06981317007977318,0.06981317007977318,-0.06981317007977318,-720.0,323.0,-399.0,1600,1600,1599,1599,0,0,0,0
1763969205.5542426,0.0,0.0,32.13,154.88,-0.06297749280929565,0.21567051112651825,0.9743641018867493,-0.011610323563218117,-3.091456651687622,-0.11800741404294968,2.703260660171509,0.00018820678815245628,0.0012102187611162663,0.0005857809446752071,0.0,0.0,0.0,0.0,0.0,0.0,-0.5687857000000001,0.61781895,10.2577559,0.06981317007977318,0.06981317007977318,-0.06981317007977318,-720.0,323.0,-399.0,1600,1600,1599,1599,0,0,0,0
1763969205.5876446,0.0,0.0,32.13,154.88,-0.06297749280929565,0.21567051112651825,0.9743641018867493,-0.011610323563218117,-3.091456651687622,-0.11800741404294968,2.703260660171509,0.00018820678815245628,0.0012102187611162663,0.0005857809446752071,0.0,0.0,0.0,0.0,0.0,0.0,-0.5687857000000001,0.61781895,10.2577559,0.06981317007977318,0.06981317007977318,-0.06981317007977318,-720.0,323.0,-399.0,1600,1600,1599,1599,0,0,0,0
1763969205.6210473,0.0,0.0,32.13,154.88,-0.06297749280929565,0.21567051112651825,0.9743641018867493,-0.011610323563218117,-3.091456651687622,-0.11800741404294968,2.703260660171509,0.00018820678815245628,0.0012102187611162663,0.0005857809446752071,0.0,0.0,0.0,0.0,0.0,0.0,-0.5687857000000001,0.61781895,10.2577559,0.08726646259971647,0.08726646259971647,-0.03490658503988659,-717.0,318.0,-400.0,1600,1600,1599,1599,0,0,0,0
1763969205.6544545,0.0,0.0,32.13,154.88,-0.06297749280929565,0.21567051112651825,0.9743641018867493,-0.011610323563218117,-3.09146785736084,-0.11798647791147232,2.7032623291015625,-0.00043736211955547333,-0.0002667820081114769,4.368601366877556e-06,0.0,0.0,0.0,0.0,0.0,0.0,-0.5687857000000001,0.61781895,10.2577559,0.08726646259971647,0.08726646259971647,-0.03490658503988659,-717.0,318.0,-400.0,1600,1600,1599,1599,0,0,0,0
1763969205.6878645,0.0,0.0,32.13,154.88,-0.06296609342098236,0.21567055583000183,0.9743647575378418,-0.011607238091528416,-3.09146785736084,-0.11798647791147232,2.7032623291015625,-0.00043736211955547333,-0.0002667820081114769,4.368601366877556e-06,0.0,0.0,0.0,0.0,0.0,0.0,-0.5687857000000001,0.61781895,10.2577559,0.08726646259971647,0.08726646259971647,-0.03490658503988659,-717.0,318.0,-400.0,1600,1600,1599,1599,0,0,0,0
1763969205.7212691,0.0,0.0,32.29,154.88,-0.06296609342098236,0.21567055583000183,0.9743647575378418,-0.011607238091528416,-3.09146785736084,-0.11798647791147232,2.7032623291015625,-0.00043736211955547333,-0.0002667820081114769,4.368601366877556e-06,0.0,0.0,0.0,0.0,0.0,0.0,-0.5687857000000001,0.61781895,10.2577559,0.08726646259971647,0.08726646259971647,-0.03490658503988659,-717.0,318.0,-400.0,1600,1600,1599,1599,0,0,0,0
1763969205.7546668,0.0,0.0,32.29,154.88,-0.06296750158071518,0.21567745506763458,0.9743631482124329,-0.011613684706389904,-3.09146785736084,-0.11798647791147232,2.7032623291015625,-0.00043736211955547333,-0.0002667820081114769,4.368601366877556e-06,0.0,0.0,0.0,0.0,0.0,0.0,-0.5687857000000001,0.61781895,10.2577559,0.08726646259971647,0.08726646259971647,-0.03490658503988659,-717.0,318.0,-400.0,1600,1600,1599,1599,0,0,0,0
1763969205.7880735,0.0,0.0,32.29,154.88,-0.06296750158071518,0.21567745506763458,0.9743631482124329,-0.011613684706389904,-3.09146785736084,-0.11798647791147232,2.7032623291015625,-0.00043736211955547333,-0.0002667820081114769,4.368601366877556e-06,0.0,0.0,0.0,0.0,0.0,0.0,-0.5687857000000001,0.61781895,10.2577559,0.08726646259971647,0.08726646259971647,-0.03490658503988659,-717.0,318.0,-400.0,1600,1600,1599,1599,0,0,0,0
1763969205.8214734,0.0,0.0,32.29,154.88,-0.06296750158071518,0.21567745506763458,0.9743631482124329,-0.011613684706389904,-3.09146785736084,-0.11798647791147232,2.7032623291015625,-0.00043736211955547333,-0.0002667820081114769,4.368601366877556e-06,0.0,0.0,0.0,0.0,0.0,0.0,-0.5687857000000001,0.61781895,10.2577559,0.08726646259971647,0.08726646259971647,-0.03490658503988659,-717.0,318.0,-400.0,1600,1600,1599,1599,0,0,0,0
1763969205.8548708,0.0,0.0,32.29,154.88,-0.06296750158071518,0.21567745506763458,0.9743631482124329,-0.011613684706389904,-3.09146785736084,-0.11798647791147232,2.7032623291015625,-0.00043736211955547333,-0.0002667820081114769,4.368601366877556e-06,0.0,0.0,0.0,0.0,0.0,0.0,-0.5687857000000001,0.61781895,10.2577559,0.08726646259971647,0.06981317007977318,-0.05235987755982989,-717.0,318.0,-400.0,1600,1600,1599,1599,0,0,0,0
1763969205.8882656,0.0,0.0,32.29,154.88,-0.06296750158071518,0.21567745506763458,0.9743631482124329,-0.011613684706389904,-3.091464042663574,-0.11802180856466293,2.703329086303711,0.00047384249046444893,-0.0010927508119493723,0.0011191752273589373,0.0,0.0,0.0,0.0,0.0,0.0,-0.5687857000000001,0.61781895,10.2577559,0.08726646259971647,0.06981317007977318,-0.05235987755982989,-717.0,318.0,-400.0,1600,1600,1599,1599,0,0,0,0
1763969205.9216633,0.0,0.0,32.29,154.88,-0.06298332661390305,0.21563732624053955,0.9743709564208984,-0.011607362888753414,-3.091464042663574,-0.11802180856466293,2.703329086303711,0.00047384249046444893,-0.0010927508119493723,0.0011191752273589373,0.0,0.0,0.0,0.0,0.0,0.0,-0.5687857000000001,0.61781895,10.2577559,0.08726646259971647,0.06981317007977318,-0.05235987755982989,-717.0,318.0,-400.0,1600,1600,1599,1599,0,0,0,0
1763969205.9550605,0.0,0.0,31.96,154.88,-0.06298332661390305,0.21563732624053955,0.9743709564208984,-0.011607362888753414,-3.091464042663574,-0.11802180856466293,2.703329086303711,0.00047384249046444893,-0.0010927508119493723,0.0011191752273589373,0.0,0.0,0.0,0.0,0.0,0.0,-0.5687857000000001,0.61781895,10.2577559,0.08726646259971647,0.06981317007977318,-0.05235987755982989,-717.0,318.0,-400.0,1600,1600,1599,1599,0,0,0,0
1763969205.988455,0.0,0.0,31.96,154.88,-0.06298332661390305,0.21563732624053955,0.9743709564208984,-0.011607362888753414,-3.091464042663574,-0.11802180856466293,2.703329086303711,0.00047384249046444893,-0.0010927508119493723,0.0011191752273589373,0.0,0.0,0.0,0.0,0.0,0.0,-0.5687857000000001,0.61781895,10.2577559,0.08726646259971647,0.06981317007977318,-0.05235987755982989,-717.0,318.0,-400.0,1600,1600,1599,1599,0,0,0,0
1763969206.021852,0.0,0.0,31.96,154.88,-0.06298332661390305,0.21563732624053955,0.9743709564208984,-0.011607362888753414,-3.091464042663574,-0.11802180856466293,2.703329086303711,0.00047384249046444893,-0.0010927508119493723,0.0011191752273589373,0.0,0.0,0.0,0.0,0.0,0.0,-0.5687857000000001,0.61781895,10.2577559,0.08726646259971647,0.06981317007977318,-0.05235987755982989,-717.0,318.0,-400.0,1600,1600,1599,1599,0,0,0,0
1763969206.0552578,0.0,0.0,31.96,154.88,-0.06298332661390305,0.21563732624053955,0.9743709564208984,-0.011607362888753414,-3.091437339782715,-0.11801595240831375,2.7033233642578125,0.002212009858340025,-0.0019240227993577719,-0.0009172654245048761,0.0,0.0,0.0,0.0,0.0,0.0,-0.5687857000000001,0.61781895,10.2577559,0.08726646259971647,0.06981317007977318,-0.05235987755982989,-717.0,318.0,-400.0,1600,1600,1599,1599,0,0,0,0
1763969206.0886643,0.0,0.0,31.96,154.88,-0.06298336386680603,0.21563932299613953,0.9743704199790955,-0.011620738543570042,-3.091437339782715,-0.11801595240831375,2.7033233642578125,0.002212009858340025,-0.0019240227993577719,-0.0009172654245048761,0.0,0.0,0.0,0.0,0.0,0.0,-0.5687857000000001,0.61781895,10.2577559,0.08726646259971647,0.06981317007977318,-0.05235987755982989,-717.0,318.0,-400.0,1600,1600,1599,1599,0,0,0,0
1763969206.1220608,0.0,0.0,31.96,154.88,-0.06298336386680603,0.21563932299613953,0.9743704199790955,-0.011620738543570042,-3.091437339782715,-0.11801595240831375,2.7033233642578125,0.002212009858340025,-0.0019240227993577719,-0.0009172654245048761,0.0,0.0,0.0,0.0,0.0,0.0,-0.5687857000000001,0.61781895,10.2577559,0.08726646259971647,0.06981317007977318,-0.05235987755982989,-717.0,318.0,-400.0,1600,1600,1599,1599,0,0,0,0
1763969206.1554625,0.0,0.0,31.96,154.88,-0.06298336386680603,0.21563932299613953,0.9743704199790955,-0.011620738543570042,-3.091434955596924,-0.11800532788038254,2.7033209800720215,0.000186034943908453,0.00026676198467612267,0.00033158622682094574,0.0,0.0,0.0,0.0,0.0,0.0,-0.5687857000000001,0.61781895,10.2577559,0.08726646259971647,0.06981317007977318,-0.05235987755982989,-717.0,318.0,-400.0,1600,1600,1599,1599,0,0,0,0
1763969206.188871,0.0,0.0,31.96,154.88,-0.06297847628593445,0.21564055979251862,0.9743704795837402,-0.01162306871265173,-3.091434955596924,-0.11800532788038254,2.7033209800720215,0.000186034943908453,0.00026676198467612267,0.00033158622682094574,0.0,0.0,0.0,0.0,0.0,0.0,-0.5687857000000001,0.61781895,10.2577559,0.08726646259971647,0.06981317007977318,-0.05235987755982989,-717.0,318.0,-400.0,1600,1600,1599,1599,0,0,0,0
1763969206.2222798,0.0,0.0,31.96,154.88,-0.06297847628593445,0.21564055979251862,0.9743704795837402,-0.01162306871265173,-3.091434955596924,-0.11800532788038254,2.7033209800720215,0.000186034943908453,0.00026676198467612267,0.00033158622682094574,0.0,0.0,0.0,0.0,0.0,0.0,-0.5687857000000001,0.61781895,10.2577559,0.08726646259971647,0.06981317007977318,-0.05235987755982989,-717.0,318.0,-400.0,1600,1600,1599,1599,0,0,0,0
1763969206.255687,0.0,0.0,31.96,154.88,-0.06297847628593445,0.21564055979251862,0.9743704795837402,-0.01162306871265173,-3.091434955596924,-0.11800532788038254,2.7033209800720215,0.000186034943908453,0.00026676198467612267,0.00033158622682094574,0.0,0.0,0.0,0.0,0.0,0.0,-0.5687857000000001,0.61781895,10.2577559,0.08726646259971647,0.06981317007977318,-0.05235987755982989,-717.0,318.0,-400.0,1600,1600,1599,1599,0,0,0,0
1763969206.2890985,0.0,0.0,31.96,154.88,-0.06297847628593445,0.21564055979251862,0.9743704795837402,-0.01162306871265173,-3.091434955596924,-0.11800532788038254,2.7033209800720215,0.000186034943908453,0.00026676198467612267,0.00033158622682094574,0.0,0.0,0.0,0.0,0.0,0.0,-0.5687857000000001,0.61781895,10.2577559,0.08726646259971647,0.06981317007977318,-0.03490658503988659,-719.0,320.0,-404.0,1600,1600,1599,1599,0,0,0,0
1763969206.3225203,0.0,0.0,31.96,154.88,-0.06297847628593445,0.21564055979251862,0.9743704795837402,-0.01162306871265173,-3.0914182662963867,-0.11801344156265259,2.7033329010009766,0.0010593538172543049,0.000784803181886673,0.00010809884406626225,0.0,0.0,0.0,0.0,0.0,0.0,-0.5687857000000001,0.61781895,10.2577559,0.08726646259971647,0.06981317007977318,-0.03490658503988659,-719.0,320.0,-404.0,1600,1600,1599,1599,0,0,0,0
1763969206.3559244,0.0,0.0,31.96,154.88,-0.06298413872718811,0.21563410758972168,0.9743714332580566,-0.011630630120635033,-3.0914182662963867,-0.11801344156265259,2.7033329010009766,0.0010593538172543049,0.000784803181886673,0.00010809884406626225,0.0,0.0,0.0,0.0,0.0,0.0,-0.5687857000000001,0.61781895,10.2577559,0.08726646259971647,0.06981317007977318,-0.03490658503988659,-719.0,320.0,-404.0,1600,1600,1599,1599,0,0,0,0
1763969206.3893251,0.0,0.0,32.33,154.88,-0.06298413872718811,0.21563410758972168,0.9743714332580566,-0.011630630120635033,-3.0914182662963867,-0.11801344156265259,2.7033329010009766,0.0010593538172543049,0.000784803181886673,0.00010809884406626225,0.0,0.0,0.0,0.0,0.0,0.0,-0.5687857000000001,0.61781895,10.2577559,0.08726646259971647,0.06981317007977318,-0.03490658503988659,-719.0,320.0,-404.0,1600,1600,1599,1599,0,0,0,0
1763969206.4227204,0.0,0.0,32.33,154.88,-0.06298413872718811,0.21563410758972168,0.9743714332580566,-0.011630630120635033,-3.0914182662963867,-0.11801344156265259,2.7033329010009766,0.0010593538172543049,0.000784803181886673,0.00010809884406626225,0.0,0.0,0.0,0.0,0.0,0.0,-0.5687857000000001,0.61781895,10.2577559,0.08726646259971647,0.06981317007977318,-0.03490658503988659,-719.0,320.0,-404.0,1600,1600,1599,1599,0,0,0,0
1763969206.4561238,0.0,0.0,32.33,154.88,-0.06298413872718811,0.21563410758972168,0.9743714332580566,-0.011630630120635033,-3.0914182662963867,-0.11801344156265259,2.7033329010009766,0.0010593538172543049,0.000784803181886673,0.00010809884406626225,0.0,0.0,0.0,0.0,0.0,0.0,-0.5687857000000001,0.61781895,10.2577559,0.08726646259971647,0.06981317007977318,-0.03490658503988659,-719.0,320.0,-404.0,1600,1600,1599,1599,0,0,0,0
1763969206.48952,0.0,0.0,32.33,154.88,-0.06298413872718811,0.21563410758972168,0.9743714332580566,-0.011630630120635033,-3.0914182662963867,-0.11801344156265259,2.7033329010009766,0.0010593538172543049,0.000784803181886673,0.00010809884406626225,0.0,0.0,0.0,0.0,0.0,0.0,-0.57859235,0.6276256,10.267562550000001,0.10471975511965978,0.08726646259971647,-0.05235987755982989,-724.0,320.0,-402.0,1600,1600,1599,1599,0,0,0,0
1763969206.5229177,0.0,0.0,32.33,154.88,-0.06298413872718811,0.21563410758972168,0.9743714332580566,-0.011630630120635033,-3.091423988342285,-0.11800777167081833,2.7033498287200928,-0.0008722944185137749,-0.0007014898583292961,-0.00031260401010513306,0.0,0.0,0.0,0.0,0.0,0.0,-0.57859235,0.6276256,10.267562550000001,0.10471975511965978,0.08726646259971647,-0.05235987755982989,-724.0,320.0,-402.0,1600,1600,1599,1599,0,0,0,0
1763969206.5563123,0.0,0.0,32.33,154.88,-0.06298065930604935,0.21562615036964417,0.974373459815979,-0.011628976091742516,-3.091423988342285,-0.11800777167081833,2.7033498287200928,-0.0008722944185137749,-0.0007014898583292961,-0.00031260401010513306,0.0,0.0,0.0,0.0,0.0,0.0,-0.57859235,0.6276256,10.267562550000001,0.10471975511965978,0.08726646259971647,-0.05235987755982989,-724.0,320.0,-402.0,1600,1600,1599,1599,0,0,0,0
1763969206.589724,0.0,0.0,32.33,154.89,-0.06298065930604935,0.21562615036964417,0.974373459815979,-0.011628976091742516,-3.091423988342285,-0.11800777167081833,2.7033498287200928,-0.0008722944185137749,-0.0007014898583292961,-0.00031260401010513306,0.0,0.0,0.0,0.0,0.0,0.0,-0.57859235,0.6276256,10.267562550000001,0.10471975511965978,0.08726646259971647,-0.05235987755982989,-724.0,320.0,-402.0,1600,1600,1599,1599,0,0,0,0
1763969206.623125,0.0,0.0,32.33,154.89,-0.06298065930604935,0.21562615036964417,0.974373459815979,-0.011628976091742516,-3.091423988342285,-0.11800777167081833,2.7033498287200928,-0.0008722944185137749,-0.0007014898583292961,-0.00031260401010513306,0.0,0.0,0.0,0.0,0.0,0.0,-0.57859235,0.6276256,10.267562550000001,0.10471975511965978,0.08726646259971647,-0.05235987755982989,-724.0,320.0,-402.0,1600,1600,1599,1599,0,0,0,0
1763969206.656532,0.0,0.0,32.33,154.89,-0.06298065930604935,0.21562615036964417,0.974373459815979,-0.011628976091742516,-3.091423988342285,-0.11800777167081833,2.7033498287200928,-0.0008722944185137749,-0.0007014898583292961,-0.00031260401010513306,0.0,0.0,0.0,0.0,0.0,0.0,-0.57859235,0.6276256,10.267562550000001,0.10471975511965978,0.08726646259971647,-0.05235987755982989,-724.0,320.0,-402.0,1600,1600,1599,1599,0,0,0,0
1763969206.6899405,0.0,0.0,32.33,154.89,-0.06298065930604935,0.21562615036964417,0.974373459815979,-0.011628976091742516,-3.091423988342285,-0.11800777167081833,2.7033498287200928,-0.0008722944185137749,-0.0007014898583292961,-0.00031260401010513306,0.0,0.0,0.0,0.0,0.0,0.0,-0.588399,0.6276256,10.2577559,0.06981317007977318,0.05235987755982989,-0.05235987755982989,-724.0,320.0,-402.0,1600,1600,1599,1599,0,0,0,0
1763969206.723337,0.0,0.0,32.33,154.89,-0.06298065930604935,0.21562615036964417,0.974373459815979,-0.011628976091742516,-3.091578245162964,-0.11768441647291183,2.7034366130828857,0.001338824164122343,0.0009588864631950855,-0.000713542802259326,0.0,0.0,0.0,0.0,0.0,0.0,-0.588399,0.6276256,10.2577559,0.06981317007977318,0.05235987755982989,-0.05235987755982989,-724.0,320.0,-402.0,1600,1600,1599,1599,0,0,0,0
1763969206.756747,0.0,0.0,32.33,154.89,-0.06280610710382462,0.21559475362300873,0.9743921160697937,-0.011591827496886253,-3.091578245162964,-0.11768441647291183,2.7034366130828857,0.001338824164122343,0.0009588864631950855,-0.000713542802259326,0.0,0.0,0.0,0.0,0.0,0.0,-0.588399,0.6276256,10.2577559,0.06981317007977318,0.05235987755982989,-0.05235987755982989,-724.0,320.0,-402.0,1600,1600,1599,1599,0,0,0,0
1763969206.7901425,0.0,0.0,32.2,154.89,-0.06280610710382462,0.21559475362300873,0.9743921160697937,-0.011591827496886253,-3.091578245162964,-0.11768441647291183,2.7034366130828857,0.001338824164122343,0.0009588864631950855,-0.000713542802259326,0.0,0.0,0.0,0.0,0.0,0.0,-0.588399,0.6276256,10.2577559,0.06981317007977318,0.05235987755982989,-0.05235987755982989,-724.0,320.0,-402.0,1600,1600,1599,1599,0,0,0,0
1763969206.8235357,0.0,0.0,32.2,154.89,-0.06280610710382462,0.21559475362300873,0.9743921160697937,-0.011591827496886253,-3.091578245162964,-0.11768441647291183,2.7034366130828857,0.001338824164122343,0.0009588864631950855,-0.000713542802259326,0.0,0.0,0.0,0.0,0.0,0.0,-0.588399,0.6276256,10.2577559,0.06981317007977318,0.05235987755982989,-0.05235987755982989,-724.0,320.0,-402.0,1600,1600,1599,1599,0,0,0,0
1763969206.8569498,0.0,0.0,32.2,154.89,-0.06280610710382462,0.21559475362300873,0.9743921160697937,-0.011591827496886253,-3.091578245162964,-0.11768441647291183,2.7034366130828857,0.001338824164122343,0.0009588864631950855,-0.000713542802259326,0.0,0.0,0.0,0.0,0.0,0.0,-0.588399,0.6276256,10.2577559,0.06981317007977318,0.05235987755982989,-0.05235987755982989,-724.0,320.0,-402.0,1600,1600,1599,1599,0,0,0,0
1763969206.8903859,0.0,0.0,32.2,154.89,-0.06280610710382462,0.21559475362300873,0.9743921160697937,-0.011591827496886253,-3.091578245162964,-0.11768441647291183,2.7034366130828857,0.001338824164122343,0.0009588864631950855,-0.000713542802259326,0.0,0.0,0.0,0.0,0.0,0.0,-0.5491724,0.588399,10.2577559,0.10471975511965978,0.08726646259971647,-0.05235987755982989,-716.0,318.0,-402.0,1600,1600,1599,1599,0,0,0,0
1763969206.9237916,0.0,0.0,32.2,154.89,-0.06280610710382462,0.21559475362300873,0.9743921160697937,-0.011591827496886253,-3.0915534496307373,-0.11772152781486511,2.703433036804199,0.0017820666544139385,-0.0007289531640708447,0.0007801298052072525,0.0,0.0,0.0,0.0,0.0,0.0,-0.5491724,0.588399,10.2577559,0.10471975511965978,0.08726646259971647,-0.05235987755982989,-716.0,318.0,-402.0,1600,1600,1599,1599,0,0,0,0
1763969206.9571934,0.0,0.0,32.2,154.89,-0.06282687187194824,0.21559494733810425,0.9743905663490295,-0.011599772609770298,-3.0915534496307373,-0.11772152781486511,2.703433036804199,0.0017820666544139385,-0.0007289531640708447,0.0007801298052072525,0.0,0.0,0.0,0.0,0.0,0.0,-0.5491724,0.588399,10.2577559,0.10471975511965978,0.08726646259971647,-0.05235987755982989,-716.0,318.0,-402.0,1600,1600,1599,1599,0,0,0,0
1763969206.9906154,0.0,0.0,32.2,154.89,-0.06282687187194824,0.21559494733810425,0.9743905663490295,-0.011599772609770298,-3.0915534496307373,-0.11772152781486511,2.703433036804199,0.0017820666544139385,-0.0007289531640708447,0.0007801298052072525,0.0,0.0,0.0,0.0,0.0,0.0,-0.5491724,0.588399,10.2577559,0.10471975511965978,0.08726646259971647,-0.05235987755982989,-716.0,318.0,-402.0,1600,1600,1599,1599,0,0,0,0
1763969207.0240152,0.0,0.0,32.2,154.89,-0.06282687187194824,0.21559494733810425,0.9743905663490295,-0.011599772609770298,-3.0915534496307373,-0.11772152781486511,2.703433036804199,0.0017820666544139385,-0.0007289531640708447,0.0007801298052072525,0.0,0.0,0.0,0.0,0.0,0.0,-0.5491724,0.588399,10.2577559,0.10471975511965978,0.08726646259971647,-0.05235987755982989,-716.0,318.0,-402.0,1600,1600,1599,1599,0,0,0,0
1763969207.0574229,0.0,0.0,32.2,154.89,-0.06282687187194824,0.21559494733810425,0.9743905663490295,-0.011599772609770298,-3.0915534496307373,-0.11772152781486511,2.703433036804199,0.0017820666544139385,-0.0007289531640708447,0.0007801298052072525,0.0,0.0,0.0,0.0,0.0,0.0,-0.5491724,0.588399,10.2577559,0.10471975511965978,0.08726646259971647,-0.05235987755982989,-716.0,318.0,-402.0,1600,1600,1599,1599,0,0,0,0
1763969207.090872,0.0,0.0,32.2,154.89,-0.06282687187194824,0.21559494733810425,0.9743905663490295,-0.011599772609770298,-3.0915534496307373,-0.11772152781486511,2.703433036804199,0.0017820666544139385,-0.0007289531640708447,0.0007801298052072525,0.0,0.0,0.0,0.0,0.0,0.0,-0.55897905,0.6080123,10.24794925,0.12217304763960307,0.05235987755982989,-0.03490658503988659,-716.0,318.0,-402.0,1600,1600,1599,1599,0,0,0,0
1763969207.1242774,0.0,0.0,32.2,154.89,-0.06282687187194824,0.21559494733810425,0.9743905663490295,-0.011599772609770298,-3.0915181636810303,-0.11774784326553345,2.7034060955047607,9.392714127898216e-05,0.00017517805099487305,0.0010626590810716152,0.0,0.0,0.0,0.0,0.0,0.0,-0.55897905,0.6080123,10.24794925,0.12217304763960307,0.05235987755982989,-0.03490658503988659,-716.0,318.0,-402.0,1600,1600,1599,1599,0,0,0,0
1763969207.157687,0.0,0.0,32.2,154.89,-0.06282687187194824,0.21559494733810425,0.9743905663490295,-0.011599772609770298,-3.0915181636810303,-0.11774784326553345,2.7034060955047607,9.392714127898216e-05,0.00017517805099487305,0.0010626590810716152,0.0,0.0,0.0,0.0,0.0,0.0,-0.55897905,0.6080123,10.24794925,0.12217304763960307,0.05235987755982989,-0.03490658503988659,-716.0,318.0,-402.0,1600,1600,1599,1599,0,0,0,0
1763969207.1911523,0.0,0.0,32.2,154.89,-0.06284365057945251,0.21560654044151306,0.9743868112564087,-0.011613314040005207,-3.0915181636810303,-0.11774784326553345,2.7034060955047607,9.392714127898216e-05,0.00017517805099487305,0.0010626590810716152,0.0,0.0,0.0,0.0,0.0,0.0,-0.55897905,0.6080123,10.24794925,0.12217304763960307,0.05235987755982989,-0.03490658503988659,-716.0,318.0,-402.0,1600,1600,1599,1599,0,0,0,0
1763969207.2245572,0.0,0.0,32.04,154.89,-0.06284365057945251,0.21560654044151306,0.9743868112564087,-0.011613314040005207,-3.0915181636810303,-0.11774784326553345,2.7034060955047607,9.392714127898216e-05,0.00017517805099487305,0.0010626590810716152,0.0,0.0,0.0,0.0,0.0,0.0,-0.55897905,0.6080123,10.24794925,0.12217304763960307,0.05235987755982989,-0.03490658503988659,-716.0,318.0,-402.0,1600,1600,1599,1599,0,0,0,0
1763969207.2579637,0.0,0.0,32.04,154.89,-0.06284365057945251,0.21560654044151306,0.9743868112564087,-0.011613314040005207,-3.0915181636810303,-0.11774784326553345,2.7034060955047607,9.392714127898216e-05,0.00017517805099487305,0.0010626590810716152,0.0,0.0,0.0,0.0,0.0,0.0,-0.57859235,0.6276256,10.2577559,0.08726646259971647,0.06981317007977318,-0.03490658503988659,-718.0,320.0,-402.0,1600,1600,1599,1599,0,0,0,0
1763969207.291393,0.0,0.0,32.04,154.89,-0.06284365057945251,0.21560654044151306,0.9743868112564087,-0.011613314040005207,-3.0915355682373047,-0.11774765700101852,2.70339035987854,-0.0013066860847175121,-3.0377879738807678e-05,0.00022558984346687794,0.0,0.0,0.0,0.0,0.0,0.0,-0.57859235,0.6276256,10.2577559,0.08726646259971647,0.06981317007977318,-0.03490658503988659,-718.0,320.0,-402.0,1600,1600,1599,1599,0,0,0,0
1763969207.324796,0.0,0.0,32.04,154.89,-0.06284176558256149,0.2156146615743637,0.9743852615356445,-0.011604296043515205,-3.0915355682373047,-0.11774765700101852,2.70339035987854,-0.0013066860847175121,-3.0377879738807678e-05,0.00022558984346687794,0.0,0.0,0.0,0.0,0.0,0.0,-0.57859235,0.6276256,10.2577559,0.08726646259971647,0.06981317007977318,-0.03490658503988659,-718.0,320.0,-402.0,1600,1600,1599,1599,0,0,0,0
1763969207.3581908,0.0,0.0,32.04,154.89,-0.06284176558256149,0.2156146615743637,0.9743852615356445,-0.011604296043515205,-3.0915355682373047,-0.11774765700101852,2.70339035987854,-0.0013066860847175121,-3.0377879738807678e-05,0.00022558984346687794,0.0,0.0,0.0,0.0,0.0,0.0,-0.57859235,0.6276256,10.2577559,0.08726646259971647,0.06981317007977318,-0.03490658503988659,-718.0,320.0,-402.0,1600,1600,1599,1599,0,0,0,0
1763969207.3915954,0.0,0.0,32.04,154.89,-0.06284176558256149,0.2156146615743637,0.9743852615356445,-0.011604296043515205,-3.0915355682373047,-0.11774765700101852,2.70339035987854,-0.0013066860847175121,-3.0377879738807678e-05,0.00022558984346687794,0.0,0.0,0.0,0.0,0.0,0.0,-0.57859235,0.6276256,10.2577559,0.08726646259971647,0.06981317007977318,-0.03490658503988659,-718.0,320.0,-402.0,1600,1600,1599,1599,0,0,0,0
1763969207.4249947,0.0,0.0,32.04,154.89,-0.06284176558256149,0.2156146615743637,0.9743852615356445,-0.011604296043515205,-3.0915355682373047,-0.11774765700101852,2.70339035987854,-0.0013066860847175121,-3.0377879738807678e-05,0.00022558984346687794,0.0,0.0,0.0,0.0,0.0,0.0,-0.57859235,0.6276256,10.2577559,0.06981317007977318,0.06981317007977318,-0.03490658503988659,-718.0,320.0,-402.0,1600,1600,1599,1599,0,0,0,0
1763969207.4584405,0.0,0.0,32.04,154.89,-0.06284176558256149,0.2156146615743637,0.9743852615356445,-0.011604296043515205,-3.0915303230285645,-0.11774756014347076,2.7033984661102295,0.0009065577760338783,0.0005877483636140823,-0.0004774283152073622,0.0,0.0,0.0,0.0,0.0,0.0,-0.57859235,0.6276256,10.2577559,0.06981317007977318,0.06981317007977318,-0.03490658503988659,-718.0,320.0,-402.0,1600,1600,1599,1599,0,0,0,0
1763969207.4919121,0.0,0.0,32.04,154.89,-0.0628422349691391,0.2156105935573578,0.9743860363960266,-0.011607102118432522,-3.0915303230285645,-0.11774756014347076,2.7033984661102295,0.0009065577760338783,0.0005877483636140823,-0.0004774283152073622,0.0,0.0,0.0,0.0,0.0,0.0,-0.57859235,0.6276256,10.2577559,0.06981317007977318,0.06981317007977318,-0.03490658503988659,-718.0,320.0,-402.0,1600,1600,1599,1599,0,0,0,0
1763969207.525316,0.0,0.0,32.04,154.89,-0.0628422349691391,0.2156105935573578,0.9743860363960266,-0.011607102118432522,-3.0915303230285645,-0.11774756014347076,2.7033984661102295,0.0009065577760338783,0.0005877483636140823,-0.0004774283152073622,0.0,0.0,0.0,0.0,0.0,0.0,-0.57859235,0.6276256,10.2577559,0.06981317007977318,0.06981317007977318,-0.03490658503988659,-718.0,320.0,-402.0,1600,1600,1599,1599,0,0,0,0
1763969207.5587184,0.0,0.0,32.04,154.89,-0.0628422349691391,0.2156105935573578,0.9743860363960266,-0.011607102118432522,-3.0915303230285645,-0.11774756014347076,2.7033984661102295,0.0009065577760338783,0.0005877483636140823,-0.0004774283152073622,0.0,0.0,0.0,0.0,0.0,0.0,-0.57859235,0.6276256,10.2577559,0.06981317007977318,0.06981317007977318,-0.03490658503988659,-718.0,320.0,-402.0,1600,1600,1599,1599,0,0,0,0
1763969207.5921223,0.0,0.0,32.04,154.89,-0.0628422349691391,0.2156105935573578,0.9743860363960266,-0.011607102118432522,-3.0915303230285645,-0.11774756014347076,2.7033984661102295,0.0009065577760338783,0.0005877483636140823,-0.0004774283152073622,0.0,0.0,0.0,0.0,0.0,0.0,-0.5687857000000001,0.61781895,10.2577559,0.10471975511965978,0.08726646259971647,-0.05235987755982989,-718.0,320.0,-402.0,1600,1600,1599,1599,0,0,0,0
1763969207.6255424,0.0,0.0,32.04,154.89,-0.0628422349691391,0.2156105935573578,0.9743860363960266,-0.011607102118432522,-3.091493606567383,-0.1177300214767456,2.703324317932129,-9.637093171477318e-05,-0.0022652549669146538,-0.0008667809888720512,0.0,0.0,0.0,0.0,0.0,0.0,-0.5687857000000001,0.61781895,10.2577559,0.10471975511965978,0.08726646259971647,-0.05235987755982989,-718.0,320.0,-402.0,1600,1600,1599,1599,0,0,0,0
1763969207.6589472,0.0,0.0,32.04,154.89,-0.06283809244632721,0.2156459093093872,0.9743783473968506,-0.011624621227383614,-3.091493606567383,-0.1177300214767456,2.703324317932129,-9.637093171477318e-05,-0.0022652549669146538,-0.0008667809888720512,0.0,0.0,0.0,0.0,0.0,0.0,-0.5687857000000001,0.61781895,10.2577559,0.10471975511965978,0.08726646259971647,-0.05235987755982989,-718.0,320.0,-402.0,1600,1600,1599,1599,0,0,0,0
1763969207.6923456,0.0,0.0,32.04,154.89,-0.06283809244632721,0.2156459093093872,0.9743783473968506,-0.011624621227383614,-3.091493606567383,-0.1177300214767456,2.703324317932129,-9.637093171477318e-05,-0.0022652549669146538,-0.0008667809888720512,0.0,0.0,0.0,0.0,0.0,0.0,-0.5687857000000001,0.61781895,10.2577559,0.10471975511965978,0.08726646259971647,-0.05235987755982989,-718.0,320.0,-402.0,1600,1600,1599,1599,0,0,0,0
1763969207.7257447,0.0,0.0,32.04,154.89,-0.06283809244632721,0.2156459093093872,0.9743783473968506,-0.011624621227383614,-3.091493606567383,-0.1177300214767456,2.703324317932129,-9.637093171477318e-05,-0.0022652549669146538,-0.0008667809888720512,0.0,0.0,0.0,0.0,0.0,0.0,-0.57859235,0.61781895,10.2577559,0.08726646259971647,0.03490658503988659,-0.06981317007977318,-716.0,318.0,-400.0,1600,1600,1599,1599,0,0,0,0
1763969207.7591403,0.0,0.0,32.09,154.88,-0.06283809244632721,0.2156459093093872,0.9743783473968506,-0.011624621227383614,-3.091493606567383,-0.1177300214767456,2.703324317932129,-9.637093171477318e-05,-0.0022652549669146538,-0.0008667809888720512,0.0,0.0,0.0,0.0,0.0,0.0,-0.57859235,0.61781895,10.2577559,0.08726646259971647,0.03490658503988659,-0.06981317007977318,-716.0,318.0,-400.0,1600,1600,1599,1599,0,0,0,0
1763969207.7925346,0.0,0.0,32.09,154.88,-0.06283809244632721,0.2156459093093872,0.9743783473968506,-0.011624621227383614,-3.091489315032959,-0.11772927641868591,2.7033283710479736,-2.1972693502902985e-05,-0.000687367282807827,0.000339180463925004,0.0,0.0,0.0,0.0,0.0,0.0,-0.57859235,0.61781895,10.2577559,0.08726646259971647,0.03490658503988659,-0.06981317007977318,-716.0,318.0,-400.0,1600,1600,1599,1599,0,0,0,0
1763969207.8259363,0.0,0.0,32.09,154.88,-0.06283816695213318,0.21564379334449768,0.9743787050247192,-0.01162691880017519,-3.091489315032959,-0.11772927641868591,2.7033283710479736,-2.1972693502902985e-05,-0.000687367282807827,0.000339180463925004,0.0,0.0,0.0,0.0,0.0,0.0,-0.57859235,0.61781895,10.2577559,0.08726646259971647,0.03490658503988659,-0.06981317007977318,-716.0,318.0,-400.0,1600,1600,1599,1599,0,0,0,0
1763969207.8593416,0.0,0.0,32.13,154.88,-0.06283816695213318,0.21564379334449768,0.9743787050247192,-0.01162691880017519,-3.091489315032959,-0.11772927641868591,2.7033283710479736,-2.1972693502902985e-05,-0.000687367282807827,0.000339180463925004,0.0,0.0,0.0,0.0,0.0,0.0,-0.57859235,0.61781895,10.2577559,0.08726646259971647,0.03490658503988659,-0.06981317007977318,-716.0,318.0,-400.0,1600,1600,1599,1599,0,0,0,0
1763969207.8927453,0.0,0.0,32.13,154.88,-0.06283816695213318,0.21564379334449768,0.9743787050247192,-0.01162691880017519,-3.091489315032959,-0.11772927641868591,2.7033283710479736,-2.1972693502902985e-05,-0.000687367282807827,0.000339180463925004,0.0,0.0,0.0,0.0,0.0,0.0,-0.57859235,0.61781895,10.2577559,0.08726646259971647,0.03490658503988659,-0.06981317007977318,-716.0,318.0,-400.0,1600,1600,1599,1599,0,0,0,0
1763969207.9261446,0.0,0.0,32.13,154.88,-0.06283816695213318,0.21564379334449768,0.9743787050247192,-0.01162691880017519,-3.091489315032959,-0.11772927641868591,2.7033283710479736,-2.1972693502902985e-05,-0.000687367282807827,0.000339180463925004,0.0,0.0,0.0,0.0,0.0,0.0,-0.5687857000000001,0.61781895,10.2577559,0.08726646259971647,0.05235987755982989,-0.03490658503988659,-721.0,316.0,-401.0,1600,1600,1599,1599,0,0,0,0
1763969207.9595413,0.0,0.0,32.13,154.88,-0.06284146010875702,0.21563194692134857,0.9743812084197998,-0.01162298396229744,-3.091489315032959,-0.11772927641868591,2.7033283710479736,-2.1972693502902985e-05,-0.000687367282807827,0.000339180463925004,0.0,0.0,0.0,0.0,0.0,0.0,-0.5687857000000001,0.61781895,10.2577559,0.08726646259971647,0.05235987755982989,-0.03490658503988659,-721.0,316.0,-401.0,1600,1600,1599,1599,0,0,0,0
1763969207.992938,0.0,0.0,32.13,154.89,-0.06284146010875702,0.21563194692134857,0.9743812084197998,-0.01162298396229744,-3.091489315032959,-0.11772927641868591,2.7033283710479736,-2.1972693502902985e-05,-0.000687367282807827,0.000339180463925004,0.0,0.0,0.0,0.0,0.0,0.0,-0.5687857000000001,0.61781895,10.2577559,0.08726646259971647,0.05235987755982989,-0.03490658503988659,-721.0,316.0,-401.0,1600,1600,1599,1599,0,0,0,0
1763969208.0264382,0.0,0.0,32.13,154.89,-0.06284146010875702,0.21563194692134857,0.9743812084197998,-0.01162298396229744,-3.091489315032959,-0.11772927641868591,2.7033283710479736,-2.1972693502902985e-05,-0.000687367282807827,0.000339180463925004,0.0,0.0,0.0,0.0,0.0,0.0,-0.5687857000000001,0.61781895,10.2577559,0.08726646259971647,0.05235987755982989,-0.03490658503988659,-721.0,316.0,-401.0,1600,1600,1599,1599,0,0,0,0
1763969208.0598443,0.0,0.0,32.13,154.89,-0.06284146010875702,0.21563194692134857,0.9743812084197998,-0.01162298396229744,-3.091489315032959,-0.11772927641868591,2.7033283710479736,-2.1972693502902985e-05,-0.000687367282807827,0.000339180463925004,0.0,0.0,0.0,0.0,0.0,0.0,-0.55897905,0.61781895,10.2577559,0.06981317007977318,0.06981317007977318,-0.05235987755982989,-721.0,316.0,-401.0,1600,1600,1599,1599,0,0,0,0
1763969208.0932424,0.0,0.0,32.13,154.89,-0.06284146010875702,0.21563194692134857,0.9743812084197998,-0.01162298396229744,-3.091513156890869,-0.11775548756122589,2.7033631801605225,-0.00020378967747092247,0.00014889240264892578,-0.00029470911249518394,0.0,0.0,0.0,0.0,0.0,0.0,-0.55897905,0.61781895,10.2577559,0.06981317007977318,0.06981317007977318,-0.05235987755982989,-721.0,316.0,-401.0,1600,1600,1599,1599,0,0,0,0
1763969208.1266484,0.0,0.0,32.13,154.89,-0.06284815818071365,0.21562711894512177,0.9743819832801819,-0.011613549664616585,-3.091513156890869,-0.11775548756122589,2.7033631801605225,-0.00020378967747092247,0.00014889240264892578,-0.00029470911249518394,0.0,0.0,0.0,0.0,0.0,0.0,-0.55897905,0.61781895,10.2577559,0.06981317007977318,0.06981317007977318,-0.05235987755982989,-721.0,316.0,-401.0,1600,1600,1599,1599,0,0,0,0
1763969208.160046,0.0,0.0,32.13,154.89,-0.06284815818071365,0.21562711894512177,0.9743819832801819,-0.011613549664616585,-3.091513156890869,-0.11775548756122589,2.7033631801605225,-0.00020378967747092247,0.00014889240264892578,-0.00029470911249518394,0.0,0.0,0.0,0.0,0.0,0.0,-0.55897905,0.61781895,10.2577559,0.06981317007977318,0.06981317007977318,-0.05235987755982989,-721.0,316.0,-401.0,1600,1600,1599,1599,0,0,0,0
1763969208.1934428,0.0,0.0,32.13,154.89,-0.06284815818071365,0.21562711894512177,0.9743819832801819,-0.011613549664616585,-3.091513156890869,-0.11775548756122589,2.7033631801605225,-0.00020378967747092247,0.00014889240264892578,-0.00029470911249518394,0.0,0.0,0.0,0.0,0.0,0.0,-0.55897905,0.61781895,10.2577559,0.06981317007977318,0.06981317007977318,-0.05235987755982989,-721.0,316.0,-401.0,1600,1600,1599,1599,0,0,0,0
1763969208.226844,0.0,0.0,32.13,154.89,-0.06284815818071365,0.21562711894512177,0.9743819832801819,-0.011613549664616585,-3.091513156890869,-0.11775548756122589,2.7033631801605225,-0.00020378967747092247,0.00014889240264892578,-0.00029470911249518394,0.0,0.0,0.0,0.0,0.0,0.0,-0.55897905,0.61781895,10.2577559,0.06981317007977318,0.06981317007977318,-0.05235987755982989,-721.0,316.0,-401.0,1600,1600,1599,1599,0,0,0,0
1763969208.2602527,0.0,0.0,32.13,154.89,-0.06284815818071365,0.21562711894512177,0.9743819832801819,-0.011613549664616585,-3.091513156890869,-0.11775548756122589,2.7033631801605225,-0.00020378967747092247,0.00014889240264892578,-0.00029470911249518394,0.0,0.0,0.0,0.0,0.0,0.0,-0.55897905,0.6080123,10.2577559,0.08726646259971647,0.06981317007977318,-0.05235987755982989,-721.0,316.0,-401.0,1600,1600,1599,1599,0,0,0,0
1763969208.2936535,0.0,0.0,32.13,154.89,-0.06284815818071365,0.21562711894512177,0.9743819832801819,-0.011613549664616585,-3.0915260314941406,-0.11774516105651855,2.7033638954162598,0.0009522512555122375,-0.0007598609663546085,-0.00026988983154296875,0.0,0.0,0.0,0.0,0.0,0.0,-0.55897905,0.6080123,10.2577559,0.08726646259971647,0.06981317007977318,-0.05235987755982989,-721.0,316.0,-401.0,1600,1600,1599,1599,0,0,0,0
1763969208.3270526,0.0,0.0,32.13,154.89,-0.06284815818071365,0.21562711894512177,0.9743819832801819,-0.011613549664616585,-3.0915260314941406,-0.11774516105651855,2.7033638954162598,0.0009522512555122375,-0.0007598609663546085,-0.00026988983154296875,0.0,0.0,0.0,0.0,0.0,0.0,-0.55897905,0.6080123,10.2577559,0.08726646259971647,0.06981317007977318,-0.05235987755982989,-721.0,316.0,-401.0,1600,1600,1599,1599,0,0,0,0
1763969208.360449,0.0,0.0,32.13,154.89,-0.06284815818071365,0.21562711894512177,0.9743819832801819,-0.011613549664616585,-3.0914249420166016,-0.11781980842351913,2.7033469676971436,0.001939321868121624,0.00043961405754089355,-0.0003423774614930153,0.0,0.0,0.0,0.0,0.0,0.0,-0.55897905,0.6080123,10.2577559,0.08726646259971647,0.06981317007977318,-0.05235987755982989,-721.0,316.0,-401.0,1600,1600,1599,1599,0,0,0,0
1763969208.3938496,0.0,0.0,32.13,154.89,-0.06288906931877136,0.21563111245632172,0.9743779897689819,-0.011649019084870815,-3.0914249420166016,-0.11781980842351913,2.7033469676971436,0.001939321868121624,0.00043961405754089355,-0.0003423774614930153,0.0,0.0,0.0,0.0,0.0,0.0,-0.55897905,0.6080123,10.2577559,0.08726646259971647,0.06981317007977318,-0.05235987755982989,-721.0,316.0,-401.0,1600,1600,1599,1599,0,0,0,0
1763969208.4272764,0.0,0.0,32.15,154.89,-0.06288906931877136,0.21563111245632172,0.9743779897689819,-0.011649019084870815,-3.0914249420166016,-0.11781980842351913,2.7033469676971436,0.001939321868121624,0.00043961405754089355,-0.0003423774614930153,0.0,0.0,0.0,0.0,0.0,0.0,-0.55897905,0.6080123,10.2577559,0.08726646259971647,0.06981317007977318,-0.05235987755982989,-721.0,316.0,-401.0,1600,1600,1599,1599,0,0,0,0
1763969208.4606795,0.0,0.0,32.15,154.89,-0.06288906931877136,0.21563111245632172,0.9743779897689819,-0.011649019084870815,-3.0914249420166016,-0.11781980842351913,2.7033469676971436,0.001939321868121624,0.00043961405754089355,-0.0003423774614930153,0.0,0.0,0.0,0.0,0.0,0.0,-0.55897905,0.6080123,10.2577559,0.08726646259971647,0.06981317007977318,-0.05235987755982989,-721.0,316.0,-401.0,1600,1600,1599,1599,0,0,0,0
1763969208.4940856,0.0,0.0,32.15,154.89,-0.06288906931877136,0.21563111245632172,0.9743779897689819,-0.011649019084870815,-3.0914249420166016,-0.11781980842351913,2.7033469676971436,0.001939321868121624,0.00043961405754089355,-0.0003423774614930153,0.0,0.0,0.0,0.0,0.0,0.0,-0.5687857000000001,0.63743225,10.2577559,0.12217304763960307,0.08726646259971647,-0.05235987755982989,-719.0,324.0,-403.0,1600,1600,1599,1599,0,0,0,0
1763969208.5274909,0.0,0.0,32.15,154.89,-0.06288906931877136,0.21563111245632172,0.9743779897689819,-0.011649019084870815,-3.0914225578308105,-0.1178007647395134,2.7033283710479736,-0.0002378714270889759,-0.0007058233022689819,0.000834521371871233,0.0,0.0,0.0,0.0,0.0,0.0,-0.5687857000000001,0.63743225,10.2577559,0.12217304763960307,0.08726646259971647,-0.05235987755982989,-719.0,324.0,-403.0,1600,1600,1599,1599,0,0,0,0
1763969208.560888,0.0,0.0,32.15,154.89,-0.06288014352321625,0.21564039587974548,0.9743764400482178,-0.011651582084596157,-3.0914225578308105,-0.1178007647395134,2.7033283710479736,-0.0002378714270889759,-0.0007058233022689819,0.000834521371871233,0.0,0.0,0.0,0.0,0.0,0.0,-0.5687857000000001,0.63743225,10.2577559,0.12217304763960307,0.08726646259971647,-0.05235987755982989,-719.0,324.0,-403.0,1600,1600,1599,1599,0,0,0,0
1763969208.594297,0.0,0.0,32.15,154.88,-0.06288014352321625,0.21564039587974548,0.9743764400482178,-0.011651582084596157,-3.0914225578308105,-0.1178007647395134,2.7033283710479736,-0.0002378714270889759,-0.0007058233022689819,0.000834521371871233,0.0,0.0,0.0,0.0,0.0,0.0,-0.5687857000000001,0.63743225,10.2577559,0.12217304763960307,0.08726646259971647,-0.05235987755982989,-719.0,324.0,-403.0,1600,1600,1599,1599,0,0,0,0
1763969208.6277149,0.0,0.0,32.15,154.88,-0.06288014352321625,0.21564039587974548,0.9743764400482178,-0.011651582084596157,-3.0914225578308105,-0.1178007647395134,2.7033283710479736,-0.0002378714270889759,-0.0007058233022689819,0.000834521371871233,0.0,0.0,0.0,0.0,0.0,0.0,-0.5687857000000001,0.63743225,10.2577559,0.12217304763960307,0.08726646259971647,-0.05235987755982989,-719.0,324.0,-403.0,1600,1600,1599,1599,0,0,0,0
1763969208.6611214,0.0,0.0,32.15,154.88,-0.06288014352321625,0.21564039587974548,0.9743764400482178,-0.011651582084596157,-3.0914225578308105,-0.1178007647395134,2.7033283710479736,-0.0002378714270889759,-0.0007058233022689819,0.000834521371871233,0.0,0.0,0.0,0.0,0.0,0.0,-0.5687857000000001,0.63743225,10.2577559,0.12217304763960307,0.08726646259971647,-0.05235987755982989,-719.0,324.0,-403.0,1600,1600,1599,1599,0,0,0,0
1763969208.6945198,0.0,0.0,32.15,154.88,-0.06288014352321625,0.21564039587974548,0.9743764400482178,-0.011651582084596157,-3.091421365737915,-0.1178005039691925,2.703303813934326,0.001395492348819971,-0.00028883013874292374,0.0007500883657485247,0.0,0.0,0.0,0.0,0.0,0.0,-0.5687857000000001,0.63743225,10.2577559,0.12217304763960307,0.08726646259971647,-0.05235987755982989,-719.0,324.0,-403.0,1600,1600,1599,1599,0,0,0,0
1763969208.727917,0.0,0.0,32.15,154.88,-0.06288028508424759,0.2156522572040558,0.9743738174438477,-0.011651409789919853,-3.091421365737915,-0.1178005039691925,2.703303813934326,0.001395492348819971,-0.00028883013874292374,0.0007500883657485247,0.0,0.0,0.0,0.0,0.0,0.0,-0.5687857000000001,0.63743225,10.2577559,0.12217304763960307,0.08726646259971647,-0.05235987755982989,-719.0,324.0,-403.0,1600,1600,1599,1599,0,0,0,0
1763969208.761312,0.0,0.0,32.14,154.88,-0.06288028508424759,0.2156522572040558,0.9743738174438477,-0.011651409789919853,-3.091421365737915,-0.1178005039691925,2.703303813934326,0.001395492348819971,-0.00028883013874292374,0.0007500883657485247,0.0,0.0,0.0,0.0,0.0,0.0,-0.5687857000000001,0.63743225,10.2577559,0.12217304763960307,0.08726646259971647,-0.05235987755982989,-719.0,324.0,-403.0,1600,1600,1599,1599,0,0,0,0
1763969208.7947078,0.0,0.0,32.14,154.88,-0.06288028508424759,0.2156522572040558,0.9743738174438477,-0.011651409789919853,-3.091421365737915,-0.1178005039691925,2.703303813934326,0.001395492348819971,-0.00028883013874292374,0.0007500883657485247,0.0,0.0,0.0,0.0,0.0,0.0,-0.5687857000000001,0.63743225,10.2577559,0.12217304763960307,0.08726646259971647,-0.05235987755982989,-719.0,324.0,-403.0,1600,1600,1599,1599,0,0,0,0
1763969208.8281083,0.0,0.0,32.14,154.88,-0.06288028508424759,0.2156522572040558,0.9743738174438477,-0.011651409789919853,-3.091421365737915,-0.1178005039691925,2.703303813934326,0.001395492348819971,-0.00028883013874292374,0.0007500883657485247,0.0,0.0,0.0,0.0,0.0,0.0,-0.5687857000000001,0.63743225,10.2577559,0.12217304763960307,0.08726646259971647,-0.05235987755982989,-719.0,324.0,-403.0,1600,1600,1599,1599,0,0,0,0
1763969208.8615074,0.0,0.0,32.14,154.88,-0.06288028508424759,0.2156522572040558,0.9743738174438477,-0.011651409789919853,-3.091421365737915,-0.1178005039691925,2.703303813934326,0.001395492348819971,-0.00028883013874292374,0.0007500883657485247,0.0,0.0,0.0,0.0,0.0,0.0,-0.55897905,0.6080123,10.2577559,0.10471975511965978,0.06981317007977318,-0.03490658503988659,-718.0,321.0,-404.0,1600,1600,1599,1599,0,0,0,0
1763969208.894915,0.0,0.0,32.14,154.88,-0.06288028508424759,0.2156522572040558,0.9743738174438477,-0.011651409789919853,-3.091421365737915,-0.1178005039691925,2.703303813934326,0.001395492348819971,-0.00028883013874292374,0.0007500883657485247,0.0,0.0,0.0,0.0,0.0,0.0,-0.55897905,0.6080123,10.2577559,0.10471975511965978,0.06981317007977318,-0.03490658503988659,-718.0,321.0,-404.0,1600,1600,1599,1599,0,0,0,0
1763969208.9283152,0.0,0.0,32.14,154.88,-0.06288154423236847,0.21566905081272125,0.9743701815605164,-0.011644313111901283,-3.091421365737915,-0.1178005039691925,2.703303813934326,0.001395492348819971,-0.00028883013874292374,0.0007500883657485247,0.0,0.0,0.0,0.0,0.0,0.0,-0.55897905,0.6080123,10.2577559,0.10471975511965978,0.06981317007977318,-0.03490658503988659,-718.0,321.0,-404.0,1600,1600,1599,1599,0,0,0,0
1763969208.9617126,0.0,0.0,32.14,154.88,-0.06288154423236847,0.21566905081272125,0.9743701815605164,-0.011644313111901283,-3.091421365737915,-0.1178005039691925,2.703303813934326,0.001395492348819971,-0.00028883013874292374,0.0007500883657485247,0.0,0.0,0.0,0.0,0.0,0.0,-0.5491724,0.6080123,10.24794925,0.06981317007977318,0.06981317007977318,-0.05235987755982989,-718.0,321.0,-404.0,1600,1600,1599,1599,0,0,0,0
1763969208.995108,0.0,0.0,32.14,154.88,-0.06288154423236847,0.21566905081272125,0.9743701815605164,-0.011644313111901283,-3.091421365737915,-0.1178005039691925,2.703303813934326,0.001395492348819971,-0.00028883013874292374,0.0007500883657485247,0.0,0.0,0.0,0.0,0.0,0.0,-0.5491724,0.6080123,10.24794925,0.06981317007977318,0.06981317007977318,-0.05235987755982989,-718.0,321.0,-404.0,1600,1600,1599,1599,0,0,0,0
1763969209.0285184,0.0,0.0,32.14,154.88,-0.06288154423236847,0.21566905081272125,0.9743701815605164,-0.011644313111901283,-3.0914254188537598,-0.11781876534223557,2.7032651901245117,-0.00044942693784832954,0.0004463368095457554,0.00023768958635628223,0.0,0.0,0.0,0.0,0.0,0.0,-0.5491724,0.6080123,10.24794925,0.06981317007977318,0.06981317007977318,-0.05235987755982989,-718.0,321.0,-404.0,1600,1600,1599,1599,0,0,0,0
1763969209.061936,0.0,0.0,32.14,154.88,-0.0628889724612236,0.21567083895206451,0.9743692874908447,-0.011646267957985401,-3.0914254188537598,-0.11781876534223557,2.7032651901245117,-0.00044942693784832954,0.0004463368095457554,0.00023768958635628223,0.0,0.0,0.0,0.0,0.0,0.0,-0.5491724,0.6080123,10.24794925,0.06981317007977318,0.06981317007977318,-0.05235987755982989,-718.0,321.0,-404.0,1600,1600,1599,1599,0,0,0,0
1763969209.0953457,0.0,0.0,32.14,154.88,-0.0628889724612236,0.21567083895206451,0.9743692874908447,-0.011646267957985401,-3.0914254188537598,-0.11781876534223557,2.7032651901245117,-0.00044942693784832954,0.0004463368095457554,0.00023768958635628223,0.0,0.0,0.0,0.0,0.0,0.0,-0.5491724,0.6080123,10.24794925,0.06981317007977318,0.06981317007977318,-0.05235987755982989,-718.0,321.0,-404.0,1600,1600,1599,1599,0,0,0,0
1763969209.1287503,0.0,0.0,32.14,154.88,-0.0628889724612236,0.21567083895206451,0.9743692874908447,-0.011646267957985401,-3.0914254188537598,-0.11781876534223557,2.7032651901245117,-0.00044942693784832954,0.0004463368095457554,0.00023768958635628223,0.0,0.0,0.0,0.0,0.0,0.0,-0.5491724,0.6080123,10.24794925,0.06981317007977318,0.06981317007977318,-0.05235987755982989,-718.0,321.0,-404.0,1600,1600,1599,1599,0,0,0,0
1763969209.162156,0.0,0.0,32.14,154.88,-0.0628889724612236,0.21567083895206451,0.9743692874908447,-0.011646267957985401,-3.0914254188537598,-0.11781876534223557,2.7032651901245117,-0.00044942693784832954,0.0004463368095457554,0.00023768958635628223,0.0,0.0,0.0,0.0,0.0,0.0,-0.55897905,0.6080123,10.2577559,0.08726646259971647,0.08726646259971647,-0.03490658503988659,-718.0,321.0,-404.0,1600,1600,1599,1599,0,0,0,0
1763969209.195552,0.0,0.0,32.14,154.88,-0.0628889724612236,0.21567083895206451,0.9743692874908447,-0.011646267957985401,-3.0914053916931152,-0.11782864481210709,2.7032723426818848,0.0007875552400946617,-0.0006327400915324688,-0.0005377300549298525,0.0,0.0,0.0,0.0,0.0,0.0,-0.55897905,0.6080123,10.2577559,0.08726646259971647,0.08726646259971647,-0.03490658503988659,-718.0,321.0,-404.0,1600,1600,1599,1599,0,0,0,0
1763969209.2289505,0.0,0.0,32.14,154.88,-0.06289589405059814,0.21566663682460785,0.9743695855140686,-0.011655129492282867,-3.0914053916931152,-0.11782864481210709,2.7032723426818848,0.0007875552400946617,-0.0006327400915324688,-0.0005377300549298525,0.0,0.0,0.0,0.0,0.0,0.0,-0.55897905,0.6080123,10.2577559,0.08726646259971647,0.08726646259971647,-0.03490658503988659,-718.0,321.0,-404.0,1600,1600,1599,1599,0,0,0,0
1763969209.262349,0.0,0.0,32.09,154.88,-0.06289589405059814,0.21566663682460785,0.9743695855140686,-0.011655129492282867,-3.0914053916931152,-0.11782864481210709,2.7032723426818848,0.0007875552400946617,-0.0006327400915324688,-0.0005377300549298525,0.0,0.0,0.0,0.0,0.0,0.0,-0.55897905,0.6080123,10.2577559,0.08726646259971647,0.08726646259971647,-0.03490658503988659,-718.0,321.0,-404.0,1600,1600,1599,1599,0,0,0,0
1763969209.2957451,0.0,0.0,32.09,154.88,-0.06289589405059814,0.21566663682460785,0.9743695855140686,-0.011655129492282867,-3.0914053916931152,-0.11782864481210709,2.7032723426818848,0.0007875552400946617,-0.0006327400915324688,-0.0005377300549298525,0.0,0.0,0.0,0.0,0.0,0.0,-0.55897905,0.6080123,10.2577559,0.08726646259971647,0.08726646259971647,-0.03490658503988659,-718.0,321.0,-404.0,1600,1600,1599,1599,0,0,0,0
1763969209.3291411,0.0,0.0,32.09,154.88,-0.06289589405059814,0.21566663682460785,0.9743695855140686,-0.011655129492282867,-3.0914053916931152,-0.11782864481210709,2.7032723426818848,0.0007875552400946617,-0.0006327400915324688,-0.0005377300549298525,0.0,0.0,0.0,0.0,0.0,0.0,-0.55897905,0.6080123,10.2577559,0.08726646259971647,0.08726646259971647,-0.03490658503988659,-718.0,321.0,-404.0,1600,1600,1599,1599,0,0,0,0
1763969209.362535,0.0,0.0,32.09,154.88,-0.06289589405059814,0.21566663682460785,0.9743695855140686,-0.011655129492282867,-3.0914053916931152,-0.11782864481210709,2.7032723426818848,0.0007875552400946617,-0.0006327400915324688,-0.0005377300549298525,0.0,0.0,0.0,0.0,0.0,0.0,-0.57859235,0.6080123,10.24794925,0.10471975511965978,0.06981317007977318,-0.05235987755982989,-720.0,317.0,-399.0,1600,1600,1599,1599,0,0,0,0
1763969209.39593,0.0,0.0,32.09,154.88,-0.06289589405059814,0.21566663682460785,0.9743695855140686,-0.011655129492282867,-3.0913543701171875,-0.1178259551525116,2.7033448219299316,-0.0006828201003372669,-0.00099768559448421,-0.0005809159483760595,0.0,0.0,0.0,0.0,0.0,0.0,-0.57859235,0.6080123,10.24794925,0.10471975511965978,0.06981317007977318,-0.05235987755982989,-720.0,317.0,-399.0,1600,1600,1599,1599,0,0,0,0
1763969209.429327,0.0,0.0,32.09,154.88,-0.06289966404438019,0.21562980115413666,0.9743772149085999,-0.011682587675750256,-3.0913543701171875,-0.1178259551525116,2.7033448219299316,-0.0006828201003372669,-0.00099768559448421,-0.0005809159483760595,0.0,0.0,0.0,0.0,0.0,0.0,-0.57859235,0.6080123,10.24794925,0.10471975511965978,0.06981317007977318,-0.05235987755982989,-720.0,317.0,-399.0,1600,1600,1599,1599,0,0,0,0
1763969209.4627302,0.0,0.0,32.09,154.88,-0.06289966404438019,0.21562980115413666,0.9743772149085999,-0.011682587675750256,-3.0913543701171875,-0.1178259551525116,2.7033448219299316,-0.0006828201003372669,-0.00099768559448421,-0.0005809159483760595,0.0,0.0,0.0,0.0,0.0,0.0,-0.57859235,0.6080123,10.24794925,0.10471975511965978,0.06981317007977318,-0.05235987755982989,-720.0,317.0,-399.0,1600,1600,1599,1599,0,0,0,0
1763969209.4961278,0.0,0.0,32.16,154.89,-0.06289966404438019,0.21562980115413666,0.9743772149085999,-0.011682587675750256,-3.0913543701171875,-0.1178259551525116,2.7033448219299316,-0.0006828201003372669,-0.00099768559448421,-0.0005809159483760595,0.0,0.0,0.0,0.0,0.0,0.0,-0.57859235,0.6080123,10.24794925,0.10471975511965978,0.06981317007977318,-0.05235987755982989,-720.0,317.0,-399.0,1600,1600,1599,1599,0,0,0,0
1763969209.5295298,0.0,0.0,32.16,154.89,-0.06289966404438019,0.21562980115413666,0.9743772149085999,-0.011682587675750256,-3.0913543701171875,-0.1178259551525116,2.7033448219299316,-0.0006828201003372669,-0.00099768559448421,-0.0005809159483760595,0.0,0.0,0.0,0.0,0.0,0.0,-0.5687857000000001,0.6276256,10.2577559,0.06981317007977318,0.05235987755982989,-0.05235987755982989,-717.0,320.0,-398.0,1600,1600,1599,1599,0,0,0,0
1763969209.5629375,0.0,0.0,32.16,154.89,-0.06289966404438019,0.21562980115413666,0.9743772149085999,-0.011682587675750256,-3.0913543701171875,-0.1178259551525116,2.7033448219299316,-0.0006828201003372669,-0.00099768559448421,-0.0005809159483760595,0.0,0.0,0.0,0.0,0.0,0.0,-0.5687857000000001,0.6276256,10.2577559,0.06981317007977318,0.05235987755982989,-0.05235987755982989,-717.0,320.0,-398.0,1600,1600,1599,1599,0,0,0,0
1763969209.5963578,0.0,0.0,32.16,154.89,-0.06289966404438019,0.21562980115413666,0.9743772149085999,-0.011682587675750256,-3.091341018676758,-0.11782295256853104,2.703329563140869,-0.0009375987574458122,-0.0004461314529180527,0.0011738387402147055,0.0,0.0,0.0,0.0,0.0,0.0,-0.5687857000000001,0.6276256,10.2577559,0.06981317007977318,0.05235987755982989,-0.05235987755982989,-717.0,320.0,-398.0,1600,1600,1599,1599,0,0,0,0
1763969209.629756,0.0,0.0,32.16,154.89,-0.06289974600076675,0.21563678979873657,0.9743755459785461,-0.011689014732837677,-3.091341018676758,-0.11782295256853104,2.703329563140869,-0.0009375987574458122,-0.0004461314529180527,0.0011738387402147055,0.0,0.0,0.0,0.0,0.0,0.0,-0.5687857000000001,0.6276256,10.2577559,0.06981317007977318,0.05235987755982989,-0.05235987755982989,-717.0,320.0,-398.0,1600,1600,1599,1599,0,0,0,0
1763969209.663163,0.0,0.0,32.16,154.89,-0.06289974600076675,0.21563678979873657,0.9743755459785461,-0.011689014732837677,-3.091341018676758,-0.11782295256853104,2.703329563140869,-0.0009375987574458122,-0.0004461314529180527,0.0011738387402147055,0.0,0.0,0.0,0.0,0.0,0.0,-0.55897905,0.6276256,10.2577559,0.06981317007977318,0.06981317007977318,-0.017453292519943295,-717.0,320.0,-398.0,1600,1600,1599,1599,0,0,0,0
1763969209.6965625,0.0,0.0,32.16,154.88,-0.06289974600076675,0.21563678979873657,0.9743755459785461,-0.011689014732837677,-3.091341018676758,-0.11782295256853104,2.703329563140869,-0.0009375987574458122,-0.0004461314529180527,0.0011738387402147055,0.0,0.0,0.0,0.0,0.0,0.0,-0.55897905,0.6276256,10.2577559,0.06981317007977318,0.06981317007977318,-0.017453292519943295,-717.0,320.0,-398.0,1600,1600,1599,1599,0,0,0,0
1763969209.7299592,0.0,0.0,32.16,154.88,-0.06289974600076675,0.21563678979873657,0.9743755459785461,-0.011689014732837677,-3.091341018676758,-0.11782295256853104,2.703329563140869,-0.0009375987574458122,-0.0004461314529180527,0.0011738387402147055,0.0,0.0,0.0,0.0,0.0,0.0,-0.55897905,0.6276256,10.2577559,0.06981317007977318,0.06981317007977318,-0.017453292519943295,-717.0,320.0,-398.0,1600,1600,1599,1599,0,0,0,0
1763969209.7633562,0.0,0.0,32.16,154.88,-0.06289974600076675,0.21563678979873657,0.9743755459785461,-0.011689014732837677,-3.091369152069092,-0.11781895160675049,2.7033348083496094,0.0007070773281157017,0.0005054185166954994,-0.0010383250191807747,0.0,0.0,0.0,0.0,0.0,0.0,-0.55897905,0.6276256,10.2577559,0.06981317007977318,0.06981317007977318,-0.017453292519943295,-717.0,320.0,-398.0,1600,1600,1599,1599,0,0,0,0
1763969209.7967632,0.0,0.0,32.16,154.88,-0.06289974600076675,0.21563678979873657,0.9743755459785461,-0.011689014732837677,-3.091369152069092,-0.11781895160675049,2.7033348083496094,0.0007070773281157017,0.0005054185166954994,-0.0010383250191807747,0.0,0.0,0.0,0.0,0.0,0.0,-0.57859235,0.61781895,10.2577559,0.10471975511965978,0.08726646259971647,-0.06981317007977318,-716.0,321.0,-398.0,1600,1600,1599,1599,0,0,0,0
1763969209.8301666,0.0,0.0,32.16,154.88,-0.06289473176002502,0.2156352549791336,0.9743763208389282,-0.011675896123051643,-3.091369152069092,-0.11781895160675049,2.7033348083496094,0.0007070773281157017,0.0005054185166954994,-0.0010383250191807747,0.0,0.0,0.0,0.0,0.0,0.0,-0.57859235,0.61781895,10.2577559,0.10471975511965978,0.08726646259971647,-0.06981317007977318,-716.0,321.0,-398.0,1600,1600,1599,1599,0,0,0,0
1763969209.8635662,0.0,0.0,32.26,154.88,-0.06289473176002502,0.2156352549791336,0.9743763208389282,-0.011675896123051643,-3.091369152069092,-0.11781895160675049,2.7033348083496094,0.0007070773281157017,0.0005054185166954994,-0.0010383250191807747,0.0,0.0,0.0,0.0,0.0,0.0,-0.57859235,0.61781895,10.2577559,0.10471975511965978,0.08726646259971647,-0.06981317007977318,-716.0,321.0,-398.0,1600,1600,1599,1599,0,0,0,0
1763969209.896963,0.0,0.0,32.26,154.88,-0.06289473176002502,0.2156352549791336,0.9743763208389282,-0.011675896123051643,-3.091369152069092,-0.11781895160675049,2.7033348083496094,0.0007070773281157017,0.0005054185166954994,-0.0010383250191807747,0.0,0.0,0.0,0.0,0.0,0.0,-0.57859235,0.61781895,10.2577559,0.10471975511965978,0.08726646259971647,-0.06981317007977318,-716.0,321.0,-398.0,1600,1600,1599,1599,0,0,0,0
1763969209.930374,0.0,0.0,32.26,154.88,-0.06289473176002502,0.2156352549791336,0.9743763208389282,-0.011675896123051643,-3.0913541316986084,-0.11781284958124161,2.703328847885132,0.0023906901478767395,-0.0003135167062282562,0.0012355232611298561,0.0,0.0,0.0,0.0,0.0,0.0,-0.57859235,0.61781895,10.2577559,0.10471975511965978,0.08726646259971647,-0.06981317007977318,-716.0,321.0,-398.0,1600,1600,1599,1599,0,0,0,0
1763969209.9637747,0.0,0.0,32.26,154.88,-0.06289473176002502,0.2156352549791336,0.9743763208389282,-0.011675896123051643,-3.0913541316986084,-0.11781284958124161,2.703328847885132,0.0023906901478767395,-0.0003135167062282562,0.0012355232611298561,0.0,0.0,0.0,0.0,0.0,0.0,-0.57859235,0.59820565,10.24794925,0.12217304763960307,0.06981317007977318,-0.017453292519943295,-716.0,321.0,-398.0,1600,1600,1599,1599,0,0,0,0
1763969209.9971716,0.0,0.0,32.26,154.88,-0.06289339810609818,0.21563777327537537,0.97437584400177,-0.011683620512485504,-3.0913541316986084,-0.11781284958124161,2.703328847885132,0.0023906901478767395,-0.0003135167062282562,0.0012355232611298561,0.0,0.0,0.0,0.0,0.0,0.0,-0.57859235,0.59820565,10.24794925,0.12217304763960307,0.06981317007977318,-0.017453292519943295,-716.0,321.0,-398.0,1600,1600,1599,1599,0,0,0,0
1763969210.0305803,0.0,0.0,32.26,154.88,-0.06289339810609818,0.21563777327537537,0.97437584400177,-0.011683620512485504,-3.0913541316986084,-0.11781284958124161,2.703328847885132,0.0023906901478767395,-0.0003135167062282562,0.0012355232611298561,0.0,0.0,0.0,0.0,0.0,0.0,-0.57859235,0.59820565,10.24794925,0.12217304763960307,0.06981317007977318,-0.017453292519943295,-716.0,321.0,-398.0,1600,1600,1599,1599,0,0,0,0
1763969210.0639904,0.0,0.0,32.26,154.88,-0.06289339810609818,0.21563777327537537,0.97437584400177,-0.011683620512485504,-3.0913443565368652,-0.11781104654073715,2.7033333778381348,0.0008913367055356503,0.00025392230600118637,0.0007058926858007908,0.0,0.0,0.0,0.0,0.0,0.0,-0.57859235,0.59820565,10.24794925,0.12217304763960307,0.06981317007977318,-0.017453292519943295,-716.0,321.0,-398.0,1600,1600,1599,1599,0,0,0,0
1763969210.0973978,0.0,0.0,32.26,154.88,-0.06289356201887131,0.21563534438610077,0.9743762612342834,-0.011688781902194023,-3.0913443565368652,-0.11781104654073715,2.7033333778381348,0.0008913367055356503,0.00025392230600118637,0.0007058926858007908,0.0,0.0,0.0,0.0,0.0,0.0,-0.57859235,0.59820565,10.24794925,0.12217304763960307,0.06981317007977318,-0.017453292519943295,-716.0,321.0,-398.0,1600,1600,1599,1599,0,0,0,0
1763969210.1308002,0.0,0.0,32.26,154.88,-0.06289356201887131,0.21563534438610077,0.9743762612342834,-0.011688781902194023,-3.0913443565368652,-0.11781104654073715,2.7033333778381348,0.0008913367055356503,0.00025392230600118637,0.0007058926858007908,0.0,0.0,0.0,0.0,0.0,0.0,-0.57859235,0.59820565,10.24794925,0.12217304763960307,0.06981317007977318,-0.017453292519943295,-716.0,321.0,-398.0,1600,1600,1599,1599,0,0,0,0
1763969210.1641972,0.0,0.0,32.26,154.88,-0.06289356201887131,0.21563534438610077,0.9743762612342834,-0.011688781902194023,-3.0913820266723633,-0.11774604767560959,2.703167200088501,0.002628636546432972,0.0015535145066678524,3.991764970123768e-05,0.0,0.0,0.0,0.0,0.0,0.0,-0.57859235,0.59820565,10.24794925,0.12217304763960307,0.06981317007977318,-0.017453292519943295,-716.0,321.0,-398.0,1600,1600,1599,1599,0,0,0,0
1763969210.1976018,0.0,0.0,32.26,154.88,-0.06285883486270905,0.21571867167949677,0.9743602871894836,-0.01167233008891344,-3.0913820266723633,-0.11774604767560959,2.703167200088501,0.002628636546432972,0.0015535145066678524,3.991764970123768e-05,0.0,0.0,0.0,0.0,0.0,0.0,-0.57859235,0.59820565,10.24794925,0.12217304763960307,0.06981317007977318,-0.017453292519943295,-716.0,321.0,-398.0,1600,1600,1599,1599,0,0,0,0
1763969210.231004,0.0,0.0,32.17,154.88,-0.06285883486270905,0.21571867167949677,0.9743602871894836,-0.01167233008891344,-3.0913820266723633,-0.11774604767560959,2.703167200088501,0.002628636546432972,0.0015535145066678524,3.991764970123768e-05,0.0,0.0,0.0,0.0,0.0,0.0,-0.57859235,0.59820565,10.24794925,0.12217304763960307,0.06981317007977318,-0.017453292519943295,-716.0,321.0,-398.0,1600,1600,1599,1599,0,0,0,0
1763969210.2644117,0.0,0.0,32.17,154.88,-0.06285883486270905,0.21571867167949677,0.9743602871894836,-0.01167233008891344,-3.0913820266723633,-0.11774604767560959,2.703167200088501,0.002628636546432972,0.0015535145066678524,3.991764970123768e-05,0.0,0.0,0.0,0.0,0.0,0.0,-0.57859235,0.59820565,10.24794925,0.12217304763960307,0.06981317007977318,-0.017453292519943295,-716.0,321.0,-398.0,1600,1600,1599,1599,0,0,0,0
1763969210.297813,0.0,0.0,32.17,154.88,-0.06285883486270905,0.21571867167949677,0.9743602871894836,-0.01167233008891344,-3.0913820266723633,-0.11774604767560959,2.703167200088501,0.002628636546432972,0.0015535145066678524,3.991764970123768e-05,0.0,0.0,0.0,0.0,0.0,0.0,-0.5295591,0.588399,10.2577559,0.13962634015954636,0.10471975511965978,-0.05235987755982989,-718.0,326.0,-401.0,1600,1600,1599,1599,0,0,0,0
1763969210.3312118,0.0,0.0,32.17,154.88,-0.06285883486270905,0.21571867167949677,0.9743602871894836,-0.01167233008891344,-3.0913589000701904,-0.11777498573064804,2.7031333446502686,0.0002640881575644016,0.00051089096814394,-0.0005116977263242006,0.0,0.0,0.0,0.0,0.0,0.0,-0.5295591,0.588399,10.2577559,0.13962634015954636,0.10471975511965978,-0.05235987755982989,-718.0,326.0,-401.0,1600,1600,1599,1599,0,0,0,0
1763969210.3646085,0.0,0.0,32.17,154.88,-0.06287559121847153,0.21573388576507568,0.9743557572364807,-0.011679290793836117,-3.0913589000701904,-0.11777498573064804,2.7031333446502686,0.0002640881575644016,0.00051089096814394,-0.0005116977263242006,0.0,0.0,0.0,0.0,0.0,0.0,-0.5295591,0.588399,10.2577559,0.13962634015954636,0.10471975511965978,-0.05235987755982989,-718.0,326.0,-401.0,1600,1600,1599,1599,0,0,0,0
1763969210.3980038,0.0,0.0,32.17,154.87,-0.06287559121847153,0.21573388576507568,0.9743557572364807,-0.011679290793836117,-3.0913589000701904,-0.11777498573064804,2.7031333446502686,0.0002640881575644016,0.00051089096814394,-0.0005116977263242006,0.0,0.0,0.0,0.0,0.0,0.0,-0.5295591,0.588399,10.2577559,0.13962634015954636,0.10471975511965978,-0.05235987755982989,-718.0,326.0,-401.0,1600,1600,1599,1599,0,0,0,0
1763969210.4314013,0.0,0.0,32.17,154.87,-0.06287559121847153,0.21573388576507568,0.9743557572364807,-0.011679290793836117,-3.0913589000701904,-0.11777498573064804,2.7031333446502686,0.0002640881575644016,0.00051089096814394,-0.0005116977263242006,0.0,0.0,0.0,0.0,0.0,0.0,-0.5295591,0.588399,10.2577559,0.13962634015954636,0.10471975511965978,-0.05235987755982989,-718.0,326.0,-401.0,1600,1600,1599,1599,0,0,0,0
1763969210.464799,0.0,0.0,32.17,154.87,-0.06287559121847153,0.21573388576507568,0.9743557572364807,-0.011679290793836117,-3.0913589000701904,-0.11777498573064804,2.7031333446502686,0.0002640881575644016,0.00051089096814394,-0.0005116977263242006,0.0,0.0,0.0,0.0,0.0,0.0,-0.59820565,0.6276256,10.2577559,0.08726646259971647,0.08726646259971647,-0.05235987755982989,-718.0,326.0,-401.0,1600,1600,1599,1599,0,0,0,0
1763969210.4981942,0.0,0.0,32.17,154.87,-0.06287559121847153,0.21573388576507568,0.9743557572364807,-0.011679290793836117,-3.091359853744507,-0.11774744838476181,2.703131914138794,-0.0003339960239827633,-0.0012286363635212183,-0.0005717051681131124,0.0,0.0,0.0,0.0,0.0,0.0,-0.59820565,0.6276256,10.2577559,0.08726646259971647,0.08726646259971647,-0.05235987755982989,-718.0,326.0,-401.0,1600,1600,1599,1599,0,0,0,0
1763969210.5315933,0.0,0.0,32.17,154.87,-0.0628620907664299,0.2157350778579712,0.9743563532829285,-0.011681793257594109,-3.091359853744507,-0.11774744838476181,2.703131914138794,-0.0003339960239827633,-0.0012286363635212183,-0.0005717051681131124,0.0,0.0,0.0,0.0,0.0,0.0,-0.59820565,0.6276256,10.2577559,0.08726646259971647,0.08726646259971647,-0.05235987755982989,-718.0,326.0,-401.0,1600,1600,1599,1599,0,0,0,0
1763969210.5650008,0.0,0.0,32.18,154.87,-0.0628620907664299,0.2157350778579712,0.9743563532829285,-0.011681793257594109,-3.091359853744507,-0.11774744838476181,2.703131914138794,-0.0003339960239827633,-0.0012286363635212183,-0.0005717051681131124,0.0,0.0,0.0,0.0,0.0,0.0,-0.59820565,0.6276256,10.2577559,0.08726646259971647,0.08726646259971647,-0.05235987755982989,-718.0,326.0,-401.0,1600,1600,1599,1599,0,0,0,0
1763969210.5983973,0.0,0.0,32.18,154.87,-0.0628620907664299,0.2157350778579712,0.9743563532829285,-0.011681793257594109,-3.091359853744507,-0.11774744838476181,2.703131914138794,-0.0003339960239827633,-0.0012286363635212183,-0.0005717051681131124,0.0,0.0,0.0,0.0,0.0,0.0,-0.59820565,0.6276256,10.2577559,0.08726646259971647,0.08726646259971647,-0.05235987755982989,-718.0,326.0,-401.0,1600,1600,1599,1599,0,0,0,0
1763969210.6317983,0.0,0.0,32.18,154.87,-0.0628620907664299,0.2157350778579712,0.9743563532829285,-0.011681793257594109,-3.091359853744507,-0.11774744838476181,2.703131914138794,-0.0003339960239827633,-0.0012286363635212183,-0.0005717051681131124,0.0,0.0,0.0,0.0,0.0,0.0,-0.61781895,0.63743225,10.2577559,0.08726646259971647,0.05235987755982989,-0.05235987755982989,-718.0,324.0,-405.0,1600,1600,1599,1599,0,0,0,0
1763969210.6651962,0.0,0.0,32.18,154.87,-0.0628620907664299,0.2157350778579712,0.9743563532829285,-0.011681793257594109,-3.0913870334625244,-0.11772529780864716,2.7031280994415283,-0.00023937923833727837,-0.00022202590480446815,-0.0006812727078795433,0.0,0.0,0.0,0.0,0.0,0.0,-0.61781895,0.63743225,10.2577559,0.08726646259971647,0.05235987755982989,-0.05235987755982989,-718.0,324.0,-405.0,1600,1600,1599,1599,0,0,0,0
1763969210.6986327,0.0,0.0,32.18,154.87,-0.06284840404987335,0.2157382220029831,0.9743566513061523,-0.011670898646116257,-3.0913870334625244,-0.11772529780864716,2.7031280994415283,-0.00023937923833727837,-0.00022202590480446815,-0.0006812727078795433,0.0,0.0,0.0,0.0,0.0,0.0,-0.61781895,0.63743225,10.2577559,0.08726646259971647,0.05235987755982989,-0.05235987755982989,-718.0,324.0,-405.0,1600,1600,1599,1599,0,0,0,0
1763969210.7320263,0.0,0.0,32.18,154.87,-0.06284840404987335,0.2157382220029831,0.9743566513061523,-0.011670898646116257,-3.0913870334625244,-0.11772529780864716,2.7031280994415283,-0.00023937923833727837,-0.00022202590480446815,-0.0006812727078795433,0.0,0.0,0.0,0.0,0.0,0.0,-0.61781895,0.63743225,10.2577559,0.08726646259971647,0.05235987755982989,-0.05235987755982989,-718.0,324.0,-405.0,1600,1600,1599,1599,0,0,0,0
1763969210.7654214,0.0,0.0,32.18,154.87,-0.06284840404987335,0.2157382220029831,0.9743566513061523,-0.011670898646116257,-3.0913870334625244,-0.11772529780864716,2.7031280994415283,-0.00023937923833727837,-0.00022202590480446815,-0.0006812727078795433,0.0,0.0,0.0,0.0,0.0,0.0,-0.61781895,0.63743225,10.2577559,0.08726646259971647,0.05235987755982989,-0.05235987755982989,-718.0,324.0,-405.0,1600,1600,1599,1599,0,0,0,0
1763969210.7988284,0.0,0.0,32.18,154.87,-0.06284840404987335,0.2157382220029831,0.9743566513061523,-0.011670898646116257,-3.0913870334625244,-0.11772529780864716,2.7031280994415283,-0.00023937923833727837,-0.00022202590480446815,-0.0006812727078795433,0.0,0.0,0.0,0.0,0.0,0.0,-0.55897905,0.6276256,10.2577559,0.08726646259971647,0.06981317007977318,-0.05235987755982989,-718.0,324.0,-405.0,1600,1600,1599,1599,0,0,0,0
1763969210.8322303,0.0,0.0,32.18,154.87,-0.06284840404987335,0.2157382220029831,0.9743566513061523,-0.011670898646116257,-3.091388463973999,-0.11771582067012787,2.703087091445923,0.0012285416014492512,0.0010040905326604843,0.0009703722316771746,0.0,0.0,0.0,0.0,0.0,0.0,-0.55897905,0.6276256,10.2577559,0.08726646259971647,0.06981317007977318,-0.05235987755982989,-718.0,324.0,-405.0,1600,1600,1599,1599,0,0,0,0
1763969210.8656359,0.0,0.0,32.18,154.87,-0.06284388154745102,0.21575841307640076,0.9743524789810181,-0.011669959872961044,-3.091388463973999,-0.11771582067012787,2.703087091445923,0.0012285416014492512,0.0010040905326604843,0.0009703722316771746,0.0,0.0,0.0,0.0,0.0,0.0,-0.55897905,0.6276256,10.2577559,0.08726646259971647,0.06981317007977318,-0.05235987755982989,-718.0,324.0,-405.0,1600,1600,1599,1599,0,0,0,0
1763969210.8990343,0.0,0.0,32.18,154.87,-0.06284388154745102,0.21575841307640076,0.9743524789810181,-0.011669959872961044,-3.091388463973999,-0.11771582067012787,2.703087091445923,0.0012285416014492512,0.0010040905326604843,0.0009703722316771746,0.0,0.0,0.0,0.0,0.0,0.0,-0.55897905,0.6276256,10.2577559,0.08726646259971647,0.06981317007977318,-0.05235987755982989,-718.0,324.0,-405.0,1600,1600,1599,1599,0,0,0,0
1763969210.9324322,0.0,0.0,32.18,154.87,-0.06284388154745102,0.21575841307640076,0.9743524789810181,-0.011669959872961044,-3.091388463973999,-0.11771582067012787,2.703087091445923,0.0012285416014492512,0.0010040905326604843,0.0009703722316771746,0.0,0.0,0.0,0.0,0.0,0.0,-0.55897905,0.6276256,10.2577559,0.08726646259971647,0.06981317007977318,-0.05235987755982989,-718.0,324.0,-405.0,1600,1600,1599,1599,0,0,0,0
1763969210.9658377,0.0,0.0,32.18,154.87,-0.06284388154745102,0.21575841307640076,0.9743524789810181,-0.011669959872961044,-3.091388463973999,-0.11771582067012787,2.703087091445923,0.0012285416014492512,0.0010040905326604843,0.0009703722316771746,0.0,0.0,0.0,0.0,0.0,0.0,-0.55897905,0.6276256,10.2577559,0.08726646259971647,0.06981317007977318,-0.05235987755982989,-718.0,324.0,-405.0,1600,1600,1599,1599,0,0,0,0
1763969210.9992323,0.0,0.0,32.18,154.87,-0.06284388154745102,0.21575841307640076,0.9743524789810181,-0.011669959872961044,-3.091388463973999,-0.11771582067012787,2.703087091445923,0.0012285416014492512,0.0010040905326604843,0.0009703722316771746,0.0,0.0,0.0,0.0,0.0,0.0,-0.5491724,0.59820565,10.24794925,0.10471975511965978,0.08726646259971647,-0.03490658503988659,-718.0,324.0,-405.0,1600,1600,1599,1599,0,0,0,0
1763969211.0326383,0.0,0.0,32.18,154.87,-0.06284388154745102,0.21575841307640076,0.9743524789810181,-0.011669959872961044,-3.0913100242614746,-0.11770689487457275,2.7030186653137207,0.0020781364291906357,0.0007060226052999496,0.00033907312899827957,0.0,0.0,0.0,0.0,0.0,0.0,-0.5491724,0.59820565,10.24794925,0.10471975511965978,0.08726646259971647,-0.03490658503988659,-718.0,324.0,-405.0,1600,1600,1599,1599,0,0,0,0
1763969211.066047,0.0,0.0,32.18,154.87,-0.06284837424755096,0.21578949689865112,0.9743448495864868,-0.011706942692399025,-3.0913100242614746,-0.11770689487457275,2.7030186653137207,0.0020781364291906357,0.0007060226052999496,0.00033907312899827957,0.0,0.0,0.0,0.0,0.0,0.0,-0.5491724,0.59820565,10.24794925,0.10471975511965978,0.08726646259971647,-0.03490658503988659,-718.0,324.0,-405.0,1600,1600,1599,1599,0,0,0,0
1763969211.099453,0.0,0.0,32.17,154.87,-0.06284837424755096,0.21578949689865112,0.9743448495864868,-0.011706942692399025,-3.0913100242614746,-0.11770689487457275,2.7030186653137207,0.0020781364291906357,0.0007060226052999496,0.00033907312899827957,0.0,0.0,0.0,0.0,0.0,0.0,-0.5491724,0.59820565,10.24794925,0.10471975511965978,0.08726646259971647,-0.03490658503988659,-718.0,324.0,-405.0,1600,1600,1599,1599,0,0,0,0
1763969211.13379,0.0,0.0,32.17,154.87,-0.06286557018756866,0.2157890647649765,0.9743439555168152,-0.011701680719852448,-3.0913100242614746,-0.11770689487457275,2.7030186653137207,0.0020781364291906357,0.0007060226052999496,0.00033907312899827957,0.0,0.0,0.0,0.0,0.0,0.0,-0.5491724,0.59820565,10.24794925,0.10471975511965978,0.08726646259971647,-0.03490658503988659,-718.0,324.0,-405.0,1600,1600,1599,1599,0,0,0,0
1763969211.1671872,0.0,0.0,32.17,154.87,-0.06286557018756866,0.2157890647649765,0.9743439555168152,-0.011701680719852448,-3.0913100242614746,-0.11770689487457275,2.7030186653137207,0.0020781364291906357,0.0007060226052999496,0.00033907312899827957,0.0,0.0,0.0,0.0,0.0,0.0,-0.5491724,0.59820565,10.24794925,0.10471975511965978,0.08726646259971647,-0.03490658503988659,-718.0,324.0,-405.0,1600,1600,1599,1599,0,0,0,0
1763969211.2006147,0.0,0.0,32.17,154.87,-0.06286557018756866,0.2157890647649765,0.9743439555168152,-0.011701680719852448,-3.0913100242614746,-0.11770689487457275,2.7030186653137207,0.0020781364291906357,0.0007060226052999496,0.00033907312899827957,0.0,0.0,0.0,0.0,0.0,0.0,-0.5491724,0.59820565,10.24794925,0.10471975511965978,0.08726646259971647,-0.03490658503988659,-718.0,324.0,-405.0,1600,1600,1599,1599,0,0,0,0
1763969211.2340329,0.0,0.0,32.17,154.87,-0.06286557018756866,0.2157890647649765,0.9743439555168152,-0.011701680719852448,-3.0913100242614746,-0.11770689487457275,2.7030186653137207,0.0020781364291906357,0.0007060226052999496,0.00033907312899827957,0.0,0.0,0.0,0.0,0.0,0.0,-0.588399,0.6472389000000001,10.2577559,0.06981317007977318,0.06981317007977318,-0.06981317007977318,-718.0,318.0,-404.0,1600,1600,1599,1599,0,0,0,0
1763969211.267451,0.0,0.0,32.17,154.87,-0.06285528093576431,0.2157767415046692,0.9743474721908569,-0.01169225201010704,-3.0913100242614746,-0.11770689487457275,2.7030186653137207,0.0020781364291906357,0.0007060226052999496,0.00033907312899827957,0.0,0.0,0.0,0.0,0.0,0.0,-0.588399,0.6472389000000001,10.2577559,0.06981317007977318,0.06981317007977318,-0.06981317007977318,-718.0,318.0,-404.0,1600,1600,1599,1599,0,0,0,0
1763969211.3008711,0.0,0.0,32.25,154.87,-0.06285528093576431,0.2157767415046692,0.9743474721908569,-0.01169225201010704,-3.0913100242614746,-0.11770689487457275,2.7030186653137207,0.0020781364291906357,0.0007060226052999496,0.00033907312899827957,0.0,0.0,0.0,0.0,0.0,0.0,-0.588399,0.6472389000000001,10.2577559,0.06981317007977318,0.06981317007977318,-0.06981317007977318,-718.0,318.0,-404.0,1600,1600,1599,1599,0,0,0,0
1763969211.3342896,0.0,0.0,32.25,154.87,-0.06285528093576431,0.2157767415046692,0.9743474721908569,-0.01169225201010704,-3.0913100242614746,-0.11770689487457275,2.7030186653137207,0.0020781364291906357,0.0007060226052999496,0.00033907312899827957,0.0,0.0,0.0,0.0,0.0,0.0,-0.588399,0.6472389000000001,10.2577559,0.06981317007977318,0.06981317007977318,-0.06981317007977318,-718.0,318.0,-404.0,1600,1600,1599,1599,0,0,0,0
1763969211.367708,0.0,0.0,32.25,154.87,-0.06285528093576431,0.2157767415046692,0.9743474721908569,-0.01169225201010704,-3.0913100242614746,-0.11770689487457275,2.7030186653137207,0.0020781364291906357,0.0007060226052999496,0.00033907312899827957,0.0,0.0,0.0,0.0,0.0,0.0,-0.55897905,0.6080123,10.2577559,0.08726646259971647,0.06981317007977318,-0.06981317007977318,-718.0,318.0,-404.0,1600,1600,1599,1599,0,0,0,0
1763969211.4011238,0.0,0.0,32.25,154.87,-0.06285528093576431,0.2157767415046692,0.9743474721908569,-0.01169225201010704,-3.091367244720459,-0.11768043041229248,2.7030558586120605,0.0005131680518388748,-0.0001130807213485241,8.168094791471958e-05,0.0,0.0,0.0,0.0,0.0,0.0,-0.55897905,0.6080123,10.2577559,0.08726646259971647,0.06981317007977318,-0.06981317007977318,-718.0,318.0,-404.0,1600,1600,1599,1599,0,0,0,0
1763969211.4345596,0.0,0.0,32.25,154.87,-0.06282910704612732,0.21577362716197968,0.974349856376648,-0.011683098040521145,-3.091367244720459,-0.11768043041229248,2.7030558586120605,0.0005131680518388748,-0.0001130807213485241,8.168094791471958e-05,0.0,0.0,0.0,0.0,0.0,0.0,-0.55897905,0.6080123,10.2577559,0.08726646259971647,0.06981317007977318,-0.06981317007977318,-718.0,318.0,-404.0,1600,1600,1599,1599,0,0,0,0
1763969211.4700959,0.0,0.0,32.25,154.87,-0.06282910704612732,0.21577362716197968,0.974349856376648,-0.011683098040521145,-3.091367244720459,-0.11768043041229248,2.7030558586120605,0.0005131680518388748,-0.0001130807213485241,8.168094791471958e-05,0.0,0.0,0.0,0.0,0.0,0.0,-0.55897905,0.6080123,10.2577559,0.08726646259971647,0.06981317007977318,-0.06981317007977318,-718.0,318.0,-404.0,1600,1600,1599,1599,0,0,0,0
1763969211.50352,0.0,0.0,32.25,154.87,-0.06282910704612732,0.21577362716197968,0.974349856376648,-0.011683098040521145,-3.091367244720459,-0.11768043041229248,2.7030558586120605,0.0005131680518388748,-0.0001130807213485241,8.168094791471958e-05,0.0,0.0,0.0,0.0,0.0,0.0,-0.55897905,0.6080123,10.2577559,0.08726646259971647,0.06981317007977318,-0.06981317007977318,-718.0,318.0,-404.0,1600,1600,1599,1599,0,0,0,0
1763969211.5369284,0.0,0.0,32.25,154.87,-0.06282910704612732,0.21577362716197968,0.974349856376648,-0.011683098040521145,-3.091367244720459,-0.11768043041229248,2.7030558586120605,0.0005131680518388748,-0.0001130807213485241,8.168094791471958e-05,0.0,0.0,0.0,0.0,0.0,0.0,-0.5295591,0.57859235,10.24794925,0.10471975511965978,0.06981317007977318,-0.05235987755982989,-718.0,318.0,-404.0,1600,1600,1599,1599,0,0,0,0
1763969211.5703263,0.0,0.0,32.25,154.87,-0.06282910704612732,0.21577362716197968,0.974349856376648,-0.011683098040521145,-3.0913190841674805,-0.11773348599672318,2.7030439376831055,0.0009855013340711594,0.001986205577850342,0.000878083286806941,0.0,0.0,0.0,0.0,0.0,0.0,-0.5295591,0.57859235,10.24794925,0.10471975511965978,0.06981317007977318,-0.05235987755982989,-718.0,318.0,-404.0,1600,1600,1599,1599,0,0,0,0
1763969211.6037261,0.0,0.0,32.08,154.87,-0.06282910704612732,0.21577362716197968,0.974349856376648,-0.011683098040521145,-3.0913190841674805,-0.11773348599672318,2.7030439376831055,0.0009855013340711594,0.001986205577850342,0.000878083286806941,0.0,0.0,0.0,0.0,0.0,0.0,-0.5295591,0.57859235,10.24794925,0.10471975511965978,0.06981317007977318,-0.05235987755982989,-718.0,318.0,-404.0,1600,1600,1599,1599,0,0,0,0
1763969211.6371248,0.0,0.0,32.08,154.87,-0.06282910704612732,0.21577362716197968,0.974349856376648,-0.011683098040521145,-3.0913190841674805,-0.11773348599672318,2.7030439376831055,0.0009855013340711594,0.001986205577850342,0.000878083286806941,0.0,0.0,0.0,0.0,0.0,0.0,-0.5295591,0.57859235,10.24794925,0.10471975511965978,0.06981317007977318,-0.05235987755982989,-718.0,318.0,-404.0,1600,1600,1599,1599,0,0,0,0
1763969211.6705277,0.0,0.0,32.08,154.87,-0.06282910704612732,0.21577362716197968,0.974349856376648,-0.011683098040521145,-3.0913190841674805,-0.11773348599672318,2.7030439376831055,0.0009855013340711594,0.001986205577850342,0.000878083286806941,0.0,0.0,0.0,0.0,0.0,0.0,-0.5295591,0.57859235,10.24794925,0.10471975511965978,0.06981317007977318,-0.05235987755982989,-718.0,318.0,-404.0,1600,1600,1599,1599,0,0,0,0
1763969211.706479,0.0,0.0,32.08,154.87,-0.06282910704612732,0.21577362716197968,0.974349856376648,-0.011683098040521145,-3.09147310256958,-0.1176767647266388,2.7032947540283203,0.0014886599965393543,0.0017093396745622158,0.0010303112212568521,0.0,0.0,0.0,0.0,0.0,0.0,-0.5295591,0.57859235,10.24794925,0.10471975511965978,0.06981317007977318,-0.05235987755982989,-718.0,318.0,-404.0,1600,1600,1599,1599,0,0,0,0
1763969211.7398934,0.0,0.0,32.08,154.87,-0.06281453371047974,0.21566064655780792,0.974376380443573,-0.011639486998319626,-3.09147310256958,-0.1176767647266388,2.7032947540283203,0.0014886599965393543,0.0017093396745622158,0.0010303112212568521,0.0,0.0,0.0,0.0,0.0,0.0,-0.5295591,0.57859235,10.24794925,0.10471975511965978,0.06981317007977318,-0.05235987755982989,-718.0,318.0,-404.0,1600,1600,1599,1599,0,0,0,0
1763969211.7733111,0.0,0.0,32.18,154.88,-0.06281453371047974,0.21566064655780792,0.974376380443573,-0.011639486998319626,-3.09147310256958,-0.1176767647266388,2.7032947540283203,0.0014886599965393543,0.0017093396745622158,0.0010303112212568521,0.0,0.0,0.0,0.0,0.0,0.0,-0.5295591,0.57859235,10.24794925,0.10471975511965978,0.06981317007977318,-0.05235987755982989,-718.0,318.0,-404.0,1600,1600,1599,1599,0,0,0,0
1763969211.8067193,0.0,0.0,32.18,154.88,-0.06283072382211685,0.21565450727939606,0.9743764400482178,-0.011661648750305176,-3.09147310256958,-0.1176767647266388,2.7032947540283203,0.0014886599965393543,0.0017093396745622158,0.0010303112212568521,0.0,0.0,0.0,0.0,0.0,0.0,-0.5295591,0.57859235,10.24794925,0.10471975511965978,0.06981317007977318,-0.05235987755982989,-718.0,318.0,-404.0,1600,1600,1599,1599,0,0,0,0
1763969211.8401456,0.0,0.0,32.18,154.88,-0.06283072382211685,0.21565450727939606,0.9743764400482178,-0.011661648750305176,-3.09147310256958,-0.1176767647266388,2.7032947540283203,0.0014886599965393543,0.0017093396745622158,0.0010303112212568521,0.0,0.0,0.0,0.0,0.0,0.0,-0.5295591,0.57859235,10.24794925,0.10471975511965978,0.06981317007977318,-0.05235987755982989,-718.0,318.0,-404.0,1600,1600,1599,1599,0,0,0,0
1763969211.8735735,0.0,0.0,32.18,154.88,-0.06283072382211685,0.21565450727939606,0.9743764400482178,-0.011661648750305176,-3.09147310256958,-0.1176767647266388,2.7032947540283203,0.0014886599965393543,0.0017093396745622158,0.0010303112212568521,0.0,0.0,0.0,0.0,0.0,0.0,-0.5295591,0.57859235,10.24794925,0.10471975511965978,0.06981317007977318,-0.05235987755982989,-718.0,318.0,-404.0,1600,1600,1599,1599,0,0,0,0
1763969211.9069726,0.0,0.0,32.18,154.88,-0.06283072382211685,0.21565450727939606,0.9743764400482178,-0.011661648750305176,-3.09147310256958,-0.1176767647266388,2.7032947540283203,0.0014886599965393543,0.0017093396745622158,0.0010303112212568521,0.0,0.0,0.0,0.0,0.0,0.0,-0.55897905,0.6080123,10.2577559,0.08726646259971647,0.08726646259971647,-0.05235987755982989,-725.0,320.0,-398.0,1600,1600,1599,1599,0,0,0,0
1763969211.9403749,0.0,0.0,32.18,154.88,-0.06283072382211685,0.21565450727939606,0.9743764400482178,-0.011661648750305176,-3.0914149284362793,-0.11770574748516083,2.703300714492798,0.0009694788604974747,-0.0004054335877299309,0.00015344377607107162,0.0,0.0,0.0,0.0,0.0,0.0,-0.55897905,0.6080123,10.2577559,0.08726646259971647,0.08726646259971647,-0.05235987755982989,-725.0,320.0,-398.0,1600,1600,1599,1599,0,0,0,0
1763969211.9737916,0.0,0.0,32.18,154.88,-0.06283072382211685,0.21565450727939606,0.9743764400482178,-0.011661648750305176,-3.0914149284362793,-0.11770574748516083,2.703300714492798,0.0009694788604974747,-0.0004054335877299309,0.00015344377607107162,0.0,0.0,0.0,0.0,0.0,0.0,-0.55897905,0.6080123,10.2577559,0.08726646259971647,0.08726646259971647,-0.05235987755982989,-725.0,320.0,-398.0,1600,1600,1599,1599,0,0,0,0
1763969212.007205,0.0,0.0,32.18,154.88,-0.06283072382211685,0.21565450727939606,0.9743764400482178,-0.011661648750305176,-3.0914149284362793,-0.11770574748516083,2.703300714492798,0.0009694788604974747,-0.0004054335877299309,0.00015344377607107162,0.0,0.0,0.0,0.0,0.0,0.0,-0.55897905,0.6080123,10.2577559,0.08726646259971647,0.08726646259971647,-0.05235987755982989,-725.0,320.0,-398.0,1600,1600,1599,1599,0,0,0,0
1763969212.0406258,0.0,0.0,32.18,154.88,-0.06283072382211685,0.21565450727939606,0.9743764400482178,-0.011661648750305176,-3.0914149284362793,-0.11770574748516083,2.703300714492798,0.0009694788604974747,-0.0004054335877299309,0.00015344377607107162,0.0,0.0,0.0,0.0,0.0,0.0,-0.55897905,0.6080123,10.2577559,0.08726646259971647,0.08726646259971647,-0.05235987755982989,-725.0,320.0,-398.0,1600,1600,1599,1599,0,0,0,0
1763969212.074024,0.0,0.0,32.18,154.88,-0.06283072382211685,0.21565450727939606,0.9743764400482178,-0.011661648750305176,-3.091427803039551,-0.11770690232515335,2.703275680541992,-0.0017767255194485188,1.8434133380651474e-05,0.000813695602118969,0.0,0.0,0.0,0.0,0.0,0.0,-0.55897905,0.6080123,10.2577559,0.08726646259971647,0.08726646259971647,-0.05235987755982989,-725.0,320.0,-398.0,1600,1600,1599,1599,0,0,0,0
1763969212.1074276,0.0,0.0,32.18,154.88,-0.06283072382211685,0.21565450727939606,0.9743764400482178,-0.011661648750305176,-3.091427803039551,-0.11770690232515335,2.703275680541992,-0.0017767255194485188,1.8434133380651474e-05,0.000813695602118969,0.0,0.0,0.0,0.0,0.0,0.0,-0.55897905,0.6080123,10.2577559,0.08726646259971647,0.08726646259971647,-0.05235987755982989,-725.0,320.0,-398.0,1600,1600,1599,1599,0,0,0,0
1763969212.1408231,0.0,0.0,32.18,154.88,-0.06283418089151382,0.2156679481267929,0.9743733406066895,-0.011657622642815113,-3.091427803039551,-0.11770690232515335,2.703275680541992,-0.0017767255194485188,1.8434133380651474e-05,0.000813695602118969,0.0,0.0,0.0,0.0,0.0,0.0,-0.55897905,0.6080123,10.2577559,0.08726646259971647,0.08726646259971647,-0.05235987755982989,-725.0,320.0,-398.0,1600,1600,1599,1599,0,0,0,0
1763969212.1742442,0.0,0.0,32.18,154.88,-0.06283418089151382,0.2156679481267929,0.9743733406066895,-0.011657622642815113,-3.091427803039551,-0.11770690232515335,2.703275680541992,-0.0017767255194485188,1.8434133380651474e-05,0.000813695602118969,0.0,0.0,0.0,0.0,0.0,0.0,-0.57859235,0.63743225,10.2577559,0.05235987755982989,0.06981317007977318,-0.03490658503988659,-712.0,319.0,-400.0,1600,1600,1599,1599,0,0,0,0
1763969212.207645,0.0,0.0,32.13,154.88,-0.06283418089151382,0.2156679481267929,0.9743733406066895,-0.011657622642815113,-3.091427803039551,-0.11770690232515335,2.703275680541992,-0.0017767255194485188,1.8434133380651474e-05,0.000813695602118969,0.0,0.0,0.0,0.0,0.0,0.0,-0.57859235,0.63743225,10.2577559,0.05235987755982989,0.06981317007977318,-0.03490658503988659,-712.0,319.0,-400.0,1600,1600,1599,1599,0,0,0,0
1763969212.2410445,0.0,0.0,32.13,154.88,-0.06283418089151382,0.2156679481267929,0.9743733406066895,-0.011657622642815113,-3.0914740562438965,-0.11767206341028214,2.7032699584960938,-0.0018974423874169588,-0.001095285639166832,-0.0005022638943046331,0.0,0.0,0.0,0.0,0.0,0.0,-0.57859235,0.63743225,10.2577559,0.05235987755982989,0.06981317007977318,-0.03490658503988659,-712.0,319.0,-400.0,1600,1600,1599,1599,0,0,0,0
1763969212.2744386,0.0,0.0,32.13,154.88,-0.06281229108572006,0.2156728059053421,0.9743738174438477,-0.011638764292001724,-3.0914740562438965,-0.11767206341028214,2.7032699584960938,-0.0018974423874169588,-0.001095285639166832,-0.0005022638943046331,0.0,0.0,0.0,0.0,0.0,0.0,-0.57859235,0.63743225,10.2577559,0.05235987755982989,0.06981317007977318,-0.03490658503988659,-712.0,319.0,-400.0,1600,1600,1599,1599,0,0,0,0
1763969212.3078346,0.0,0.0,32.13,154.88,-0.06281229108572006,0.2156728059053421,0.9743738174438477,-0.011638764292001724,-3.0914740562438965,-0.11767206341028214,2.7032699584960938,-0.0018974423874169588,-0.001095285639166832,-0.0005022638943046331,0.0,0.0,0.0,0.0,0.0,0.0,-0.57859235,0.63743225,10.2577559,0.05235987755982989,0.06981317007977318,-0.03490658503988659,-712.0,319.0,-400.0,1600,1600,1599,1599,0,0,0,0
1763969212.3412313,0.0,0.0,32.13,154.88,-0.06281229108572006,0.2156728059053421,0.9743738174438477,-0.011638764292001724,-3.091498374938965,-0.11764968186616898,2.703273296356201,-0.001035233959555626,-9.22204926609993e-05,0.00014275824651122093,0.0,0.0,0.0,0.0,0.0,0.0,-0.57859235,0.63743225,10.2577559,0.05235987755982989,0.06981317007977318,-0.03490658503988659,-712.0,319.0,-400.0,1600,1600,1599,1599,0,0,0,0
1763969212.3746228,0.0,0.0,32.13,154.88,-0.06281229108572006,0.2156728059053421,0.9743738174438477,-0.011638764292001724,-3.091498374938965,-0.11764968186616898,2.703273296356201,-0.001035233959555626,-9.22204926609993e-05,0.00014275824651122093,0.0,0.0,0.0,0.0,0.0,0.0,-0.57859235,0.63743225,10.2577559,0.05235987755982989,0.06981317007977318,-0.03490658503988659,-712.0,319.0,-400.0,1600,1600,1599,1599,0,0,0,0
1763969212.408025,0.0,0.0,32.13,154.88,-0.06281229108572006,0.2156728059053421,0.9743738174438477,-0.011638764292001724,-3.091498374938965,-0.11764968186616898,2.703273296356201,-0.001035233959555626,-9.22204926609993e-05,0.00014275824651122093,0.0,0.0,0.0,0.0,0.0,0.0,-0.57859235,0.63743225,10.2577559,0.05235987755982989,0.06981317007977318,-0.03490658503988659,-712.0,319.0,-400.0,1600,1600,1599,1599,0,0,0,0
1763969212.4414277,0.0,0.0,32.13,154.88,-0.06281229108572006,0.2156728059053421,0.9743738174438477,-0.011638764292001724,-3.091498374938965,-0.11764968186616898,2.703273296356201,-0.001035233959555626,-9.22204926609993e-05,0.00014275824651122093,0.0,0.0,0.0,0.0,0.0,0.0,-0.57859235,0.63743225,10.2577559,0.05235987755982989,0.06981317007977318,-0.03490658503988659,-712.0,319.0,-400.0,1600,1600,1599,1599,0,0,0,0
1763969212.4748318,0.0,0.0,32.13,154.88,-0.06281229108572006,0.2156728059053421,0.9743738174438477,-0.011638764292001724,-3.091506004333496,-0.11765725910663605,2.7032668590545654,-0.0011338824406266212,-0.0004684631712734699,-0.00017181807197630405,0.0,0.0,0.0,0.0,0.0,0.0,-0.57859235,0.63743225,10.2577559,0.05235987755982989,0.06981317007977318,-0.03490658503988659,-712.0,319.0,-400.0,1600,1600,1599,1599,0,0,0,0
1763969212.5082338,0.0,0.0,32.13,154.88,-0.06280164420604706,0.21567565202713013,0.9743741154670715,-0.011624653823673725,-3.091506004333496,-0.11765725910663605,2.7032668590545654,-0.0011338824406266212,-0.0004684631712734699,-0.00017181807197630405,0.0,0.0,0.0,0.0,0.0,0.0,-0.57859235,0.63743225,10.2577559,0.05235987755982989,0.06981317007977318,-0.03490658503988659,-712.0,319.0,-400.0,1600,1600,1599,1599,0,0,0,0
1763969212.541638,0.0,0.0,32.41,154.88,-0.06280164420604706,0.21567565202713013,0.9743741154670715,-0.011624653823673725,-3.091506004333496,-0.11765725910663605,2.7032668590545654,-0.0011338824406266212,-0.0004684631712734699,-0.00017181807197630405,0.0,0.0,0.0,0.0,0.0,0.0,-0.57859235,0.63743225,10.2577559,0.05235987755982989,0.06981317007977318,-0.03490658503988659,-712.0,319.0,-400.0,1600,1600,1599,1599,0,0,0,0
1763969212.5750322,0.0,0.0,32.41,154.88,-0.06280164420604706,0.21567565202713013,0.9743741154670715,-0.011624653823673725,-3.091506004333496,-0.11765725910663605,2.7032668590545654,-0.0011338824406266212,-0.0004684631712734699,-0.00017181807197630405,0.0,0.0,0.0,0.0,0.0,0.0,-0.57859235,0.63743225,10.2577559,0.05235987755982989,0.06981317007977318,-0.03490658503988659,-712.0,319.0,-400.0,1600,1600,1599,1599,0,0,0,0
1763969212.6084394,0.0,0.0,32.41,154.88,-0.06280164420604706,0.21567565202713013,0.9743741154670715,-0.011624653823673725,-3.091506004333496,-0.11765725910663605,2.7032668590545654,-0.0011338824406266212,-0.0004684631712734699,-0.00017181807197630405,0.0,0.0,0.0,0.0,0.0,0.0,-0.5491724,0.588399,10.24794925,0.06981317007977318,0.06981317007977318,-0.05235987755982989,-714.0,321.0,-399.0,1600,1600,1599,1599,0,0,0,0
1763969212.6418424,0.0,0.0,32.41,154.88,-0.06280164420604706,0.21567565202713013,0.9743741154670715,-0.011624653823673725,-3.091510772705078,-0.11777304112911224,2.703422784805298,0.0017776438035070896,-0.0004545804113149643,0.000735029811039567,0.0,0.0,0.0,0.0,0.0,0.0,-0.5491724,0.588399,10.24794925,0.06981317007977318,0.06981317007977318,-0.05235987755982989,-714.0,321.0,-399.0,1600,1600,1599,1599,0,0,0,0
1763969212.675244,0.0,0.0,32.41,154.88,-0.06280164420604706,0.21567565202713013,0.9743741154670715,-0.011624653823673725,-3.091510772705078,-0.11777304112911224,2.703422784805298,0.0017776438035070896,-0.0004545804113149643,0.000735029811039567,0.0,0.0,0.0,0.0,0.0,0.0,-0.5491724,0.588399,10.24794925,0.06981317007977318,0.06981317007977318,-0.05235987755982989,-714.0,321.0,-399.0,1600,1600,1599,1599,0,0,0,0
1763969212.7086403,0.0,0.0,32.41,154.88,-0.06285661458969116,0.21559767425060272,0.9743879437446594,-0.011614666320383549,-3.091510772705078,-0.11777304112911224,2.703422784805298,0.0017776438035070896,-0.0004545804113149643,0.000735029811039567,0.0,0.0,0.0,0.0,0.0,0.0,-0.5491724,0.588399,10.24794925,0.06981317007977318,0.06981317007977318,-0.05235987755982989,-714.0,321.0,-399.0,1600,1600,1599,1599,0,0,0,0
1763969212.7420392,0.0,0.0,32.2,154.89,-0.06285661458969116,0.21559767425060272,0.9743879437446594,-0.011614666320383549,-3.091510772705078,-0.11777304112911224,2.703422784805298,0.0017776438035070896,-0.0004545804113149643,0.000735029811039567,0.0,0.0,0.0,0.0,0.0,0.0,-0.5491724,0.588399,10.24794925,0.06981317007977318,0.06981317007977318,-0.05235987755982989,-714.0,321.0,-399.0,1600,1600,1599,1599,0,0,0,0
1763969212.7754333,0.0,0.0,32.2,154.89,-0.06285661458969116,0.21559767425060272,0.9743879437446594,-0.011614666320383549,-3.091510772705078,-0.11777304112911224,2.703422784805298,0.0017776438035070896,-0.0004545804113149643,0.000735029811039567,0.0,0.0,0.0,0.0,0.0,0.0,-0.5687857000000001,0.6080123,10.2577559,0.12217304763960307,0.06981317007977318,-0.03490658503988659,-717.0,319.0,-400.0,1600,1600,1599,1599,0,0,0,0
1763969212.8088398,0.0,0.0,32.2,154.89,-0.06285661458969116,0.21559767425060272,0.9743879437446594,-0.011614666320383549,-3.091517210006714,-0.11777438223361969,2.7034504413604736,0.0013270177878439426,9.460793808102608e-05,-0.0002040746621787548,0.0,0.0,0.0,0.0,0.0,0.0,-0.5687857000000001,0.6080123,10.2577559,0.12217304763960307,0.06981317007977318,-0.03490658503988659,-717.0,319.0,-400.0,1600,1600,1599,1599,0,0,0,0
1763969212.8422618,0.0,0.0,32.2,154.89,-0.06285661458969116,0.21559767425060272,0.9743879437446594,-0.011614666320383549,-3.091517210006714,-0.11777438223361969,2.7034504413604736,0.0013270177878439426,9.460793808102608e-05,-0.0002040746621787548,0.0,0.0,0.0,0.0,0.0,0.0,-0.5687857000000001,0.6080123,10.2577559,0.12217304763960307,0.06981317007977318,-0.03490658503988659,-717.0,319.0,-400.0,1600,1600,1599,1599,0,0,0,0
1763969212.8756614,0.0,0.0,32.2,154.89,-0.06285639852285385,0.21558436751365662,0.9743909239768982,-0.011612174101173878,-3.091517210006714,-0.11777438223361969,2.7034504413604736,0.0013270177878439426,9.460793808102608e-05,-0.0002040746621787548,0.0,0.0,0.0,0.0,0.0,0.0,-0.5687857000000001,0.6080123,10.2577559,0.12217304763960307,0.06981317007977318,-0.03490658503988659,-717.0,319.0,-400.0,1600,1600,1599,1599,0,0,0,0
1763969212.9090595,0.0,0.0,32.2,154.89,-0.06285639852285385,0.21558436751365662,0.9743909239768982,-0.011612174101173878,-3.091517210006714,-0.11777438223361969,2.7034504413604736,0.0013270177878439426,9.460793808102608e-05,-0.0002040746621787548,0.0,0.0,0.0,0.0,0.0,0.0,-0.5687857000000001,0.61781895,10.2577559,0.10471975511965978,0.06981317007977318,-0.05235987755982989,-719.0,315.0,-398.0,1600,1600,1599,1599,0,0,0,0
1763969212.942484,0.0,0.0,32.2,154.89,-0.06285639852285385,0.21558436751365662,0.9743909239768982,-0.011612174101173878,-3.091517210006714,-0.11777438223361969,2.7034504413604736,0.0013270177878439426,9.460793808102608e-05,-0.0002040746621787548,0.0,0.0,0.0,0.0,0.0,0.0,-0.5687857000000001,0.61781895,10.2577559,0.10471975511965978,0.06981317007977318,-0.05235987755982989,-719.0,315.0,-398.0,1600,1600,1599,1599,0,0,0,0
1763969212.9758878,0.0,0.0,32.2,154.89,-0.06285639852285385,0.21558436751365662,0.9743909239768982,-0.011612174101173878,-3.091517210006714,-0.11777438223361969,2.7034504413604736,0.0013270177878439426,9.460793808102608e-05,-0.0002040746621787548,0.0,0.0,0.0,0.0,0.0,0.0,-0.5687857000000001,0.61781895,10.2577559,0.10471975511965978,0.06981317007977318,-0.05235987755982989,-719.0,315.0,-398.0,1600,1600,1599,1599,0,0,0,0
1763969213.009282,0.0,0.0,32.2,154.89,-0.06285639852285385,0.21558436751365662,0.9743909239768982,-0.011612174101173878,-3.0915119647979736,-0.11778198182582855,2.7034711837768555,0.0008355849422514439,-0.0003001936711370945,0.00025289319455623627,0.0,0.0,0.0,0.0,0.0,0.0,-0.5687857000000001,0.61781895,10.2577559,0.10471975511965978,0.06981317007977318,-0.05235987755982989,-719.0,315.0,-398.0,1600,1600,1599,1599,0,0,0,0
1763969213.0426826,0.0,0.0,32.2,154.89,-0.06285639852285385,0.21558436751365662,0.9743909239768982,-0.011612174101173878,-3.0915119647979736,-0.11778198182582855,2.7034711837768555,0.0008355849422514439,-0.0003001936711370945,0.00025289319455623627,0.0,0.0,0.0,0.0,0.0,0.0,-0.5687857000000001,0.61781895,10.2577559,0.10471975511965978,0.06981317007977318,-0.05235987755982989,-719.0,315.0,-398.0,1600,1600,1599,1599,0,0,0,0
1763969213.0760794,0.0,0.0,32.2,154.89,-0.06285639852285385,0.21558436751365662,0.9743909239768982,-0.011612174101173878,-3.0915119647979736,-0.11778198182582855,2.7034711837768555,0.0008355849422514439,-0.0003001936711370945,0.00025289319455623627,0.0,0.0,0.0,0.0,0.0,0.0,-0.5687857000000001,0.61781895,10.2577559,0.10471975511965978,0.06981317007977318,-0.05235987755982989,-719.0,315.0,-398.0,1600,1600,1599,1599,0,0,0,0
1763969213.1094773,0.0,0.0,32.2,154.89,-0.06285639852285385,0.21558436751365662,0.9743909239768982,-0.011612174101173878,-3.091491460800171,-0.11778706312179565,2.7034730911254883,0.0014256038703024387,-0.002187913516536355,-0.0004468117840588093,0.0,0.0,0.0,0.0,0.0,0.0,-0.5687857000000001,0.61781895,10.2577559,0.10471975511965978,0.06981317007977318,-0.05235987755982989,-719.0,315.0,-398.0,1600,1600,1599,1599,0,0,0,0
1763969213.1428761,0.0,0.0,32.2,154.89,-0.06285639852285385,0.21558436751365662,0.9743909239768982,-0.011612174101173878,-3.091491460800171,-0.11778706312179565,2.7034730911254883,0.0014256038703024387,-0.002187913516536355,-0.0004468117840588093,0.0,0.0,0.0,0.0,0.0,0.0,-0.5687857000000001,0.61781895,10.2577559,0.10471975511965978,0.06981317007977318,-0.05235987755982989,-719.0,315.0,-398.0,1600,1600,1599,1599,0,0,0,0
1763969213.1762774,0.0,0.0,32.2,154.89,-0.0628652274608612,0.21557223796844482,0.9743928909301758,-0.011624136008322239,-3.091491460800171,-0.11778706312179565,2.7034730911254883,0.0014256038703024387,-0.002187913516536355,-0.0004468117840588093,0.0,0.0,0.0,0.0,0.0,0.0,-0.5687857000000001,0.61781895,10.2577559,0.10471975511965978,0.06981317007977318,-0.05235987755982989,-719.0,315.0,-398.0,1600,1600,1599,1599,0,0,0,0
1763969213.2096717,0.0,0.0,32.2,154.89,-0.0628652274608612,0.21557223796844482,0.9743928909301758,-0.011624136008322239,-3.091491460800171,-0.11778706312179565,2.7034730911254883,0.0014256038703024387,-0.002187913516536355,-0.0004468117840588093,0.0,0.0,0.0,0.0,0.0,0.0,-0.5687857000000001,0.61781895,10.2577559,0.10471975511965978,0.03490658503988659,-0.05235987755982989,-719.0,315.0,-398.0,1600,1600,1599,1599,0,0,0,0
1763969213.2430913,0.0,0.0,32.2,154.89,-0.0628652274608612,0.21557223796844482,0.9743928909301758,-0.011624136008322239,-3.091491460800171,-0.11778706312179565,2.7034730911254883,0.0014256038703024387,-0.002187913516536355,-0.0004468117840588093,0.0,0.0,0.0,0.0,0.0,0.0,-0.5687857000000001,0.61781895,10.2577559,0.10471975511965978,0.03490658503988659,-0.05235987755982989,-719.0,315.0,-398.0,1600,1600,1599,1599,0,0,0,0
1763969213.2764928,0.0,0.0,32.2,154.89,-0.0628652274608612,0.21557223796844482,0.9743928909301758,-0.011624136008322239,-3.091491460800171,-0.11778706312179565,2.7034730911254883,0.0014256038703024387,-0.002187913516536355,-0.0004468117840588093,0.0,0.0,0.0,0.0,0.0,0.0,-0.5687857000000001,0.61781895,10.2577559,0.10471975511965978,0.03490658503988659,-0.05235987755982989,-719.0,315.0,-398.0,1600,1600,1599,1599,0,0,0,0
1763969213.3098934,0.0,0.0,32.2,154.89,-0.0628652274608612,0.21557223796844482,0.9743928909301758,-0.011624136008322239,-3.091491460800171,-0.11778706312179565,2.7034730911254883,0.0014256038703024387,-0.002187913516536355,-0.0004468117840588093,0.0,0.0,0.0,0.0,0.0,0.0,-0.5687857000000001,0.61781895,10.24794925,0.08726646259971647,0.08726646259971647,-0.03490658503988659,-717.0,322.0,-404.0,1600,1600,1599,1599,0,0,0,0
1763969213.343287,0.0,0.0,32.2,154.89,-0.06287506222724915,0.21558642387390137,0.9743891954421997,-0.011615793220698833,-3.091491460800171,-0.11778706312179565,2.7034730911254883,0.0014256038703024387,-0.002187913516536355,-0.0004468117840588093,0.0,0.0,0.0,0.0,0.0,0.0,-0.5687857000000001,0.61781895,10.24794925,0.08726646259971647,0.08726646259971647,-0.03490658503988659,-717.0,322.0,-404.0,1600,1600,1599,1599,0,0,0,0
1763969213.3766775,0.0,0.0,32.26,154.89,-0.06287506222724915,0.21558642387390137,0.9743891954421997,-0.011615793220698833,-3.091491460800171,-0.11778706312179565,2.7034730911254883,0.0014256038703024387,-0.002187913516536355,-0.0004468117840588093,0.0,0.0,0.0,0.0,0.0,0.0,-0.5687857000000001,0.61781895,10.24794925,0.08726646259971647,0.08726646259971647,-0.03490658503988659,-717.0,322.0,-404.0,1600,1600,1599,1599,0,0,0,0
1763969213.410077,0.0,0.0,32.26,154.89,-0.06287506222724915,0.21558642387390137,0.9743891954421997,-0.011615793220698833,-3.0915169715881348,-0.11781538277864456,2.7034456729888916,-0.001561167649924755,-3.215763717889786e-05,-0.0007335662376135588,0.0,0.0,0.0,0.0,0.0,0.0,-0.5687857000000001,0.61781895,10.24794925,0.08726646259971647,0.08726646259971647,-0.03490658503988659,-717.0,322.0,-404.0,1600,1600,1599,1599,0,0,0,0
1763969213.4434795,0.0,0.0,32.26,154.89,-0.06287642568349838,0.21558590233325958,0.9743893146514893,-0.011607705615460873,-3.0915169715881348,-0.11781538277864456,2.7034456729888916,-0.001561167649924755,-3.215763717889786e-05,-0.0007335662376135588,0.0,0.0,0.0,0.0,0.0,0.0,-0.5687857000000001,0.61781895,10.24794925,0.08726646259971647,0.08726646259971647,-0.03490658503988659,-717.0,322.0,-404.0,1600,1600,1599,1599,0,0,0,0
1763969213.4768848,0.0,0.0,32.26,154.89,-0.06287642568349838,0.21558590233325958,0.9743893146514893,-0.011607705615460873,-3.0915169715881348,-0.11781538277864456,2.7034456729888916,-0.001561167649924755,-3.215763717889786e-05,-0.0007335662376135588,0.0,0.0,0.0,0.0,0.0,0.0,-0.5687857000000001,0.61781895,10.24794925,0.08726646259971647,0.08726646259971647,-0.03490658503988659,-717.0,322.0,-404.0,1600,1600,1599,1599,0,0,0,0
1763969213.5102763,0.0,0.0,32.26,154.89,-0.06287642568349838,0.21558590233325958,0.9743893146514893,-0.011607705615460873,-3.0915169715881348,-0.11781538277864456,2.7034456729888916,-0.001561167649924755,-3.215763717889786e-05,-0.0007335662376135588,0.0,0.0,0.0,0.0,0.0,0.0,-0.5687857000000001,0.61781895,10.24794925,0.08726646259971647,0.08726646259971647,-0.03490658503988659,-717.0,322.0,-404.0,1600,1600,1599,1599,0,0,0,0
1763969213.5436714,0.0,0.0,32.26,154.89,-0.06287642568349838,0.21558590233325958,0.9743893146514893,-0.011607705615460873,-3.0915169715881348,-0.11781538277864456,2.7034456729888916,-0.001561167649924755,-3.215763717889786e-05,-0.0007335662376135588,0.0,0.0,0.0,0.0,0.0,0.0,-0.5687857000000001,0.61781895,10.2577559,0.05235987755982989,0.06981317007977318,-0.05235987755982989,-717.0,322.0,-404.0,1600,1600,1599,1599,0,0,0,0
1763969213.5770643,0.0,0.0,32.26,154.89,-0.06287642568349838,0.21558590233325958,0.9743893146514893,-0.011607705615460873,-3.0915098190307617,-0.11790156364440918,2.7033228874206543,0.00174756720662117,-0.0007033701986074448,0.0004157458897680044,0.0,0.0,0.0,0.0,0.0,0.0,-0.5687857000000001,0.61781895,10.2577559,0.05235987755982989,0.06981317007977318,-0.05235987755982989,-717.0,322.0,-404.0,1600,1600,1599,1599,0,0,0,0
1763969213.610454,0.0,0.0,32.26,154.89,-0.06291986256837845,0.21564394235610962,0.9743737578392029,-0.011597905308008194,-3.0915098190307617,-0.11790156364440918,2.7033228874206543,0.00174756720662117,-0.0007033701986074448,0.0004157458897680044,0.0,0.0,0.0,0.0,0.0,0.0,-0.5687857000000001,0.61781895,10.2577559,0.05235987755982989,0.06981317007977318,-0.05235987755982989,-717.0,322.0,-404.0,1600,1600,1599,1599,0,0,0,0
1763969213.6438437,0.0,0.0,31.97,154.88,-0.06291986256837845,0.21564394235610962,0.9743737578392029,-0.011597905308008194,-3.0915098190307617,-0.11790156364440918,2.7033228874206543,0.00174756720662117,-0.0007033701986074448,0.0004157458897680044,0.0,0.0,0.0,0.0,0.0,0.0,-0.5687857000000001,0.61781895,10.2577559,0.05235987755982989,0.06981317007977318,-0.05235987755982989,-717.0,322.0,-404.0,1600,1600,1599,1599,0,0,0,0
1763969213.6772335,0.0,0.0,31.97,154.88,-0.06291986256837845,0.21564394235610962,0.9743737578392029,-0.011597905308008194,-3.0915098190307617,-0.11790156364440918,2.7033228874206543,0.00174756720662117,-0.0007033701986074448,0.0004157458897680044,0.0,0.0,0.0,0.0,0.0,0.0,-0.5687857000000001,0.61781895,10.2577559,0.05235987755982989,0.06981317007977318,-0.05235987755982989,-717.0,322.0,-404.0,1600,1600,1599,1599,0,0,0,0
1763969213.710623,0.0,0.0,31.97,154.88,-0.06291986256837845,0.21564394235610962,0.9743737578392029,-0.011597905308008194,-3.0915098190307617,-0.11790156364440918,2.7033228874206543,0.00174756720662117,-0.0007033701986074448,0.0004157458897680044,0.0,0.0,0.0,0.0,0.0,0.0,-0.57859235,0.61781895,10.2577559,0.12217304763960307,0.05235987755982989,-0.03490658503988659,-716.0,317.0,-406.0,1600,1600,1599,1599,0,0,0,0
1763969213.7440112,0.0,0.0,31.97,154.88,-0.06291986256837845,0.21564394235610962,0.9743737578392029,-0.011597905308008194,-3.091522216796875,-0.11791252344846725,2.7033510208129883,0.0004720599390566349,0.00088137062266469,-0.0012919872533529997,0.0,0.0,0.0,0.0,0.0,0.0,-0.57859235,0.61781895,10.2577559,0.12217304763960307,0.05235987755982989,-0.03490658503988659,-716.0,317.0,-406.0,1600,1600,1599,1599,0,0,0,0
1763969213.777418,0.0,0.0,31.97,154.88,-0.06291986256837845,0.21564394235610962,0.9743737578392029,-0.011597905308008194,-3.091522216796875,-0.11791252344846725,2.7033510208129883,0.0004720599390566349,0.00088137062266469,-0.0012919872533529997,0.0,0.0,0.0,0.0,0.0,0.0,-0.57859235,0.61781895,10.2577559,0.12217304763960307,0.05235987755982989,-0.03490658503988659,-716.0,317.0,-406.0,1600,1600,1599,1599,0,0,0,0
1763969213.8108406,0.0,0.0,31.97,154.88,-0.06292372196912766,0.2156304568052292,0.9743766188621521,-0.011591639369726181,-3.091522216796875,-0.11791252344846725,2.7033510208129883,0.0004720599390566349,0.00088137062266469,-0.0012919872533529997,0.0,0.0,0.0,0.0,0.0,0.0,-0.57859235,0.61781895,10.2577559,0.12217304763960307,0.05235987755982989,-0.03490658503988659,-716.0,317.0,-406.0,1600,1600,1599,1599,0,0,0,0
1763969213.8442514,0.0,0.0,31.97,154.88,-0.06292372196912766,0.2156304568052292,0.9743766188621521,-0.011591639369726181,-3.091522216796875,-0.11791252344846725,2.7033510208129883,0.0004720599390566349,0.00088137062266469,-0.0012919872533529997,0.0,0.0,0.0,0.0,0.0,0.0,-0.59820565,0.6276256,10.2577559,0.08726646259971647,0.08726646259971647,-0.06981317007977318,-717.0,318.0,-403.0,1600,1600,1599,1599,0,0,0,0
1763969213.8776524,0.0,0.0,32.28,154.89,-0.06292372196912766,0.2156304568052292,0.9743766188621521,-0.011591639369726181,-3.091522216796875,-0.11791252344846725,2.7033510208129883,0.0004720599390566349,0.00088137062266469,-0.0012919872533529997,0.0,0.0,0.0,0.0,0.0,0.0,-0.59820565,0.6276256,10.2577559,0.08726646259971647,0.08726646259971647,-0.06981317007977318,-717.0,318.0,-403.0,1600,1600,1599,1599,0,0,0,0
1763969213.9110537,0.0,0.0,32.28,154.89,-0.06292372196912766,0.2156304568052292,0.9743766188621521,-0.011591639369726181,-3.091522216796875,-0.11791252344846725,2.7033510208129883,0.0004720599390566349,0.00088137062266469,-0.0012919872533529997,0.0,0.0,0.0,0.0,0.0,0.0,-0.59820565,0.6276256,10.2577559,0.08726646259971647,0.08726646259971647,-0.06981317007977318,-717.0,318.0,-403.0,1600,1600,1599,1599,0,0,0,0
1763969213.944469,0.0,0.0,32.28,154.89,-0.06292372196912766,0.2156304568052292,0.9743766188621521,-0.011591639369726181,-3.091522216796875,-0.11791252344846725,2.7033510208129883,0.0004720599390566349,0.00088137062266469,-0.0012919872533529997,0.0,0.0,0.0,0.0,0.0,0.0,-0.55897905,0.59820565,10.24794925,0.08726646259971647,0.08726646259971647,-0.03490658503988659,-720.0,317.0,-400.0,1600,1600,1599,1599,0,0,0,0
1763969213.9778676,0.0,0.0,32.28,154.89,-0.06292372196912766,0.2156304568052292,0.9743766188621521,-0.011591639369726181,-3.091465473175049,-0.11801715940237045,2.703364849090576,-0.0015624985098838806,-3.4988392144441605e-05,-0.0005663973279297352,0.0,0.0,0.0,0.0,0.0,0.0,-0.55897905,0.59820565,10.24794925,0.08726646259971647,0.08726646259971647,-0.03490658503988659,-720.0,317.0,-400.0,1600,1600,1599,1599,0,0,0,0
1763969214.0112607,0.0,0.0,32.28,154.89,-0.06298067420721054,0.21561995148658752,0.9743750691413879,-0.011608215980231762,-3.091465473175049,-0.11801715940237045,2.703364849090576,-0.0015624985098838806,-3.4988392144441605e-05,-0.0005663973279297352,0.0,0.0,0.0,0.0,0.0,0.0,-0.55897905,0.59820565,10.24794925,0.08726646259971647,0.08726646259971647,-0.03490658503988659,-720.0,317.0,-400.0,1600,1600,1599,1599,0,0,0,0
1763969214.0446599,0.0,0.0,32.21,154.89,-0.06298067420721054,0.21561995148658752,0.9743750691413879,-0.011608215980231762,-3.091465473175049,-0.11801715940237045,2.703364849090576,-0.0015624985098838806,-3.4988392144441605e-05,-0.0005663973279297352,0.0,0.0,0.0,0.0,0.0,0.0,-0.55897905,0.59820565,10.24794925,0.08726646259971647,0.08726646259971647,-0.03490658503988659,-720.0,317.0,-400.0,1600,1600,1599,1599,0,0,0,0
1763969214.0780547,0.0,0.0,32.21,154.89,-0.06298067420721054,0.21561995148658752,0.9743750691413879,-0.011608215980231762,-3.091465473175049,-0.11801715940237045,2.703364849090576,-0.0015624985098838806,-3.4988392144441605e-05,-0.0005663973279297352,0.0,0.0,0.0,0.0,0.0,0.0,-0.55897905,0.59820565,10.24794925,0.08726646259971647,0.08726646259971647,-0.03490658503988659,-720.0,317.0,-400.0,1600,1600,1599,1599,0,0,0,0
1763969214.1114528,0.0,0.0,32.21,154.89,-0.06298067420721054,0.21561995148658752,0.9743750691413879,-0.011608215980231762,-3.091465473175049,-0.11801715940237045,2.703364849090576,-0.0015624985098838806,-3.4988392144441605e-05,-0.0005663973279297352,0.0,0.0,0.0,0.0,0.0,0.0,-0.5687857000000001,0.6080123,10.24794925,0.05235987755982989,0.06981317007977318,-0.05235987755982989,-718.0,321.0,-402.0,1600,1600,1599,1599,0,0,0,0
1763969214.1448534,0.0,0.0,32.21,154.89,-0.06298067420721054,0.21561995148658752,0.9743750691413879,-0.011608215980231762,-3.091468572616577,-0.11800053715705872,2.703378438949585,0.001240384764969349,0.00029371771961450577,-0.00106933549977839,0.0,0.0,0.0,0.0,0.0,0.0,-0.5687857000000001,0.6080123,10.24794925,0.05235987755982989,0.06981317007977318,-0.05235987755982989,-718.0,321.0,-402.0,1600,1600,1599,1599,0,0,0,0
1763969214.178245,0.0,0.0,32.21,154.89,-0.06298067420721054,0.21561995148658752,0.9743750691413879,-0.011608215980231762,-3.091468572616577,-0.11800053715705872,2.703378438949585,0.001240384764969349,0.00029371771961450577,-0.00106933549977839,0.0,0.0,0.0,0.0,0.0,0.0,-0.5687857000000001,0.6080123,10.24794925,0.05235987755982989,0.06981317007977318,-0.05235987755982989,-718.0,321.0,-402.0,1600,1600,1599,1599,0,0,0,0
1763969214.211635,0.0,0.0,32.21,154.89,-0.06297218054533005,0.21561375260353088,0.9743769764900208,-0.011608993634581566,-3.091468572616577,-0.11800053715705872,2.703378438949585,0.001240384764969349,0.00029371771961450577,-0.00106933549977839,0.0,0.0,0.0,0.0,0.0,0.0,-0.5687857000000001,0.6080123,10.24794925,0.05235987755982989,0.06981317007977318,-0.05235987755982989,-718.0,321.0,-402.0,1600,1600,1599,1599,0,0,0,0
1763969214.2450242,0.0,0.0,32.21,154.89,-0.06297218054533005,0.21561375260353088,0.9743769764900208,-0.011608993634581566,-3.091468572616577,-0.11800053715705872,2.703378438949585,0.001240384764969349,0.00029371771961450577,-0.00106933549977839,0.0,0.0,0.0,0.0,0.0,0.0,-0.57859235,0.61781895,10.2577559,0.10471975511965978,0.06981317007977318,-0.06981317007977318,-718.0,321.0,-402.0,1600,1600,1599,1599,0,0,0,0
1763969214.2784266,0.0,0.0,32.21,154.89,-0.06297218054533005,0.21561375260353088,0.9743769764900208,-0.011608993634581566,-3.091468572616577,-0.11800053715705872,2.703378438949585,0.001240384764969349,0.00029371771961450577,-0.00106933549977839,0.0,0.0,0.0,0.0,0.0,0.0,-0.57859235,0.61781895,10.2577559,0.10471975511965978,0.06981317007977318,-0.06981317007977318,-718.0,321.0,-402.0,1600,1600,1599,1599,0,0,0,0
1763969214.311822,0.0,0.0,32.21,154.89,-0.06297218054533005,0.21561375260353088,0.9743769764900208,-0.011608993634581566,-3.091468095779419,-0.1179732233285904,2.7033727169036865,0.0018395609222352505,-0.000596475787460804,0.0004943602252751589,0.0,0.0,0.0,0.0,0.0,0.0,-0.57859235,0.61781895,10.2577559,0.10471975511965978,0.06981317007977318,-0.06981317007977318,-718.0,321.0,-402.0,1600,1600,1599,1599,0,0,0,0
1763969214.3452127,0.0,0.0,32.21,154.89,-0.06297218054533005,0.21561375260353088,0.9743769764900208,-0.011608993634581566,-3.091468095779419,-0.1179732233285904,2.7033727169036865,0.0018395609222352505,-0.000596475787460804,0.0004943602252751589,0.0,0.0,0.0,0.0,0.0,0.0,-0.57859235,0.61781895,10.2577559,0.10471975511965978,0.06981317007977318,-0.06981317007977318,-718.0,321.0,-402.0,1600,1600,1599,1599,0,0,0,0
1763969214.3786027,0.0,0.0,32.21,154.89,-0.0629589632153511,0.21561698615550995,0.9743770956993103,-0.011611993424594402,-3.091468095779419,-0.1179732233285904,2.7033727169036865,0.0018395609222352505,-0.000596475787460804,0.0004943602252751589,0.0,0.0,0.0,0.0,0.0,0.0,-0.57859235,0.61781895,10.2577559,0.10471975511965978,0.06981317007977318,-0.06981317007977318,-718.0,321.0,-402.0,1600,1600,1599,1599,0,0,0,0
1763969214.4119935,0.0,0.0,32.21,154.89,-0.0629589632153511,0.21561698615550995,0.9743770956993103,-0.011611993424594402,-3.091468095779419,-0.1179732233285904,2.7033727169036865,0.0018395609222352505,-0.000596475787460804,0.0004943602252751589,0.0,0.0,0.0,0.0,0.0,0.0,-0.5687857000000001,0.6276256,10.2577559,0.12217304763960307,0.06981317007977318,-0.03490658503988659,-717.0,320.0,-402.0,1600,1600,1599,1599,0,0,0,0
1763969214.4454129,0.0,0.0,32.2,154.89,-0.0629589632153511,0.21561698615550995,0.9743770956993103,-0.011611993424594402,-3.091468095779419,-0.1179732233285904,2.7033727169036865,0.0018395609222352505,-0.000596475787460804,0.0004943602252751589,0.0,0.0,0.0,0.0,0.0,0.0,-0.5687857000000001,0.6276256,10.2577559,0.12217304763960307,0.06981317007977318,-0.03490658503988659,-717.0,320.0,-402.0,1600,1600,1599,1599,0,0,0,0
1763969214.4787889,0.0,0.0,32.2,154.89,-0.0629589632153511,0.21561698615550995,0.9743770956993103,-0.011611993424594402,-3.091484785079956,-0.11796156316995621,2.7033753395080566,0.00027407892048358917,-0.00018152641132473946,-0.00010886648669838905,0.0,0.0,0.0,0.0,0.0,0.0,-0.5687857000000001,0.6276256,10.2577559,0.12217304763960307,0.06981317007977318,-0.03490658503988659,-717.0,320.0,-402.0,1600,1600,1599,1599,0,0,0,0
1763969214.5121841,0.0,0.0,32.2,154.89,-0.06295149028301239,0.21561649441719055,0.9743777513504028,-0.01160529162734747,-3.091484785079956,-0.11796156316995621,2.7033753395080566,0.00027407892048358917,-0.00018152641132473946,-0.00010886648669838905,0.0,0.0,0.0,0.0,0.0,0.0,-0.5687857000000001,0.6276256,10.2577559,0.12217304763960307,0.06981317007977318,-0.03490658503988659,-717.0,320.0,-402.0,1600,1600,1599,1599,0,0,0,0
1763969214.5456083,0.0,0.0,32.2,154.89,-0.06295149028301239,0.21561649441719055,0.9743777513504028,-0.01160529162734747,-3.091484785079956,-0.11796156316995621,2.7033753395080566,0.00027407892048358917,-0.00018152641132473946,-0.00010886648669838905,0.0,0.0,0.0,0.0,0.0,0.0,-0.5687857000000001,0.6276256,10.2577559,0.12217304763960307,0.06981317007977318,-0.03490658503988659,-717.0,320.0,-402.0,1600,1600,1599,1599,0,0,0,0
1763969214.5790093,0.0,0.0,32.2,154.89,-0.06295149028301239,0.21561649441719055,0.9743777513504028,-0.01160529162734747,-3.091484785079956,-0.11796156316995621,2.7033753395080566,0.00027407892048358917,-0.00018152641132473946,-0.00010886648669838905,0.0,0.0,0.0,0.0,0.0,0.0,-0.5687857000000001,0.6276256,10.2577559,0.12217304763960307,0.06981317007977318,-0.03490658503988659,-717.0,320.0,-402.0,1600,1600,1599,1599,0,0,0,0
1763969214.6124125,0.0,0.0,32.2,154.89,-0.06295149028301239,0.21561649441719055,0.9743777513504028,-0.01160529162734747,-3.091484785079956,-0.11796156316995621,2.7033753395080566,0.00027407892048358917,-0.00018152641132473946,-0.00010886648669838905,0.0,0.0,0.0,0.0,0.0,0.0,-0.5687857000000001,0.6276256,10.2577559,0.12217304763960307,0.06981317007977318,-0.03490658503988659,-717.0,320.0,-402.0,1600,1600,1599,1599,0,0,0,0
1763969214.6458154,0.0,0.0,32.2,154.89,-0.06295149028301239,0.21561649441719055,0.9743777513504028,-0.01160529162734747,-3.091484785079956,-0.11796156316995621,2.7033753395080566,0.00027407892048358917,-0.00018152641132473946,-0.00010886648669838905,0.0,0.0,0.0,0.0,0.0,0.0,-0.5687857000000001,0.61781895,10.2577559,0.08726646259971647,0.06981317007977318,-0.05235987755982989,-717.0,320.0,-402.0,1600,1600,1599,1599,0,0,0,0
1763969214.6792448,0.0,0.0,32.2,154.89,-0.06295149028301239,0.21561649441719055,0.9743777513504028,-0.01160529162734747,-3.0914878845214844,-0.11796646565198898,2.703366994857788,0.0005203285254538059,-0.00013455795124173164,0.0007302281446754932,0.0,0.0,0.0,0.0,0.0,0.0,-0.5687857000000001,0.61781895,10.2577559,0.08726646259971647,0.06981317007977318,-0.05235987755982989,-717.0,320.0,-402.0,1600,1600,1599,1599,0,0,0,0
1763969214.7126486,0.0,0.0,32.2,154.89,-0.06295357644557953,0.2156205177307129,0.9743767380714417,-0.011602938175201416,-3.0914878845214844,-0.11796646565198898,2.703366994857788,0.0005203285254538059,-0.00013455795124173164,0.0007302281446754932,0.0,0.0,0.0,0.0,0.0,0.0,-0.5687857000000001,0.61781895,10.2577559,0.08726646259971647,0.06981317007977318,-0.05235987755982989,-717.0,320.0,-402.0,1600,1600,1599,1599,0,0,0,0
1763969214.7460663,0.0,0.0,32.2,154.89,-0.06295357644557953,0.2156205177307129,0.9743767380714417,-0.011602938175201416,-3.0914878845214844,-0.11796646565198898,2.703366994857788,0.0005203285254538059,-0.00013455795124173164,0.0007302281446754932,0.0,0.0,0.0,0.0,0.0,0.0,-0.5687857000000001,0.61781895,10.2577559,0.08726646259971647,0.06981317007977318,-0.05235987755982989,-717.0,320.0,-402.0,1600,1600,1599,1599,0,0,0,0
1763969214.7794676,0.0,0.0,32.2,154.89,-0.06295357644557953,0.2156205177307129,0.9743767380714417,-0.011602938175201416,-3.0914878845214844,-0.11796646565198898,2.703366994857788,0.0005203285254538059,-0.00013455795124173164,0.0007302281446754932,0.0,0.0,0.0,0.0,0.0,0.0,-0.5687857000000001,0.61781895,10.2577559,0.08726646259971647,0.06981317007977318,-0.05235987755982989,-717.0,320.0,-402.0,1600,1600,1599,1599,0,0,0,0
1763969214.812872,0.0,0.0,32.2,154.89,-0.06295357644557953,0.2156205177307129,0.9743767380714417,-0.011602938175201416,-3.0914878845214844,-0.11796646565198898,2.703366994857788,0.0005203285254538059,-0.00013455795124173164,0.0007302281446754932,0.0,0.0,0.0,0.0,0.0,0.0,-0.5687857000000001,0.61781895,10.2577559,0.08726646259971647,0.06981317007977318,-0.05235987755982989,-717.0,320.0,-402.0,1600,1600,1599,1599,0,0,0,0
1763969214.8462753,0.0,0.0,32.2,154.89,-0.06295357644557953,0.2156205177307129,0.9743767380714417,-0.011602938175201416,-3.0914878845214844,-0.11796646565198898,2.703366994857788,0.0005203285254538059,-0.00013455795124173164,0.0007302281446754932,0.0,0.0,0.0,0.0,0.0,0.0,-0.5687857000000001,0.6080123,10.2577559,0.10471975511965978,0.06981317007977318,-0.03490658503988659,-717.0,320.0,-402.0,1600,1600,1599,1599,0,0,0,0
1763969214.8796775,0.0,0.0,32.2,154.89,-0.06296883523464203,0.21560466289520264,0.9743790030479431,-0.011626956053078175,-3.0914878845214844,-0.11796646565198898,2.703366994857788,0.0005203285254538059,-0.00013455795124173164,0.0007302281446754932,0.0,0.0,0.0,0.0,0.0,0.0,-0.5687857000000001,0.6080123,10.2577559,0.10471975511965978,0.06981317007977318,-0.03490658503988659,-717.0,320.0,-402.0,1600,1600,1599,1599,0,0,0,0
1763969214.9130778,0.0,0.0,32.15,154.89,-0.06296883523464203,0.21560466289520264,0.9743790030479431,-0.011626956053078175,-3.0914878845214844,-0.11796646565198898,2.703366994857788,0.0005203285254538059,-0.00013455795124173164,0.0007302281446754932,0.0,0.0,0.0,0.0,0.0,0.0,-0.5687857000000001,0.6080123,10.2577559,0.10471975511965978,0.06981317007977318,-0.03490658503988659,-717.0,320.0,-402.0,1600,1600,1599,1599,0,0,0,0
1763969214.9464977,0.0,0.0,32.15,154.89,-0.06296883523464203,0.21560466289520264,0.9743790030479431,-0.011626956053078175,-3.0914878845214844,-0.11796646565198898,2.703366994857788,0.0005203285254538059,-0.00013455795124173164,0.0007302281446754932,0.0,0.0,0.0,0.0,0.0,0.0,-0.5687857000000001,0.6080123,10.2577559,0.10471975511965978,0.06981317007977318,-0.03490658503988659,-717.0,320.0,-402.0,1600,1600,1599,1599,0,0,0,0
1763969214.9798963,0.0,0.0,32.15,154.89,-0.06296883523464203,0.21560466289520264,0.9743790030479431,-0.011626956053078175,-3.0914878845214844,-0.11796646565198898,2.703366994857788,0.0005203285254538059,-0.00013455795124173164,0.0007302281446754932,0.0,0.0,0.0,0.0,0.0,0.0,-0.5687857000000001,0.6080123,10.2577559,0.10471975511965978,0.06981317007977318,-0.03490658503988659,-717.0,320.0,-402.0,1600,1600,1599,1599,0,0,0,0
1763969215.0132885,0.0,0.0,32.15,154.89,-0.06296883523464203,0.21560466289520264,0.9743790030479431,-0.011626956053078175,-3.0914878845214844,-0.11796646565198898,2.703366994857788,0.0005203285254538059,-0.00013455795124173164,0.0007302281446754932,0.0,0.0,0.0,0.0,0.0,0.0,-0.55897905,0.61781895,10.24794925,0.10471975511965978,0.06981317007977318,-0.05235987755982989,-717.0,319.0,-400.0,1600,1600,1599,1599,0,0,0,0
1763969215.0467043,0.0,0.0,32.15,154.89,-0.06296883523464203,0.21560466289520264,0.9743790030479431,-0.011626956053078175,-3.091428279876709,-0.1179957315325737,2.703404664993286,0.0026371078565716743,0.0014408472925424576,-0.0011161335278302431,0.0,0.0,0.0,0.0,0.0,0.0,-0.55897905,0.61781895,10.24794925,0.10471975511965978,0.06981317007977318,-0.05235987755982989,-717.0,319.0,-400.0,1600,1600,1599,1599,0,0,0,0
1763969215.0800989,0.0,0.0,32.15,154.89,-0.06297403573989868,0.21559977531433105,0.9743796586990356,-0.011630021035671234,-3.091428279876709,-0.1179957315325737,2.703404664993286,0.0026371078565716743,0.0014408472925424576,-0.0011161335278302431,0.0,0.0,0.0,0.0,0.0,0.0,-0.55897905,0.61781895,10.24794925,0.10471975511965978,0.06981317007977318,-0.05235987755982989,-717.0,319.0,-400.0,1600,1600,1599,1599,0,0,0,0
1763969215.113493,0.0,0.0,32.2,154.89,-0.06297403573989868,0.21559977531433105,0.9743796586990356,-0.011630021035671234,-3.091428279876709,-0.1179957315325737,2.703404664993286,0.0026371078565716743,0.0014408472925424576,-0.0011161335278302431,0.0,0.0,0.0,0.0,0.0,0.0,-0.55897905,0.61781895,10.24794925,0.10471975511965978,0.06981317007977318,-0.05235987755982989,-717.0,319.0,-400.0,1600,1600,1599,1599,0,0,0,0
1763969215.1468842,0.0,0.0,32.2,154.89,-0.06297403573989868,0.21559977531433105,0.9743796586990356,-0.011630021035671234,-3.091428279876709,-0.1179957315325737,2.703404664993286,0.0026371078565716743,0.0014408472925424576,-0.0011161335278302431,0.0,0.0,0.0,0.0,0.0,0.0,-0.55897905,0.61781895,10.24794925,0.10471975511965978,0.06981317007977318,-0.05235987755982989,-717.0,319.0,-400.0,1600,1600,1599,1599,0,0,0,0
1763969215.1802886,0.0,0.0,32.2,154.89,-0.06297403573989868,0.21559977531433105,0.9743796586990356,-0.011630021035671234,-3.091428279876709,-0.1179957315325737,2.703404664993286,0.0026371078565716743,0.0014408472925424576,-0.0011161335278302431,0.0,0.0,0.0,0.0,0.0,0.0,-0.5687857000000001,0.61781895,10.2577559,0.13962634015954636,0.10471975511965978,-0.06981317007977318,-721.0,319.0,-408.0,1600,1600,1599,1599,0,0,0,0
1763969215.2136862,0.0,0.0,32.2,154.89,-0.06297583878040314,0.21558992564678192,0.974381685256958,-0.011632212437689304,-3.091428279876709,-0.1179957315325737,2.703404664993286,0.0026371078565716743,0.0014408472925424576,-0.0011161335278302431,0.0,0.0,0.0,0.0,0.0,0.0,-0.5687857000000001,0.61781895,10.2577559,0.13962634015954636,0.10471975511965978,-0.06981317007977318,-721.0,319.0,-408.0,1600,1600,1599,1599,0,0,0,0
1763969215.2470791,0.0,0.0,32.2,154.89,-0.06297583878040314,0.21558992564678192,0.974381685256958,-0.011632212437689304,-3.091428279876709,-0.1179957315325737,2.703404664993286,0.0026371078565716743,0.0014408472925424576,-0.0011161335278302431,0.0,0.0,0.0,0.0,0.0,0.0,-0.5687857000000001,0.61781895,10.2577559,0.13962634015954636,0.10471975511965978,-0.06981317007977318,-721.0,319.0,-408.0,1600,1600,1599,1599,0,0,0,0
1763969215.2804685,0.0,0.0,32.2,154.89,-0.06297583878040314,0.21558992564678192,0.974381685256958,-0.011632212437689304,-3.091428279876709,-0.1179957315325737,2.703404664993286,0.0026371078565716743,0.0014408472925424576,-0.0011161335278302431,0.0,0.0,0.0,0.0,0.0,0.0,-0.5687857000000001,0.61781895,10.2577559,0.13962634015954636,0.10471975511965978,-0.06981317007977318,-721.0,319.0,-408.0,1600,1600,1599,1599,0,0,0,0
1763969215.3138607,0.0,0.0,32.2,154.89,-0.06297583878040314,0.21558992564678192,0.974381685256958,-0.011632212437689304,-3.091428279876709,-0.1179957315325737,2.703404664993286,0.0026371078565716743,0.0014408472925424576,-0.0011161335278302431,0.0,0.0,0.0,0.0,0.0,0.0,-0.55897905,0.6080123,10.2577559,0.10471975511965978,0.06981317007977318,-0.03490658503988659,-721.0,319.0,-408.0,1600,1600,1599,1599,0,0,0,0
1763969215.3472521,0.0,0.0,32.2,154.89,-0.06297583878040314,0.21558992564678192,0.974381685256958,-0.011632212437689304,-3.0914268493652344,-0.11799798160791397,2.7034339904785156,0.0006300793029367924,-0.0010209118481725454,-0.0005201620515435934,0.0,0.0,0.0,0.0,0.0,0.0,-0.55897905,0.6080123,10.2577559,0.10471975511965978,0.06981317007977318,-0.03490658503988659,-721.0,319.0,-408.0,1600,1600,1599,1599,0,0,0,0
1763969215.3806424,0.0,0.0,32.2,154.89,-0.06297510862350464,0.2155853807926178,0.974382758140564,-0.011631392873823643,-3.0914268493652344,-0.11799798160791397,2.7034339904785156,0.0006300793029367924,-0.0010209118481725454,-0.0005201620515435934,0.0,0.0,0.0,0.0,0.0,0.0,-0.55897905,0.6080123,10.2577559,0.10471975511965978,0.06981317007977318,-0.03490658503988659,-721.0,319.0,-408.0,1600,1600,1599,1599,0,0,0,0
1763969215.4140303,0.0,0.0,32.2,154.89,-0.06297510862350464,0.2155853807926178,0.974382758140564,-0.011631392873823643,-3.0914268493652344,-0.11799798160791397,2.7034339904785156,0.0006300793029367924,-0.0010209118481725454,-0.0005201620515435934,0.0,0.0,0.0,0.0,0.0,0.0,-0.55897905,0.6080123,10.2577559,0.10471975511965978,0.06981317007977318,-0.03490658503988659,-721.0,319.0,-408.0,1600,1600,1599,1599,0,0,0,0
1763969215.4474459,0.0,0.0,32.2,154.89,-0.06297510862350464,0.2155853807926178,0.974382758140564,-0.011631392873823643,-3.0914268493652344,-0.11799798160791397,2.7034339904785156,0.0006300793029367924,-0.0010209118481725454,-0.0005201620515435934,0.0,0.0,0.0,0.0,0.0,0.0,-0.55897905,0.6080123,10.2577559,0.10471975511965978,0.06981317007977318,-0.03490658503988659,-721.0,319.0,-408.0,1600,1600,1599,1599,0,0,0,0
1763969215.480843,0.0,0.0,32.2,154.89,-0.06297510862350464,0.2155853807926178,0.974382758140564,-0.011631392873823643,-3.0914268493652344,-0.11799798160791397,2.7034339904785156,0.0006300793029367924,-0.0010209118481725454,-0.0005201620515435934,0.0,0.0,0.0,0.0,0.0,0.0,-0.55897905,0.6080123,10.2577559,0.10471975511965978,0.06981317007977318,-0.03490658503988659,-721.0,319.0,-408.0,1600,1600,1599,1599,0,0,0,0
1763969215.5142357,0.0,0.0,32.2,154.89,-0.06297510862350464,0.2155853807926178,0.974382758140564,-0.011631392873823643,-3.0914268493652344,-0.11799798160791397,2.7034339904785156,0.0006300793029367924,-0.0010209118481725454,-0.0005201620515435934,0.0,0.0,0.0,0.0,0.0,0.0,-0.5687857000000001,0.61781895,10.2577559,0.10471975511965978,0.05235987755982989,-0.05235987755982989,-721.0,319.0,-408.0,1600,1600,1599,1599,0,0,0,0
1763969215.5476553,0.0,0.0,32.2,154.89,-0.06297510862350464,0.2155853807926178,0.974382758140564,-0.011631392873823643,-3.091427803039551,-0.11798131465911865,2.703432083129883,0.0001933765597641468,0.000535361934453249,-0.0005650129169225693,0.0,0.0,0.0,0.0,0.0,0.0,-0.5687857000000001,0.61781895,10.2577559,0.10471975511965978,0.05235987755982989,-0.05235987755982989,-721.0,319.0,-408.0,1600,1600,1599,1599,0,0,0,0
1763969215.5817254,0.0,0.0,32.2,154.89,-0.06296689808368683,0.21558672189712524,0.9743829369544983,-0.011632616631686687,-3.091427803039551,-0.11798131465911865,2.703432083129883,0.0001933765597641468,0.000535361934453249,-0.0005650129169225693,0.0,0.0,0.0,0.0,0.0,0.0,-0.5687857000000001,0.61781895,10.2577559,0.10471975511965978,0.05235987755982989,-0.05235987755982989,-721.0,319.0,-408.0,1600,1600,1599,1599,0,0,0,0
1763969215.6151276,0.0,0.0,32.2,154.89,-0.06296689808368683,0.21558672189712524,0.9743829369544983,-0.011632616631686687,-3.091427803039551,-0.11798131465911865,2.703432083129883,0.0001933765597641468,0.000535361934453249,-0.0005650129169225693,0.0,0.0,0.0,0.0,0.0,0.0,-0.5687857000000001,0.61781895,10.2577559,0.10471975511965978,0.05235987755982989,-0.05235987755982989,-721.0,319.0,-408.0,1600,1600,1599,1599,0,0,0,0
1763969215.6485407,0.0,0.0,32.2,154.89,-0.06296689808368683,0.21558672189712524,0.9743829369544983,-0.011632616631686687,-3.091427803039551,-0.11798131465911865,2.703432083129883,0.0001933765597641468,0.000535361934453249,-0.0005650129169225693,0.0,0.0,0.0,0.0,0.0,0.0,-0.5687857000000001,0.61781895,10.2577559,0.10471975511965978,0.05235987755982989,-0.05235987755982989,-721.0,319.0,-408.0,1600,1600,1599,1599,0,0,0,0
1763969215.68194,0.0,0.0,32.2,154.89,-0.06296689808368683,0.21558672189712524,0.9743829369544983,-0.011632616631686687,-3.091427803039551,-0.11798131465911865,2.703432083129883,0.0001933765597641468,0.000535361934453249,-0.0005650129169225693,0.0,0.0,0.0,0.0,0.0,0.0,-0.5687857000000001,0.61781895,10.2577559,0.10471975511965978,0.05235987755982989,-0.05235987755982989,-721.0,319.0,-408.0,1600,1600,1599,1599,0,0,0,0
1763969215.7153327,0.0,0.0,32.2,154.89,-0.06296689808368683,0.21558672189712524,0.9743829369544983,-0.011632616631686687,-3.09151554107666,-0.11794046312570572,2.703476905822754,-0.0011782469227910042,-0.0001554703339934349,-0.001252668211236596,0.0,0.0,0.0,0.0,0.0,0.0,-0.5687857000000001,0.61781895,10.2577559,0.10471975511965978,0.05235987755982989,-0.05235987755982989,-721.0,319.0,-408.0,1600,1600,1599,1599,0,0,0,0
1763969215.7487278,0.0,0.0,32.2,154.89,-0.06293731927871704,0.21556833386421204,0.974389374256134,-0.011595800518989563,-3.09151554107666,-0.11794046312570572,2.703476905822754,-0.0011782469227910042,-0.0001554703339934349,-0.001252668211236596,0.0,0.0,0.0,0.0,0.0,0.0,-0.5687857000000001,0.61781895,10.2577559,0.10471975511965978,0.05235987755982989,-0.05235987755982989,-721.0,319.0,-408.0,1600,1600,1599,1599,0,0,0,0
1763969215.782123,0.0,0.0,32.15,154.89,-0.06293731927871704,0.21556833386421204,0.974389374256134,-0.011595800518989563,-3.09151554107666,-0.11794046312570572,2.703476905822754,-0.0011782469227910042,-0.0001554703339934349,-0.001252668211236596,0.0,0.0,0.0,0.0,0.0,0.0,-0.5687857000000001,0.61781895,10.2577559,0.10471975511965978,0.05235987755982989,-0.05235987755982989,-721.0,319.0,-408.0,1600,1600,1599,1599,0,0,0,0
1763969215.8155248,0.0,0.0,32.15,154.89,-0.06293731927871704,0.21556833386421204,0.974389374256134,-0.011595800518989563,-3.09151554107666,-0.11794046312570572,2.703476905822754,-0.0011782469227910042,-0.0001554703339934349,-0.001252668211236596,0.0,0.0,0.0,0.0,0.0,0.0,-0.5687857000000001,0.61781895,10.2577559,0.10471975511965978,0.05235987755982989,-0.05235987755982989,-721.0,319.0,-408.0,1600,1600,1599,1599,0,0,0,0
1763969215.8489213,0.0,0.0,32.15,154.89,-0.06293731927871704,0.21556833386421204,0.974389374256134,-0.011595800518989563,-3.09151554107666,-0.11794046312570572,2.703476905822754,-0.0011782469227910042,-0.0001554703339934349,-0.001252668211236596,0.0,0.0,0.0,0.0,0.0,0.0,-0.5687857000000001,0.61781895,10.2577559,0.06981317007977318,0.06981317007977318,-0.06981317007977318,-719.0,323.0,-404.0,1600,1600,1599,1599,0,0,0,0
1763969215.882313,0.0,0.0,32.15,154.89,-0.06293731927871704,0.21556833386421204,0.974389374256134,-0.011595800518989563,-3.0915284156799316,-0.11793726682662964,2.7034804821014404,-0.0006315191276371479,-4.679244011640549e-05,-0.0002693308051675558,0.0,0.0,0.0,0.0,0.0,0.0,-0.5687857000000001,0.61781895,10.2577559,0.06981317007977318,0.06981317007977318,-0.06981317007977318,-719.0,323.0,-404.0,1600,1600,1599,1599,0,0,0,0
1763969215.9157023,0.0,0.0,32.15,154.89,-0.06293433159589767,0.21556712687015533,0.9743899703025818,-0.011589891277253628,-3.0915284156799316,-0.11793726682662964,2.7034804821014404,-0.0006315191276371479,-4.679244011640549e-05,-0.0002693308051675558,0.0,0.0,0.0,0.0,0.0,0.0,-0.5687857000000001,0.61781895,10.2577559,0.06981317007977318,0.06981317007977318,-0.06981317007977318,-719.0,323.0,-404.0,1600,1600,1599,1599,0,0,0,0
1763969215.9491231,0.0,0.0,32.15,154.89,-0.06293433159589767,0.21556712687015533,0.9743899703025818,-0.011589891277253628,-3.0915284156799316,-0.11793726682662964,2.7034804821014404,-0.0006315191276371479,-4.679244011640549e-05,-0.0002693308051675558,0.0,0.0,0.0,0.0,0.0,0.0,-0.5687857000000001,0.61781895,10.2577559,0.06981317007977318,0.06981317007977318,-0.06981317007977318,-719.0,323.0,-404.0,1600,1600,1599,1599,0,0,0,0
1763969215.9825256,0.0,0.0,32.15,154.89,-0.06293433159589767,0.21556712687015533,0.9743899703025818,-0.011589891277253628,-3.0915284156799316,-0.11793726682662964,2.7034804821014404,-0.0006315191276371479,-4.679244011640549e-05,-0.0002693308051675558,0.0,0.0,0.0,0.0,0.0,0.0,-0.5687857000000001,0.61781895,10.2577559,0.06981317007977318,0.06981317007977318,-0.06981317007977318,-719.0,323.0,-404.0,1600,1600,1599,1599,0,0,0,0
1763969216.0159178,0.0,0.0,32.15,154.89,-0.06293433159589767,0.21556712687015533,0.9743899703025818,-0.011589891277253628,-3.0915284156799316,-0.11793726682662964,2.7034804821014404,-0.0006315191276371479,-4.679244011640549e-05,-0.0002693308051675558,0.0,0.0,0.0,0.0,0.0,0.0,-0.5687857000000001,0.61781895,10.24794925,0.06981317007977318,0.06981317007977318,-0.05235987755982989,-719.0,323.0,-404.0,1600,1600,1599,1599,0,0,0,0
1763969216.0493183,0.0,0.0,32.15,154.89,-0.06293433159589767,0.21556712687015533,0.9743899703025818,-0.011589891277253628,-3.0915234088897705,-0.11791744828224182,2.703479766845703,0.0009730984456837177,-0.00021361885592341423,7.905974052846432e-05,0.0,0.0,0.0,0.0,0.0,0.0,-0.5687857000000001,0.61781895,10.24794925,0.06981317007977318,0.06981317007977318,-0.05235987755982989,-719.0,323.0,-404.0,1600,1600,1599,1599,0,0,0,0
1763969216.0827208,0.0,0.0,32.15,154.89,-0.06292524188756943,0.21556760370731354,0.9743903875350952,-0.011594537645578384,-3.0915234088897705,-0.11791744828224182,2.703479766845703,0.0009730984456837177,-0.00021361885592341423,7.905974052846432e-05,0.0,0.0,0.0,0.0,0.0,0.0,-0.5687857000000001,0.61781895,10.24794925,0.06981317007977318,0.06981317007977318,-0.05235987755982989,-719.0,323.0,-404.0,1600,1600,1599,1599,0,0,0,0
1763969216.1161115,0.0,0.0,32.15,154.89,-0.06292524188756943,0.21556760370731354,0.9743903875350952,-0.011594537645578384,-3.0915234088897705,-0.11791744828224182,2.703479766845703,0.0009730984456837177,-0.00021361885592341423,7.905974052846432e-05,0.0,0.0,0.0,0.0,0.0,0.0,-0.5687857000000001,0.61781895,10.24794925,0.06981317007977318,0.06981317007977318,-0.05235987755982989,-719.0,323.0,-404.0,1600,1600,1599,1599,0,0,0,0
1763969216.1495128,0.0,0.0,32.15,154.89,-0.06292524188756943,0.21556760370731354,0.9743903875350952,-0.011594537645578384,-3.0915234088897705,-0.11791744828224182,2.703479766845703,0.0009730984456837177,-0.00021361885592341423,7.905974052846432e-05,0.0,0.0,0.0,0.0,0.0,0.0,-0.5687857000000001,0.61781895,10.24794925,0.06981317007977318,0.06981317007977318,-0.05235987755982989,-719.0,323.0,-404.0,1600,1600,1599,1599,0,0,0,0
1763969216.1831553,0.0,0.0,32.15,154.89,-0.06292524188756943,0.21556760370731354,0.9743903875350952,-0.011594537645578384,-3.0915234088897705,-0.11791744828224182,2.703479766845703,0.0009730984456837177,-0.00021361885592341423,7.905974052846432e-05,0.0,0.0,0.0,0.0,0.0,0.0,-0.5687857000000001,0.61781895,10.2577559,0.10471975511965978,0.06981317007977318,-0.05235987755982989,-719.0,323.0,-404.0,1600,1600,1599,1599,0,0,0,0
1763969216.2165596,0.0,0.0,32.15,154.89,-0.06292524188756943,0.21556760370731354,0.9743903875350952,-0.011594537645578384,-3.0915396213531494,-0.11792140454053879,2.7034833431243896,-0.00048436829820275307,0.0009196172468364239,-0.0003900439478456974,0.0,0.0,0.0,0.0,0.0,0.0,-0.5687857000000001,0.61781895,10.2577559,0.10471975511965978,0.06981317007977318,-0.05235987755982989,-719.0,323.0,-404.0,1600,1600,1599,1599,0,0,0,0
1763969216.2499602,0.0,0.0,32.15,154.89,-0.06292539089918137,0.21556629240512848,0.9743907451629639,-0.011586295440793037,-3.0915396213531494,-0.11792140454053879,2.7034833431243896,-0.00048436829820275307,0.0009196172468364239,-0.0003900439478456974,0.0,0.0,0.0,0.0,0.0,0.0,-0.5687857000000001,0.61781895,10.2577559,0.10471975511965978,0.06981317007977318,-0.05235987755982989,-719.0,323.0,-404.0,1600,1600,1599,1599,0,0,0,0
1763969216.2833624,0.0,0.0,32.24,154.89,-0.06292539089918137,0.21556629240512848,0.9743907451629639,-0.011586295440793037,-3.0915396213531494,-0.11792140454053879,2.7034833431243896,-0.00048436829820275307,0.0009196172468364239,-0.0003900439478456974,0.0,0.0,0.0,0.0,0.0,0.0,-0.5687857000000001,0.61781895,10.2577559,0.10471975511965978,0.06981317007977318,-0.05235987755982989,-719.0,323.0,-404.0,1600,1600,1599,1599,0,0,0,0
1763969216.3167639,0.0,0.0,32.24,154.89,-0.06292539089918137,0.21556629240512848,0.9743907451629639,-0.011586295440793037,-3.0915396213531494,-0.11792140454053879,2.7034833431243896,-0.00048436829820275307,0.0009196172468364239,-0.0003900439478456974,0.0,0.0,0.0,0.0,0.0,0.0,-0.5687857000000001,0.61781895,10.2577559,0.10471975511965978,0.06981317007977318,-0.05235987755982989,-719.0,323.0,-404.0,1600,1600,1599,1599,0,0,0,0
1763969216.3501642,0.0,0.0,32.24,154.89,-0.06292539089918137,0.21556629240512848,0.9743907451629639,-0.011586295440793037,-3.0915396213531494,-0.11792140454053879,2.7034833431243896,-0.00048436829820275307,0.0009196172468364239,-0.0003900439478456974,0.0,0.0,0.0,0.0,0.0,0.0,-0.5687857000000001,0.61781895,10.2577559,0.10471975511965978,0.06981317007977318,-0.05235987755982989,-719.0,323.0,-404.0,1600,1600,1599,1599,0,0,0,0
1763969216.3835657,0.0,0.0,32.24,154.89,-0.06292539089918137,0.21556629240512848,0.9743907451629639,-0.011586295440793037,-3.0915396213531494,-0.11792140454053879,2.7034833431243896,-0.00048436829820275307,0.0009196172468364239,-0.0003900439478456974,0.0,0.0,0.0,0.0,0.0,0.0,-0.55897905,0.61781895,10.2577559,0.08726646259971647,0.08726646259971647,-0.05235987755982989,-719.0,321.0,-402.0,1600,1600,1599,1599,0,0,0,0
1763969216.416968,0.0,0.0,32.24,154.89,-0.06292539089918137,0.21556629240512848,0.9743907451629639,-0.011586295440793037,-3.091432809829712,-0.11806770414113998,2.703547954559326,-0.0004133344627916813,-0.00021812133491039276,0.001041447278112173,0.0,0.0,0.0,0.0,0.0,0.0,-0.55897905,0.61781895,10.2577559,0.08726646259971647,0.08726646259971647,-0.05235987755982989,-719.0,321.0,-402.0,1600,1600,1599,1599,0,0,0,0
1763969216.450389,0.0,0.0,32.24,154.89,-0.06300775706768036,0.21552880108356476,0.9743932485580444,-0.011624453589320183,-3.091432809829712,-0.11806770414113998,2.703547954559326,-0.0004133344627916813,-0.00021812133491039276,0.001041447278112173,0.0,0.0,0.0,0.0,0.0,0.0,-0.55897905,0.61781895,10.2577559,0.08726646259971647,0.08726646259971647,-0.05235987755982989,-719.0,321.0,-402.0,1600,1600,1599,1599,0,0,0,0
1763969216.4837909,0.0,0.0,32.16,154.9,-0.06300775706768036,0.21552880108356476,0.9743932485580444,-0.011624453589320183,-3.091432809829712,-0.11806770414113998,2.703547954559326,-0.0004133344627916813,-0.00021812133491039276,0.001041447278112173,0.0,0.0,0.0,0.0,0.0,0.0,-0.55897905,0.61781895,10.2577559,0.08726646259971647,0.08726646259971647,-0.05235987755982989,-719.0,321.0,-402.0,1600,1600,1599,1599,0,0,0,0
1763969216.5171824,0.0,0.0,32.16,154.9,-0.06300775706768036,0.21552880108356476,0.9743932485580444,-0.011624453589320183,-3.091432809829712,-0.11806770414113998,2.703547954559326,-0.0004133344627916813,-0.00021812133491039276,0.001041447278112173,0.0,0.0,0.0,0.0,0.0,0.0,-0.55897905,0.61781895,10.2577559,0.08726646259971647,0.08726646259971647,-0.05235987755982989,-719.0,321.0,-402.0,1600,1600,1599,1599,0,0,0,0
1763969216.5505834,0.0,0.0,32.16,154.9,-0.06300775706768036,0.21552880108356476,0.9743932485580444,-0.011624453589320183,-3.091432809829712,-0.11806770414113998,2.703547954559326,-0.0004133344627916813,-0.00021812133491039276,0.001041447278112173,0.0,0.0,0.0,0.0,0.0,0.0,-0.57859235,0.61781895,10.2577559,0.08726646259971647,0.06981317007977318,-0.03490658503988659,-720.0,319.0,-396.0,1600,1600,1599,1599,0,0,0,0
1763969216.5839806,0.0,0.0,32.16,154.9,-0.06300775706768036,0.21552880108356476,0.9743932485580444,-0.011624453589320183,-3.091432809829712,-0.11806770414113998,2.703547954559326,-0.0004133344627916813,-0.00021812133491039276,0.001041447278112173,0.0,0.0,0.0,0.0,0.0,0.0,-0.57859235,0.61781895,10.2577559,0.08726646259971647,0.06981317007977318,-0.03490658503988659,-720.0,319.0,-396.0,1600,1600,1599,1599,0,0,0,0
1763969216.6173875,0.0,0.0,32.16,154.9,-0.06300775706768036,0.21552880108356476,0.9743932485580444,-0.011624453589320183,-3.091456174850464,-0.118055559694767,2.703568696975708,0.0004003397189080715,-0.0013781669549643993,-0.0001863089855760336,0.0,0.0,0.0,0.0,0.0,0.0,-0.57859235,0.61781895,10.2577559,0.08726646259971647,0.06981317007977318,-0.03490658503988659,-720.0,319.0,-396.0,1600,1600,1599,1599,0,0,0,0
1763969216.6507869,0.0,0.0,32.16,154.9,-0.06300775706768036,0.21552880108356476,0.9743932485580444,-0.011624453589320183,-3.091456174850464,-0.118055559694767,2.703568696975708,0.0004003397189080715,-0.0013781669549643993,-0.0001863089855760336,0.0,0.0,0.0,0.0,0.0,0.0,-0.57859235,0.61781895,10.2577559,0.08726646259971647,0.05235987755982989,-0.05235987755982989,-720.0,319.0,-396.0,1600,1600,1599,1599,0,0,0,0
1763969216.6841898,0.0,0.0,32.16,154.9,-0.0629991888999939,0.21551959216594696,0.9743959903717041,-0.011614956893026829,-3.091456174850464,-0.118055559694767,2.703568696975708,0.0004003397189080715,-0.0013781669549643993,-0.0001863089855760336,0.0,0.0,0.0,0.0,0.0,0.0,-0.57859235,0.61781895,10.2577559,0.08726646259971647,0.05235987755982989,-0.05235987755982989,-720.0,319.0,-396.0,1600,1600,1599,1599,0,0,0,0
1763969216.7175853,0.0,0.0,32.16,154.9,-0.0629991888999939,0.21551959216594696,0.9743959903717041,-0.011614956893026829,-3.091456174850464,-0.118055559694767,2.703568696975708,0.0004003397189080715,-0.0013781669549643993,-0.0001863089855760336,0.0,0.0,0.0,0.0,0.0,0.0,-0.57859235,0.61781895,10.2577559,0.08726646259971647,0.05235987755982989,-0.05235987755982989,-720.0,319.0,-396.0,1600,1600,1599,1599,0,0,0,0
1763969216.7509863,0.0,0.0,32.16,154.9,-0.0629991888999939,0.21551959216594696,0.9743959903717041,-0.011614956893026829,-3.091461658477783,-0.11804015934467316,2.703596830368042,0.00040087662637233734,-0.00040939170867204666,-0.0009399477858096361,0.0,0.0,0.0,0.0,0.0,0.0,-0.57859235,0.61781895,10.2577559,0.08726646259971647,0.05235987755982989,-0.05235987755982989,-720.0,319.0,-396.0,1600,1600,1599,1599,0,0,0,0
1763969216.7844121,0.0,0.0,32.16,154.9,-0.0629909560084343,0.2155064046382904,0.9743994474411011,-0.01161493081599474,-3.091461658477783,-0.11804015934467316,2.703596830368042,0.00040087662637233734,-0.00040939170867204666,-0.0009399477858096361,0.0,0.0,0.0,0.0,0.0,0.0,-0.57859235,0.61781895,10.2577559,0.08726646259971647,0.05235987755982989,-0.05235987755982989,-720.0,319.0,-396.0,1600,1600,1599,1599,0,0,0,0
1763969216.8178535,0.0,0.0,32.16,154.9,-0.0629909560084343,0.2155064046382904,0.9743994474411011,-0.01161493081599474,-3.091461658477783,-0.11804015934467316,2.703596830368042,0.00040087662637233734,-0.00040939170867204666,-0.0009399477858096361,0.0,0.0,0.0,0.0,0.0,0.0,-0.57859235,0.61781895,10.2577559,0.08726646259971647,0.05235987755982989,-0.05235987755982989,-720.0,319.0,-396.0,1600,1600,1599,1599,0,0,0,0
1763969216.851277,0.0,0.0,32.16,154.9,-0.0629909560084343,0.2155064046382904,0.9743994474411011,-0.01161493081599474,-3.091461658477783,-0.11804015934467316,2.703596830368042,0.00040087662637233734,-0.00040939170867204666,-0.0009399477858096361,0.0,0.0,0.0,0.0,0.0,0.0,-0.57859235,0.61781895,10.2577559,0.08726646259971647,0.05235987755982989,-0.05235987755982989,-720.0,319.0,-396.0,1600,1600,1599,1599,0,0,0,0
1763969216.884702,0.0,0.0,32.16,154.9,-0.0629909560084343,0.2155064046382904,0.9743994474411011,-0.01161493081599474,-3.091461658477783,-0.11804015934467316,2.703596830368042,0.00040087662637233734,-0.00040939170867204666,-0.0009399477858096361,0.0,0.0,0.0,0.0,0.0,0.0,-0.5687857000000001,0.61781895,10.24794925,0.08726646259971647,0.06981317007977318,-0.06981317007977318,-720.0,319.0,-396.0,1600,1600,1599,1599,0,0,0,0
1763969216.918109,0.0,0.0,32.16,154.9,-0.0629909560084343,0.2155064046382904,0.9743994474411011,-0.01161493081599474,-3.091458797454834,-0.11804700642824173,2.7036099433898926,4.386855289340019e-05,0.000990182626992464,-0.000910281902179122,0.0,0.0,0.0,0.0,0.0,0.0,-0.5687857000000001,0.61781895,10.24794925,0.08726646259971647,0.06981317007977318,-0.06981317007977318,-720.0,319.0,-396.0,1600,1600,1599,1599,0,0,0,0
1763969216.9515495,0.0,0.0,32.16,154.9,-0.06299450993537903,0.21549980342388153,0.9744006991386414,-0.01161595992743969,-3.091458797454834,-0.11804700642824173,2.7036099433898926,4.386855289340019e-05,0.000990182626992464,-0.000910281902179122,0.0,0.0,0.0,0.0,0.0,0.0,-0.5687857000000001,0.61781895,10.24794925,0.08726646259971647,0.06981317007977318,-0.06981317007977318,-720.0,319.0,-396.0,1600,1600,1599,1599,0,0,0,0
1763969216.984993,0.0,0.0,32.18,154.9,-0.06299450993537903,0.21549980342388153,0.9744006991386414,-0.01161595992743969,-3.091458797454834,-0.11804700642824173,2.7036099433898926,4.386855289340019e-05,0.000990182626992464,-0.000910281902179122,0.0,0.0,0.0,0.0,0.0,0.0,-0.5687857000000001,0.61781895,10.24794925,0.08726646259971647,0.06981317007977318,-0.06981317007977318,-720.0,319.0,-396.0,1600,1600,1599,1599,0,0,0,0
1763969217.0184093,0.0,0.0,32.18,154.9,-0.06299450993537903,0.21549980342388153,0.9744006991386414,-0.01161595992743969,-3.091458797454834,-0.11804700642824173,2.7036099433898926,4.386855289340019e-05,0.000990182626992464,-0.000910281902179122,0.0,0.0,0.0,0.0,0.0,0.0,-0.5687857000000001,0.61781895,10.24794925,0.08726646259971647,0.06981317007977318,-0.06981317007977318,-720.0,319.0,-396.0,1600,1600,1599,1599,0,0,0,0
1763969217.051816,0.0,0.0,32.18,154.9,-0.06299450993537903,0.21549980342388153,0.9744006991386414,-0.01161595992743969,-3.091458797454834,-0.11804700642824173,2.7036099433898926,4.386855289340019e-05,0.000990182626992464,-0.000910281902179122,0.0,0.0,0.0,0.0,0.0,0.0,-0.5687857000000001,0.61781895,10.24794925,0.08726646259971647,0.06981317007977318,-0.06981317007977318,-720.0,319.0,-396.0,1600,1600,1599,1599,0,0,0,0
1763969217.0852187,0.0,0.0,32.18,154.9,-0.06299450993537903,0.21549980342388153,0.9744006991386414,-0.01161595992743969,-3.091458797454834,-0.11804700642824173,2.7036099433898926,4.386855289340019e-05,0.000990182626992464,-0.000910281902179122,0.0,0.0,0.0,0.0,0.0,0.0,-0.55897905,0.61781895,10.2577559,0.08726646259971647,0.08726646259971647,-0.06981317007977318,-719.0,320.0,-403.0,1600,1600,1599,1599,0,0,0,0
1763969217.1186235,0.0,0.0,32.18,154.9,-0.06299450993537903,0.21549980342388153,0.9744006991386414,-0.01161595992743969,-3.091458797454834,-0.11804700642824173,2.7036099433898926,4.386855289340019e-05,0.000990182626992464,-0.000910281902179122,0.0,0.0,0.0,0.0,0.0,0.0,-0.55897905,0.61781895,10.2577559,0.08726646259971647,0.08726646259971647,-0.06981317007977318,-719.0,320.0,-403.0,1600,1600,1599,1599,0,0,0,0
1763969217.1520193,0.0,0.0,32.18,154.9,-0.06299450993537903,0.21549980342388153,0.9744006991386414,-0.01161595992743969,-3.091458797454834,-0.11804700642824173,2.7036099433898926,4.386855289340019e-05,0.000990182626992464,-0.000910281902179122,0.0,0.0,0.0,0.0,0.0,0.0,-0.5491724,0.6080123,10.24794925,0.10471975511965978,0.08726646259971647,-0.03490658503988659,-718.0,318.0,-401.0,1600,1600,1599,1599,0,0,0,0
1763969217.1854296,0.0,0.0,32.18,154.9,-0.06299450993537903,0.21549980342388153,0.9744006991386414,-0.01161595992743969,-3.0912563800811768,-0.11819569766521454,2.7035276889801025,0.0011283373460173607,0.0011382447555661201,0.0003634642343968153,0.0,0.0,0.0,0.0,0.0,0.0,-0.5491724,0.6080123,10.24794925,0.10471975511965978,0.08726646259971647,-0.03490658503988659,-718.0,318.0,-401.0,1600,1600,1599,1599,0,0,0,0
1763969217.218869,0.0,0.0,32.18,154.9,-0.06308918446302414,0.21553072333335876,0.9743866920471191,-0.011695826426148415,-3.0912563800811768,-0.11819569766521454,2.7035276889801025,0.0011283373460173607,0.0011382447555661201,0.0003634642343968153,0.0,0.0,0.0,0.0,0.0,0.0,-0.5491724,0.6080123,10.24794925,0.10471975511965978,0.08726646259971647,-0.03490658503988659,-718.0,318.0,-401.0,1600,1600,1599,1599,0,0,0,0
1763969217.252274,0.0,0.0,32.2,154.9,-0.06308918446302414,0.21553072333335876,0.9743866920471191,-0.011695826426148415,-3.0912563800811768,-0.11819569766521454,2.7035276889801025,0.0011283373460173607,0.0011382447555661201,0.0003634642343968153,0.0,0.0,0.0,0.0,0.0,0.0,-0.5491724,0.6080123,10.24794925,0.10471975511965978,0.08726646259971647,-0.03490658503988659,-718.0,318.0,-401.0,1600,1600,1599,1599,0,0,0,0
1763969217.2856717,0.0,0.0,32.2,154.9,-0.06308918446302414,0.21553072333335876,0.9743866920471191,-0.011695826426148415,-3.0912187099456787,-0.11822821199893951,2.703514337539673,0.00032862601801753044,0.0020179892890155315,0.001353743951767683,0.0,0.0,0.0,0.0,0.0,0.0,-0.5491724,0.6080123,10.24794925,0.10471975511965978,0.08726646259971647,-0.03490658503988659,-718.0,318.0,-401.0,1600,1600,1599,1599,0,0,0,0
1763969217.3190653,0.0,0.0,32.2,154.9,-0.06308918446302414,0.21553072333335876,0.9743866920471191,-0.011695826426148415,-3.0912187099456787,-0.11822821199893951,2.703514337539673,0.00032862601801753044,0.0020179892890155315,0.001353743951767683,0.0,0.0,0.0,0.0,0.0,0.0,-0.5491724,0.6080123,10.24794925,0.10471975511965978,0.08726646259971647,-0.03490658503988659,-718.0,318.0,-401.0,1600,1600,1599,1599,0,0,0,0
1763969217.352461,0.0,0.0,32.2,154.9,-0.0631091445684433,0.21553537249565125,0.9743842482566833,-0.011710204184055328,-3.0912187099456787,-0.11822821199893951,2.703514337539673,0.00032862601801753044,0.0020179892890155315,0.001353743951767683,0.0,0.0,0.0,0.0,0.0,0.0,-0.5491724,0.6080123,10.24794925,0.10471975511965978,0.08726646259971647,-0.03490658503988659,-718.0,318.0,-401.0,1600,1600,1599,1599,0,0,0,0
1763969217.3858576,0.0,0.0,32.2,154.9,-0.0631091445684433,0.21553537249565125,0.9743842482566833,-0.011710204184055328,-3.0912187099456787,-0.11822821199893951,2.703514337539673,0.00032862601801753044,0.0020179892890155315,0.001353743951767683,0.0,0.0,0.0,0.0,0.0,0.0,-0.5687857000000001,0.61781895,10.24794925,0.08726646259971647,0.10471975511965978,-0.017453292519943295,-718.0,318.0,-401.0,1600,1600,1599,1599,0,0,0,0
1763969217.4192502,0.0,0.0,32.2,154.89,-0.0631091445684433,0.21553537249565125,0.9743842482566833,-0.011710204184055328,-3.0912187099456787,-0.11822821199893951,2.703514337539673,0.00032862601801753044,0.0020179892890155315,0.001353743951767683,0.0,0.0,0.0,0.0,0.0,0.0,-0.5687857000000001,0.61781895,10.24794925,0.08726646259971647,0.10471975511965978,-0.017453292519943295,-718.0,318.0,-401.0,1600,1600,1599,1599,0,0,0,0
1763969217.452675,0.0,0.0,32.2,154.89,-0.0631091445684433,0.21553537249565125,0.9743842482566833,-0.011710204184055328,-3.091200590133667,-0.11823928356170654,2.7035253047943115,-0.0008196686394512653,0.0006367419846355915,-0.0012521841563284397,0.0,0.0,0.0,0.0,0.0,0.0,-0.5687857000000001,0.61781895,10.24794925,0.08726646259971647,0.10471975511965978,-0.017453292519943295,-718.0,318.0,-401.0,1600,1600,1599,1599,0,0,0,0
1763969217.4860919,0.0,0.0,32.2,154.89,-0.0631091445684433,0.21553537249565125,0.9743842482566833,-0.011710204184055328,-3.091200590133667,-0.11823928356170654,2.7035253047943115,-0.0008196686394512653,0.0006367419846355915,-0.0012521841563284397,0.0,0.0,0.0,0.0,0.0,0.0,-0.5687857000000001,0.61781895,10.24794925,0.08726646259971647,0.10471975511965978,-0.017453292519943295,-718.0,318.0,-401.0,1600,1600,1599,1599,0,0,0,0
1763969217.5194924,0.0,0.0,32.2,154.89,-0.0631091445684433,0.21553537249565125,0.9743842482566833,-0.011710204184055328,-3.091200590133667,-0.11823928356170654,2.7035253047943115,-0.0008196686394512653,0.0006367419846355915,-0.0012521841563284397,0.0,0.0,0.0,0.0,0.0,0.0,-0.57859235,0.6276256,10.24794925,0.06981317007977318,0.08726646259971647,-0.06981317007977318,-718.0,318.0,-401.0,1600,1600,1599,1599,0,0,0,0
1763969217.552895,0.0,0.0,32.2,154.89,-0.06311642378568649,0.21552929282188416,0.9743849635124207,-0.011718147434294224,-3.091200590133667,-0.11823928356170654,2.7035253047943115,-0.0008196686394512653,0.0006367419846355915,-0.0012521841563284397,0.0,0.0,0.0,0.0,0.0,0.0,-0.57859235,0.6276256,10.24794925,0.06981317007977318,0.08726646259971647,-0.06981317007977318,-718.0,318.0,-401.0,1600,1600,1599,1599,0,0,0,0
1763969217.5862927,0.0,0.0,32.2,154.9,-0.06311642378568649,0.21552929282188416,0.9743849635124207,-0.011718147434294224,-3.091200590133667,-0.11823928356170654,2.7035253047943115,-0.0008196686394512653,0.0006367419846355915,-0.0012521841563284397,0.0,0.0,0.0,0.0,0.0,0.0,-0.57859235,0.6276256,10.24794925,0.06981317007977318,0.08726646259971647,-0.06981317007977318,-718.0,318.0,-401.0,1600,1600,1599,1599,0,0,0,0
1763969217.6196885,0.0,0.0,32.2,154.9,-0.06311642378568649,0.21552929282188416,0.9743849635124207,-0.011718147434294224,-3.0911927223205566,-0.11824943125247955,2.703510284423828,9.980890899896622e-05,0.0002924622967839241,0.0007226525340229273,0.0,0.0,0.0,0.0,0.0,0.0,-0.57859235,0.6276256,10.24794925,0.06981317007977318,0.08726646259971647,-0.06981317007977318,-718.0,318.0,-401.0,1600,1600,1599,1599,0,0,0,0
1763969217.653092,0.0,0.0,32.2,154.9,-0.06312228739261627,0.21553610265254974,0.9743831157684326,-0.01172040868550539,-3.0911927223205566,-0.11824943125247955,2.703510284423828,9.980890899896622e-05,0.0002924622967839241,0.0007226525340229273,0.0,0.0,0.0,0.0,0.0,0.0,-0.57859235,0.6276256,10.24794925,0.06981317007977318,0.08726646259971647,-0.06981317007977318,-718.0,318.0,-401.0,1600,1600,1599,1599,0,0,0,0
1763969217.6864903,0.0,0.0,32.15,154.89,-0.06312228739261627,0.21553610265254974,0.9743831157684326,-0.01172040868550539,-3.0911927223205566,-0.11824943125247955,2.703510284423828,9.980890899896622e-05,0.0002924622967839241,0.0007226525340229273,0.0,0.0,0.0,0.0,0.0,0.0,-0.57859235,0.6276256,10.24794925,0.06981317007977318,0.08726646259971647,-0.06981317007977318,-718.0,318.0,-401.0,1600,1600,1599,1599,0,0,0,0
1763969217.7198865,0.0,0.0,32.15,154.89,-0.06312228739261627,0.21553610265254974,0.9743831157684326,-0.01172040868550539,-3.0911731719970703,-0.1182548776268959,2.703495502471924,0.0017000404186546803,0.00038458313792943954,0.0001256931573152542,0.0,0.0,0.0,0.0,0.0,0.0,-0.57859235,0.6276256,10.24794925,0.06981317007977318,0.08726646259971647,-0.06981317007977318,-718.0,318.0,-401.0,1600,1600,1599,1599,0,0,0,0
1763969217.7532854,0.0,0.0,32.15,154.89,-0.06312228739261627,0.21553610265254974,0.9743831157684326,-0.01172040868550539,-3.0911731719970703,-0.1182548776268959,2.703495502471924,0.0017000404186546803,0.00038458313792943954,0.0001256931573152542,0.0,0.0,0.0,0.0,0.0,0.0,-0.57859235,0.6276256,10.24794925,0.06981317007977318,0.08726646259971647,-0.06981317007977318,-718.0,318.0,-401.0,1600,1600,1599,1599,0,0,0,0
1763969217.7866886,0.0,0.0,32.15,154.89,-0.06312714517116547,0.21554262936115265,0.9743812680244446,-0.011728905141353607,-3.0911731719970703,-0.1182548776268959,2.703495502471924,0.0017000404186546803,0.00038458313792943954,0.0001256931573152542,0.0,0.0,0.0,0.0,0.0,0.0,-0.57859235,0.6276256,10.24794925,0.06981317007977318,0.08726646259971647,-0.06981317007977318,-718.0,318.0,-401.0,1600,1600,1599,1599,0,0,0,0
1763969217.8200858,0.0,0.0,32.15,154.89,-0.06312714517116547,0.21554262936115265,0.9743812680244446,-0.011728905141353607,-3.0911731719970703,-0.1182548776268959,2.703495502471924,0.0017000404186546803,0.00038458313792943954,0.0001256931573152542,0.0,0.0,0.0,0.0,0.0,0.0,-0.57859235,0.6276256,10.24794925,0.06981317007977318,0.08726646259971647,-0.06981317007977318,-718.0,318.0,-401.0,1600,1600,1599,1599,0,0,0,0
1763969217.8534882,0.0,0.0,32.15,154.89,-0.06312714517116547,0.21554262936115265,0.9743812680244446,-0.011728905141353607,-3.0911731719970703,-0.1182548776268959,2.703495502471924,0.0017000404186546803,0.00038458313792943954,0.0001256931573152542,0.0,0.0,0.0,0.0,0.0,0.0,-0.5687857000000001,0.61781895,10.24794925,0.12217304763960307,0.08726646259971647,-0.03490658503988659,-716.0,324.0,-404.0,1600,1600,1599,1599,0,0,0,0
1763969217.8868868,0.0,0.0,32.15,154.89,-0.06312714517116547,0.21554262936115265,0.9743812680244446,-0.011728905141353607,-3.091172218322754,-0.1182442158460617,2.703484296798706,-0.002358943223953247,-0.0003362582065165043,-0.0001801988109946251,0.0,0.0,0.0,0.0,0.0,0.0,-0.5687857000000001,0.61781895,10.24794925,0.12217304763960307,0.08726646259971647,-0.03490658503988659,-716.0,324.0,-404.0,1600,1600,1599,1599,0,0,0,0
1763969217.9203022,0.0,0.0,32.15,154.89,-0.06312211602926254,0.21554823219776154,0.974380373954773,-0.011730165220797062,-3.091172218322754,-0.1182442158460617,2.703484296798706,-0.002358943223953247,-0.0003362582065165043,-0.0001801988109946251,0.0,0.0,0.0,0.0,0.0,0.0,-0.5687857000000001,0.61781895,10.24794925,0.12217304763960307,0.08726646259971647,-0.03490658503988659,-716.0,324.0,-404.0,1600,1600,1599,1599,0,0,0,0
1763969217.9537213,0.0,0.0,32.15,154.89,-0.06312211602926254,0.21554823219776154,0.974380373954773,-0.011730165220797062,-3.091172218322754,-0.1182442158460617,2.703484296798706,-0.002358943223953247,-0.0003362582065165043,-0.0001801988109946251,0.0,0.0,0.0,0.0,0.0,0.0,-0.5687857000000001,0.61781895,10.24794925,0.12217304763960307,0.08726646259971647,-0.03490658503988659,-716.0,324.0,-404.0,1600,1600,1599,1599,0,0,0,0
1763969217.9871244,0.0,0.0,32.15,154.89,-0.06312211602926254,0.21554823219776154,0.974380373954773,-0.011730165220797062,-3.0911214351654053,-0.11828402429819107,2.703537940979004,-0.0003784722648561001,-0.0004950137808918953,0.0011031292378902435,0.0,0.0,0.0,0.0,0.0,0.0,-0.5687857000000001,0.61781895,10.24794925,0.12217304763960307,0.08726646259971647,-0.03490658503988659,-716.0,324.0,-404.0,1600,1600,1599,1599,0,0,0,0
1763969218.0205514,0.0,0.0,32.15,154.89,-0.06314663589000702,0.21551980078220367,0.9743847250938416,-0.011752178892493248,-3.0911214351654053,-0.11828402429819107,2.703537940979004,-0.0003784722648561001,-0.0004950137808918953,0.0011031292378902435,0.0,0.0,0.0,0.0,0.0,0.0,-0.5687857000000001,0.61781895,10.24794925,0.12217304763960307,0.08726646259971647,-0.03490658503988659,-716.0,324.0,-404.0,1600,1600,1599,1599,0,0,0,0
1763969218.0539753,0.0,0.0,32.19,154.9,-0.06314663589000702,0.21551980078220367,0.9743847250938416,-0.011752178892493248,-3.0911214351654053,-0.11828402429819107,2.703537940979004,-0.0003784722648561001,-0.0004950137808918953,0.0011031292378902435,0.0,0.0,0.0,0.0,0.0,0.0,-0.5687857000000001,0.61781895,10.24794925,0.12217304763960307,0.08726646259971647,-0.03490658503988659,-716.0,324.0,-404.0,1600,1600,1599,1599,0,0,0,0
1763969218.0873785,0.0,0.0,32.19,154.9,-0.06314663589000702,0.21551980078220367,0.9743847250938416,-0.011752178892493248,-3.0911214351654053,-0.11828402429819107,2.703537940979004,-0.0003784722648561001,-0.0004950137808918953,0.0011031292378902435,0.0,0.0,0.0,0.0,0.0,0.0,-0.5687857000000001,0.61781895,10.24794925,0.12217304763960307,0.08726646259971647,-0.03490658503988659,-716.0,324.0,-404.0,1600,1600,1599,1599,0,0,0,0
1763969218.1207821,0.0,0.0,32.19,154.9,-0.06314663589000702,0.21551980078220367,0.9743847250938416,-0.011752178892493248,-3.0911214351654053,-0.11828402429819107,2.703537940979004,-0.0003784722648561001,-0.0004950137808918953,0.0011031292378902435,0.0,0.0,0.0,0.0,0.0,0.0,-0.5687857000000001,0.61781895,10.24794925,0.12217304763960307,0.08726646259971647,-0.03490658503988659,-716.0,324.0,-404.0,1600,1600,1599,1599,0,0,0,0
1763969218.1541872,0.0,0.0,32.19,154.9,-0.06314663589000702,0.21551980078220367,0.9743847250938416,-0.011752178892493248,-3.0911214351654053,-0.11828402429819107,2.703537940979004,-0.0003784722648561001,-0.0004950137808918953,0.0011031292378902435,0.0,0.0,0.0,0.0,0.0,0.0,-0.5687857000000001,0.61781895,10.2577559,0.08726646259971647,0.06981317007977318,-0.03490658503988659,-722.0,319.0,-398.0,1600,1600,1599,1599,0,0,0,0
1763969218.187589,0.0,0.0,32.19,154.9,-0.06314663589000702,0.21551980078220367,0.9743847250938416,-0.011752178892493248,-3.0911219120025635,-0.11828064918518066,2.7035436630249023,-0.0005035456269979477,0.0005828752182424068,0.0008003416005522013,0.0,0.0,0.0,0.0,0.0,0.0,-0.5687857000000001,0.61781895,10.2577559,0.08726646259971647,0.06981317007977318,-0.03490658503988659,-722.0,319.0,-398.0,1600,1600,1599,1599,0,0,0,0
1763969218.2210073,0.0,0.0,32.19,154.9,-0.06314490735530853,0.2155170887708664,0.9743854999542236,-0.01175251230597496,-3.0911219120025635,-0.11828064918518066,2.7035436630249023,-0.0005035456269979477,0.0005828752182424068,0.0008003416005522013,0.0,0.0,0.0,0.0,0.0,0.0,-0.5687857000000001,0.61781895,10.2577559,0.08726646259971647,0.06981317007977318,-0.03490658503988659,-722.0,319.0,-398.0,1600,1600,1599,1599,0,0,0,0
1763969218.2544076,0.0,0.0,32.22,154.9,-0.06314490735530853,0.2155170887708664,0.9743854999542236,-0.01175251230597496,-3.0911219120025635,-0.11828064918518066,2.7035436630249023,-0.0005035456269979477,0.0005828752182424068,0.0008003416005522013,0.0,0.0,0.0,0.0,0.0,0.0,-0.5687857000000001,0.61781895,10.2577559,0.08726646259971647,0.06981317007977318,-0.03490658503988659,-722.0,319.0,-398.0,1600,1600,1599,1599,0,0,0,0
1763969218.2878175,0.0,0.0,32.22,154.9,-0.06314490735530853,0.2155170887708664,0.9743854999542236,-0.01175251230597496,-3.0911219120025635,-0.11828064918518066,2.7035436630249023,-0.0005035456269979477,0.0005828752182424068,0.0008003416005522013,0.0,0.0,0.0,0.0,0.0,0.0,-0.5687857000000001,0.61781895,10.2577559,0.08726646259971647,0.06981317007977318,-0.03490658503988659,-722.0,319.0,-398.0,1600,1600,1599,1599,0,0,0,0
1763969218.3212254,0.0,0.0,32.22,154.9,-0.06314490735530853,0.2155170887708664,0.9743854999542236,-0.01175251230597496,-3.0911219120025635,-0.11828064918518066,2.7035436630249023,-0.0005035456269979477,0.0005828752182424068,0.0008003416005522013,0.0,0.0,0.0,0.0,0.0,0.0,-0.5687857000000001,0.61781895,10.2577559,0.08726646259971647,0.06981317007977318,-0.03490658503988659,-722.0,319.0,-398.0,1600,1600,1599,1599,0,0,0,0
1763969218.354623,0.0,0.0,32.22,154.9,-0.06314490735530853,0.2155170887708664,0.9743854999542236,-0.01175251230597496,-3.0911219120025635,-0.11828064918518066,2.7035436630249023,-0.0005035456269979477,0.0005828752182424068,0.0008003416005522013,0.0,0.0,0.0,0.0,0.0,0.0,-0.5687857000000001,0.6276256,10.2577559,0.08726646259971647,0.08726646259971647,-0.03490658503988659,-721.0,314.0,-402.0,1600,1600,1599,1599,0,0,0,0
1763969218.3880217,0.0,0.0,32.22,154.9,-0.06314490735530853,0.2155170887708664,0.9743854999542236,-0.01175251230597496,-3.0911405086517334,-0.11825889348983765,2.7035858631134033,0.0002487380988895893,0.0001869136467576027,-0.000715289730578661,0.0,0.0,0.0,0.0,0.0,0.0,-0.5687857000000001,0.6276256,10.2577559,0.08726646259971647,0.08726646259971647,-0.03490658503988659,-721.0,314.0,-402.0,1600,1600,1599,1599,0,0,0,0
1763969218.4214349,0.0,0.0,32.22,154.9,-0.06313205510377884,0.21549752354621887,0.9743906259536743,-0.011747137643396854,-3.0911405086517334,-0.11825889348983765,2.7035858631134033,0.0002487380988895893,0.0001869136467576027,-0.000715289730578661,0.0,0.0,0.0,0.0,0.0,0.0,-0.5687857000000001,0.6276256,10.2577559,0.08726646259971647,0.08726646259971647,-0.03490658503988659,-721.0,314.0,-402.0,1600,1600,1599,1599,0,0,0,0
1763969218.454856,0.0,0.0,32.22,154.9,-0.06313205510377884,0.21549752354621887,0.9743906259536743,-0.011747137643396854,-3.0911405086517334,-0.11825889348983765,2.7035858631134033,0.0002487380988895893,0.0001869136467576027,-0.000715289730578661,0.0,0.0,0.0,0.0,0.0,0.0,-0.5687857000000001,0.6276256,10.2577559,0.08726646259971647,0.08726646259971647,-0.03490658503988659,-721.0,314.0,-402.0,1600,1600,1599,1599,0,0,0,0
1763969218.4882596,0.0,0.0,32.22,154.9,-0.06313205510377884,0.21549752354621887,0.9743906259536743,-0.011747137643396854,-3.0911405086517334,-0.11825889348983765,2.7035858631134033,0.0002487380988895893,0.0001869136467576027,-0.000715289730578661,0.0,0.0,0.0,0.0,0.0,0.0,-0.5687857000000001,0.6276256,10.2577559,0.08726646259971647,0.08726646259971647,-0.03490658503988659,-721.0,314.0,-402.0,1600,1600,1599,1599,0,0,0,0
1763969218.5216892,0.0,0.0,32.22,154.9,-0.06313205510377884,0.21549752354621887,0.9743906259536743,-0.011747137643396854,-3.0911405086517334,-0.11825889348983765,2.7035858631134033,0.0002487380988895893,0.0001869136467576027,-0.000715289730578661,0.0,0.0,0.0,0.0,0.0,0.0,-0.57859235,0.6276256,10.2577559,0.08726646259971647,0.06981317007977318,-0.05235987755982989,-721.0,314.0,-402.0,1600,1600,1599,1599,0,0,0,0
1763969218.5550947,0.0,0.0,32.22,154.9,-0.06313205510377884,0.21549752354621887,0.9743906259536743,-0.011747137643396854,-3.0911476612091064,-0.11824866384267807,2.7035980224609375,-0.00037652580067515373,0.0008279504254460335,0.0017108706524595618,0.0,0.0,0.0,0.0,0.0,0.0,-0.57859235,0.6276256,10.2577559,0.08726646259971647,0.06981317007977318,-0.05235987755982989,-721.0,314.0,-402.0,1600,1600,1599,1599,0,0,0,0
1763969218.5884936,0.0,0.0,32.22,154.9,-0.06312625855207443,0.21549202501773834,0.9743922352790833,-0.01174522191286087,-3.0911476612091064,-0.11824866384267807,2.7035980224609375,-0.00037652580067515373,0.0008279504254460335,0.0017108706524595618,0.0,0.0,0.0,0.0,0.0,0.0,-0.57859235,0.6276256,10.2577559,0.08726646259971647,0.06981317007977318,-0.05235987755982989,-721.0,314.0,-402.0,1600,1600,1599,1599,0,0,0,0
1763969218.6218688,0.0,0.0,32.22,154.9,-0.06312625855207443,0.21549202501773834,0.9743922352790833,-0.01174522191286087,-3.0911476612091064,-0.11824866384267807,2.7035980224609375,-0.00037652580067515373,0.0008279504254460335,0.0017108706524595618,0.0,0.0,0.0,0.0,0.0,0.0,-0.57859235,0.6276256,10.2577559,0.08726646259971647,0.06981317007977318,-0.05235987755982989,-721.0,314.0,-402.0,1600,1600,1599,1599,0,0,0,0
1763969218.6552877,0.0,0.0,32.22,154.9,-0.06312625855207443,0.21549202501773834,0.9743922352790833,-0.01174522191286087,-3.0911476612091064,-0.11824866384267807,2.7035980224609375,-0.00037652580067515373,0.0008279504254460335,0.0017108706524595618,0.0,0.0,0.0,0.0,0.0,0.0,-0.57859235,0.6276256,10.2577559,0.08726646259971647,0.06981317007977318,-0.05235987755982989,-721.0,314.0,-402.0,1600,1600,1599,1599,0,0,0,0
1763969218.6886895,0.0,0.0,32.22,154.9,-0.06312625855207443,0.21549202501773834,0.9743922352790833,-0.01174522191286087,-3.0911476612091064,-0.11824866384267807,2.7035980224609375,-0.00037652580067515373,0.0008279504254460335,0.0017108706524595618,0.0,0.0,0.0,0.0,0.0,0.0,-0.57859235,0.6276256,10.2577559,0.08726646259971647,0.06981317007977318,-0.05235987755982989,-721.0,314.0,-402.0,1600,1600,1599,1599,0,0,0,0
1763969218.7220924,0.0,0.0,32.22,154.9,-0.06312625855207443,0.21549202501773834,0.9743922352790833,-0.01174522191286087,-3.0912954807281494,-0.11812920868396759,2.7036025524139404,0.0002803266979753971,-0.0004813801497220993,-0.0005454439669847488,0.0,0.0,0.0,0.0,0.0,0.0,-0.57859235,0.6276256,10.2577559,0.08726646259971647,0.06981317007977318,-0.05235987755982989,-721.0,314.0,-402.0,1600,1600,1599,1599,0,0,0,0
1763969218.755489,0.0,0.0,32.22,154.9,-0.06305216252803802,0.21549668908119202,0.9743967652320862,-0.011686365120112896,-3.0912954807281494,-0.11812920868396759,2.7036025524139404,0.0002803266979753971,-0.0004813801497220993,-0.0005454439669847488,0.0,0.0,0.0,0.0,0.0,0.0,-0.57859235,0.6276256,10.2577559,0.08726646259971647,0.06981317007977318,-0.05235987755982989,-721.0,314.0,-402.0,1600,1600,1599,1599,0,0,0,0
1763969218.7888844,0.0,0.0,32.23,154.9,-0.06305216252803802,0.21549668908119202,0.9743967652320862,-0.011686365120112896,-3.0912954807281494,-0.11812920868396759,2.7036025524139404,0.0002803266979753971,-0.0004813801497220993,-0.0005454439669847488,0.0,0.0,0.0,0.0,0.0,0.0,-0.57859235,0.6276256,10.2577559,0.08726646259971647,0.06981317007977318,-0.05235987755982989,-721.0,314.0,-402.0,1600,1600,1599,1599,0,0,0,0
1763969218.822286,0.0,0.0,32.23,154.9,-0.06305216252803802,0.21549668908119202,0.9743967652320862,-0.011686365120112896,-3.0913069248199463,-0.11813658475875854,2.7035961151123047,-0.0006965775974094868,-0.0002599223516881466,0.0010222741402685642,0.0,0.0,0.0,0.0,0.0,0.0,-0.57859235,0.6276256,10.2577559,0.08726646259971647,0.06981317007977318,-0.05235987755982989,-721.0,314.0,-402.0,1600,1600,1599,1599,0,0,0,0
1763969218.8556871,0.0,0.0,32.23,154.9,-0.06305454671382904,0.21550001204013824,0.9743959307670593,-0.011679736897349358,-3.0913069248199463,-0.11813658475875854,2.7035961151123047,-0.0006965775974094868,-0.0002599223516881466,0.0010222741402685642,0.0,0.0,0.0,0.0,0.0,0.0,-0.57859235,0.6276256,10.2577559,0.08726646259971647,0.06981317007977318,-0.05235987755982989,-721.0,314.0,-402.0,1600,1600,1599,1599,0,0,0,0
1763969218.8890834,0.0,0.0,32.23,154.9,-0.06305454671382904,0.21550001204013824,0.9743959307670593,-0.011679736897349358,-3.0913069248199463,-0.11813658475875854,2.7035961151123047,-0.0006965775974094868,-0.0002599223516881466,0.0010222741402685642,0.0,0.0,0.0,0.0,0.0,0.0,-0.57859235,0.6276256,10.2577559,0.08726646259971647,0.06981317007977318,-0.05235987755982989,-721.0,314.0,-402.0,1600,1600,1599,1599,0,0,0,0
1763969218.9224935,0.0,0.0,32.35,154.9,-0.06305454671382904,0.21550001204013824,0.9743959307670593,-0.011679736897349358,-3.0913069248199463,-0.11813658475875854,2.7035961151123047,-0.0006965775974094868,-0.0002599223516881466,0.0010222741402685642,0.0,0.0,0.0,0.0,0.0,0.0,-0.57859235,0.6276256,10.2577559,0.08726646259971647,0.06981317007977318,-0.05235987755982989,-721.0,314.0,-402.0,1600,1600,1599,1599,0,0,0,0
1763969218.9559097,0.0,0.0,32.35,154.9,-0.06305454671382904,0.21550001204013824,0.9743959307670593,-0.011679736897349358,-3.0913069248199463,-0.11813658475875854,2.7035961151123047,-0.0006965775974094868,-0.0002599223516881466,0.0010222741402685642,0.0,0.0,0.0,0.0,0.0,0.0,-0.57859235,0.6276256,10.2577559,0.08726646259971647,0.06981317007977318,-0.05235987755982989,-721.0,314.0,-402.0,1600,1600,1599,1599,0,0,0,0
1763969218.989311,0.0,0.0,32.35,154.9,-0.06305454671382904,0.21550001204013824,0.9743959307670593,-0.011679736897349358,-3.0913069248199463,-0.11813658475875854,2.7035961151123047,-0.0006965775974094868,-0.0002599223516881466,0.0010222741402685642,0.0,0.0,0.0,0.0,0.0,0.0,-0.57859235,0.6276256,10.2577559,0.08726646259971647,0.06981317007977318,-0.05235987755982989,-721.0,314.0,-402.0,1600,1600,1599,1599,0,0,0,0
1763969219.0227323,0.0,0.0,32.35,154.9,-0.06305454671382904,0.21550001204013824,0.9743959307670593,-0.011679736897349358,-3.091313123703003,-0.11812945455312729,2.7036008834838867,3.1828880310058594e-05,-0.0008946354500949383,0.0004309189971536398,0.0,0.0,0.0,0.0,0.0,0.0,-0.57859235,0.6276256,10.2577559,0.08726646259971647,0.06981317007977318,-0.05235987755982989,-721.0,314.0,-402.0,1600,1600,1599,1599,0,0,0,0
1763969219.0561368,0.0,0.0,32.35,154.9,-0.06305454671382904,0.21550001204013824,0.9743959307670593,-0.011679736897349358,-3.091308116912842,-0.11810242384672165,2.703615665435791,0.002536106389015913,-0.0002187793143093586,-0.0006203479133546352,0.0,0.0,0.0,0.0,0.0,0.0,-0.57859235,0.6276256,10.2577559,0.08726646259971647,0.06981317007977318,-0.05235987755982989,-721.0,314.0,-402.0,1600,1600,1599,1599,0,0,0,0
1763969219.0896313,0.0,0.0,32.35,154.9,-0.06303766369819641,0.2154911756515503,0.9743989706039429,-0.011683469638228416,-3.091308116912842,-0.11810242384672165,2.703615665435791,0.002536106389015913,-0.0002187793143093586,-0.0006203479133546352,0.0,0.0,0.0,0.0,0.0,0.0,-0.57859235,0.6276256,10.2577559,0.08726646259971647,0.06981317007977318,-0.05235987755982989,-721.0,314.0,-402.0,1600,1600,1599,1599,0,0,0,0
1763969219.123057,0.0,0.0,32.35,154.9,-0.06303766369819641,0.2154911756515503,0.9743989706039429,-0.011683469638228416,-3.091308116912842,-0.11810242384672165,2.703615665435791,0.002536106389015913,-0.0002187793143093586,-0.0006203479133546352,0.0,0.0,0.0,0.0,0.0,0.0,-0.57859235,0.6276256,10.2577559,0.08726646259971647,0.06981317007977318,-0.05235987755982989,-721.0,314.0,-402.0,1600,1600,1599,1599,0,0,0,0
1763969219.1564624,0.0,0.0,32.35,154.9,-0.06303766369819641,0.2154911756515503,0.9743989706039429,-0.011683469638228416,-3.0913169384002686,-0.11810413748025894,2.703626871109009,0.0001998632214963436,0.0016447994858026505,0.0004692233633249998,0.0,0.0,0.0,0.0,0.0,0.0,-0.57859235,0.6276256,10.2577559,0.08726646259971647,0.06981317007977318,-0.05235987755982989,-721.0,314.0,-402.0,1600,1600,1599,1599,0,0,0,0
1763969219.1898625,0.0,0.0,32.35,154.9,-0.06303750723600388,0.21548600494861603,0.9744001030921936,-0.011679437942802906,-3.0913169384002686,-0.11810413748025894,2.703626871109009,0.0001998632214963436,0.0016447994858026505,0.0004692233633249998,0.0,0.0,0.0,0.0,0.0,0.0,-0.57859235,0.6276256,10.2577559,0.08726646259971647,0.06981317007977318,-0.05235987755982989,-721.0,314.0,-402.0,1600,1600,1599,1599,0,0,0,0
1763969219.2232735,0.0,0.0,32.35,154.9,-0.06303750723600388,0.21548600494861603,0.9744001030921936,-0.011679437942802906,-3.0913169384002686,-0.11810413748025894,2.703626871109009,0.0001998632214963436,0.0016447994858026505,0.0004692233633249998,0.0,0.0,0.0,0.0,0.0,0.0,-0.57859235,0.6276256,10.2577559,0.08726646259971647,0.06981317007977318,-0.05235987755982989,-721.0,314.0,-402.0,1600,1600,1599,1599,0,0,0,0
1763969219.256689,0.0,0.0,32.35,154.9,-0.06303750723600388,0.21548600494861603,0.9744001030921936,-0.011679437942802906,-3.0913169384002686,-0.11810413748025894,2.703626871109009,0.0001998632214963436,0.0016447994858026505,0.0004692233633249998,0.0,0.0,0.0,0.0,0.0,0.0,-0.57859235,0.6276256,10.2577559,0.08726646259971647,0.06981317007977318,-0.05235987755982989,-721.0,314.0,-402.0,1600,1600,1599,1599,0,0,0,0
1763969219.2900906,0.0,0.0,32.35,154.9,-0.06303750723600388,0.21548600494861603,0.9744001030921936,-0.011679437942802906,-3.0913169384002686,-0.11810413748025894,2.703626871109009,0.0001998632214963436,0.0016447994858026505,0.0004692233633249998,0.0,0.0,0.0,0.0,0.0,0.0,-0.57859235,0.6276256,10.2577559,0.08726646259971647,0.06981317007977318,-0.05235987755982989,-721.0,314.0,-402.0,1600,1600,1599,1599,0,0,0,0
1763969219.3234866,0.0,0.0,32.35,154.9,-0.06303750723600388,0.21548600494861603,0.9744001030921936,-0.011679437942802906,-3.0913169384002686,-0.11810413748025894,2.703626871109009,0.0001998632214963436,0.0016447994858026505,0.0004692233633249998,0.0,0.0,0.0,0.0,0.0,0.0,-0.5687857000000001,0.61781895,10.2577559,0.08726646259971647,0.10471975511965978,-0.03490658503988659,-715.0,318.0,-403.0,1600,1600,1599,1599,0,0,0,0
1763969219.3568823,0.0,0.0,32.35,154.9,-0.06303750723600388,0.21548600494861603,0.9744001030921936,-0.011679437942802906,-3.091310501098633,-0.11809206008911133,2.703646659851074,-9.831739589571953e-05,-0.0008832649327814579,0.0001602501142770052,0.0,0.0,0.0,0.0,0.0,0.0,-0.5687857000000001,0.61781895,10.2577559,0.08726646259971647,0.10471975511965978,-0.03490658503988659,-715.0,318.0,-403.0,1600,1600,1599,1599,0,0,0,0
1763969219.3902805,0.0,0.0,32.35,154.9,-0.06303218752145767,0.21547633409500122,0.9744026064872742,-0.011684440076351166,-3.091310501098633,-0.11809206008911133,2.703646659851074,-9.831739589571953e-05,-0.0008832649327814579,0.0001602501142770052,0.0,0.0,0.0,0.0,0.0,0.0,-0.5687857000000001,0.61781895,10.2577559,0.08726646259971647,0.10471975511965978,-0.03490658503988659,-715.0,318.0,-403.0,1600,1600,1599,1599,0,0,0,0
1763969219.4236858,0.0,0.0,32.26,154.9,-0.06303218752145767,0.21547633409500122,0.9744026064872742,-0.011684440076351166,-3.091310501098633,-0.11809206008911133,2.703646659851074,-9.831739589571953e-05,-0.0008832649327814579,0.0001602501142770052,0.0,0.0,0.0,0.0,0.0,0.0,-0.5687857000000001,0.61781895,10.2577559,0.08726646259971647,0.10471975511965978,-0.03490658503988659,-715.0,318.0,-403.0,1600,1600,1599,1599,0,0,0,0
1763969219.4571037,0.0,0.0,32.26,154.9,-0.06303218752145767,0.21547633409500122,0.9744026064872742,-0.011684440076351166,-3.091310501098633,-0.11809206008911133,2.703646659851074,-9.831739589571953e-05,-0.0008832649327814579,0.0001602501142770052,0.0,0.0,0.0,0.0,0.0,0.0,-0.5687857000000001,0.61781895,10.2577559,0.08726646259971647,0.10471975511965978,-0.03490658503988659,-715.0,318.0,-403.0,1600,1600,1599,1599,0,0,0,0
1763969219.4905043,0.0,0.0,32.26,154.9,-0.06303218752145767,0.21547633409500122,0.9744026064872742,-0.011684440076351166,-3.091310501098633,-0.11809206008911133,2.703646659851074,-9.831739589571953e-05,-0.0008832649327814579,0.0001602501142770052,0.0,0.0,0.0,0.0,0.0,0.0,-0.5687857000000001,0.61781895,10.2577559,0.08726646259971647,0.10471975511965978,-0.03490658503988659,-715.0,318.0,-403.0,1600,1600,1599,1599,0,0,0,0
1763969219.5239332,0.0,0.0,32.26,154.9,-0.06303218752145767,0.21547633409500122,0.9744026064872742,-0.011684440076351166,-3.091310501098633,-0.11809206008911133,2.703646659851074,-9.831739589571953e-05,-0.0008832649327814579,0.0001602501142770052,0.0,0.0,0.0,0.0,0.0,0.0,-0.5687857000000001,0.6276256,10.2577559,0.08726646259971647,0.05235987755982989,-0.03490658503988659,-720.0,318.0,-403.0,1600,1600,1599,1599,0,0,0,0
1763969219.5573397,0.0,0.0,32.26,154.9,-0.06303218752145767,0.21547633409500122,0.9744026064872742,-0.011684440076351166,-3.0914371013641357,-0.11806543171405792,2.7036821842193604,-0.00034663034602999687,0.0007979418151080608,0.0008555680979043245,0.0,0.0,0.0,0.0,0.0,0.0,-0.5687857000000001,0.6276256,10.2577559,0.08726646259971647,0.05235987755982989,-0.03490658503988659,-720.0,318.0,-403.0,1600,1600,1599,1599,0,0,0,0
1763969219.5907433,0.0,0.0,32.26,154.9,-0.06300541013479233,0.2154635787010193,0.9744077920913696,-0.011626848950982094,-3.0914371013641357,-0.11806543171405792,2.7036821842193604,-0.00034663034602999687,0.0007979418151080608,0.0008555680979043245,0.0,0.0,0.0,0.0,0.0,0.0,-0.5687857000000001,0.6276256,10.2577559,0.08726646259971647,0.05235987755982989,-0.03490658503988659,-720.0,318.0,-403.0,1600,1600,1599,1599,0,0,0,0
1763969219.6242461,0.0,0.0,32.4,154.9,-0.06300541013479233,0.2154635787010193,0.9744077920913696,-0.011626848950982094,-3.0914371013641357,-0.11806543171405792,2.7036821842193604,-0.00034663034602999687,0.0007979418151080608,0.0008555680979043245,0.0,0.0,0.0,0.0,0.0,0.0,-0.5687857000000001,0.6276256,10.2577559,0.08726646259971647,0.05235987755982989,-0.03490658503988659,-720.0,318.0,-403.0,1600,1600,1599,1599,0,0,0,0
1763969219.657673,0.0,0.0,32.4,154.9,-0.06300541013479233,0.2154635787010193,0.9744077920913696,-0.011626848950982094,-3.0914371013641357,-0.11806543171405792,2.7036821842193604,-0.00034663034602999687,0.0007979418151080608,0.0008555680979043245,0.0,0.0,0.0,0.0,0.0,0.0,-0.5687857000000001,0.6276256,10.2577559,0.08726646259971647,0.05235987755982989,-0.03490658503988659,-720.0,318.0,-403.0,1600,1600,1599,1599,0,0,0,0
1763969219.691102,0.0,0.0,32.4,154.9,-0.06300541013479233,0.2154635787010193,0.9744077920913696,-0.011626848950982094,-3.0914371013641357,-0.11806543171405792,2.7036821842193604,-0.00034663034602999687,0.0007979418151080608,0.0008555680979043245,0.0,0.0,0.0,0.0,0.0,0.0,-0.5687857000000001,0.6080123,10.2577559,0.08726646259971647,0.08726646259971647,-0.03490658503988659,-715.0,318.0,-401.0,1600,1600,1599,1599,0,0,0,0
1763969219.7245684,0.0,0.0,32.4,154.9,-0.06300541013479233,0.2154635787010193,0.9744077920913696,-0.011626848950982094,-3.091421127319336,-0.11807609349489212,2.7036828994750977,-0.00023629190400242805,0.0008056163787841797,0.0005574398674070835,0.0,0.0,0.0,0.0,0.0,0.0,-0.5687857000000001,0.6080123,10.2577559,0.08726646259971647,0.08726646259971647,-0.03490658503988659,-715.0,318.0,-401.0,1600,1600,1599,1599,0,0,0,0
1763969219.7579648,0.0,0.0,32.4,154.9,-0.06300541013479233,0.2154635787010193,0.9744077920913696,-0.011626848950982094,-3.091421127319336,-0.11807609349489212,2.7036828994750977,-0.00023629190400242805,0.0008056163787841797,0.0005574398674070835,0.0,0.0,0.0,0.0,0.0,0.0,-0.5687857000000001,0.6080123,10.2577559,0.08726646259971647,0.08726646259971647,-0.03490658503988659,-715.0,318.0,-401.0,1600,1600,1599,1599,0,0,0,0
1763969219.7913606,0.0,0.0,32.4,154.9,-0.06300541013479233,0.2154635787010193,0.9744077920913696,-0.011626848950982094,-3.091421127319336,-0.11807609349489212,2.7036828994750977,-0.00023629190400242805,0.0008056163787841797,0.0005574398674070835,0.0,0.0,0.0,0.0,0.0,0.0,-0.5687857000000001,0.6080123,10.2577559,0.08726646259971647,0.08726646259971647,-0.03490658503988659,-715.0,318.0,-401.0,1600,1600,1599,1599,0,0,0,0
1763969219.8247905,0.0,0.0,32.4,154.9,-0.06300541013479233,0.2154635787010193,0.9744077920913696,-0.011626848950982094,-3.091421127319336,-0.11807609349489212,2.7036828994750977,-0.00023629190400242805,0.0008056163787841797,0.0005574398674070835,0.0,0.0,0.0,0.0,0.0,0.0,-0.5687857000000001,0.6080123,10.2577559,0.08726646259971647,0.08726646259971647,-0.03490658503988659,-715.0,318.0,-401.0,1600,1600,1599,1599,0,0,0,0
1763969219.8582087,0.0,0.0,32.4,154.9,-0.06300541013479233,0.2154635787010193,0.9744077920913696,-0.011626848950982094,-3.0914130210876465,-0.11807704716920853,2.703688859939575,0.00022788206115365028,0.00039748474955558777,-0.00014949985779821873,0.0,0.0,0.0,0.0,0.0,0.0,-0.5687857000000001,0.6080123,10.2577559,0.08726646259971647,0.08726646259971647,-0.03490658503988659,-715.0,318.0,-401.0,1600,1600,1599,1599,0,0,0,0
1763969219.891616,0.0,0.0,32.4,154.9,-0.06301360577344894,0.21545927226543427,0.9744080901145935,-0.011637506075203419,-3.0914130210876465,-0.11807704716920853,2.703688859939575,0.00022788206115365028,0.00039748474955558777,-0.00014949985779821873,0.0,0.0,0.0,0.0,0.0,0.0,-0.5687857000000001,0.6080123,10.2577559,0.08726646259971647,0.08726646259971647,-0.03490658503988659,-715.0,318.0,-401.0,1600,1600,1599,1599,0,0,0,0
1763969219.9250543,0.0,0.0,32.36,154.9,-0.06301360577344894,0.21545927226543427,0.9744080901145935,-0.011637506075203419,-3.0914130210876465,-0.11807704716920853,2.703688859939575,0.00022788206115365028,0.00039748474955558777,-0.00014949985779821873,0.0,0.0,0.0,0.0,0.0,0.0,-0.5687857000000001,0.6080123,10.2577559,0.08726646259971647,0.08726646259971647,-0.03490658503988659,-715.0,318.0,-401.0,1600,1600,1599,1599,0,0,0,0
1763969219.9584708,0.0,0.0,32.36,154.9,-0.06301360577344894,0.21545927226543427,0.9744080901145935,-0.011637506075203419,-3.0914130210876465,-0.11807704716920853,2.703688859939575,0.00022788206115365028,0.00039748474955558777,-0.00014949985779821873,0.0,0.0,0.0,0.0,0.0,0.0,-0.5687857000000001,0.6080123,10.2577559,0.08726646259971647,0.08726646259971647,-0.03490658503988659,-715.0,318.0,-401.0,1600,1600,1599,1599,0,0,0,0
1763969219.9919283,0.0,0.0,32.36,154.9,-0.06301360577344894,0.21545927226543427,0.9744080901145935,-0.011637506075203419,-3.0914130210876465,-0.11807704716920853,2.703688859939575,0.00022788206115365028,0.00039748474955558777,-0.00014949985779821873,0.0,0.0,0.0,0.0,0.0,0.0,-0.5687857000000001,0.6080123,10.2577559,0.08726646259971647,0.08726646259971647,-0.03490658503988659,-715.0,318.0,-401.0,1600,1600,1599,1599,0,0,0,0
1763969220.0254147,0.0,0.0,32.36,154.9,-0.06301360577344894,0.21545927226543427,0.9744080901145935,-0.011637506075203419,-3.0914130210876465,-0.11807704716920853,2.703688859939575,0.00022788206115365028,0.00039748474955558777,-0.00014949985779821873,0.0,0.0,0.0,0.0,0.0,0.0,-0.5687857000000001,0.61781895,10.2577559,0.08726646259971647,0.08726646259971647,-0.05235987755982989,-718.0,323.0,-402.0,1600,1600,1599,1599,0,0,0,0
1763969220.0588207,0.0,0.0,32.36,154.9,-0.06301360577344894,0.21545927226543427,0.9744080901145935,-0.011637506075203419,-3.0913915634155273,-0.11808965355157852,2.703683853149414,0.0014141504652798176,0.0005732881836593151,-0.00015301466919481754,0.0,0.0,0.0,0.0,0.0,0.0,-0.5687857000000001,0.61781895,10.2577559,0.08726646259971647,0.08726646259971647,-0.05235987755982989,-718.0,323.0,-402.0,1600,1600,1599,1599,0,0,0,0
1763969220.0922182,0.0,0.0,32.36,154.9,-0.06302208453416824,0.2154609113931656,0.9744071364402771,-0.011646411381661892,-3.0913915634155273,-0.11808965355157852,2.703683853149414,0.0014141504652798176,0.0005732881836593151,-0.00015301466919481754,0.0,0.0,0.0,0.0,0.0,0.0,-0.5687857000000001,0.61781895,10.2577559,0.08726646259971647,0.08726646259971647,-0.05235987755982989,-718.0,323.0,-402.0,1600,1600,1599,1599,0,0,0,0
1763969220.1256373,0.0,0.0,32.36,154.9,-0.06302208453416824,0.2154609113931656,0.9744071364402771,-0.011646411381661892,-3.0913915634155273,-0.11808965355157852,2.703683853149414,0.0014141504652798176,0.0005732881836593151,-0.00015301466919481754,0.0,0.0,0.0,0.0,0.0,0.0,-0.5687857000000001,0.61781895,10.2577559,0.08726646259971647,0.08726646259971647,-0.05235987755982989,-718.0,323.0,-402.0,1600,1600,1599,1599,0,0,0,0
1763969220.1590297,0.0,0.0,32.36,154.9,-0.06302208453416824,0.2154609113931656,0.9744071364402771,-0.011646411381661892,-3.0913970470428467,-0.1180880069732666,2.7036967277526855,0.00118701858446002,-1.2251082807779312e-05,-0.00035292073152959347,0.0,0.0,0.0,0.0,0.0,0.0,-0.5687857000000001,0.61781895,10.2577559,0.08726646259971647,0.08726646259971647,-0.05235987755982989,-718.0,323.0,-402.0,1600,1600,1599,1599,0,0,0,0
1763969220.1924284,0.0,0.0,32.36,154.9,-0.06302062422037125,0.2154548317193985,0.9744085073471069,-0.011644349433481693,-3.0913970470428467,-0.1180880069732666,2.7036967277526855,0.00118701858446002,-1.2251082807779312e-05,-0.00035292073152959347,0.0,0.0,0.0,0.0,0.0,0.0,-0.5687857000000001,0.61781895,10.2577559,0.08726646259971647,0.08726646259971647,-0.05235987755982989,-718.0,323.0,-402.0,1600,1600,1599,1599,0,0,0,0
1763969220.2258651,0.0,0.0,32.36,154.91,-0.06302062422037125,0.2154548317193985,0.9744085073471069,-0.011644349433481693,-3.0913970470428467,-0.1180880069732666,2.7036967277526855,0.00118701858446002,-1.2251082807779312e-05,-0.00035292073152959347,0.0,0.0,0.0,0.0,0.0,0.0,-0.5687857000000001,0.61781895,10.2577559,0.08726646259971647,0.08726646259971647,-0.05235987755982989,-718.0,323.0,-402.0,1600,1600,1599,1599,0,0,0,0
1763969220.2592764,0.0,0.0,32.36,154.91,-0.06302062422037125,0.2154548317193985,0.9744085073471069,-0.011644349433481693,-3.0913970470428467,-0.1180880069732666,2.7036967277526855,0.00118701858446002,-1.2251082807779312e-05,-0.00035292073152959347,0.0,0.0,0.0,0.0,0.0,0.0,-0.5687857000000001,0.61781895,10.2577559,0.08726646259971647,0.08726646259971647,-0.05235987755982989,-718.0,323.0,-402.0,1600,1600,1599,1599,0,0,0,0
1763969220.2926981,0.0,0.0,32.36,154.91,-0.06302062422037125,0.2154548317193985,0.9744085073471069,-0.011644349433481693,-3.0913970470428467,-0.1180880069732666,2.7036967277526855,0.00118701858446002,-1.2251082807779312e-05,-0.00035292073152959347,0.0,0.0,0.0,0.0,0.0,0.0,-0.5687857000000001,0.61781895,10.2577559,0.10471975511965978,0.06981317007977318,-0.05235987755982989,-718.0,323.0,-402.0,1600,1600,1599,1599,0,0,0,0
1763969220.3260965,0.0,0.0,32.36,154.91,-0.06302062422037125,0.2154548317193985,0.9744085073471069,-0.011644349433481693,-3.091400623321533,-0.11809668689966202,2.7037036418914795,-4.527531564235687e-05,0.00020629167556762695,-0.0008901683613657951,0.0,0.0,0.0,0.0,0.0,0.0,-0.5687857000000001,0.61781895,10.2577559,0.10471975511965978,0.06981317007977318,-0.05235987755982989,-718.0,323.0,-402.0,1600,1600,1599,1599,0,0,0,0
1763969220.3594956,0.0,0.0,32.36,154.91,-0.06302440166473389,0.2154514044523239,0.9744091033935547,-0.01164180226624012,-3.091400623321533,-0.11809668689966202,2.7037036418914795,-4.527531564235687e-05,0.00020629167556762695,-0.0008901683613657951,0.0,0.0,0.0,0.0,0.0,0.0,-0.5687857000000001,0.61781895,10.2577559,0.10471975511965978,0.06981317007977318,-0.05235987755982989,-718.0,323.0,-402.0,1600,1600,1599,1599,0,0,0,0
1763969220.3928912,0.0,0.0,32.36,154.91,-0.06302440166473389,0.2154514044523239,0.9744091033935547,-0.01164180226624012,-3.091381549835205,-0.11811796575784683,2.7037341594696045,0.00038878247141838074,-0.0006305729039013386,-1.0093208402395248e-06,0.0,0.0,0.0,0.0,0.0,0.0,-0.5687857000000001,0.61781895,10.2577559,0.10471975511965978,0.06981317007977318,-0.05235987755982989,-718.0,323.0,-402.0,1600,1600,1599,1599,0,0,0,0
1763969220.4262862,0.0,0.0,32.36,154.91,-0.06302440166473389,0.2154514044523239,0.9744091033935547,-0.01164180226624012,-3.091381549835205,-0.11811796575784683,2.7037341594696045,0.00038878247141838074,-0.0006305729039013386,-1.0093208402395248e-06,0.0,0.0,0.0,0.0,0.0,0.0,-0.5687857000000001,0.61781895,10.2577559,0.10471975511965978,0.06981317007977318,-0.05235987755982989,-718.0,323.0,-402.0,1600,1600,1599,1599,0,0,0,0
1763969220.459736,0.0,0.0,32.36,154.91,-0.06302440166473389,0.2154514044523239,0.9744091033935547,-0.01164180226624012,-3.091381549835205,-0.11811796575784683,2.7037341594696045,0.00038878247141838074,-0.0006305729039013386,-1.0093208402395248e-06,0.0,0.0,0.0,0.0,0.0,0.0,-0.55897905,0.6080123,10.2577559,0.08726646259971647,0.06981317007977318,-0.05235987755982989,-714.0,320.0,-408.0,1600,1600,1599,1599,0,0,0,0
1763969220.4931436,0.0,0.0,32.36,154.91,-0.06303664296865463,0.21543550491333008,0.9744117259979248,-0.011649751104414463,-3.091381549835205,-0.11811796575784683,2.7037341594696045,0.00038878247141838074,-0.0006305729039013386,-1.0093208402395248e-06,0.0,0.0,0.0,0.0,0.0,0.0,-0.55897905,0.6080123,10.2577559,0.08726646259971647,0.06981317007977318,-0.05235987755982989,-714.0,320.0,-408.0,1600,1600,1599,1599,0,0,0,0
1763969220.5265412,0.0,0.0,32.23,154.91,-0.06303664296865463,0.21543550491333008,0.9744117259979248,-0.011649751104414463,-3.091381549835205,-0.11811796575784683,2.7037341594696045,0.00038878247141838074,-0.0006305729039013386,-1.0093208402395248e-06,0.0,0.0,0.0,0.0,0.0,0.0,-0.55897905,0.6080123,10.2577559,0.08726646259971647,0.06981317007977318,-0.05235987755982989,-714.0,320.0,-408.0,1600,1600,1599,1599,0,0,0,0
1763969220.559946,0.0,0.0,32.23,154.91,-0.06303664296865463,0.21543550491333008,0.9744117259979248,-0.011649751104414463,-3.091381549835205,-0.11811796575784683,2.7037341594696045,0.00038878247141838074,-0.0006305729039013386,-1.0093208402395248e-06,0.0,0.0,0.0,0.0,0.0,0.0,-0.55897905,0.6080123,10.2577559,0.08726646259971647,0.06981317007977318,-0.05235987755982989,-714.0,320.0,-408.0,1600,1600,1599,1599,0,0,0,0
1763969220.5933526,0.0,0.0,32.23,154.91,-0.06303664296865463,0.21543550491333008,0.9744117259979248,-0.011649751104414463,-3.0913658142089844,-0.11812403798103333,2.7037277221679688,-0.00027415528893470764,-0.0005078217945992947,-0.0016040373593568802,0.0,0.0,0.0,0.0,0.0,0.0,-0.55897905,0.6080123,10.2577559,0.08726646259971647,0.06981317007977318,-0.05235987755982989,-714.0,320.0,-408.0,1600,1600,1599,1599,0,0,0,0
1763969220.6267457,0.0,0.0,32.23,154.91,-0.06303664296865463,0.21543550491333008,0.9744117259979248,-0.011649751104414463,-3.0913658142089844,-0.11812403798103333,2.7037277221679688,-0.00027415528893470764,-0.0005078217945992947,-0.0016040373593568802,0.0,0.0,0.0,0.0,0.0,0.0,-0.5687857000000001,0.61781895,10.24794925,0.08726646259971647,0.06981317007977318,-0.06981317007977318,-714.0,320.0,-408.0,1600,1600,1599,1599,0,0,0,0
1763969220.6601427,0.0,0.0,32.23,154.91,-0.06304135173559189,0.21543800830841064,0.9744108319282532,-0.011656627058982849,-3.0913658142089844,-0.11812403798103333,2.7037277221679688,-0.00027415528893470764,-0.0005078217945992947,-0.0016040373593568802,0.0,0.0,0.0,0.0,0.0,0.0,-0.5687857000000001,0.61781895,10.24794925,0.08726646259971647,0.06981317007977318,-0.06981317007977318,-714.0,320.0,-408.0,1600,1600,1599,1599,0,0,0,0
1763969220.6935406,0.0,0.0,32.23,154.91,-0.06304135173559189,0.21543800830841064,0.9744108319282532,-0.011656627058982849,-3.0913658142089844,-0.11812403798103333,2.7037277221679688,-0.00027415528893470764,-0.0005078217945992947,-0.0016040373593568802,0.0,0.0,0.0,0.0,0.0,0.0,-0.5687857000000001,0.61781895,10.24794925,0.08726646259971647,0.06981317007977318,-0.06981317007977318,-714.0,320.0,-408.0,1600,1600,1599,1599,0,0,0,0
1763969220.7269325,0.0,0.0,32.23,154.91,-0.06304135173559189,0.21543800830841064,0.9744108319282532,-0.011656627058982849,-3.0913631916046143,-0.11813686043024063,2.7037160396575928,-0.00010900432243943214,0.0008830591104924679,0.0015811189077794552,0.0,0.0,0.0,0.0,0.0,0.0,-0.5687857000000001,0.61781895,10.24794925,0.08726646259971647,0.06981317007977318,-0.06981317007977318,-714.0,320.0,-408.0,1600,1600,1599,1599,0,0,0,0
1763969220.7603316,0.0,0.0,32.23,154.91,-0.06304135173559189,0.21543800830841064,0.9744108319282532,-0.011656627058982849,-3.0913631916046143,-0.11813686043024063,2.7037160396575928,-0.00010900432243943214,0.0008830591104924679,0.0015811189077794552,0.0,0.0,0.0,0.0,0.0,0.0,-0.5687857000000001,0.61781895,10.24794925,0.08726646259971647,0.06981317007977318,-0.06981317007977318,-714.0,320.0,-408.0,1600,1600,1599,1599,0,0,0,0
1763969220.7937307,0.0,0.0,32.23,154.91,-0.06304793059825897,0.21544334292411804,0.9744091629981995,-0.011656089685857296,-3.0913631916046143,-0.11813686043024063,2.7037160396575928,-0.00010900432243943214,0.0008830591104924679,0.0015811189077794552,0.0,0.0,0.0,0.0,0.0,0.0,-0.5687857000000001,0.61781895,10.24794925,0.08726646259971647,0.06981317007977318,-0.06981317007977318,-714.0,320.0,-408.0,1600,1600,1599,1599,0,0,0,0
1763969220.8271403,0.0,0.0,32.23,154.91,-0.06304793059825897,0.21544334292411804,0.9744091629981995,-0.011656089685857296,-3.0913631916046143,-0.11813686043024063,2.7037160396575928,-0.00010900432243943214,0.0008830591104924679,0.0015811189077794552,0.0,0.0,0.0,0.0,0.0,0.0,-0.57859235,0.6276256,10.2577559,0.08726646259971647,0.08726646259971647,-0.017453292519943295,-714.0,320.0,-408.0,1600,1600,1599,1599,0,0,0,0
1763969220.860538,0.0,0.0,32.23,154.91,-0.06304793059825897,0.21544334292411804,0.9744091629981995,-0.011656089685857296,-3.0913631916046143,-0.11813686043024063,2.7037160396575928,-0.00010900432243943214,0.0008830591104924679,0.0015811189077794552,0.0,0.0,0.0,0.0,0.0,0.0,-0.57859235,0.6276256,10.2577559,0.08726646259971647,0.08726646259971647,-0.017453292519943295,-714.0,320.0,-408.0,1600,1600,1599,1599,0,0,0,0
1763969220.8939338,0.0,0.0,32.23,154.91,-0.06304793059825897,0.21544334292411804,0.9744091629981995,-0.011656089685857296,-3.091371774673462,-0.11814502626657486,2.7037193775177,5.675526335835457e-05,-0.0008714930154383183,-0.00024432758800685406,0.0,0.0,0.0,0.0,0.0,0.0,-0.57859235,0.6276256,10.2577559,0.08726646259971647,0.08726646259971647,-0.017453292519943295,-714.0,320.0,-408.0,1600,1600,1599,1599,0,0,0,0
1763969220.9273286,0.0,0.0,32.23,154.91,-0.06305095553398132,0.21544188261032104,0.9744094014167786,-0.011651110835373402,-3.091371774673462,-0.11814502626657486,2.7037193775177,5.675526335835457e-05,-0.0008714930154383183,-0.00024432758800685406,0.0,0.0,0.0,0.0,0.0,0.0,-0.57859235,0.6276256,10.2577559,0.08726646259971647,0.08726646259971647,-0.017453292519943295,-714.0,320.0,-408.0,1600,1600,1599,1599,0,0,0,0
1763969220.9607518,0.0,0.0,32.23,154.91,-0.06305095553398132,0.21544188261032104,0.9744094014167786,-0.011651110835373402,-3.091371774673462,-0.11814502626657486,2.7037193775177,5.675526335835457e-05,-0.0008714930154383183,-0.00024432758800685406,0.0,0.0,0.0,0.0,0.0,0.0,-0.57859235,0.6276256,10.2577559,0.08726646259971647,0.08726646259971647,-0.017453292519943295,-714.0,320.0,-408.0,1600,1600,1599,1599,0,0,0,0
1763969220.9941554,0.0,0.0,32.43,154.91,-0.06305095553398132,0.21544188261032104,0.9744094014167786,-0.011651110835373402,-3.091371774673462,-0.11814502626657486,2.7037193775177,5.675526335835457e-05,-0.0008714930154383183,-0.00024432758800685406,0.0,0.0,0.0,0.0,0.0,0.0,-0.57859235,0.6276256,10.2577559,0.08726646259971647,0.08726646259971647,-0.017453292519943295,-714.0,320.0,-408.0,1600,1600,1599,1599,0,0,0,0
1763969221.0275505,0.0,0.0,32.43,154.91,-0.06305095553398132,0.21544188261032104,0.9744094014167786,-0.011651110835373402,-3.091371774673462,-0.11814502626657486,2.7037193775177,5.675526335835457e-05,-0.0008714930154383183,-0.00024432758800685406,0.0,0.0,0.0,0.0,0.0,0.0,-0.57859235,0.6276256,10.24794925,0.08726646259971647,0.05235987755982989,-0.05235987755982989,-718.0,318.0,-401.0,1600,1600,1599,1599,0,0,0,0
1763969221.06098,0.0,0.0,32.43,154.91,-0.06305095553398132,0.21544188261032104,0.9744094014167786,-0.011651110835373402,-3.0914106369018555,-0.11812685430049896,2.7037360668182373,-0.0007287203334271908,-0.0016975668258965015,0.0007428422104567289,0.0,0.0,0.0,0.0,0.0,0.0,-0.57859235,0.6276256,10.24794925,0.08726646259971647,0.05235987755982989,-0.05235987755982989,-718.0,318.0,-401.0,1600,1600,1599,1599,0,0,0,0
1763969221.094384,0.0,0.0,32.43,154.91,-0.06303784251213074,0.21543529629707336,0.9744118452072144,-0.01163474377244711,-3.0914106369018555,-0.11812685430049896,2.7037360668182373,-0.0007287203334271908,-0.0016975668258965015,0.0007428422104567289,0.0,0.0,0.0,0.0,0.0,0.0,-0.57859235,0.6276256,10.24794925,0.08726646259971647,0.05235987755982989,-0.05235987755982989,-718.0,318.0,-401.0,1600,1600,1599,1599,0,0,0,0
1763969221.1277823,0.0,0.0,32.43,154.91,-0.06303784251213074,0.21543529629707336,0.9744118452072144,-0.01163474377244711,-3.0914106369018555,-0.11812685430049896,2.7037360668182373,-0.0007287203334271908,-0.0016975668258965015,0.0007428422104567289,0.0,0.0,0.0,0.0,0.0,0.0,-0.57859235,0.6276256,10.24794925,0.08726646259971647,0.05235987755982989,-0.05235987755982989,-718.0,318.0,-401.0,1600,1600,1599,1599,0,0,0,0
1763969221.1611917,0.0,0.0,32.43,154.91,-0.06303784251213074,0.21543529629707336,0.9744118452072144,-0.01163474377244711,-3.0914106369018555,-0.11812685430049896,2.7037360668182373,-0.0007287203334271908,-0.0016975668258965015,0.0007428422104567289,0.0,0.0,0.0,0.0,0.0,0.0,-0.57859235,0.6276256,10.24794925,0.08726646259971647,0.05235987755982989,-0.05235987755982989,-718.0,318.0,-401.0,1600,1600,1599,1599,0,0,0,0
1763969221.1946173,0.0,0.0,32.43,154.91,-0.06303784251213074,0.21543529629707336,0.9744118452072144,-0.01163474377244711,-3.0913681983947754,-0.11808846145868301,2.703815460205078,0.00017446931451559067,0.0015527820214629173,2.7167145162820816e-05,0.0,0.0,0.0,0.0,0.0,0.0,-0.57859235,0.6276256,10.24794925,0.08726646259971647,0.05235987755982989,-0.05235987755982989,-718.0,318.0,-401.0,1600,1600,1599,1599,0,0,0,0
1763969221.2289722,0.0,0.0,32.43,154.91,-0.06302323937416077,0.2153959423303604,0.9744211435317993,-0.01166205108165741,-3.0913681983947754,-0.11808846145868301,2.703815460205078,0.00017446931451559067,0.0015527820214629173,2.7167145162820816e-05,0.0,0.0,0.0,0.0,0.0,0.0,-0.57859235,0.6276256,10.24794925,0.08726646259971647,0.05235987755982989,-0.05235987755982989,-718.0,318.0,-401.0,1600,1600,1599,1599,0,0,0,0
1763969221.2624047,0.0,0.0,32.19,154.91,-0.06302323937416077,0.2153959423303604,0.9744211435317993,-0.01166205108165741,-3.0913681983947754,-0.11808846145868301,2.703815460205078,0.00017446931451559067,0.0015527820214629173,2.7167145162820816e-05,0.0,0.0,0.0,0.0,0.0,0.0,-0.57859235,0.6276256,10.24794925,0.08726646259971647,0.05235987755982989,-0.05235987755982989,-718.0,318.0,-401.0,1600,1600,1599,1599,0,0,0,0
1763969221.2958207,0.0,0.0,32.19,154.91,-0.0630229189991951,0.21538794040679932,0.9744230508804321,-0.011657321825623512,-3.0913681983947754,-0.11808846145868301,2.703815460205078,0.00017446931451559067,0.0015527820214629173,2.7167145162820816e-05,0.0,0.0,0.0,0.0,0.0,0.0,-0.57859235,0.6276256,10.24794925,0.08726646259971647,0.05235987755982989,-0.05235987755982989,-718.0,318.0,-401.0,1600,1600,1599,1599,0,0,0,0
1763969221.3292186,0.0,0.0,32.44,154.91,-0.0630229189991951,0.21538794040679932,0.9744230508804321,-0.011657321825623512,-3.0913681983947754,-0.11808846145868301,2.703815460205078,0.00017446931451559067,0.0015527820214629173,2.7167145162820816e-05,0.0,0.0,0.0,0.0,0.0,0.0,-0.57859235,0.6276256,10.24794925,0.08726646259971647,0.05235987755982989,-0.05235987755982989,-718.0,318.0,-401.0,1600,1600,1599,1599,0,0,0,0
1763969221.362596,0.0,0.0,32.44,154.91,-0.0630229189991951,0.21538794040679932,0.9744230508804321,-0.011657321825623512,-3.0913681983947754,-0.11808846145868301,2.703815460205078,0.00017446931451559067,0.0015527820214629173,2.7167145162820816e-05,0.0,0.0,0.0,0.0,0.0,0.0,-0.57859235,0.6276256,10.24794925,0.08726646259971647,0.05235987755982989,-0.05235987755982989,-718.0,318.0,-401.0,1600,1600,1599,1599,0,0,0,0
1763969221.3959882,0.0,0.0,32.44,154.91,-0.0630229189991951,0.21538794040679932,0.9744230508804321,-0.011657321825623512,-3.0913681983947754,-0.11808846145868301,2.703815460205078,0.00017446931451559067,0.0015527820214629173,2.7167145162820816e-05,0.0,0.0,0.0,0.0,0.0,0.0,-0.57859235,0.6276256,10.24794925,0.08726646259971647,0.05235987755982989,-0.05235987755982989,-718.0,318.0,-401.0,1600,1600,1599,1599,0,0,0,0
1763969221.4293816,0.0,0.0,32.44,154.91,-0.0630229189991951,0.21538794040679932,0.9744230508804321,-0.011657321825623512,-3.0913681983947754,-0.11808846145868301,2.703815460205078,0.00017446931451559067,0.0015527820214629173,2.7167145162820816e-05,0.0,0.0,0.0,0.0,0.0,0.0,-0.5687857000000001,0.6080123,10.24794925,0.08726646259971647,0.10471975511965978,-0.03490658503988659,-715.0,315.0,-403.0,1600,1600,1599,1599,0,0,0,0
1763969221.4649408,0.0,0.0,32.44,154.91,-0.0630229189991951,0.21538794040679932,0.9744230508804321,-0.011657321825623512,-3.091371536254883,-0.11810323596000671,2.703850269317627,2.2658146917819977e-05,0.00024220813065767288,-0.00020854058675467968,0.0,0.0,0.0,0.0,0.0,0.0,-0.5687857000000001,0.6080123,10.24794925,0.08726646259971647,0.10471975511965978,-0.03490658503988659,-715.0,315.0,-403.0,1600,1600,1599,1599,0,0,0,0
1763969221.4983783,0.0,0.0,32.44,154.91,-0.06302987784147263,0.2153788059949875,0.9744245409965515,-0.01165990810841322,-3.091371536254883,-0.11810323596000671,2.703850269317627,2.2658146917819977e-05,0.00024220813065767288,-0.00020854058675467968,0.0,0.0,0.0,0.0,0.0,0.0,-0.5687857000000001,0.6080123,10.24794925,0.08726646259971647,0.10471975511965978,-0.03490658503988659,-715.0,315.0,-403.0,1600,1600,1599,1599,0,0,0,0
1763969221.5317988,0.0,0.0,32.44,154.91,-0.06302987784147263,0.2153788059949875,0.9744245409965515,-0.01165990810841322,-3.091371536254883,-0.11810323596000671,2.703850269317627,2.2658146917819977e-05,0.00024220813065767288,-0.00020854058675467968,0.0,0.0,0.0,0.0,0.0,0.0,-0.5687857000000001,0.6080123,10.24794925,0.08726646259971647,0.10471975511965978,-0.03490658503988659,-715.0,315.0,-403.0,1600,1600,1599,1599,0,0,0,0
1763969221.5652368,0.0,0.0,32.44,154.91,-0.06302987784147263,0.2153788059949875,0.9744245409965515,-0.01165990810841322,-3.091371536254883,-0.11810323596000671,2.703850269317627,2.2658146917819977e-05,0.00024220813065767288,-0.00020854058675467968,0.0,0.0,0.0,0.0,0.0,0.0,-0.5687857000000001,0.6080123,10.24794925,0.08726646259971647,0.10471975511965978,-0.03490658503988659,-715.0,315.0,-403.0,1600,1600,1599,1599,0,0,0,0
1763969221.5992434,0.0,0.0,32.44,154.91,-0.06302987784147263,0.2153788059949875,0.9744245409965515,-0.01165990810841322,-3.091371536254883,-0.11810323596000671,2.703850269317627,2.2658146917819977e-05,0.00024220813065767288,-0.00020854058675467968,0.0,0.0,0.0,0.0,0.0,0.0,-0.5687857000000001,0.6080123,10.24794925,0.08726646259971647,0.10471975511965978,-0.03490658503988659,-715.0,315.0,-403.0,1600,1600,1599,1599,0,0,0,0
1763969221.632149,0.0,0.0,32.44,154.91,-0.06302987784147263,0.2153788059949875,0.9744245409965515,-0.01165990810841322,-3.091371536254883,-0.11810323596000671,2.703850269317627,2.2658146917819977e-05,0.00024220813065767288,-0.00020854058675467968,0.0,0.0,0.0,0.0,0.0,0.0,-0.5687857000000001,0.61781895,10.24794925,0.08726646259971647,0.06981317007977318,-0.05235987755982989,-715.0,315.0,-403.0,1600,1600,1599,1599,0,0,0,0
1763969221.6655643,0.0,0.0,32.44,154.91,-0.06302987784147263,0.2153788059949875,0.9744245409965515,-0.01165990810841322,-3.091367244720459,-0.1181008368730545,2.703850030899048,-0.0007035732269287109,0.00020139524713158607,0.000560160493478179,0.0,0.0,0.0,0.0,0.0,0.0,-0.5687857000000001,0.61781895,10.24794925,0.08726646259971647,0.06981317007977318,-0.05235987755982989,-715.0,315.0,-403.0,1600,1600,1599,1599,0,0,0,0
1763969221.6989632,0.0,0.0,32.44,154.91,-0.06302918493747711,0.21537888050079346,0.9744246006011963,-0.011662306264042854,-3.091367244720459,-0.1181008368730545,2.703850030899048,-0.0007035732269287109,0.00020139524713158607,0.000560160493478179,0.0,0.0,0.0,0.0,0.0,0.0,-0.5687857000000001,0.61781895,10.24794925,0.08726646259971647,0.06981317007977318,-0.05235987755982989,-715.0,315.0,-403.0,1600,1600,1599,1599,0,0,0,0
1763969221.7323563,0.0,0.0,32.44,154.91,-0.06302918493747711,0.21537888050079346,0.9744246006011963,-0.011662306264042854,-3.091367244720459,-0.1181008368730545,2.703850030899048,-0.0007035732269287109,0.00020139524713158607,0.000560160493478179,0.0,0.0,0.0,0.0,0.0,0.0,-0.5687857000000001,0.61781895,10.24794925,0.08726646259971647,0.06981317007977318,-0.05235987755982989,-715.0,315.0,-403.0,1600,1600,1599,1599,0,0,0,0
1763969221.7657502,0.0,0.0,32.44,154.91,-0.06302918493747711,0.21537888050079346,0.9744246006011963,-0.011662306264042854,-3.091367244720459,-0.1181008368730545,2.703850030899048,-0.0007035732269287109,0.00020139524713158607,0.000560160493478179,0.0,0.0,0.0,0.0,0.0,0.0,-0.5687857000000001,0.61781895,10.24794925,0.06981317007977318,0.06981317007977318,-0.03490658503988659,-715.0,315.0,-403.0,1600,1600,1599,1599,0,0,0,0
1763969221.7991438,0.0,0.0,32.44,154.91,-0.06302918493747711,0.21537888050079346,0.9744246006011963,-0.011662306264042854,-3.091367244720459,-0.1181008368730545,2.703850030899048,-0.0007035732269287109,0.00020139524713158607,0.000560160493478179,0.0,0.0,0.0,0.0,0.0,0.0,-0.5687857000000001,0.61781895,10.24794925,0.06981317007977318,0.06981317007977318,-0.03490658503988659,-715.0,315.0,-403.0,1600,1600,1599,1599,0,0,0,0
1763969221.832535,0.0,0.0,32.44,154.91,-0.06302918493747711,0.21537888050079346,0.9744246006011963,-0.011662306264042854,-3.0913844108581543,-0.11807740479707718,2.7038631439208984,-0.0014179474674165249,-0.0012698383070528507,0.0003006469924002886,0.0,0.0,0.0,0.0,0.0,0.0,-0.5687857000000001,0.61781895,10.24794925,0.06981317007977318,0.06981317007977318,-0.03490658503988659,-715.0,315.0,-403.0,1600,1600,1599,1599,0,0,0,0
1763969221.8659308,0.0,0.0,32.44,154.91,-0.06301583349704742,0.21537356078624725,0.9744266867637634,-0.011656863614916801,-3.0913844108581543,-0.11807740479707718,2.7038631439208984,-0.0014179474674165249,-0.0012698383070528507,0.0003006469924002886,0.0,0.0,0.0,0.0,0.0,0.0,-0.5687857000000001,0.61781895,10.24794925,0.06981317007977318,0.06981317007977318,-0.03490658503988659,-715.0,315.0,-403.0,1600,1600,1599,1599,0,0,0,0
1763969221.899331,0.0,0.0,32.44,154.91,-0.06301583349704742,0.21537356078624725,0.9744266867637634,-0.011656863614916801,-3.0913844108581543,-0.11807740479707718,2.7038631439208984,-0.0014179474674165249,-0.0012698383070528507,0.0003006469924002886,0.0,0.0,0.0,0.0,0.0,0.0,-0.5687857000000001,0.61781895,10.24794925,0.06981317007977318,0.06981317007977318,-0.03490658503988659,-715.0,315.0,-403.0,1600,1600,1599,1599,0,0,0,0
1763969221.9327254,0.0,0.0,32.44,154.91,-0.06301583349704742,0.21537356078624725,0.9744266867637634,-0.011656863614916801,-3.0913844108581543,-0.11807740479707718,2.7038631439208984,-0.0014179474674165249,-0.0012698383070528507,0.0003006469924002886,0.0,0.0,0.0,0.0,0.0,0.0,-0.57859235,0.6276256,10.24794925,0.06981317007977318,0.05235987755982989,-0.03490658503988659,-721.0,323.0,-402.0,1600,1600,1599,1599,0,0,0,0
1763969221.9661443,0.0,0.0,32.42,154.91,-0.06301583349704742,0.21537356078624725,0.9744266867637634,-0.011656863614916801,-3.0913844108581543,-0.11807740479707718,2.7038631439208984,-0.0014179474674165249,-0.0012698383070528507,0.0003006469924002886,0.0,0.0,0.0,0.0,0.0,0.0,-0.57859235,0.6276256,10.24794925,0.06981317007977318,0.05235987755982989,-0.03490658503988659,-721.0,323.0,-402.0,1600,1600,1599,1599,0,0,0,0
1763969221.9995408,0.0,0.0,32.42,154.91,-0.06301583349704742,0.21537356078624725,0.9744266867637634,-0.011656863614916801,-3.091435670852661,-0.1181006208062172,2.7039589881896973,0.000747213140130043,0.0007326747290790081,-0.0001770069357007742,0.0,0.0,0.0,0.0,0.0,0.0,-0.57859235,0.6276256,10.24794925,0.06981317007977318,0.05235987755982989,-0.03490658503988659,-721.0,323.0,-402.0,1600,1600,1599,1599,0,0,0,0
1763969222.032949,0.0,0.0,32.42,154.91,-0.06302109360694885,0.2153279185295105,0.9744367599487305,-0.011632431298494339,-3.091435670852661,-0.1181006208062172,2.7039589881896973,0.000747213140130043,0.0007326747290790081,-0.0001770069357007742,0.0,0.0,0.0,0.0,0.0,0.0,-0.57859235,0.6276256,10.24794925,0.06981317007977318,0.05235987755982989,-0.03490658503988659,-721.0,323.0,-402.0,1600,1600,1599,1599,0,0,0,0
1763969222.0663478,0.0,0.0,32.28,154.92,-0.06302109360694885,0.2153279185295105,0.9744367599487305,-0.011632431298494339,-3.091435670852661,-0.1181006208062172,2.7039589881896973,0.000747213140130043,0.0007326747290790081,-0.0001770069357007742,0.0,0.0,0.0,0.0,0.0,0.0,-0.57859235,0.6276256,10.24794925,0.06981317007977318,0.05235987755982989,-0.03490658503988659,-721.0,323.0,-402.0,1600,1600,1599,1599,0,0,0,0
1763969222.0997522,0.0,0.0,32.28,154.92,-0.06302109360694885,0.2153279185295105,0.9744367599487305,-0.011632431298494339,-3.091435670852661,-0.1181006208062172,2.7039589881896973,0.000747213140130043,0.0007326747290790081,-0.0001770069357007742,0.0,0.0,0.0,0.0,0.0,0.0,-0.57859235,0.6276256,10.24794925,0.06981317007977318,0.05235987755982989,-0.03490658503988659,-721.0,323.0,-402.0,1600,1600,1599,1599,0,0,0,0
1763969222.1331496,0.0,0.0,32.28,154.92,-0.06302109360694885,0.2153279185295105,0.9744367599487305,-0.011632431298494339,-3.091435670852661,-0.1181006208062172,2.7039589881896973,0.000747213140130043,0.0007326747290790081,-0.0001770069357007742,0.0,0.0,0.0,0.0,0.0,0.0,-0.55897905,0.61781895,10.24794925,0.10471975511965978,0.08726646259971647,-0.05235987755982989,-721.0,317.0,-398.0,1600,1600,1599,1599,0,0,0,0
1763969222.1665459,0.0,0.0,32.28,154.92,-0.06302109360694885,0.2153279185295105,0.9744367599487305,-0.011632431298494339,-3.091445207595825,-0.11812563985586166,2.7039997577667236,0.0010576453059911728,0.0007886160165071487,-0.0009133226703852415,0.0,0.0,0.0,0.0,0.0,0.0,-0.55897905,0.61781895,10.24794925,0.10471975511965978,0.08726646259971647,-0.05235987755982989,-721.0,317.0,-398.0,1600,1600,1599,1599,0,0,0,0
1763969222.1999435,0.0,0.0,32.28,154.92,-0.06303200125694275,0.21530799567699432,0.9744404554367065,-0.011626306921243668,-3.091445207595825,-0.11812563985586166,2.7039997577667236,0.0010576453059911728,0.0007886160165071487,-0.0009133226703852415,0.0,0.0,0.0,0.0,0.0,0.0,-0.55897905,0.61781895,10.24794925,0.10471975511965978,0.08726646259971647,-0.05235987755982989,-721.0,317.0,-398.0,1600,1600,1599,1599,0,0,0,0
1763969222.2333379,0.0,0.0,32.28,154.92,-0.06303200125694275,0.21530799567699432,0.9744404554367065,-0.011626306921243668,-3.091445207595825,-0.11812563985586166,2.7039997577667236,0.0010576453059911728,0.0007886160165071487,-0.0009133226703852415,0.0,0.0,0.0,0.0,0.0,0.0,-0.55897905,0.61781895,10.24794925,0.10471975511965978,0.08726646259971647,-0.05235987755982989,-721.0,317.0,-398.0,1600,1600,1599,1599,0,0,0,0
1763969222.266769,0.0,0.0,32.28,154.92,-0.06303200125694275,0.21530799567699432,0.9744404554367065,-0.011626306921243668,-3.091445207595825,-0.11812563985586166,2.7039997577667236,0.0010576453059911728,0.0007886160165071487,-0.0009133226703852415,0.0,0.0,0.0,0.0,0.0,0.0,-0.55897905,0.61781895,10.24794925,0.10471975511965978,0.08726646259971647,-0.05235987755982989,-721.0,317.0,-398.0,1600,1600,1599,1599,0,0,0,0
1763969222.3001668,0.0,0.0,32.28,154.92,-0.06303200125694275,0.21530799567699432,0.9744404554367065,-0.011626306921243668,-3.091445207595825,-0.11812563985586166,2.7039997577667236,0.0010576453059911728,0.0007886160165071487,-0.0009133226703852415,0.0,0.0,0.0,0.0,0.0,0.0,-0.55897905,0.61781895,10.24794925,0.10471975511965978,0.08726646259971647,-0.05235987755982989,-721.0,317.0,-398.0,1600,1600,1599,1599,0,0,0,0
1763969222.3335578,0.0,0.0,32.28,154.92,-0.06303200125694275,0.21530799567699432,0.9744404554367065,-0.011626306921243668,-3.091445207595825,-0.11812563985586166,2.7039997577667236,0.0010576453059911728,0.0007886160165071487,-0.0009133226703852415,0.0,0.0,0.0,0.0,0.0,0.0,-0.57859235,0.61781895,10.2577559,0.10471975511965978,0.08726646259971647,-0.06981317007977318,-721.0,317.0,-398.0,1600,1600,1599,1599,0,0,0,0
1763969222.3669517,0.0,0.0,32.28,154.92,-0.06303200125694275,0.21530799567699432,0.9744404554367065,-0.011626306921243668,-3.09145450592041,-0.11811264604330063,2.7040090560913086,-0.0016055349260568619,-0.0001501329243183136,-0.0002797141205519438,0.0,0.0,0.0,0.0,0.0,0.0,-0.57859235,0.61781895,10.2577559,0.10471975511965978,0.08726646259971647,-0.06981317007977318,-721.0,317.0,-398.0,1600,1600,1599,1599,0,0,0,0
1763969222.400345,0.0,0.0,32.28,154.92,-0.06302460283041,0.21530389785766602,0.9744419455528259,-0.011623460799455643,-3.09145450592041,-0.11811264604330063,2.7040090560913086,-0.0016055349260568619,-0.0001501329243183136,-0.0002797141205519438,0.0,0.0,0.0,0.0,0.0,0.0,-0.57859235,0.61781895,10.2577559,0.10471975511965978,0.08726646259971647,-0.06981317007977318,-721.0,317.0,-398.0,1600,1600,1599,1599,0,0,0,0
1763969222.433737,0.0,0.0,32.28,154.92,-0.06302460283041,0.21530389785766602,0.9744419455528259,-0.011623460799455643,-3.09145450592041,-0.11811264604330063,2.7040090560913086,-0.0016055349260568619,-0.0001501329243183136,-0.0002797141205519438,0.0,0.0,0.0,0.0,0.0,0.0,-0.57859235,0.61781895,10.2577559,0.10471975511965978,0.08726646259971647,-0.06981317007977318,-721.0,317.0,-398.0,1600,1600,1599,1599,0,0,0,0
1763969222.4671552,0.0,0.0,32.33,154.92,-0.06302460283041,0.21530389785766602,0.9744419455528259,-0.011623460799455643,-3.09145450592041,-0.11811264604330063,2.7040090560913086,-0.0016055349260568619,-0.0001501329243183136,-0.0002797141205519438,0.0,0.0,0.0,0.0,0.0,0.0,-0.57859235,0.61781895,10.2577559,0.10471975511965978,0.08726646259971647,-0.06981317007977318,-721.0,317.0,-398.0,1600,1600,1599,1599,0,0,0,0
1763969222.5005574,0.0,0.0,32.33,154.92,-0.06302460283041,0.21530389785766602,0.9744419455528259,-0.011623460799455643,-3.09145450592041,-0.11811264604330063,2.7040090560913086,-0.0016055349260568619,-0.0001501329243183136,-0.0002797141205519438,0.0,0.0,0.0,0.0,0.0,0.0,-0.5687857000000001,0.6276256,10.2577559,0.05235987755982989,0.06981317007977318,-0.05235987755982989,-718.0,320.0,-403.0,1600,1600,1599,1599,0,0,0,0
1763969222.5339534,0.0,0.0,32.33,154.92,-0.06302460283041,0.21530389785766602,0.9744419455528259,-0.011623460799455643,-3.091458797454834,-0.11812382191419601,2.7040233612060547,-0.0008064331486821175,0.001323477365076542,-0.0010504026431590319,0.0,0.0,0.0,0.0,0.0,0.0,-0.5687857000000001,0.6276256,10.2577559,0.05235987755982989,0.06981317007977318,-0.05235987755982989,-718.0,320.0,-403.0,1600,1600,1599,1599,0,0,0,0
1763969222.5673504,0.0,0.0,32.33,154.92,-0.06302951276302338,0.2152969390153885,0.9744431972503662,-0.01162062119692564,-3.091458797454834,-0.11812382191419601,2.7040233612060547,-0.0008064331486821175,0.001323477365076542,-0.0010504026431590319,0.0,0.0,0.0,0.0,0.0,0.0,-0.5687857000000001,0.6276256,10.2577559,0.05235987755982989,0.06981317007977318,-0.05235987755982989,-718.0,320.0,-403.0,1600,1600,1599,1599,0,0,0,0
1763969222.6007447,0.0,0.0,32.33,154.92,-0.06302951276302338,0.2152969390153885,0.9744431972503662,-0.01162062119692564,-3.091458797454834,-0.11812382191419601,2.7040233612060547,-0.0008064331486821175,0.001323477365076542,-0.0010504026431590319,0.0,0.0,0.0,0.0,0.0,0.0,-0.5687857000000001,0.6276256,10.2577559,0.05235987755982989,0.06981317007977318,-0.05235987755982989,-718.0,320.0,-403.0,1600,1600,1599,1599,0,0,0,0
1763969222.63414,0.0,0.0,32.33,154.92,-0.06302951276302338,0.2152969390153885,0.9744431972503662,-0.01162062119692564,-3.091458797454834,-0.11812382191419601,2.7040233612060547,-0.0008064331486821175,0.001323477365076542,-0.0010504026431590319,0.0,0.0,0.0,0.0,0.0,0.0,-0.5687857000000001,0.6276256,10.2577559,0.05235987755982989,0.06981317007977318,-0.05235987755982989,-718.0,320.0,-403.0,1600,1600,1599,1599,0,0,0,0
1763969222.6675365,0.0,0.0,32.33,154.92,-0.06302951276302338,0.2152969390153885,0.9744431972503662,-0.01162062119692564,-3.091458797454834,-0.11812382191419601,2.7040233612060547,-0.0008064331486821175,0.001323477365076542,-0.0010504026431590319,0.0,0.0,0.0,0.0,0.0,0.0,-0.55897905,0.6276256,10.24794925,0.06981317007977318,0.08726646259971647,-0.06981317007977318,-718.0,320.0,-403.0,1600,1600,1599,1599,0,0,0,0
1763969222.7009292,0.0,0.0,32.33,154.92,-0.06302951276302338,0.2152969390153885,0.9744431972503662,-0.01162062119692564,-3.091435432434082,-0.11818814277648926,2.7040812969207764,-0.00026176637038588524,0.00035616476088762283,-0.0008697703015059233,0.0,0.0,0.0,0.0,0.0,0.0,-0.55897905,0.6276256,10.24794925,0.06981317007977318,0.08726646259971647,-0.06981317007977318,-718.0,320.0,-403.0,1600,1600,1599,1599,0,0,0,0
1763969222.7343206,0.0,0.0,32.33,154.92,-0.06306300312280655,0.21526676416397095,0.9744476079940796,-0.011626790277659893,-3.091435432434082,-0.11818814277648926,2.7040812969207764,-0.00026176637038588524,0.00035616476088762283,-0.0008697703015059233,0.0,0.0,0.0,0.0,0.0,0.0,-0.55897905,0.6276256,10.24794925,0.06981317007977318,0.08726646259971647,-0.06981317007977318,-718.0,320.0,-403.0,1600,1600,1599,1599,0,0,0,0
1763969222.7677171,0.0,0.0,32.36,154.93,-0.06306300312280655,0.21526676416397095,0.9744476079940796,-0.011626790277659893,-3.091435432434082,-0.11818814277648926,2.7040812969207764,-0.00026176637038588524,0.00035616476088762283,-0.0008697703015059233,0.0,0.0,0.0,0.0,0.0,0.0,-0.55897905,0.6276256,10.24794925,0.06981317007977318,0.08726646259971647,-0.06981317007977318,-718.0,320.0,-403.0,1600,1600,1599,1599,0,0,0,0
1763969222.8011122,0.0,0.0,32.36,154.93,-0.06306300312280655,0.21526676416397095,0.9744476079940796,-0.011626790277659893,-3.091435432434082,-0.11818814277648926,2.7040812969207764,-0.00026176637038588524,0.00035616476088762283,-0.0008697703015059233,0.0,0.0,0.0,0.0,0.0,0.0,-0.55897905,0.6276256,10.24794925,0.06981317007977318,0.08726646259971647,-0.06981317007977318,-718.0,320.0,-403.0,1600,1600,1599,1599,0,0,0,0
1763969222.834504,0.0,0.0,32.36,154.93,-0.06306300312280655,0.21526676416397095,0.9744476079940796,-0.011626790277659893,-3.091435432434082,-0.11818814277648926,2.7040812969207764,-0.00026176637038588524,0.00035616476088762283,-0.0008697703015059233,0.0,0.0,0.0,0.0,0.0,0.0,-0.5687857000000001,0.6276256,10.2577559,0.08726646259971647,0.08726646259971647,-0.05235987755982989,-719.0,320.0,-399.0,1600,1600,1599,1599,0,0,0,0
1763969222.8679056,0.0,0.0,32.36,154.93,-0.06306300312280655,0.21526676416397095,0.9744476079940796,-0.011626790277659893,-3.091435432434082,-0.11818814277648926,2.7040812969207764,-0.00026176637038588524,0.00035616476088762283,-0.0008697703015059233,0.0,0.0,0.0,0.0,0.0,0.0,-0.5687857000000001,0.6276256,10.2577559,0.08726646259971647,0.08726646259971647,-0.05235987755982989,-719.0,320.0,-399.0,1600,1600,1599,1599,0,0,0,0
1763969222.9013002,0.0,0.0,32.36,154.93,-0.06306300312280655,0.21526676416397095,0.9744476079940796,-0.011626790277659893,-3.091435432434082,-0.11818814277648926,2.7040812969207764,-0.00026176637038588524,0.00035616476088762283,-0.0008697703015059233,0.0,0.0,0.0,0.0,0.0,0.0,-0.5687857000000001,0.6276256,10.2577559,0.08726646259971647,0.08726646259971647,-0.05235987755982989,-719.0,320.0,-399.0,1600,1600,1599,1599,0,0,0,0
1763969222.934703,0.0,0.0,32.36,154.93,-0.06306300312280655,0.21526676416397095,0.9744476079940796,-0.011626790277659893,-3.0914459228515625,-0.11816730350255966,2.704087257385254,0.001224555540829897,-0.001548950793221593,0.00046318164095282555,0.0,0.0,0.0,0.0,0.0,0.0,-0.5687857000000001,0.6276256,10.2577559,0.08726646259971647,0.08726646259971647,-0.05235987755982989,-719.0,320.0,-399.0,1600,1600,1599,1599,0,0,0,0
1763969222.9681044,0.0,0.0,32.36,154.93,-0.06306300312280655,0.21526676416397095,0.9744476079940796,-0.011626790277659893,-3.0914459228515625,-0.11816730350255966,2.704087257385254,0.001224555540829897,-0.001548950793221593,0.00046318164095282555,0.0,0.0,0.0,0.0,0.0,0.0,-0.5687857000000001,0.6276256,10.2577559,0.08726646259971647,0.08726646259971647,-0.05235987755982989,-719.0,320.0,-399.0,1600,1600,1599,1599,0,0,0,0
1763969223.0014987,0.0,0.0,32.36,154.93,-0.06306300312280655,0.21526676416397095,0.9744476079940796,-0.011626790277659893,-3.0914459228515625,-0.11816730350255966,2.704087257385254,0.001224555540829897,-0.001548950793221593,0.00046318164095282555,0.0,0.0,0.0,0.0,0.0,0.0,-0.5687857000000001,0.6276256,10.2577559,0.08726646259971647,0.08726646259971647,-0.05235987755982989,-719.0,320.0,-399.0,1600,1600,1599,1599,0,0,0,0
1763969223.0349092,0.0,0.0,32.36,154.93,-0.06306300312280655,0.21526676416397095,0.9744476079940796,-0.011626790277659893,-3.0914459228515625,-0.11816730350255966,2.704087257385254,0.001224555540829897,-0.001548950793221593,0.00046318164095282555,0.0,0.0,0.0,0.0,0.0,0.0,-0.5687857000000001,0.61781895,10.2577559,0.10471975511965978,0.08726646259971647,-0.05235987755982989,-719.0,318.0,-405.0,1600,1600,1599,1599,0,0,0,0
1763969223.068304,0.0,0.0,32.36,154.93,-0.06306300312280655,0.21526676416397095,0.9744476079940796,-0.011626790277659893,-3.0914461612701416,-0.11813130974769592,2.704096794128418,-0.0026296726427972317,-0.0012035344261676073,0.00021367333829402924,0.0,0.0,0.0,0.0,0.0,0.0,-0.5687857000000001,0.61781895,10.2577559,0.10471975511965978,0.08726646259971647,-0.05235987755982989,-719.0,318.0,-405.0,1600,1600,1599,1599,0,0,0,0
1763969223.1016958,0.0,0.0,32.36,154.93,-0.06306300312280655,0.21526676416397095,0.9744476079940796,-0.011626790277659893,-3.0914461612701416,-0.11813130974769592,2.704096794128418,-0.0026296726427972317,-0.0012035344261676073,0.00021367333829402924,0.0,0.0,0.0,0.0,0.0,0.0,-0.5687857000000001,0.61781895,10.2577559,0.10471975511965978,0.08726646259971647,-0.05235987755982989,-719.0,318.0,-405.0,1600,1600,1599,1599,0,0,0,0
1763969223.1350853,0.0,0.0,32.36,154.93,-0.06303408741950989,0.2152605801820755,0.9744507670402527,-0.011628246866166592,-3.0914461612701416,-0.11813130974769592,2.704096794128418,-0.0026296726427972317,-0.0012035344261676073,0.00021367333829402924,0.0,0.0,0.0,0.0,0.0,0.0,-0.5687857000000001,0.61781895,10.2577559,0.10471975511965978,0.08726646259971647,-0.05235987755982989,-719.0,318.0,-405.0,1600,1600,1599,1599,0,0,0,0
1763969223.1684866,0.0,0.0,32.36,154.93,-0.06303408741950989,0.2152605801820755,0.9744507670402527,-0.011628246866166592,-3.0914461612701416,-0.11813130974769592,2.704096794128418,-0.0026296726427972317,-0.0012035344261676073,0.00021367333829402924,0.0,0.0,0.0,0.0,0.0,0.0,-0.5687857000000001,0.61781895,10.2577559,0.03490658503988659,0.05235987755982989,-0.03490658503988659,-719.0,318.0,-405.0,1600,1600,1599,1599,0,0,0,0
1763969223.2018793,0.0,0.0,32.33,154.93,-0.06303408741950989,0.2152605801820755,0.9744507670402527,-0.011628246866166592,-3.0914461612701416,-0.11813130974769592,2.704096794128418,-0.0026296726427972317,-0.0012035344261676073,0.00021367333829402924,0.0,0.0,0.0,0.0,0.0,0.0,-0.5687857000000001,0.61781895,10.2577559,0.03490658503988659,0.05235987755982989,-0.03490658503988659,-719.0,318.0,-405.0,1600,1600,1599,1599,0,0,0,0
1763969223.2352731,0.0,0.0,32.33,154.93,-0.06303408741950989,0.2152605801820755,0.9744507670402527,-0.011628246866166592,-3.091444492340088,-0.1181282326579094,2.70410418510437,-6.586778908967972e-05,0.0006189676932990551,-0.00030804448761045933,0.0,0.0,0.0,0.0,0.0,0.0,-0.5687857000000001,0.61781895,10.2577559,0.03490658503988659,0.05235987755982989,-0.03490658503988659,-719.0,318.0,-405.0,1600,1600,1599,1599,0,0,0,0
1763969223.2686772,0.0,0.0,32.33,154.93,-0.06303408741950989,0.2152605801820755,0.9744507670402527,-0.011628246866166592,-3.091444492340088,-0.1181282326579094,2.70410418510437,-6.586778908967972e-05,0.0006189676932990551,-0.00030804448761045933,0.0,0.0,0.0,0.0,0.0,0.0,-0.5687857000000001,0.61781895,10.2577559,0.03490658503988659,0.05235987755982989,-0.03490658503988659,-719.0,318.0,-405.0,1600,1600,1599,1599,0,0,0,0
1763969223.3020797,0.0,0.0,32.33,154.93,-0.06303273886442184,0.2152569741010666,0.9744516611099243,-0.011629706248641014,-3.091444492340088,-0.1181282326579094,2.70410418510437,-6.586778908967972e-05,0.0006189676932990551,-0.00030804448761045933,0.0,0.0,0.0,0.0,0.0,0.0,-0.5687857000000001,0.61781895,10.2577559,0.03490658503988659,0.05235987755982989,-0.03490658503988659,-719.0,318.0,-405.0,1600,1600,1599,1599,0,0,0,0
1763969223.3354716,0.0,0.0,32.33,154.93,-0.06303273886442184,0.2152569741010666,0.9744516611099243,-0.011629706248641014,-3.091444492340088,-0.1181282326579094,2.70410418510437,-6.586778908967972e-05,0.0006189676932990551,-0.00030804448761045933,0.0,0.0,0.0,0.0,0.0,0.0,-0.5687857000000001,0.61781895,10.24794925,0.08726646259971647,0.08726646259971647,-0.05235987755982989,-719.0,318.0,-405.0,1600,1600,1599,1599,0,0,0,0
1763969223.3688633,0.0,0.0,32.33,154.93,-0.06303273886442184,0.2152569741010666,0.9744516611099243,-0.011629706248641014,-3.091444492340088,-0.1181282326579094,2.70410418510437,-6.586778908967972e-05,0.0006189676932990551,-0.00030804448761045933,0.0,0.0,0.0,0.0,0.0,0.0,-0.5687857000000001,0.61781895,10.24794925,0.08726646259971647,0.08726646259971647,-0.05235987755982989,-719.0,318.0,-405.0,1600,1600,1599,1599,0,0,0,0
1763969223.402256,0.0,0.0,32.33,154.93,-0.06303273886442184,0.2152569741010666,0.9744516611099243,-0.011629706248641014,-3.091433048248291,-0.11812815070152283,2.7041115760803223,-0.0002932799980044365,-0.00015958677977323532,-0.0004258975386619568,0.0,0.0,0.0,0.0,0.0,0.0,-0.5687857000000001,0.61781895,10.24794925,0.08726646259971647,0.08726646259971647,-0.05235987755982989,-719.0,318.0,-405.0,1600,1600,1599,1599,0,0,0,0
1763969223.435661,0.0,0.0,32.33,154.93,-0.06303273886442184,0.2152569741010666,0.9744516611099243,-0.011629706248641014,-3.091433048248291,-0.11812815070152283,2.7041115760803223,-0.0002932799980044365,-0.00015958677977323532,-0.0004258975386619568,0.0,0.0,0.0,0.0,0.0,0.0,-0.5687857000000001,0.61781895,10.24794925,0.08726646259971647,0.08726646259971647,-0.05235987755982989,-719.0,318.0,-405.0,1600,1600,1599,1599,0,0,0,0
1763969223.469082,0.0,0.0,32.33,154.93,-0.06303388625383377,0.21525302529335022,0.9744524359703064,-0.011635507456958294,-3.091433048248291,-0.11812815070152283,2.7041115760803223,-0.0002932799980044365,-0.00015958677977323532,-0.0004258975386619568,0.0,0.0,0.0,0.0,0.0,0.0,-0.5687857000000001,0.61781895,10.24794925,0.08726646259971647,0.08726646259971647,-0.05235987755982989,-719.0,318.0,-405.0,1600,1600,1599,1599,0,0,0,0
1763969223.5024817,0.0,0.0,32.2,154.93,-0.06303388625383377,0.21525302529335022,0.9744524359703064,-0.011635507456958294,-3.091433048248291,-0.11812815070152283,2.7041115760803223,-0.0002932799980044365,-0.00015958677977323532,-0.0004258975386619568,0.0,0.0,0.0,0.0,0.0,0.0,-0.5687857000000001,0.61781895,10.24794925,0.08726646259971647,0.08726646259971647,-0.05235987755982989,-719.0,318.0,-405.0,1600,1600,1599,1599,0,0,0,0
1763969223.5358741,0.0,0.0,32.2,154.93,-0.06303388625383377,0.21525302529335022,0.9744524359703064,-0.011635507456958294,-3.091433048248291,-0.11812815070152283,2.7041115760803223,-0.0002932799980044365,-0.00015958677977323532,-0.0004258975386619568,0.0,0.0,0.0,0.0,0.0,0.0,-0.5687857000000001,0.6080123,10.2577559,0.08726646259971647,0.06981317007977318,-0.05235987755982989,-715.0,318.0,-402.0,1600,1600,1599,1599,0,0,0,0
1763969223.569275,0.0,0.0,32.2,154.93,-0.06303388625383377,0.21525302529335022,0.9744524359703064,-0.011635507456958294,-3.091433048248291,-0.11812815070152283,2.7041115760803223,-0.0002932799980044365,-0.00015958677977323532,-0.0004258975386619568,0.0,0.0,0.0,0.0,0.0,0.0,-0.5687857000000001,0.6080123,10.2577559,0.08726646259971647,0.06981317007977318,-0.05235987755982989,-715.0,318.0,-402.0,1600,1600,1599,1599,0,0,0,0
1763969223.602667,0.0,0.0,32.2,154.93,-0.06303388625383377,0.21525302529335022,0.9744524359703064,-0.011635507456958294,-3.0914039611816406,-0.11813037097454071,2.7041101455688477,0.0018475744873285294,0.0007370444945991039,0.0004223447758704424,0.0,0.0,0.0,0.0,0.0,0.0,-0.5687857000000001,0.6080123,10.2577559,0.08726646259971647,0.06981317007977318,-0.05235987755982989,-715.0,318.0,-402.0,1600,1600,1599,1599,0,0,0,0
1763969223.636076,0.0,0.0,32.2,154.93,-0.06303809583187103,0.21525271236896515,0.974452018737793,-0.01164939533919096,-3.0914039611816406,-0.11813037097454071,2.7041101455688477,0.0018475744873285294,0.0007370444945991039,0.0004223447758704424,0.0,0.0,0.0,0.0,0.0,0.0,-0.5687857000000001,0.6080123,10.2577559,0.08726646259971647,0.06981317007977318,-0.05235987755982989,-715.0,318.0,-402.0,1600,1600,1599,1599,0,0,0,0
1763969223.6694686,0.0,0.0,32.2,154.93,-0.06303809583187103,0.21525271236896515,0.974452018737793,-0.01164939533919096,-3.0914039611816406,-0.11813037097454071,2.7041101455688477,0.0018475744873285294,0.0007370444945991039,0.0004223447758704424,0.0,0.0,0.0,0.0,0.0,0.0,-0.5687857000000001,0.61781895,10.24794925,0.12217304763960307,0.08726646259971647,-0.03490658503988659,-718.0,321.0,-403.0,1600,1600,1599,1599,0,0,0,0
1763969223.7028615,0.0,0.0,32.45,154.93,-0.06303809583187103,0.21525271236896515,0.974452018737793,-0.01164939533919096,-3.0914039611816406,-0.11813037097454071,2.7041101455688477,0.0018475744873285294,0.0007370444945991039,0.0004223447758704424,0.0,0.0,0.0,0.0,0.0,0.0,-0.5687857000000001,0.61781895,10.24794925,0.12217304763960307,0.08726646259971647,-0.03490658503988659,-718.0,321.0,-403.0,1600,1600,1599,1599,0,0,0,0
1763969223.7362514,0.0,0.0,32.45,154.93,-0.06303809583187103,0.21525271236896515,0.974452018737793,-0.01164939533919096,-3.0913939476013184,-0.11813938617706299,2.7041115760803223,0.001114850863814354,-0.00048048747703433037,-0.00022671977058053017,0.0,0.0,0.0,0.0,0.0,0.0,-0.5687857000000001,0.61781895,10.24794925,0.12217304763960307,0.08726646259971647,-0.03490658503988659,-718.0,321.0,-403.0,1600,1600,1599,1599,0,0,0,0
1763969223.7696438,0.0,0.0,32.45,154.93,-0.06304353475570679,0.2152515947818756,0.9744518399238586,-0.011653254739940166,-3.0913939476013184,-0.11813938617706299,2.7041115760803223,0.001114850863814354,-0.00048048747703433037,-0.00022671977058053017,0.0,0.0,0.0,0.0,0.0,0.0,-0.5687857000000001,0.61781895,10.24794925,0.12217304763960307,0.08726646259971647,-0.03490658503988659,-718.0,321.0,-403.0,1600,1600,1599,1599,0,0,0,0
1763969223.803047,0.0,0.0,32.45,154.93,-0.06304353475570679,0.2152515947818756,0.9744518399238586,-0.011653254739940166,-3.0913939476013184,-0.11813938617706299,2.7041115760803223,0.001114850863814354,-0.00048048747703433037,-0.00022671977058053017,0.0,0.0,0.0,0.0,0.0,0.0,-0.5687857000000001,0.61781895,10.24794925,0.12217304763960307,0.08726646259971647,-0.03490658503988659,-718.0,321.0,-403.0,1600,1600,1599,1599,0,0,0,0
1763969223.836448,0.0,0.0,32.45,154.93,-0.06304353475570679,0.2152515947818756,0.9744518399238586,-0.011653254739940166,-3.0913939476013184,-0.11813938617706299,2.7041115760803223,0.001114850863814354,-0.00048048747703433037,-0.00022671977058053017,0.0,0.0,0.0,0.0,0.0,0.0,-0.5687857000000001,0.61781895,10.24794925,0.12217304763960307,0.08726646259971647,-0.03490658503988659,-718.0,321.0,-403.0,1600,1600,1599,1599,0,0,0,0
1763969223.86985,0.0,0.0,32.45,154.93,-0.06304353475570679,0.2152515947818756,0.9744518399238586,-0.011653254739940166,-3.0913939476013184,-0.11813938617706299,2.7041115760803223,0.001114850863814354,-0.00048048747703433037,-0.00022671977058053017,0.0,0.0,0.0,0.0,0.0,0.0,-0.5687857000000001,0.61781895,10.24794925,0.12217304763960307,0.08726646259971647,-0.03490658503988659,-718.0,321.0,-403.0,1600,1600,1599,1599,0,0,0,0
1763969223.9032474,0.0,0.0,32.45,154.93,-0.06304353475570679,0.2152515947818756,0.9744518399238586,-0.011653254739940166,-3.0913939476013184,-0.11813938617706299,2.7041115760803223,0.001114850863814354,-0.00048048747703433037,-0.00022671977058053017,0.0,0.0,0.0,0.0,0.0,0.0,-0.57859235,0.6080123,10.2577559,0.10471975511965978,0.06981317007977318,-0.05235987755982989,-718.0,321.0,-403.0,1600,1600,1599,1599,0,0,0,0
1763969223.9366558,0.0,0.0,32.45,154.93,-0.06304353475570679,0.2152515947818756,0.9744518399238586,-0.011653254739940166,-3.0913949012756348,-0.11811856925487518,2.7040936946868896,-0.00040658144280314445,-0.0008726124651730061,0.0005569271743297577,0.0,0.0,0.0,0.0,0.0,0.0,-0.57859235,0.6080123,10.2577559,0.10471975511965978,0.06981317007977318,-0.05235987755982989,-718.0,321.0,-403.0,1600,1600,1599,1599,0,0,0,0
1763969223.9700575,0.0,0.0,32.45,154.93,-0.06303342431783676,0.21526074409484863,0.9744504690170288,-0.01165455486625433,-3.0913949012756348,-0.11811856925487518,2.7040936946868896,-0.00040658144280314445,-0.0008726124651730061,0.0005569271743297577,0.0,0.0,0.0,0.0,0.0,0.0,-0.57859235,0.6080123,10.2577559,0.10471975511965978,0.06981317007977318,-0.05235987755982989,-718.0,321.0,-403.0,1600,1600,1599,1599,0,0,0,0
1763969224.0034552,0.0,0.0,32.34,154.93,-0.06303342431783676,0.21526074409484863,0.9744504690170288,-0.01165455486625433,-3.0913949012756348,-0.11811856925487518,2.7040936946868896,-0.00040658144280314445,-0.0008726124651730061,0.0005569271743297577,0.0,0.0,0.0,0.0,0.0,0.0,-0.57859235,0.6080123,10.2577559,0.10471975511965978,0.06981317007977318,-0.05235987755982989,-718.0,321.0,-403.0,1600,1600,1599,1599,0,0,0,0
1763969224.0369568,0.0,0.0,32.34,154.93,-0.06303342431783676,0.21526074409484863,0.9744504690170288,-0.01165455486625433,-3.0913820266723633,-0.11813803017139435,2.7040891647338867,0.00032904697582125664,0.000108376145362854,-0.000854486832395196,0.0,0.0,0.0,0.0,0.0,0.0,-0.57859235,0.6080123,10.2577559,0.10471975511965978,0.06981317007977318,-0.05235987755982989,-718.0,321.0,-403.0,1600,1600,1599,1599,0,0,0,0
1763969224.070359,0.0,0.0,32.34,154.93,-0.06304430216550827,0.21526215970516205,0.9744494557380676,-0.011658553965389729,-3.0913820266723633,-0.11813803017139435,2.7040891647338867,0.00032904697582125664,0.000108376145362854,-0.000854486832395196,0.0,0.0,0.0,0.0,0.0,0.0,-0.57859235,0.6080123,10.2577559,0.10471975511965978,0.06981317007977318,-0.05235987755982989,-718.0,321.0,-403.0,1600,1600,1599,1599,0,0,0,0
1763969224.1037545,0.0,0.0,32.34,154.93,-0.06304430216550827,0.21526215970516205,0.9744494557380676,-0.011658553965389729,-3.0913820266723633,-0.11813803017139435,2.7040891647338867,0.00032904697582125664,0.000108376145362854,-0.000854486832395196,0.0,0.0,0.0,0.0,0.0,0.0,-0.57859235,0.6080123,10.2577559,0.10471975511965978,0.06981317007977318,-0.05235987755982989,-718.0,321.0,-403.0,1600,1600,1599,1599,0,0,0,0
1763969224.1371472,0.0,0.0,32.34,154.93,-0.06304430216550827,0.21526215970516205,0.9744494557380676,-0.011658553965389729,-3.0913796424865723,-0.11814980953931808,2.704091787338257,-0.0012375172227621078,0.00029685860499739647,2.3047905415296555e-06,0.0,0.0,0.0,0.0,0.0,0.0,-0.57859235,0.6080123,10.2577559,0.10471975511965978,0.06981317007977318,-0.05235987755982989,-718.0,321.0,-403.0,1600,1600,1599,1599,0,0,0,0
1763969224.1705482,0.0,0.0,32.34,154.93,-0.063050277531147,0.21526063978672028,0.9744493961334229,-0.011658509261906147,-3.0913796424865723,-0.11814980953931808,2.704091787338257,-0.0012375172227621078,0.00029685860499739647,2.3047905415296555e-06,0.0,0.0,0.0,0.0,0.0,0.0,-0.57859235,0.6080123,10.2577559,0.10471975511965978,0.06981317007977318,-0.05235987755982989,-718.0,321.0,-403.0,1600,1600,1599,1599,0,0,0,0
1763969224.2039397,0.0,0.0,32.34,154.93,-0.063050277531147,0.21526063978672028,0.9744493961334229,-0.011658509261906147,-3.0913796424865723,-0.11814980953931808,2.704091787338257,-0.0012375172227621078,0.00029685860499739647,2.3047905415296555e-06,0.0,0.0,0.0,0.0,0.0,0.0,-0.57859235,0.6080123,10.2577559,0.10471975511965978,0.06981317007977318,-0.05235987755982989,-718.0,321.0,-403.0,1600,1600,1599,1599,0,0,0,0
1763969224.237334,0.0,0.0,32.34,154.93,-0.063050277531147,0.21526063978672028,0.9744493961334229,-0.011658509261906147,-3.0913796424865723,-0.11814980953931808,2.704091787338257,-0.0012375172227621078,0.00029685860499739647,2.3047905415296555e-06,0.0,0.0,0.0,0.0,0.0,0.0,-0.57859235,0.6080123,10.2577559,0.10471975511965978,0.06981317007977318,-0.05235987755982989,-718.0,321.0,-403.0,1600,1600,1599,1599,0,0,0,0
1763969224.2707279,0.0,0.0,32.34,154.93,-0.063050277531147,0.21526063978672028,0.9744493961334229,-0.011658509261906147,-3.0913796424865723,-0.11814980953931808,2.704091787338257,-0.0012375172227621078,0.00029685860499739647,2.3047905415296555e-06,0.0,0.0,0.0,0.0,0.0,0.0,-0.57859235,0.6080123,10.2577559,0.10471975511965978,0.06981317007977318,-0.05235987755982989,-718.0,321.0,-403.0,1600,1600,1599,1599,0,0,0,0
1763969224.3041205,0.0,0.0,32.34,154.93,-0.063050277531147,0.21526063978672028,0.9744493961334229,-0.011658509261906147,-3.0913796424865723,-0.11814980953931808,2.704091787338257,-0.0012375172227621078,0.00029685860499739647,2.3047905415296555e-06,0.0,0.0,0.0,0.0,0.0,0.0,-0.57859235,0.6276256,10.2577559,0.06981317007977318,0.06981317007977318,-0.05235987755982989,-712.0,317.0,-398.0,1600,1600,1599,1599,0,0,0,0
1763969224.3375216,0.0,0.0,32.34,154.93,-0.063050277531147,0.21526063978672028,0.9744493961334229,-0.011658509261906147,-3.0914320945739746,-0.1181817501783371,2.704132556915283,0.0002607726491987705,-0.00013704737648367882,-0.00022517633624374866,0.0,0.0,0.0,0.0,0.0,0.0,-0.57859235,0.6276256,10.2577559,0.06981317007977318,0.06981317007977318,-0.05235987755982989,-712.0,317.0,-398.0,1600,1600,1599,1599,0,0,0,0
1763969224.370913,0.0,0.0,32.34,154.93,-0.06305994093418121,0.21524176001548767,0.9744532108306885,-0.011630713939666748,-3.0914320945739746,-0.1181817501783371,2.704132556915283,0.0002607726491987705,-0.00013704737648367882,-0.00022517633624374866,0.0,0.0,0.0,0.0,0.0,0.0,-0.57859235,0.6276256,10.2577559,0.06981317007977318,0.06981317007977318,-0.05235987755982989,-712.0,317.0,-398.0,1600,1600,1599,1599,0,0,0,0
1763969224.4043026,0.0,0.0,32.41,154.93,-0.06305994093418121,0.21524176001548767,0.9744532108306885,-0.011630713939666748,-3.0914320945739746,-0.1181817501783371,2.704132556915283,0.0002607726491987705,-0.00013704737648367882,-0.00022517633624374866,0.0,0.0,0.0,0.0,0.0,0.0,-0.57859235,0.6276256,10.2577559,0.06981317007977318,0.06981317007977318,-0.05235987755982989,-712.0,317.0,-398.0,1600,1600,1599,1599,0,0,0,0
1763969224.4377055,0.0,0.0,32.41,154.93,-0.06305994093418121,0.21524176001548767,0.9744532108306885,-0.011630713939666748,-3.0914320945739746,-0.1181817501783371,2.704132556915283,0.0002607726491987705,-0.00013704737648367882,-0.00022517633624374866,0.0,0.0,0.0,0.0,0.0,0.0,-0.57859235,0.6276256,10.2577559,0.06981317007977318,0.06981317007977318,-0.05235987755982989,-712.0,317.0,-398.0,1600,1600,1599,1599,0,0,0,0
1763969224.4711065,0.0,0.0,32.41,154.93,-0.06305994093418121,0.21524176001548767,0.9744532108306885,-0.011630713939666748,-3.0914320945739746,-0.1181817501783371,2.704132556915283,0.0002607726491987705,-0.00013704737648367882,-0.00022517633624374866,0.0,0.0,0.0,0.0,0.0,0.0,-0.57859235,0.6276256,10.2577559,0.06981317007977318,0.06981317007977318,-0.05235987755982989,-712.0,317.0,-398.0,1600,1600,1599,1599,0,0,0,0
1763969224.504501,0.0,0.0,32.41,154.93,-0.06305994093418121,0.21524176001548767,0.9744532108306885,-0.011630713939666748,-3.0914320945739746,-0.1181817501783371,2.704132556915283,0.0002607726491987705,-0.00013704737648367882,-0.00022517633624374866,0.0,0.0,0.0,0.0,0.0,0.0,-0.5687857000000001,0.6080123,10.2577559,0.08726646259971647,0.06981317007977318,-0.05235987755982989,-715.0,319.0,-401.0,1600,1600,1599,1599,0,0,0,0
1763969224.5378919,0.0,0.0,32.41,154.93,-0.06305994093418121,0.21524176001548767,0.9744532108306885,-0.011630713939666748,-3.091437339782715,-0.11817197501659393,2.704134225845337,0.0012340061366558075,-0.0008035232312977314,-0.0007113295141607523,0.0,0.0,0.0,0.0,0.0,0.0,-0.5687857000000001,0.6080123,10.2577559,0.08726646259971647,0.06981317007977318,-0.05235987755982989,-715.0,319.0,-401.0,1600,1600,1599,1599,0,0,0,0
1763969224.5713062,0.0,0.0,32.41,154.93,-0.0630546286702156,0.21524129807949066,0.9744536876678467,-0.011629338376224041,-3.091437339782715,-0.11817197501659393,2.704134225845337,0.0012340061366558075,-0.0008035232312977314,-0.0007113295141607523,0.0,0.0,0.0,0.0,0.0,0.0,-0.5687857000000001,0.6080123,10.2577559,0.08726646259971647,0.06981317007977318,-0.05235987755982989,-715.0,319.0,-401.0,1600,1600,1599,1599,0,0,0,0
1763969224.6047041,0.0,0.0,32.41,154.93,-0.0630546286702156,0.21524129807949066,0.9744536876678467,-0.011629338376224041,-3.091437339782715,-0.11817197501659393,2.704134225845337,0.0012340061366558075,-0.0008035232312977314,-0.0007113295141607523,0.0,0.0,0.0,0.0,0.0,0.0,-0.5687857000000001,0.6080123,10.2577559,0.08726646259971647,0.06981317007977318,-0.05235987755982989,-715.0,319.0,-401.0,1600,1600,1599,1599,0,0,0,0
1763969224.6381035,0.0,0.0,32.41,154.93,-0.0630546286702156,0.21524129807949066,0.9744536876678467,-0.011629338376224041,-3.091437339782715,-0.11817197501659393,2.704134225845337,0.0012340061366558075,-0.0008035232312977314,-0.0007113295141607523,0.0,0.0,0.0,0.0,0.0,0.0,-0.5687857000000001,0.6080123,10.2577559,0.08726646259971647,0.06981317007977318,-0.05235987755982989,-715.0,319.0,-401.0,1600,1600,1599,1599,0,0,0,0
1763969224.6715214,0.0,0.0,32.41,154.93,-0.0630546286702156,0.21524129807949066,0.9744536876678467,-0.011629338376224041,-3.091437339782715,-0.11817197501659393,2.704134225845337,0.0012340061366558075,-0.0008035232312977314,-0.0007113295141607523,0.0,0.0,0.0,0.0,0.0,0.0,-0.55897905,0.61781895,10.2577559,0.10471975511965978,0.05235987755982989,-0.05235987755982989,-715.0,319.0,-401.0,1600,1600,1599,1599,0,0,0,0
1763969224.70492,0.0,0.0,32.41,154.93,-0.0630546286702156,0.21524129807949066,0.9744536876678467,-0.011629338376224041,-3.0914461612701416,-0.11817927658557892,2.7041256427764893,0.0016824537888169289,-0.0006614173762500286,-0.0005715906154364347,0.0,0.0,0.0,0.0,0.0,0.0,-0.55897905,0.61781895,10.2577559,0.10471975511965978,0.05235987755982989,-0.05235987755982989,-715.0,319.0,-401.0,1600,1600,1599,1599,0,0,0,0
1763969224.7383308,0.0,0.0,32.41,154.93,-0.0630572959780693,0.21524569392204285,0.9744526743888855,-0.0116239869967103,-3.0914461612701416,-0.11817927658557892,2.7041256427764893,0.0016824537888169289,-0.0006614173762500286,-0.0005715906154364347,0.0,0.0,0.0,0.0,0.0,0.0,-0.55897905,0.61781895,10.2577559,0.10471975511965978,0.05235987755982989,-0.05235987755982989,-715.0,319.0,-401.0,1600,1600,1599,1599,0,0,0,0
1763969224.7717516,0.0,0.0,32.23,154.93,-0.0630572959780693,0.21524569392204285,0.9744526743888855,-0.0116239869967103,-3.0914461612701416,-0.11817927658557892,2.7041256427764893,0.0016824537888169289,-0.0006614173762500286,-0.0005715906154364347,0.0,0.0,0.0,0.0,0.0,0.0,-0.55897905,0.61781895,10.2577559,0.10471975511965978,0.05235987755982989,-0.05235987755982989,-715.0,319.0,-401.0,1600,1600,1599,1599,0,0,0,0
1763969224.8051531,0.0,0.0,32.23,154.93,-0.0630572959780693,0.21524569392204285,0.9744526743888855,-0.0116239869967103,-3.0914461612701416,-0.11817927658557892,2.7041256427764893,0.0016824537888169289,-0.0006614173762500286,-0.0005715906154364347,0.0,0.0,0.0,0.0,0.0,0.0,-0.55897905,0.61781895,10.2577559,0.10471975511965978,0.05235987755982989,-0.05235987755982989,-715.0,319.0,-401.0,1600,1600,1599,1599,0,0,0,0
1763969224.8385797,0.0,0.0,32.23,154.93,-0.0630572959780693,0.21524569392204285,0.9744526743888855,-0.0116239869967103,-3.0914461612701416,-0.11817927658557892,2.7041256427764893,0.0016824537888169289,-0.0006614173762500286,-0.0005715906154364347,0.0,0.0,0.0,0.0,0.0,0.0,-0.55897905,0.61781895,10.2577559,0.10471975511965978,0.05235987755982989,-0.05235987755982989,-715.0,319.0,-401.0,1600,1600,1599,1599,0,0,0,0
1763969224.8719873,0.0,0.0,32.23,154.93,-0.0630572959780693,0.21524569392204285,0.9744526743888855,-0.0116239869967103,-3.0914461612701416,-0.11817927658557892,2.7041256427764893,0.0016824537888169289,-0.0006614173762500286,-0.0005715906154364347,0.0,0.0,0.0,0.0,0.0,0.0,-0.5687857000000001,0.61781895,10.2577559,0.12217304763960307,0.05235987755982989,-0.05235987755982989,-714.0,318.0,-398.0,1600,1600,1599,1599,0,0,0,0
1763969224.905389,0.0,0.0,32.23,154.93,-0.0630572959780693,0.21524569392204285,0.9744526743888855,-0.0116239869967103,-3.0914955139160156,-0.11823533475399017,2.704155206680298,-0.0018626931123435497,0.001748356968164444,0.0010509106796234846,0.0,0.0,0.0,0.0,0.0,0.0,-0.5687857000000001,0.61781895,10.2577559,0.12217304763960307,0.05235987755982989,-0.05235987755982989,-714.0,318.0,-398.0,1600,1600,1599,1599,0,0,0,0
1763969224.9388032,0.0,0.0,32.23,154.93,-0.0630791038274765,0.2152317464351654,0.9744546413421631,-0.011594772338867188,-3.0914955139160156,-0.11823533475399017,2.704155206680298,-0.0018626931123435497,0.001748356968164444,0.0010509106796234846,0.0,0.0,0.0,0.0,0.0,0.0,-0.5687857000000001,0.61781895,10.2577559,0.12217304763960307,0.05235987755982989,-0.05235987755982989,-714.0,318.0,-398.0,1600,1600,1599,1599,0,0,0,0
1763969224.9722044,0.0,0.0,32.53,154.93,-0.0630791038274765,0.2152317464351654,0.9744546413421631,-0.011594772338867188,-3.0914955139160156,-0.11823533475399017,2.704155206680298,-0.0018626931123435497,0.001748356968164444,0.0010509106796234846,0.0,0.0,0.0,0.0,0.0,0.0,-0.5687857000000001,0.61781895,10.2577559,0.12217304763960307,0.05235987755982989,-0.05235987755982989,-714.0,318.0,-398.0,1600,1600,1599,1599,0,0,0,0
1763969225.005599,0.0,0.0,32.53,154.93,-0.0630791038274765,0.2152317464351654,0.9744546413421631,-0.011594772338867188,-3.0914955139160156,-0.11823533475399017,2.704155206680298,-0.0018626931123435497,0.001748356968164444,0.0010509106796234846,0.0,0.0,0.0,0.0,0.0,0.0,-0.5687857000000001,0.61781895,10.2577559,0.12217304763960307,0.05235987755982989,-0.05235987755982989,-714.0,318.0,-398.0,1600,1600,1599,1599,0,0,0,0
1763969225.0389946,0.0,0.0,32.53,154.93,-0.0630791038274765,0.2152317464351654,0.9744546413421631,-0.011594772338867188,-3.0914955139160156,-0.11823533475399017,2.704155206680298,-0.0018626931123435497,0.001748356968164444,0.0010509106796234846,0.0,0.0,0.0,0.0,0.0,0.0,-0.5687857000000001,0.61781895,10.2577559,0.12217304763960307,0.05235987755982989,-0.05235987755982989,-714.0,318.0,-398.0,1600,1600,1599,1599,0,0,0,0
1763969225.0723882,0.0,0.0,32.53,154.93,-0.0630791038274765,0.2152317464351654,0.9744546413421631,-0.011594772338867188,-3.0914955139160156,-0.11823533475399017,2.704155206680298,-0.0018626931123435497,0.001748356968164444,0.0010509106796234846,0.0,0.0,0.0,0.0,0.0,0.0,-0.57859235,0.6080123,10.2577559,0.05235987755982989,0.10471975511965978,-0.03490658503988659,-720.0,322.0,-401.0,1600,1600,1599,1599,0,0,0,0
1763969225.1057808,0.0,0.0,32.53,154.93,-0.0630791038274765,0.2152317464351654,0.9744546413421631,-0.011594772338867188,-3.0915119647979736,-0.11822891235351562,2.7041478157043457,-0.0015267785638570786,-0.0011477884836494923,-0.00016903807409107685,0.0,0.0,0.0,0.0,0.0,0.0,-0.57859235,0.6080123,10.2577559,0.05235987755982989,0.10471975511965978,-0.03490658503988659,-720.0,322.0,-401.0,1600,1600,1599,1599,0,0,0,0
1763969225.1391714,0.0,0.0,32.53,154.93,-0.0630742609500885,0.21523602306842804,0.9744541645050049,-0.011587223969399929,-3.0915119647979736,-0.11822891235351562,2.7041478157043457,-0.0015267785638570786,-0.0011477884836494923,-0.00016903807409107685,0.0,0.0,0.0,0.0,0.0,0.0,-0.57859235,0.6080123,10.2577559,0.05235987755982989,0.10471975511965978,-0.03490658503988659,-720.0,322.0,-401.0,1600,1600,1599,1599,0,0,0,0
1763969225.1725621,0.0,0.0,32.53,154.93,-0.0630742609500885,0.21523602306842804,0.9744541645050049,-0.011587223969399929,-3.0915119647979736,-0.11822891235351562,2.7041478157043457,-0.0015267785638570786,-0.0011477884836494923,-0.00016903807409107685,0.0,0.0,0.0,0.0,0.0,0.0,-0.57859235,0.6080123,10.2577559,0.05235987755982989,0.10471975511965978,-0.03490658503988659,-720.0,322.0,-401.0,1600,1600,1599,1599,0,0,0,0
1763969225.2059543,0.0,0.0,32.53,154.93,-0.0630742609500885,0.21523602306842804,0.9744541645050049,-0.011587223969399929,-3.0915119647979736,-0.11822891235351562,2.7041478157043457,-0.0015267785638570786,-0.0011477884836494923,-0.00016903807409107685,0.0,0.0,0.0,0.0,0.0,0.0,-0.57859235,0.6080123,10.2577559,0.05235987755982989,0.10471975511965978,-0.03490658503988659,-720.0,322.0,-401.0,1600,1600,1599,1599,0,0,0,0
1763969225.2393575,0.0,0.0,32.53,154.93,-0.0630742609500885,0.21523602306842804,0.9744541645050049,-0.011587223969399929,-3.0915119647979736,-0.11822891235351562,2.7041478157043457,-0.0015267785638570786,-0.0011477884836494923,-0.00016903807409107685,0.0,0.0,0.0,0.0,0.0,0.0,-0.57859235,0.6080123,10.2577559,0.05235987755982989,0.10471975511965978,-0.03490658503988659,-720.0,322.0,-401.0,1600,1600,1599,1599,0,0,0,0
1763969225.2727728,0.0,0.0,32.53,154.93,-0.0630742609500885,0.21523602306842804,0.9744541645050049,-0.011587223969399929,-3.0914924144744873,-0.11822132021188736,2.7041757106781006,-0.0013714497908949852,3.8512516766786575e-05,0.0005260137841105461,0.0,0.0,0.0,0.0,0.0,0.0,-0.57859235,0.6080123,10.2577559,0.05235987755982989,0.10471975511965978,-0.03490658503988659,-720.0,322.0,-401.0,1600,1600,1599,1599,0,0,0,0
1763969225.3061793,0.0,0.0,32.53,154.93,-0.06307248771190643,0.21522186696529388,0.9744572043418884,-0.011598378419876099,-3.0914924144744873,-0.11822132021188736,2.7041757106781006,-0.0013714497908949852,3.8512516766786575e-05,0.0005260137841105461,0.0,0.0,0.0,0.0,0.0,0.0,-0.57859235,0.6080123,10.2577559,0.05235987755982989,0.10471975511965978,-0.03490658503988659,-720.0,322.0,-401.0,1600,1600,1599,1599,0,0,0,0
1763969225.3395848,0.0,0.0,32.35,154.93,-0.06307248771190643,0.21522186696529388,0.9744572043418884,-0.011598378419876099,-3.0914924144744873,-0.11822132021188736,2.7041757106781006,-0.0013714497908949852,3.8512516766786575e-05,0.0005260137841105461,0.0,0.0,0.0,0.0,0.0,0.0,-0.57859235,0.6080123,10.2577559,0.05235987755982989,0.10471975511965978,-0.03490658503988659,-720.0,322.0,-401.0,1600,1600,1599,1599,0,0,0,0
1763969225.3729868,0.0,0.0,32.35,154.93,-0.06307248771190643,0.21522186696529388,0.9744572043418884,-0.011598378419876099,-3.0914924144744873,-0.11822132021188736,2.7041757106781006,-0.0013714497908949852,3.8512516766786575e-05,0.0005260137841105461,0.0,0.0,0.0,0.0,0.0,0.0,-0.57859235,0.6080123,10.2577559,0.05235987755982989,0.10471975511965978,-0.03490658503988659,-720.0,322.0,-401.0,1600,1600,1599,1599,0,0,0,0
1763969225.40639,0.0,0.0,32.35,154.93,-0.06307248771190643,0.21522186696529388,0.9744572043418884,-0.011598378419876099,-3.0914924144744873,-0.11822132021188736,2.7041757106781006,-0.0013714497908949852,3.8512516766786575e-05,0.0005260137841105461,0.0,0.0,0.0,0.0,0.0,0.0,-0.5687857000000001,0.61781895,10.2577559,0.10471975511965978,0.06981317007977318,-0.017453292519943295,-719.0,317.0,-402.0,1600,1600,1599,1599,0,0,0,0
1763969225.4397929,0.0,0.0,32.35,154.93,-0.06307248771190643,0.21522186696529388,0.9744572043418884,-0.011598378419876099,-3.091489315032959,-0.11822899430990219,2.7041728496551514,0.0010584956035017967,-0.00046630529686808586,-0.0004341709427535534,0.0,0.0,0.0,0.0,0.0,0.0,-0.5687857000000001,0.61781895,10.2577559,0.10471975511965978,0.06981317007977318,-0.017453292519943295,-719.0,317.0,-402.0,1600,1600,1599,1599,0,0,0,0
1763969225.473211,0.0,0.0,32.35,154.93,-0.06307657063007355,0.2152230590581894,0.9744567275047302,-0.01159899402409792,-3.091489315032959,-0.11822899430990219,2.7041728496551514,0.0010584956035017967,-0.00046630529686808586,-0.0004341709427535534,0.0,0.0,0.0,0.0,0.0,0.0,-0.5687857000000001,0.61781895,10.2577559,0.10471975511965978,0.06981317007977318,-0.017453292519943295,-719.0,317.0,-402.0,1600,1600,1599,1599,0,0,0,0
1763969225.5066118,0.0,0.0,32.35,154.93,-0.06307657063007355,0.2152230590581894,0.9744567275047302,-0.01159899402409792,-3.091489315032959,-0.11822899430990219,2.7041728496551514,0.0010584956035017967,-0.00046630529686808586,-0.0004341709427535534,0.0,0.0,0.0,0.0,0.0,0.0,-0.5687857000000001,0.61781895,10.2577559,0.10471975511965978,0.06981317007977318,-0.017453292519943295,-719.0,317.0,-402.0,1600,1600,1599,1599,0,0,0,0
1763969225.5400136,0.0,0.0,32.35,154.93,-0.06307657063007355,0.2152230590581894,0.9744567275047302,-0.01159899402409792,-3.091489315032959,-0.11822899430990219,2.7041728496551514,0.0010584956035017967,-0.00046630529686808586,-0.0004341709427535534,0.0,0.0,0.0,0.0,0.0,0.0,-0.5687857000000001,0.61781895,10.2577559,0.10471975511965978,0.06981317007977318,-0.017453292519943295,-719.0,317.0,-402.0,1600,1600,1599,1599,0,0,0,0
1763969225.5734165,0.0,0.0,32.35,154.93,-0.06307657063007355,0.2152230590581894,0.9744567275047302,-0.01159899402409792,-3.091489315032959,-0.11822899430990219,2.7041728496551514,0.0010584956035017967,-0.00046630529686808586,-0.0004341709427535534,0.0,0.0,0.0,0.0,0.0,0.0,-0.5687857000000001,0.61781895,10.2577559,0.10471975511965978,0.06981317007977318,-0.017453292519943295,-719.0,317.0,-402.0,1600,1600,1599,1599,0,0,0,0
1763969225.6068165,0.0,0.0,32.35,154.93,-0.06307657063007355,0.2152230590581894,0.9744567275047302,-0.01159899402409792,-3.091489315032959,-0.11822899430990219,2.7041728496551514,0.0010584956035017967,-0.00046630529686808586,-0.0004341709427535534,0.0,0.0,0.0,0.0,0.0,0.0,-0.5687857000000001,0.61781895,10.2577559,0.10471975511965978,0.06981317007977318,-0.05235987755982989,-713.0,323.0,-404.0,1600,1600,1599,1599,0,0,0,0
1763969225.6402192,0.0,0.0,32.35,154.93,-0.06307657063007355,0.2152230590581894,0.9744567275047302,-0.01159899402409792,-3.0914974212646484,-0.11823105067014694,2.7041432857513428,0.00025972863659262657,-6.600888445973396e-05,-0.0005558179691433907,0.0,0.0,0.0,0.0,0.0,0.0,-0.5687857000000001,0.61781895,10.2577559,0.10471975511965978,0.06981317007977318,-0.05235987755982989,-713.0,323.0,-404.0,1600,1600,1599,1599,0,0,0,0
1763969225.673621,0.0,0.0,32.35,154.93,-0.06307688355445862,0.21523775160312653,0.9744535088539124,-0.011593914590775967,-3.0914974212646484,-0.11823105067014694,2.7041432857513428,0.00025972863659262657,-6.600888445973396e-05,-0.0005558179691433907,0.0,0.0,0.0,0.0,0.0,0.0,-0.5687857000000001,0.61781895,10.2577559,0.10471975511965978,0.06981317007977318,-0.05235987755982989,-713.0,323.0,-404.0,1600,1600,1599,1599,0,0,0,0
1763969225.7070224,0.0,0.0,32.22,154.93,-0.06307688355445862,0.21523775160312653,0.9744535088539124,-0.011593914590775967,-3.0914974212646484,-0.11823105067014694,2.7041432857513428,0.00025972863659262657,-6.600888445973396e-05,-0.0005558179691433907,0.0,0.0,0.0,0.0,0.0,0.0,-0.5687857000000001,0.61781895,10.2577559,0.10471975511965978,0.06981317007977318,-0.05235987755982989,-713.0,323.0,-404.0,1600,1600,1599,1599,0,0,0,0
1763969225.7404218,0.0,0.0,32.22,154.93,-0.06307688355445862,0.21523775160312653,0.9744535088539124,-0.011593914590775967,-3.0914974212646484,-0.11823105067014694,2.7041432857513428,0.00025972863659262657,-6.600888445973396e-05,-0.0005558179691433907,0.0,0.0,0.0,0.0,0.0,0.0,-0.5687857000000001,0.61781895,10.2577559,0.10471975511965978,0.06981317007977318,-0.05235987755982989,-713.0,323.0,-404.0,1600,1600,1599,1599,0,0,0,0
1763969225.7738235,0.0,0.0,32.22,154.93,-0.06307688355445862,0.21523775160312653,0.9744535088539124,-0.011593914590775967,-3.091413974761963,-0.1181952953338623,2.704089879989624,-0.0006175399757921696,-0.00045118527486920357,0.000254911370575428,0.0,0.0,0.0,0.0,0.0,0.0,-0.5687857000000001,0.61781895,10.2577559,0.10471975511965978,0.06981317007977318,-0.05235987755982989,-713.0,323.0,-404.0,1600,1600,1599,1599,0,0,0,0
1763969225.8072257,0.0,0.0,32.22,154.93,-0.06306874006986618,0.215261772274971,0.9744481444358826,-0.011636722832918167,-3.091413974761963,-0.1181952953338623,2.704089879989624,-0.0006175399757921696,-0.00045118527486920357,0.000254911370575428,0.0,0.0,0.0,0.0,0.0,0.0,-0.5687857000000001,0.61781895,10.2577559,0.10471975511965978,0.06981317007977318,-0.05235987755982989,-713.0,323.0,-404.0,1600,1600,1599,1599,0,0,0,0
1763969225.840629,0.0,0.0,32.42,154.93,-0.06306874006986618,0.215261772274971,0.9744481444358826,-0.011636722832918167,-3.091413974761963,-0.1181952953338623,2.704089879989624,-0.0006175399757921696,-0.00045118527486920357,0.000254911370575428,0.0,0.0,0.0,0.0,0.0,0.0,-0.5687857000000001,0.61781895,10.2577559,0.10471975511965978,0.06981317007977318,-0.05235987755982989,-713.0,323.0,-404.0,1600,1600,1599,1599,0,0,0,0
1763969225.8740473,0.0,0.0,32.42,154.93,-0.06306874006986618,0.215261772274971,0.9744481444358826,-0.011636722832918167,-3.091413974761963,-0.1181952953338623,2.704089879989624,-0.0006175399757921696,-0.00045118527486920357,0.000254911370575428,0.0,0.0,0.0,0.0,0.0,0.0,-0.5687857000000001,0.61781895,10.2577559,0.10471975511965978,0.06981317007977318,-0.05235987755982989,-713.0,323.0,-404.0,1600,1600,1599,1599,0,0,0,0
1763969225.9074488,0.0,0.0,32.42,154.93,-0.06306874006986618,0.215261772274971,0.9744481444358826,-0.011636722832918167,-3.091413974761963,-0.1181952953338623,2.704089879989624,-0.0006175399757921696,-0.00045118527486920357,0.000254911370575428,0.0,0.0,0.0,0.0,0.0,0.0,-0.5687857000000001,0.61781895,10.2577559,0.10471975511965978,0.06981317007977318,-0.05235987755982989,-713.0,323.0,-404.0,1600,1600,1599,1599,0,0,0,0
1763969225.940851,0.0,0.0,32.42,154.93,-0.06306874006986618,0.215261772274971,0.9744481444358826,-0.011636722832918167,-3.091413974761963,-0.1181952953338623,2.704089879989624,-0.0006175399757921696,-0.00045118527486920357,0.000254911370575428,0.0,0.0,0.0,0.0,0.0,0.0,-0.5687857000000001,0.61781895,10.24794925,0.06981317007977318,0.06981317007977318,-0.03490658503988659,-716.0,321.0,-403.0,1600,1600,1599,1599,0,0,0,0
1763969225.9742699,0.0,0.0,32.42,154.93,-0.06306874006986618,0.215261772274971,0.9744481444358826,-0.011636722832918167,-3.0914018154144287,-0.11820293217897415,2.704075574874878,0.000615220982581377,0.0003359820693731308,-9.395903907716274e-05,0.0,0.0,0.0,0.0,0.0,0.0,-0.5687857000000001,0.61781895,10.24794925,0.06981317007977318,0.06981317007977318,-0.03490658503988659,-716.0,321.0,-403.0,1600,1600,1599,1599,0,0,0,0
1763969226.0076735,0.0,0.0,32.42,154.93,-0.06307385116815567,0.21526813507080078,0.9744464159011841,-0.01164137665182352,-3.0914018154144287,-0.11820293217897415,2.704075574874878,0.000615220982581377,0.0003359820693731308,-9.395903907716274e-05,0.0,0.0,0.0,0.0,0.0,0.0,-0.5687857000000001,0.61781895,10.24794925,0.06981317007977318,0.06981317007977318,-0.03490658503988659,-716.0,321.0,-403.0,1600,1600,1599,1599,0,0,0,0
1763969226.0410752,0.0,0.0,32.42,154.93,-0.06307385116815567,0.21526813507080078,0.9744464159011841,-0.01164137665182352,-3.0914018154144287,-0.11820293217897415,2.704075574874878,0.000615220982581377,0.0003359820693731308,-9.395903907716274e-05,0.0,0.0,0.0,0.0,0.0,0.0,-0.5687857000000001,0.61781895,10.24794925,0.06981317007977318,0.06981317007977318,-0.03490658503988659,-716.0,321.0,-403.0,1600,1600,1599,1599,0,0,0,0
1763969226.074476,0.0,0.0,32.42,154.93,-0.06307385116815567,0.21526813507080078,0.9744464159011841,-0.01164137665182352,-3.0914018154144287,-0.11820293217897415,2.704075574874878,0.000615220982581377,0.0003359820693731308,-9.395903907716274e-05,0.0,0.0,0.0,0.0,0.0,0.0,-0.5687857000000001,0.61781895,10.24794925,0.06981317007977318,0.06981317007977318,-0.03490658503988659,-716.0,321.0,-403.0,1600,1600,1599,1599,0,0,0,0
1763969226.107876,0.0,0.0,32.42,154.93,-0.06307385116815567,0.21526813507080078,0.9744464159011841,-0.01164137665182352,-3.0914018154144287,-0.11820293217897415,2.704075574874878,0.000615220982581377,0.0003359820693731308,-9.395903907716274e-05,0.0,0.0,0.0,0.0,0.0,0.0,-0.5687857000000001,0.61781895,10.24794925,0.06981317007977318,0.06981317007977318,-0.03490658503988659,-716.0,321.0,-403.0,1600,1600,1599,1599,0,0,0,0
1763969226.1412756,0.0,0.0,32.42,154.93,-0.06307385116815567,0.21526813507080078,0.9744464159011841,-0.01164137665182352,-3.0914018154144287,-0.11820293217897415,2.704075574874878,0.000615220982581377,0.0003359820693731308,-9.395903907716274e-05,0.0,0.0,0.0,0.0,0.0,0.0,-0.5687857000000001,0.61781895,10.24794925,0.10471975511965978,0.06981317007977318,-0.05235987755982989,-716.0,321.0,-403.0,1600,1600,1599,1599,0,0,0,0
1763969226.1746755,0.0,0.0,32.42,154.93,-0.06307385116815567,0.21526813507080078,0.9744464159011841,-0.01164137665182352,-3.091390609741211,-0.11819767951965332,2.7040750980377197,0.0005350951105356216,-0.0009160579647868872,-0.00044593028724193573,0.0,0.0,0.0,0.0,0.0,0.0,-0.5687857000000001,0.61781895,10.24794925,0.10471975511965978,0.06981317007977318,-0.05235987755982989,-716.0,321.0,-403.0,1600,1600,1599,1599,0,0,0,0
1763969226.2080762,0.0,0.0,32.42,154.93,-0.06307251006364822,0.21526813507080078,0.9744464159011841,-0.011647410690784454,-3.091390609741211,-0.11819767951965332,2.7040750980377197,0.0005350951105356216,-0.0009160579647868872,-0.00044593028724193573,0.0,0.0,0.0,0.0,0.0,0.0,-0.5687857000000001,0.61781895,10.24794925,0.10471975511965978,0.06981317007977318,-0.05235987755982989,-716.0,321.0,-403.0,1600,1600,1599,1599,0,0,0,0
1763969226.2414813,0.0,0.0,32.42,154.93,-0.06307251006364822,0.21526813507080078,0.9744464159011841,-0.011647410690784454,-3.091390609741211,-0.11819767951965332,2.7040750980377197,0.0005350951105356216,-0.0009160579647868872,-0.00044593028724193573,0.0,0.0,0.0,0.0,0.0,0.0,-0.5687857000000001,0.61781895,10.24794925,0.10471975511965978,0.06981317007977318,-0.05235987755982989,-716.0,321.0,-403.0,1600,1600,1599,1599,0,0,0,0
1763969226.2748897,0.0,0.0,32.42,154.93,-0.06307251006364822,0.21526813507080078,0.9744464159011841,-0.011647410690784454,-3.091390609741211,-0.11819767951965332,2.7040750980377197,0.0005350951105356216,-0.0009160579647868872,-0.00044593028724193573,0.0,0.0,0.0,0.0,0.0,0.0,-0.5687857000000001,0.61781895,10.24794925,0.10471975511965978,0.06981317007977318,-0.05235987755982989,-716.0,321.0,-403.0,1600,1600,1599,1599,0,0,0,0
1763969226.3082979,0.0,0.0,32.42,154.93,-0.06307251006364822,0.21526813507080078,0.9744464159011841,-0.011647410690784454,-3.091390609741211,-0.11819767951965332,2.7040750980377197,0.0005350951105356216,-0.0009160579647868872,-0.00044593028724193573,0.0,0.0,0.0,0.0,0.0,0.0,-0.5687857000000001,0.61781895,10.2577559,0.10471975511965978,0.05235987755982989,-0.05235987755982989,-716.0,321.0,-403.0,1600,1600,1599,1599,0,0,0,0
1763969226.3417072,0.0,0.0,32.42,154.93,-0.06307251006364822,0.21526813507080078,0.9744464159011841,-0.011647410690784454,-3.091397762298584,-0.11818861961364746,2.7040467262268066,0.0011968519538640976,-0.0002194116823375225,-0.00010270019993185997,0.0,0.0,0.0,0.0,0.0,0.0,-0.5687857000000001,0.61781895,10.2577559,0.10471975511965978,0.05235987755982989,-0.05235987755982989,-716.0,321.0,-403.0,1600,1600,1599,1599,0,0,0,0
1763969226.375114,0.0,0.0,32.42,154.93,-0.0630674958229065,0.2152823507785797,0.9744436740875244,-0.011644058860838413,-3.091397762298584,-0.11818861961364746,2.7040467262268066,0.0011968519538640976,-0.0002194116823375225,-0.00010270019993185997,0.0,0.0,0.0,0.0,0.0,0.0,-0.5687857000000001,0.61781895,10.2577559,0.10471975511965978,0.05235987755982989,-0.05235987755982989,-716.0,321.0,-403.0,1600,1600,1599,1599,0,0,0,0
1763969226.4085221,0.0,0.0,32.33,154.93,-0.0630674958229065,0.2152823507785797,0.9744436740875244,-0.011644058860838413,-3.091397762298584,-0.11818861961364746,2.7040467262268066,0.0011968519538640976,-0.0002194116823375225,-0.00010270019993185997,0.0,0.0,0.0,0.0,0.0,0.0,-0.5687857000000001,0.61781895,10.2577559,0.10471975511965978,0.05235987755982989,-0.05235987755982989,-716.0,321.0,-403.0,1600,1600,1599,1599,0,0,0,0
1763969226.4419289,0.0,0.0,32.33,154.93,-0.0630674958229065,0.2152823507785797,0.9744436740875244,-0.011644058860838413,-3.091397762298584,-0.11818861961364746,2.7040467262268066,0.0011968519538640976,-0.0002194116823375225,-0.00010270019993185997,0.0,0.0,0.0,0.0,0.0,0.0,-0.5687857000000001,0.61781895,10.2577559,0.10471975511965978,0.05235987755982989,-0.05235987755982989,-716.0,321.0,-403.0,1600,1600,1599,1599,0,0,0,0
1763969226.4753456,0.0,0.0,32.33,154.93,-0.0630674958229065,0.2152823507785797,0.9744436740875244,-0.011644058860838413,-3.091397762298584,-0.11818861961364746,2.7040467262268066,0.0011968519538640976,-0.0002194116823375225,-0.00010270019993185997,0.0,0.0,0.0,0.0,0.0,0.0,-0.5687857000000001,0.61781895,10.2577559,0.10471975511965978,0.05235987755982989,-0.05235987755982989,-716.0,321.0,-403.0,1600,1600,1599,1599,0,0,0,0
1763969226.5087552,0.0,0.0,32.33,154.93,-0.0630674958229065,0.2152823507785797,0.9744436740875244,-0.011644058860838413,-3.091397762298584,-0.11818861961364746,2.7040467262268066,0.0011968519538640976,-0.0002194116823375225,-0.00010270019993185997,0.0,0.0,0.0,0.0,0.0,0.0,-0.55897905,0.61781895,10.2577559,0.10471975511965978,0.06981317007977318,-0.05235987755982989,-715.0,323.0,-401.0,1600,1600,1599,1599,0,0,0,0
1763969226.5421574,0.0,0.0,32.33,154.93,-0.0630674958229065,0.2152823507785797,0.9744436740875244,-0.011644058860838413,-3.0914394855499268,-0.1182003915309906,2.7039835453033447,-0.001385499257594347,-0.0004922556690871716,-0.0002902010455727577,0.0,0.0,0.0,0.0,0.0,0.0,-0.55897905,0.61781895,10.2577559,0.10471975511965978,0.06981317007977318,-0.05235987755982989,-715.0,323.0,-401.0,1600,1600,1599,1599,0,0,0,0
1763969226.575565,0.0,0.0,32.33,154.93,-0.06306912004947662,0.21531431376934052,0.9744368195533752,-0.011620467528700829,-3.0914394855499268,-0.1182003915309906,2.7039835453033447,-0.001385499257594347,-0.0004922556690871716,-0.0002902010455727577,0.0,0.0,0.0,0.0,0.0,0.0,-0.55897905,0.61781895,10.2577559,0.10471975511965978,0.06981317007977318,-0.05235987755982989,-715.0,323.0,-401.0,1600,1600,1599,1599,0,0,0,0
1763969226.6089666,0.0,0.0,32.34,154.92,-0.06306912004947662,0.21531431376934052,0.9744368195533752,-0.011620467528700829,-3.0914394855499268,-0.1182003915309906,2.7039835453033447,-0.001385499257594347,-0.0004922556690871716,-0.0002902010455727577,0.0,0.0,0.0,0.0,0.0,0.0,-0.55897905,0.61781895,10.2577559,0.10471975511965978,0.06981317007977318,-0.05235987755982989,-715.0,323.0,-401.0,1600,1600,1599,1599,0,0,0,0
1763969226.6423738,0.0,0.0,32.34,154.92,-0.06306912004947662,0.21531431376934052,0.9744368195533752,-0.011620467528700829,-3.0914394855499268,-0.1182003915309906,2.7039835453033447,-0.001385499257594347,-0.0004922556690871716,-0.0002902010455727577,0.0,0.0,0.0,0.0,0.0,0.0,-0.55897905,0.61781895,10.2577559,0.10471975511965978,0.06981317007977318,-0.05235987755982989,-715.0,323.0,-401.0,1600,1600,1599,1599,0,0,0,0
1763969226.6757765,0.0,0.0,32.34,154.92,-0.06306912004947662,0.21531431376934052,0.9744368195533752,-0.011620467528700829,-3.0914394855499268,-0.1182003915309906,2.7039835453033447,-0.001385499257594347,-0.0004922556690871716,-0.0002902010455727577,0.0,0.0,0.0,0.0,0.0,0.0,-0.5687857000000001,0.61781895,10.24794925,0.06981317007977318,0.06981317007977318,-0.05235987755982989,-718.0,320.0,-399.0,1600,1600,1599,1599,0,0,0,0
1763969226.709177,0.0,0.0,32.34,154.92,-0.06306912004947662,0.21531431376934052,0.9744368195533752,-0.011620467528700829,-3.0914320945739746,-0.11818977445363998,2.7039759159088135,-0.0015831394121050835,-0.0003720223903656006,-0.00024684472009539604,0.0,0.0,0.0,0.0,0.0,0.0,-0.5687857000000001,0.61781895,10.24794925,0.06981317007977318,0.06981317007977318,-0.05235987755982989,-718.0,320.0,-399.0,1600,1600,1599,1599,0,0,0,0
1763969226.7425795,0.0,0.0,32.34,154.92,-0.06306477636098862,0.215317964553833,0.9744361639022827,-0.011624948121607304,-3.0914320945739746,-0.11818977445363998,2.7039759159088135,-0.0015831394121050835,-0.0003720223903656006,-0.00024684472009539604,0.0,0.0,0.0,0.0,0.0,0.0,-0.5687857000000001,0.61781895,10.24794925,0.06981317007977318,0.06981317007977318,-0.05235987755982989,-718.0,320.0,-399.0,1600,1600,1599,1599,0,0,0,0
1763969226.7759793,0.0,0.0,32.53,154.92,-0.06306477636098862,0.215317964553833,0.9744361639022827,-0.011624948121607304,-3.0914320945739746,-0.11818977445363998,2.7039759159088135,-0.0015831394121050835,-0.0003720223903656006,-0.00024684472009539604,0.0,0.0,0.0,0.0,0.0,0.0,-0.5687857000000001,0.61781895,10.24794925,0.06981317007977318,0.06981317007977318,-0.05235987755982989,-718.0,320.0,-399.0,1600,1600,1599,1599,0,0,0,0
1763969226.8093781,0.0,0.0,32.53,154.92,-0.06306477636098862,0.215317964553833,0.9744361639022827,-0.011624948121607304,-3.0914320945739746,-0.11818977445363998,2.7039759159088135,-0.0015831394121050835,-0.0003720223903656006,-0.00024684472009539604,0.0,0.0,0.0,0.0,0.0,0.0,-0.5687857000000001,0.61781895,10.24794925,0.06981317007977318,0.06981317007977318,-0.05235987755982989,-718.0,320.0,-399.0,1600,1600,1599,1599,0,0,0,0
1763969226.8427835,0.0,0.0,32.53,154.92,-0.06306477636098862,0.215317964553833,0.9744361639022827,-0.011624948121607304,-3.0914320945739746,-0.11818977445363998,2.7039759159088135,-0.0015831394121050835,-0.0003720223903656006,-0.00024684472009539604,0.0,0.0,0.0,0.0,0.0,0.0,-0.5687857000000001,0.61781895,10.24794925,0.05235987755982989,0.06981317007977318,-0.05235987755982989,-717.0,321.0,-403.0,1600,1600,1599,1599,0,0,0,0
1763969226.8761911,0.0,0.0,32.53,154.92,-0.06306477636098862,0.215317964553833,0.9744361639022827,-0.011624948121607304,-3.0914220809936523,-0.11819198727607727,2.7039577960968018,0.000945783220231533,0.0006141802296042442,0.0010177018120884895,0.0,0.0,0.0,0.0,0.0,0.0,-0.5687857000000001,0.61781895,10.24794925,0.05235987755982989,0.06981317007977318,-0.05235987755982989,-717.0,321.0,-403.0,1600,1600,1599,1599,0,0,0,0
1763969226.9096172,0.0,0.0,32.53,154.92,-0.06306477636098862,0.215317964553833,0.9744361639022827,-0.011624948121607304,-3.0914220809936523,-0.11819198727607727,2.7039577960968018,0.000945783220231533,0.0006141802296042442,0.0010177018120884895,0.0,0.0,0.0,0.0,0.0,0.0,-0.5687857000000001,0.61781895,10.24794925,0.05235987755982989,0.06981317007977318,-0.05235987755982989,-717.0,321.0,-403.0,1600,1600,1599,1599,0,0,0,0
1763969226.943119,0.0,0.0,32.53,154.92,-0.06306477636098862,0.215317964553833,0.9744361639022827,-0.011624948121607304,-3.0914220809936523,-0.11819198727607727,2.7039577960968018,0.000945783220231533,0.0006141802296042442,0.0010177018120884895,0.0,0.0,0.0,0.0,0.0,0.0,-0.5687857000000001,0.61781895,10.24794925,0.05235987755982989,0.06981317007977318,-0.05235987755982989,-717.0,321.0,-403.0,1600,1600,1599,1599,0,0,0,0
1763969226.9765208,0.0,0.0,32.53,154.92,-0.06306477636098862,0.215317964553833,0.9744361639022827,-0.011624948121607304,-3.0914220809936523,-0.11819198727607727,2.7039577960968018,0.000945783220231533,0.0006141802296042442,0.0010177018120884895,0.0,0.0,0.0,0.0,0.0,0.0,-0.5687857000000001,0.61781895,10.24794925,0.05235987755982989,0.06981317007977318,-0.05235987755982989,-717.0,321.0,-403.0,1600,1600,1599,1599,0,0,0,0
1763969227.0099247,0.0,0.0,32.53,154.92,-0.06306477636098862,0.215317964553833,0.9744361639022827,-0.011624948121607304,-3.0914220809936523,-0.11821458488702774,2.703951358795166,-0.00023397337645292282,0.00021795788779854774,-0.00036156107671558857,0.0,0.0,0.0,0.0,0.0,0.0,-0.5687857000000001,0.61781895,10.24794925,0.05235987755982989,0.06981317007977318,-0.05235987755982989,-717.0,321.0,-403.0,1600,1600,1599,1599,0,0,0,0
1763969227.0433445,0.0,0.0,32.53,154.92,-0.06307808309793472,0.2153290957212448,0.9744328260421753,-0.011626365594565868,-3.0914220809936523,-0.11821458488702774,2.703951358795166,-0.00023397337645292282,0.00021795788779854774,-0.00036156107671558857,0.0,0.0,0.0,0.0,0.0,0.0,-0.5687857000000001,0.61781895,10.24794925,0.05235987755982989,0.06981317007977318,-0.05235987755982989,-717.0,321.0,-403.0,1600,1600,1599,1599,0,0,0,0
1763969227.0767398,0.0,0.0,32.53,154.92,-0.06307808309793472,0.2153290957212448,0.9744328260421753,-0.011626365594565868,-3.0914220809936523,-0.11821458488702774,2.703951358795166,-0.00023397337645292282,0.00021795788779854774,-0.00036156107671558857,0.0,0.0,0.0,0.0,0.0,0.0,-0.5687857000000001,0.61781895,10.24794925,0.05235987755982989,0.06981317007977318,-0.05235987755982989,-717.0,321.0,-403.0,1600,1600,1599,1599,0,0,0,0
1763969227.1101487,0.0,0.0,32.53,154.92,-0.06307808309793472,0.2153290957212448,0.9744328260421753,-0.011626365594565868,-3.0913913249969482,-0.11821509152650833,2.7039437294006348,0.0004280158318579197,5.784444510936737e-06,-0.0007023820653557777,0.0,0.0,0.0,0.0,0.0,0.0,-0.5687857000000001,0.61781895,10.24794925,0.05235987755982989,0.06981317007977318,-0.05235987755982989,-717.0,321.0,-403.0,1600,1600,1599,1599,0,0,0,0
1763969227.1435606,0.0,0.0,32.53,154.92,-0.06308167427778244,0.2153318077325821,0.9744318127632141,-0.011641065590083599,-3.0913913249969482,-0.11821509152650833,2.7039437294006348,0.0004280158318579197,5.784444510936737e-06,-0.0007023820653557777,0.0,0.0,0.0,0.0,0.0,0.0,-0.5687857000000001,0.61781895,10.24794925,0.05235987755982989,0.06981317007977318,-0.05235987755982989,-717.0,321.0,-403.0,1600,1600,1599,1599,0,0,0,0
1763969227.1769695,0.0,0.0,32.43,154.92,-0.06308167427778244,0.2153318077325821,0.9744318127632141,-0.011641065590083599,-3.0913913249969482,-0.11821509152650833,2.7039437294006348,0.0004280158318579197,5.784444510936737e-06,-0.0007023820653557777,0.0,0.0,0.0,0.0,0.0,0.0,-0.5687857000000001,0.61781895,10.24794925,0.05235987755982989,0.06981317007977318,-0.05235987755982989,-717.0,321.0,-403.0,1600,1600,1599,1599,0,0,0,0
1763969227.2103791,0.0,0.0,32.43,154.92,-0.06308167427778244,0.2153318077325821,0.9744318127632141,-0.011641065590083599,-3.0913913249969482,-0.11821509152650833,2.7039437294006348,0.0004280158318579197,5.784444510936737e-06,-0.0007023820653557777,0.0,0.0,0.0,0.0,0.0,0.0,-0.5687857000000001,0.61781895,10.24794925,0.05235987755982989,0.06981317007977318,-0.05235987755982989,-717.0,321.0,-403.0,1600,1600,1599,1599,0,0,0,0
1763969227.243787,0.0,0.0,32.43,154.92,-0.06308167427778244,0.2153318077325821,0.9744318127632141,-0.011641065590083599,-3.0913913249969482,-0.11821509152650833,2.7039437294006348,0.0004280158318579197,5.784444510936737e-06,-0.0007023820653557777,0.0,0.0,0.0,0.0,0.0,0.0,-0.5687857000000001,0.61781895,10.24794925,0.05235987755982989,0.06981317007977318,-0.05235987755982989,-717.0,321.0,-403.0,1600,1600,1599,1599,0,0,0,0
1763969227.2771947,0.0,0.0,32.43,154.92,-0.06308167427778244,0.2153318077325821,0.9744318127632141,-0.011641065590083599,-3.0913913249969482,-0.11821509152650833,2.7039437294006348,0.0004280158318579197,5.784444510936737e-06,-0.0007023820653557777,0.0,0.0,0.0,0.0,0.0,0.0,-0.5687857000000001,0.61781895,10.24794925,0.08726646259971647,0.06981317007977318,-0.05235987755982989,-716.0,320.0,-400.0,1600,1600,1599,1599,0,0,0,0
1763969227.3106005,0.0,0.0,32.43,154.92,-0.06308167427778244,0.2153318077325821,0.9744318127632141,-0.011641065590083599,-3.0913970470428467,-0.11820976436138153,2.7039382457733154,0.0007527698762714863,-0.001114941667765379,-0.0008695009164512157,0.0,0.0,0.0,0.0,0.0,0.0,-0.5687857000000001,0.61781895,10.24794925,0.08726646259971647,0.06981317007977318,-0.05235987755982989,-716.0,320.0,-400.0,1600,1600,1599,1599,0,0,0,0
1763969227.3440053,0.0,0.0,32.43,154.92,-0.06307850778102875,0.21533483266830444,0.9744313955307007,-0.011638714000582695,-3.0913970470428467,-0.11820976436138153,2.7039382457733154,0.0007527698762714863,-0.001114941667765379,-0.0008695009164512157,0.0,0.0,0.0,0.0,0.0,0.0,-0.5687857000000001,0.61781895,10.24794925,0.08726646259971647,0.06981317007977318,-0.05235987755982989,-716.0,320.0,-400.0,1600,1600,1599,1599,0,0,0,0
1763969227.3774269,0.0,0.0,32.43,154.92,-0.06307850778102875,0.21533483266830444,0.9744313955307007,-0.011638714000582695,-3.0913970470428467,-0.11820976436138153,2.7039382457733154,0.0007527698762714863,-0.001114941667765379,-0.0008695009164512157,0.0,0.0,0.0,0.0,0.0,0.0,-0.5687857000000001,0.61781895,10.24794925,0.08726646259971647,0.06981317007977318,-0.05235987755982989,-716.0,320.0,-400.0,1600,1600,1599,1599,0,0,0,0
1763969227.4108438,0.0,0.0,32.43,154.92,-0.06307850778102875,0.21533483266830444,0.9744313955307007,-0.011638714000582695,-3.091421604156494,-0.11818867176771164,2.7039079666137695,1.2804288417100906e-05,0.0009600110352039337,0.000357041135430336,0.0,0.0,0.0,0.0,0.0,0.0,-0.5687857000000001,0.61781895,10.24794925,0.08726646259971647,0.06981317007977318,-0.05235987755982989,-716.0,320.0,-400.0,1600,1600,1599,1599,0,0,0,0
1763969227.444247,0.0,0.0,32.43,154.92,-0.06306576728820801,0.2153506875038147,0.9744287729263306,-0.01162809319794178,-3.091421604156494,-0.11818867176771164,2.7039079666137695,1.2804288417100906e-05,0.0009600110352039337,0.000357041135430336,0.0,0.0,0.0,0.0,0.0,0.0,-0.5687857000000001,0.61781895,10.24794925,0.08726646259971647,0.06981317007977318,-0.05235987755982989,-716.0,320.0,-400.0,1600,1600,1599,1599,0,0,0,0
1763969227.477656,0.0,0.0,32.49,154.92,-0.06306576728820801,0.2153506875038147,0.9744287729263306,-0.01162809319794178,-3.091421604156494,-0.11818867176771164,2.7039079666137695,1.2804288417100906e-05,0.0009600110352039337,0.000357041135430336,0.0,0.0,0.0,0.0,0.0,0.0,-0.5687857000000001,0.61781895,10.24794925,0.08726646259971647,0.06981317007977318,-0.05235987755982989,-716.0,320.0,-400.0,1600,1600,1599,1599,0,0,0,0
1763969227.5110676,0.0,0.0,32.49,154.92,-0.06306576728820801,0.2153506875038147,0.9744287729263306,-0.01162809319794178,-3.091421604156494,-0.11818867176771164,2.7039079666137695,1.2804288417100906e-05,0.0009600110352039337,0.000357041135430336,0.0,0.0,0.0,0.0,0.0,0.0,-0.5687857000000001,0.61781895,10.24794925,0.08726646259971647,0.06981317007977318,-0.05235987755982989,-716.0,320.0,-400.0,1600,1600,1599,1599,0,0,0,0
1763969227.5444646,0.0,0.0,32.49,154.92,-0.06306576728820801,0.2153506875038147,0.9744287729263306,-0.01162809319794178,-3.091421604156494,-0.11818867176771164,2.7039079666137695,1.2804288417100906e-05,0.0009600110352039337,0.000357041135430336,0.0,0.0,0.0,0.0,0.0,0.0,-0.5687857000000001,0.61781895,10.2577559,0.08726646259971647,0.08726646259971647,-0.03490658503988659,-717.0,318.0,-403.0,1600,1600,1599,1599,0,0,0,0
1763969227.577859,0.0,0.0,32.49,154.92,-0.06306576728820801,0.2153506875038147,0.9744287729263306,-0.01162809319794178,-3.091421604156494,-0.11818867176771164,2.7039079666137695,1.2804288417100906e-05,0.0009600110352039337,0.000357041135430336,0.0,0.0,0.0,0.0,0.0,0.0,-0.5687857000000001,0.61781895,10.2577559,0.08726646259971647,0.08726646259971647,-0.03490658503988659,-717.0,318.0,-403.0,1600,1600,1599,1599,0,0,0,0
1763969227.6112695,0.0,0.0,32.49,154.92,-0.06306576728820801,0.2153506875038147,0.9744287729263306,-0.01162809319794178,-3.091421604156494,-0.11818867176771164,2.7039079666137695,1.2804288417100906e-05,0.0009600110352039337,0.000357041135430336,0.0,0.0,0.0,0.0,0.0,0.0,-0.5687857000000001,0.61781895,10.2577559,0.05235987755982989,0.06981317007977318,-0.03490658503988659,-717.0,318.0,-403.0,1600,1600,1599,1599,0,0,0,0
1763969227.6446936,0.0,0.0,32.49,154.92,-0.06306576728820801,0.2153506875038147,0.9744287729263306,-0.01162809319794178,-3.0914366245269775,-0.1181776151061058,2.703906774520874,-0.0018793954513967037,-0.0005573555827140808,0.0005421687383204699,0.0,0.0,0.0,0.0,0.0,0.0,-0.5687857000000001,0.61781895,10.2577559,0.05235987755982989,0.06981317007977318,-0.03490658503988659,-717.0,318.0,-403.0,1600,1600,1599,1599,0,0,0,0
1763969227.678111,0.0,0.0,32.49,154.92,-0.0630587711930275,0.21535193920135498,0.974429190158844,-0.011621911078691483,-3.0914366245269775,-0.1181776151061058,2.703906774520874,-0.0018793954513967037,-0.0005573555827140808,0.0005421687383204699,0.0,0.0,0.0,0.0,0.0,0.0,-0.5687857000000001,0.61781895,10.2577559,0.05235987755982989,0.06981317007977318,-0.03490658503988659,-717.0,318.0,-403.0,1600,1600,1599,1599,0,0,0,0
1763969227.7115133,0.0,0.0,32.49,154.92,-0.0630587711930275,0.21535193920135498,0.974429190158844,-0.011621911078691483,-3.0914366245269775,-0.1181776151061058,2.703906774520874,-0.0018793954513967037,-0.0005573555827140808,0.0005421687383204699,0.0,0.0,0.0,0.0,0.0,0.0,-0.5687857000000001,0.61781895,10.2577559,0.05235987755982989,0.06981317007977318,-0.03490658503988659,-717.0,318.0,-403.0,1600,1600,1599,1599,0,0,0,0
1763969227.7449179,0.0,0.0,32.49,154.92,-0.0630587711930275,0.21535193920135498,0.974429190158844,-0.011621911078691483,-3.0914504528045654,-0.11819016188383102,2.7039051055908203,-0.0003994479775428772,0.00021857675164937973,0.00019121426157653332,0.0,0.0,0.0,0.0,0.0,0.0,-0.5687857000000001,0.61781895,10.2577559,0.05235987755982989,0.06981317007977318,-0.03490658503988659,-717.0,318.0,-403.0,1600,1600,1599,1599,0,0,0,0
1763969227.7783203,0.0,0.0,32.49,154.92,-0.06306341290473938,0.21535304188728333,0.974428653717041,-0.011613761074841022,-3.0914504528045654,-0.11819016188383102,2.7039051055908203,-0.0003994479775428772,0.00021857675164937973,0.00019121426157653332,0.0,0.0,0.0,0.0,0.0,0.0,-0.5687857000000001,0.61781895,10.2577559,0.05235987755982989,0.06981317007977318,-0.03490658503988659,-717.0,318.0,-403.0,1600,1600,1599,1599,0,0,0,0
1763969227.8117173,0.0,0.0,32.37,154.92,-0.06306341290473938,0.21535304188728333,0.974428653717041,-0.011613761074841022,-3.0914504528045654,-0.11819016188383102,2.7039051055908203,-0.0003994479775428772,0.00021857675164937973,0.00019121426157653332,0.0,0.0,0.0,0.0,0.0,0.0,-0.5687857000000001,0.61781895,10.2577559,0.05235987755982989,0.06981317007977318,-0.03490658503988659,-717.0,318.0,-403.0,1600,1600,1599,1599,0,0,0,0
1763969227.8451207,0.0,0.0,32.37,154.92,-0.06306341290473938,0.21535304188728333,0.974428653717041,-0.011613761074841022,-3.0914504528045654,-0.11819016188383102,2.7039051055908203,-0.0003994479775428772,0.00021857675164937973,0.00019121426157653332,0.0,0.0,0.0,0.0,0.0,0.0,-0.5687857000000001,0.61781895,10.2577559,0.05235987755982989,0.06981317007977318,-0.03490658503988659,-717.0,318.0,-403.0,1600,1600,1599,1599,0,0,0,0
1763969227.87854,0.0,0.0,32.37,154.92,-0.06306341290473938,0.21535304188728333,0.974428653717041,-0.011613761074841022,-3.0914504528045654,-0.11819016188383102,2.7039051055908203,-0.0003994479775428772,0.00021857675164937973,0.00019121426157653332,0.0,0.0,0.0,0.0,0.0,0.0,-0.5687857000000001,0.61781895,10.24794925,0.08726646259971647,0.06981317007977318,-0.03490658503988659,-720.0,319.0,-402.0,1600,1600,1599,1599,0,0,0,0
1763969227.9119515,0.0,0.0,32.37,154.92,-0.06306341290473938,0.21535304188728333,0.974428653717041,-0.011613761074841022,-3.0914552211761475,-0.11819396913051605,2.703906774520874,0.0006085229106247425,0.00010538101196289062,0.00018595252186059952,0.0,0.0,0.0,0.0,0.0,0.0,-0.5687857000000001,0.61781895,10.24794925,0.08726646259971647,0.06981317007977318,-0.03490658503988659,-720.0,319.0,-402.0,1600,1600,1599,1599,0,0,0,0
1763969227.9453678,0.0,0.0,32.37,154.92,-0.06306472420692444,0.21535231173038483,0.9744287729263306,-0.01161104254424572,-3.0914552211761475,-0.11819396913051605,2.703906774520874,0.0006085229106247425,0.00010538101196289062,0.00018595252186059952,0.0,0.0,0.0,0.0,0.0,0.0,-0.5687857000000001,0.61781895,10.24794925,0.08726646259971647,0.06981317007977318,-0.03490658503988659,-720.0,319.0,-402.0,1600,1600,1599,1599,0,0,0,0
1763969227.9787972,0.0,0.0,32.37,154.92,-0.06306472420692444,0.21535231173038483,0.9744287729263306,-0.01161104254424572,-3.0914552211761475,-0.11819396913051605,2.703906774520874,0.0006085229106247425,0.00010538101196289062,0.00018595252186059952,0.0,0.0,0.0,0.0,0.0,0.0,-0.5687857000000001,0.61781895,10.24794925,0.08726646259971647,0.06981317007977318,-0.03490658503988659,-720.0,319.0,-402.0,1600,1600,1599,1599,0,0,0,0
1763969228.012201,0.0,0.0,32.37,154.92,-0.06306472420692444,0.21535231173038483,0.9744287729263306,-0.01161104254424572,-3.0914552211761475,-0.11819396913051605,2.703906774520874,0.0006085229106247425,0.00010538101196289062,0.00018595252186059952,0.0,0.0,0.0,0.0,0.0,0.0,-0.5687857000000001,0.61781895,10.24794925,0.08726646259971647,0.06981317007977318,-0.03490658503988659,-720.0,319.0,-402.0,1600,1600,1599,1599,0,0,0,0
1763969228.0456052,0.0,0.0,32.37,154.92,-0.06306472420692444,0.21535231173038483,0.9744287729263306,-0.01161104254424572,-3.0914552211761475,-0.11819396913051605,2.703906774520874,0.0006085229106247425,0.00010538101196289062,0.00018595252186059952,0.0,0.0,0.0,0.0,0.0,0.0,-0.5687857000000001,0.61781895,10.24794925,0.10471975511965978,0.06981317007977318,-0.03490658503988659,-720.0,319.0,-402.0,1600,1600,1599,1599,0,0,0,0
1763969228.0790024,0.0,0.0,32.37,154.92,-0.06306472420692444,0.21535231173038483,0.9744287729263306,-0.01161104254424572,-3.0914618968963623,-0.11817256361246109,2.7039074897766113,-0.0006176810711622238,-0.0019380087032914162,-0.0004772227257490158,0.0,0.0,0.0,0.0,0.0,0.0,-0.5687857000000001,0.61781895,10.24794925,0.10471975511965978,0.06981317007977318,-0.03490658503988659,-720.0,319.0,-402.0,1600,1600,1599,1599,0,0,0,0
1763969228.1124103,0.0,0.0,32.37,154.92,-0.06305357813835144,0.21535246074199677,0.9744294881820679,-0.011610138230025768,-3.0914618968963623,-0.11817256361246109,2.7039074897766113,-0.0006176810711622238,-0.0019380087032914162,-0.0004772227257490158,0.0,0.0,0.0,0.0,0.0,0.0,-0.5687857000000001,0.61781895,10.24794925,0.10471975511965978,0.06981317007977318,-0.03490658503988659,-720.0,319.0,-402.0,1600,1600,1599,1599,0,0,0,0
1763969228.145818,0.0,0.0,32.37,154.92,-0.06305357813835144,0.21535246074199677,0.9744294881820679,-0.011610138230025768,-3.0914618968963623,-0.11817256361246109,2.7039074897766113,-0.0006176810711622238,-0.0019380087032914162,-0.0004772227257490158,0.0,0.0,0.0,0.0,0.0,0.0,-0.5687857000000001,0.61781895,10.24794925,0.10471975511965978,0.06981317007977318,-0.03490658503988659,-720.0,319.0,-402.0,1600,1600,1599,1599,0,0,0,0
1763969228.17923,0.0,0.0,32.37,154.92,-0.06305357813835144,0.21535246074199677,0.9744294881820679,-0.011610138230025768,-3.0914618968963623,-0.11817256361246109,2.7039074897766113,-0.0006176810711622238,-0.0019380087032914162,-0.0004772227257490158,0.0,0.0,0.0,0.0,0.0,0.0,-0.5687857000000001,0.61781895,10.24794925,0.10471975511965978,0.06981317007977318,-0.03490658503988659,-720.0,319.0,-402.0,1600,1600,1599,1599,0,0,0,0
1763969228.2126296,0.0,0.0,32.37,154.92,-0.06305357813835144,0.21535246074199677,0.9744294881820679,-0.011610138230025768,-3.0914618968963623,-0.11817256361246109,2.7039074897766113,-0.0006176810711622238,-0.0019380087032914162,-0.0004772227257490158,0.0,0.0,0.0,0.0,0.0,0.0,-0.5687857000000001,0.61781895,10.24794925,0.06981317007977318,0.03490658503988659,-0.05235987755982989,-720.0,319.0,-402.0,1600,1600,1599,1599,0,0,0,0
1763969228.2460496,0.0,0.0,32.37,154.92,-0.06305357813835144,0.21535246074199677,0.9744294881820679,-0.011610138230025768,-3.09145188331604,-0.1181400790810585,2.703817367553711,0.00038593774661421776,0.001867170911282301,0.0002164898905903101,0.0,0.0,0.0,0.0,0.0,0.0,-0.5687857000000001,0.61781895,10.24794925,0.06981317007977318,0.03490658503988659,-0.05235987755982989,-720.0,319.0,-402.0,1600,1600,1599,1599,0,0,0,0
1763969228.2794573,0.0,0.0,32.37,154.92,-0.06303936243057251,0.21539677679538727,0.9744205474853516,-0.01161566935479641,-3.09145188331604,-0.1181400790810585,2.703817367553711,0.00038593774661421776,0.001867170911282301,0.0002164898905903101,0.0,0.0,0.0,0.0,0.0,0.0,-0.5687857000000001,0.61781895,10.24794925,0.06981317007977318,0.03490658503988659,-0.05235987755982989,-720.0,319.0,-402.0,1600,1600,1599,1599,0,0,0,0
1763969228.3128655,0.0,0.0,32.37,154.92,-0.06303936243057251,0.21539677679538727,0.9744205474853516,-0.01161566935479641,-3.09145188331604,-0.1181400790810585,2.703817367553711,0.00038593774661421776,0.001867170911282301,0.0002164898905903101,0.0,0.0,0.0,0.0,0.0,0.0,-0.5687857000000001,0.61781895,10.24794925,0.06981317007977318,0.03490658503988659,-0.05235987755982989,-720.0,319.0,-402.0,1600,1600,1599,1599,0,0,0,0
1763969228.3462634,0.0,0.0,32.26,154.91,-0.06303936243057251,0.21539677679538727,0.9744205474853516,-0.01161566935479641,-3.09145188331604,-0.1181400790810585,2.703817367553711,0.00038593774661421776,0.001867170911282301,0.0002164898905903101,0.0,0.0,0.0,0.0,0.0,0.0,-0.5687857000000001,0.61781895,10.24794925,0.06981317007977318,0.03490658503988659,-0.05235987755982989,-720.0,319.0,-402.0,1600,1600,1599,1599,0,0,0,0
1763969228.3796678,0.0,0.0,32.26,154.91,-0.06303936243057251,0.21539677679538727,0.9744205474853516,-0.01161566935479641,-3.09145188331604,-0.1181400790810585,2.703817367553711,0.00038593774661421776,0.001867170911282301,0.0002164898905903101,0.0,0.0,0.0,0.0,0.0,0.0,-0.55897905,0.6080123,10.24794925,0.08726646259971647,0.10471975511965978,-0.03490658503988659,-718.0,318.0,-402.0,1600,1600,1599,1599,0,0,0,0
1763969228.4130871,0.0,0.0,32.26,154.91,-0.06303936243057251,0.21539677679538727,0.9744205474853516,-0.01161566935479641,-3.0914323329925537,-0.11813854426145554,2.70383358001709,0.002037663012742996,0.00048047536984086037,-0.0005074180662631989,0.0,0.0,0.0,0.0,0.0,0.0,-0.55897905,0.6080123,10.24794925,0.08726646259971647,0.10471975511965978,-0.03490658503988659,-718.0,318.0,-402.0,1600,1600,1599,1599,0,0,0,0
1763969228.4464927,0.0,0.0,32.26,154.91,-0.06303936243057251,0.21539677679538727,0.9744205474853516,-0.01161566935479641,-3.0914323329925537,-0.11813854426145554,2.70383358001709,0.002037663012742996,0.00048047536984086037,-0.0005074180662631989,0.0,0.0,0.0,0.0,0.0,0.0,-0.55897905,0.6080123,10.24794925,0.08726646259971647,0.10471975511965978,-0.03490658503988659,-718.0,318.0,-402.0,1600,1600,1599,1599,0,0,0,0
1763969228.4798937,0.0,0.0,32.26,154.91,-0.06304062902927399,0.21538834273815155,0.9744221568107605,-0.011625871062278748,-3.0914323329925537,-0.11813854426145554,2.70383358001709,0.002037663012742996,0.00048047536984086037,-0.0005074180662631989,0.0,0.0,0.0,0.0,0.0,0.0,-0.55897905,0.6080123,10.24794925,0.08726646259971647,0.10471975511965978,-0.03490658503988659,-718.0,318.0,-402.0,1600,1600,1599,1599,0,0,0,0
1763969228.5132935,0.0,0.0,32.26,154.91,-0.06304062902927399,0.21538834273815155,0.9744221568107605,-0.011625871062278748,-3.0914323329925537,-0.11813854426145554,2.70383358001709,0.002037663012742996,0.00048047536984086037,-0.0005074180662631989,0.0,0.0,0.0,0.0,0.0,0.0,-0.5687857000000001,0.61781895,10.2577559,0.12217304763960307,0.08726646259971647,-0.05235987755982989,-718.0,318.0,-402.0,1600,1600,1599,1599,0,0,0,0
1763969228.546692,0.0,0.0,32.26,154.91,-0.06304062902927399,0.21538834273815155,0.9744221568107605,-0.011625871062278748,-3.0914323329925537,-0.11813854426145554,2.70383358001709,0.002037663012742996,0.00048047536984086037,-0.0005074180662631989,0.0,0.0,0.0,0.0,0.0,0.0,-0.5687857000000001,0.61781895,10.2577559,0.12217304763960307,0.08726646259971647,-0.05235987755982989,-718.0,318.0,-402.0,1600,1600,1599,1599,0,0,0,0
1763969228.580099,0.0,0.0,32.26,154.91,-0.06304062902927399,0.21538834273815155,0.9744221568107605,-0.011625871062278748,-3.0914201736450195,-0.11813657730817795,2.7038302421569824,-0.0002503739669919014,0.00042741792276501656,-0.00039421231485903263,0.0,0.0,0.0,0.0,0.0,0.0,-0.5687857000000001,0.61781895,10.2577559,0.12217304763960307,0.08726646259971647,-0.05235987755982989,-718.0,318.0,-402.0,1600,1600,1599,1599,0,0,0,0
1763969228.613503,0.0,0.0,32.26,154.91,-0.06304100900888443,0.21538951992988586,0.9744218587875366,-0.011631987057626247,-3.0914201736450195,-0.11813657730817795,2.7038302421569824,-0.0002503739669919014,0.00042741792276501656,-0.00039421231485903263,0.0,0.0,0.0,0.0,0.0,0.0,-0.5687857000000001,0.61781895,10.2577559,0.12217304763960307,0.08726646259971647,-0.05235987755982989,-718.0,318.0,-402.0,1600,1600,1599,1599,0,0,0,0
1763969228.6469069,0.0,0.0,32.26,154.91,-0.06304100900888443,0.21538951992988586,0.9744218587875366,-0.011631987057626247,-3.0914201736450195,-0.11813657730817795,2.7038302421569824,-0.0002503739669919014,0.00042741792276501656,-0.00039421231485903263,0.0,0.0,0.0,0.0,0.0,0.0,-0.5687857000000001,0.61781895,10.2577559,0.12217304763960307,0.08726646259971647,-0.05235987755982989,-718.0,318.0,-402.0,1600,1600,1599,1599,0,0,0,0
1763969228.6803112,0.0,0.0,32.26,154.91,-0.06304100900888443,0.21538951992988586,0.9744218587875366,-0.011631987057626247,-3.0914201736450195,-0.11813657730817795,2.7038302421569824,-0.0002503739669919014,0.00042741792276501656,-0.00039421231485903263,0.0,0.0,0.0,0.0,0.0,0.0,-0.5687857000000001,0.61781895,10.2577559,0.12217304763960307,0.08726646259971647,-0.05235987755982989,-718.0,318.0,-402.0,1600,1600,1599,1599,0,0,0,0
1763969228.713709,0.0,0.0,32.26,154.91,-0.06304100900888443,0.21538951992988586,0.9744218587875366,-0.011631987057626247,-3.0914201736450195,-0.11813657730817795,2.7038302421569824,-0.0002503739669919014,0.00042741792276501656,-0.00039421231485903263,0.0,0.0,0.0,0.0,0.0,0.0,-0.5687857000000001,0.61781895,10.2577559,0.12217304763960307,0.08726646259971647,-0.05235987755982989,-718.0,318.0,-402.0,1600,1600,1599,1599,0,0,0,0
1763969228.7471125,0.0,0.0,32.26,154.91,-0.06304100900888443,0.21538951992988586,0.9744218587875366,-0.011631987057626247,-3.0914201736450195,-0.11813657730817795,2.7038302421569824,-0.0002503739669919014,0.00042741792276501656,-0.00039421231485903263,0.0,0.0,0.0,0.0,0.0,0.0,-0.5687857000000001,0.61781895,10.2577559,0.08726646259971647,0.08726646259971647,-0.05235987755982989,-718.0,318.0,-402.0,1600,1600,1599,1599,0,0,0,0
1763969228.7805097,0.0,0.0,32.26,154.91,-0.06304100900888443,0.21538951992988586,0.9744218587875366,-0.011631987057626247,-3.0914201736450195,-0.11813657730817795,2.7038302421569824,-0.0002503739669919014,0.00042741792276501656,-0.00039421231485903263,0.0,0.0,0.0,0.0,0.0,0.0,-0.5687857000000001,0.61781895,10.2577559,0.08726646259971647,0.08726646259971647,-0.05235987755982989,-718.0,318.0,-402.0,1600,1600,1599,1599,0,0,0,0
1763969228.8139062,0.0,0.0,32.26,154.91,-0.06304100900888443,0.21538951992988586,0.9744218587875366,-0.011631987057626247,-3.0913970470428467,-0.11812533438205719,2.7038254737854004,0.0007726671174168587,1.3227108865976334e-05,8.82705207914114e-05,0.0,0.0,0.0,0.0,0.0,0.0,-0.5687857000000001,0.61781895,10.2577559,0.08726646259971647,0.08726646259971647,-0.05235987755982989,-718.0,318.0,-402.0,1600,1600,1599,1599,0,0,0,0
1763969228.8473263,0.0,0.0,32.26,154.91,-0.06304100900888443,0.21538951992988586,0.9744218587875366,-0.011631987057626247,-3.0913970470428467,-0.11812533438205719,2.7038254737854004,0.0007726671174168587,1.3227108865976334e-05,8.82705207914114e-05,0.0,0.0,0.0,0.0,0.0,0.0,-0.5687857000000001,0.61781895,10.2577559,0.10471975511965978,0.06981317007977318,-0.05235987755982989,-718.0,324.0,-404.0,1600,1600,1599,1599,0,0,0,0
1763969228.8807302,0.0,0.0,32.26,154.91,-0.06303805112838745,0.21539130806922913,0.974421501159668,-0.011644341982901096,-3.0913970470428467,-0.11812533438205719,2.7038254737854004,0.0007726671174168587,1.3227108865976334e-05,8.82705207914114e-05,0.0,0.0,0.0,0.0,0.0,0.0,-0.5687857000000001,0.61781895,10.2577559,0.10471975511965978,0.06981317007977318,-0.05235987755982989,-718.0,324.0,-404.0,1600,1600,1599,1599,0,0,0,0
1763969228.914149,0.0,0.0,32.35,154.91,-0.06303805112838745,0.21539130806922913,0.974421501159668,-0.011644341982901096,-3.0913970470428467,-0.11812533438205719,2.7038254737854004,0.0007726671174168587,1.3227108865976334e-05,8.82705207914114e-05,0.0,0.0,0.0,0.0,0.0,0.0,-0.5687857000000001,0.61781895,10.2577559,0.10471975511965978,0.06981317007977318,-0.05235987755982989,-718.0,324.0,-404.0,1600,1600,1599,1599,0,0,0,0
1763969228.9475563,0.0,0.0,32.35,154.91,-0.06303805112838745,0.21539130806922913,0.974421501159668,-0.011644341982901096,-3.091397762298584,-0.11810096353292465,2.7038042545318604,0.001610328909009695,-0.0013773194514214993,0.00032847304828464985,0.0,0.0,0.0,0.0,0.0,0.0,-0.5687857000000001,0.61781895,10.2577559,0.10471975511965978,0.06981317007977318,-0.05235987755982989,-718.0,324.0,-404.0,1600,1600,1599,1599,0,0,0,0
1763969228.9809537,0.0,0.0,32.35,154.91,-0.06302621960639954,0.21540214121341705,0.9744198322296143,-0.011645924299955368,-3.091397762298584,-0.11810096353292465,2.7038042545318604,0.001610328909009695,-0.0013773194514214993,0.00032847304828464985,0.0,0.0,0.0,0.0,0.0,0.0,-0.5687857000000001,0.61781895,10.2577559,0.10471975511965978,0.06981317007977318,-0.05235987755982989,-718.0,324.0,-404.0,1600,1600,1599,1599,0,0,0,0
1763969229.0143483,0.0,0.0,32.35,154.91,-0.06302621960639954,0.21540214121341705,0.9744198322296143,-0.011645924299955368,-3.091397762298584,-0.11810096353292465,2.7038042545318604,0.001610328909009695,-0.0013773194514214993,0.00032847304828464985,0.0,0.0,0.0,0.0,0.0,0.0,-0.5687857000000001,0.61781895,10.2577559,0.10471975511965978,0.06981317007977318,-0.05235987755982989,-718.0,324.0,-404.0,1600,1600,1599,1599,0,0,0,0
1763969229.0477524,0.0,0.0,32.35,154.91,-0.06302621960639954,0.21540214121341705,0.9744198322296143,-0.011645924299955368,-3.091397762298584,-0.11810096353292465,2.7038042545318604,0.001610328909009695,-0.0013773194514214993,0.00032847304828464985,0.0,0.0,0.0,0.0,0.0,0.0,-0.5687857000000001,0.61781895,10.2577559,0.10471975511965978,0.06981317007977318,-0.05235987755982989,-718.0,324.0,-404.0,1600,1600,1599,1599,0,0,0,0
1763969229.0811503,0.0,0.0,32.35,154.91,-0.06302621960639954,0.21540214121341705,0.9744198322296143,-0.011645924299955368,-3.091397762298584,-0.11810096353292465,2.7038042545318604,0.001610328909009695,-0.0013773194514214993,0.00032847304828464985,0.0,0.0,0.0,0.0,0.0,0.0,-0.5687857000000001,0.61781895,10.2577559,0.10471975511965978,0.06981317007977318,-0.05235987755982989,-718.0,324.0,-404.0,1600,1600,1599,1599,0,0,0,0
1763969229.1145453,0.0,0.0,32.35,154.91,-0.06302621960639954,0.21540214121341705,0.9744198322296143,-0.011645924299955368,-3.091397762298584,-0.11810096353292465,2.7038042545318604,0.001610328909009695,-0.0013773194514214993,0.00032847304828464985,0.0,0.0,0.0,0.0,0.0,0.0,-0.5687857000000001,0.61781895,10.2577559,0.12217304763960307,0.05235987755982989,-0.03490658503988659,-718.0,324.0,-404.0,1600,1600,1599,1599,0,0,0,0
1763969229.147942,0.0,0.0,32.35,154.91,-0.06302621960639954,0.21540214121341705,0.9744198322296143,-0.011645924299955368,-3.0914485454559326,-0.11803601682186127,2.7037978172302246,-0.00041250744834542274,-0.0004611457698047161,0.0008525659795850515,0.0,0.0,0.0,0.0,0.0,0.0,-0.5687857000000001,0.61781895,10.2577559,0.12217304763960307,0.05235987755982989,-0.03490658503988659,-718.0,324.0,-404.0,1600,1600,1599,1599,0,0,0,0
1763969229.1813467,0.0,0.0,32.35,154.91,-0.06298918277025223,0.2154080718755722,0.9744211435317993,-0.011628135107457638,-3.0914485454559326,-0.11803601682186127,2.7037978172302246,-0.00041250744834542274,-0.0004611457698047161,0.0008525659795850515,0.0,0.0,0.0,0.0,0.0,0.0,-0.5687857000000001,0.61781895,10.2577559,0.12217304763960307,0.05235987755982989,-0.03490658503988659,-718.0,324.0,-404.0,1600,1600,1599,1599,0,0,0,0
1763969229.2147813,0.0,0.0,32.35,154.91,-0.06298918277025223,0.2154080718755722,0.9744211435317993,-0.011628135107457638,-3.0914485454559326,-0.11803601682186127,2.7037978172302246,-0.00041250744834542274,-0.0004611457698047161,0.0008525659795850515,0.0,0.0,0.0,0.0,0.0,0.0,-0.5687857000000001,0.61781895,10.2577559,0.12217304763960307,0.05235987755982989,-0.03490658503988659,-718.0,324.0,-404.0,1600,1600,1599,1599,0,0,0,0
1763969229.248197,0.0,0.0,32.33,154.91,-0.06298918277025223,0.2154080718755722,0.9744211435317993,-0.011628135107457638,-3.0914485454559326,-0.11803601682186127,2.7037978172302246,-0.00041250744834542274,-0.0004611457698047161,0.0008525659795850515,0.0,0.0,0.0,0.0,0.0,0.0,-0.5687857000000001,0.61781895,10.2577559,0.12217304763960307,0.05235987755982989,-0.03490658503988659,-718.0,324.0,-404.0,1600,1600,1599,1599,0,0,0,0
1763969229.2816153,0.0,0.0,32.33,154.91,-0.06298918277025223,0.2154080718755722,0.9744211435317993,-0.011628135107457638,-3.0914485454559326,-0.11803601682186127,2.7037978172302246,-0.00041250744834542274,-0.0004611457698047161,0.0008525659795850515,0.0,0.0,0.0,0.0,0.0,0.0,-0.5687857000000001,0.61781895,10.24794925,0.08726646259971647,0.06981317007977318,-0.03490658503988659,-721.0,322.0,-401.0,1600,1600,1599,1599,0,0,0,0
1763969229.3150313,0.0,0.0,32.33,154.91,-0.06298918277025223,0.2154080718755722,0.9744211435317993,-0.011628135107457638,-3.091442584991455,-0.11804833263158798,2.7037925720214844,-0.0011103679426014423,-0.00011270074173808098,0.00071910978294909,0.0,0.0,0.0,0.0,0.0,0.0,-0.5687857000000001,0.61781895,10.24794925,0.08726646259971647,0.06981317007977318,-0.03490658503988659,-721.0,322.0,-401.0,1600,1600,1599,1599,0,0,0,0
1763969229.3484344,0.0,0.0,32.33,154.91,-0.06299583613872528,0.21541015803813934,0.9744202494621277,-0.011629470624029636,-3.091442584991455,-0.11804833263158798,2.7037925720214844,-0.0011103679426014423,-0.00011270074173808098,0.00071910978294909,0.0,0.0,0.0,0.0,0.0,0.0,-0.5687857000000001,0.61781895,10.24794925,0.08726646259971647,0.06981317007977318,-0.03490658503988659,-721.0,322.0,-401.0,1600,1600,1599,1599,0,0,0,0
1763969229.3818338,0.0,0.0,32.38,154.91,-0.06299583613872528,0.21541015803813934,0.9744202494621277,-0.011629470624029636,-3.091442584991455,-0.11804833263158798,2.7037925720214844,-0.0011103679426014423,-0.00011270074173808098,0.00071910978294909,0.0,0.0,0.0,0.0,0.0,0.0,-0.5687857000000001,0.61781895,10.24794925,0.08726646259971647,0.06981317007977318,-0.03490658503988659,-721.0,322.0,-401.0,1600,1600,1599,1599,0,0,0,0
1763969229.4152505,0.0,0.0,32.38,154.91,-0.06299583613872528,0.21541015803813934,0.9744202494621277,-0.011629470624029636,-3.091442584991455,-0.11804833263158798,2.7037925720214844,-0.0011103679426014423,-0.00011270074173808098,0.00071910978294909,0.0,0.0,0.0,0.0,0.0,0.0,-0.5687857000000001,0.61781895,10.24794925,0.08726646259971647,0.06981317007977318,-0.03490658503988659,-721.0,322.0,-401.0,1600,1600,1599,1599,0,0,0,0
1763969229.448683,0.0,0.0,32.38,154.91,-0.06299583613872528,0.21541015803813934,0.9744202494621277,-0.011629470624029636,-3.091442584991455,-0.11804833263158798,2.7037925720214844,-0.0011103679426014423,-0.00011270074173808098,0.00071910978294909,0.0,0.0,0.0,0.0,0.0,0.0,-0.5687857000000001,0.61781895,10.2577559,0.06981317007977318,0.06981317007977318,-0.03490658503988659,-716.0,318.0,-403.0,1600,1600,1599,1599,0,0,0,0
1763969229.4820914,0.0,0.0,32.38,154.91,-0.06299583613872528,0.21541015803813934,0.9744202494621277,-0.011629470624029636,-3.09142804145813,-0.11805884540081024,2.703800678253174,0.00012722471728920937,0.0006484766490757465,0.00010213349014520645,0.0,0.0,0.0,0.0,0.0,0.0,-0.5687857000000001,0.61781895,10.2577559,0.06981317007977318,0.06981317007977318,-0.03490658503988659,-716.0,318.0,-403.0,1600,1600,1599,1599,0,0,0,0
1763969229.5154903,0.0,0.0,32.38,154.91,-0.06300247460603714,0.2154056578874588,0.9744207262992859,-0.011635664850473404,-3.09142804145813,-0.11805884540081024,2.703800678253174,0.00012722471728920937,0.0006484766490757465,0.00010213349014520645,0.0,0.0,0.0,0.0,0.0,0.0,-0.5687857000000001,0.61781895,10.2577559,0.06981317007977318,0.06981317007977318,-0.03490658503988659,-716.0,318.0,-403.0,1600,1600,1599,1599,0,0,0,0
1763969229.5489018,0.0,0.0,32.38,154.91,-0.06300247460603714,0.2154056578874588,0.9744207262992859,-0.011635664850473404,-3.09142804145813,-0.11805884540081024,2.703800678253174,0.00012722471728920937,0.0006484766490757465,0.00010213349014520645,0.0,0.0,0.0,0.0,0.0,0.0,-0.5687857000000001,0.61781895,10.2577559,0.06981317007977318,0.06981317007977318,-0.03490658503988659,-716.0,318.0,-403.0,1600,1600,1599,1599,0,0,0,0
1763969229.5823019,0.0,0.0,32.38,154.91,-0.06300247460603714,0.2154056578874588,0.9744207262992859,-0.011635664850473404,-3.09142804145813,-0.11805884540081024,2.703800678253174,0.00012722471728920937,0.0006484766490757465,0.00010213349014520645,0.0,0.0,0.0,0.0,0.0,0.0,-0.5687857000000001,0.61781895,10.2577559,0.06981317007977318,0.06981317007977318,-0.03490658503988659,-716.0,318.0,-403.0,1600,1600,1599,1599,0,0,0,0
1763969229.6157103,0.0,0.0,32.38,154.91,-0.06300247460603714,0.2154056578874588,0.9744207262992859,-0.011635664850473404,-3.09142804145813,-0.11805884540081024,2.703800678253174,0.00012722471728920937,0.0006484766490757465,0.00010213349014520645,0.0,0.0,0.0,0.0,0.0,0.0,-0.5687857000000001,0.61781895,10.2577559,0.06981317007977318,0.06981317007977318,-0.03490658503988659,-716.0,318.0,-403.0,1600,1600,1599,1599,0,0,0,0
1763969229.649145,0.0,0.0,32.38,154.91,-0.06300247460603714,0.2154056578874588,0.9744207262992859,-0.011635664850473404,-3.09142804145813,-0.11805884540081024,2.703800678253174,0.00012722471728920937,0.0006484766490757465,0.00010213349014520645,0.0,0.0,0.0,0.0,0.0,0.0,-0.5687857000000001,0.61781895,10.24794925,0.10471975511965978,0.06981317007977318,-0.05235987755982989,-716.0,318.0,-403.0,1600,1600,1599,1599,0,0,0,0
1763969229.6825495,0.0,0.0,32.38,154.91,-0.06300247460603714,0.2154056578874588,0.9744207262992859,-0.011635664850473404,-3.0914266109466553,-0.1180482879281044,2.703774929046631,0.0013929405249655247,-0.00014094216749072075,0.0011872255709022284,0.0,0.0,0.0,0.0,0.0,0.0,-0.5687857000000001,0.61781895,10.24794925,0.10471975511965978,0.06981317007977318,-0.05235987755982989,-716.0,318.0,-403.0,1600,1600,1599,1599,0,0,0,0
1763969229.7159448,0.0,0.0,32.38,154.91,-0.06299763172864914,0.21541839838027954,0.9744181632995605,-0.011636652983725071,-3.0914266109466553,-0.1180482879281044,2.703774929046631,0.0013929405249655247,-0.00014094216749072075,0.0011872255709022284,0.0,0.0,0.0,0.0,0.0,0.0,-0.5687857000000001,0.61781895,10.24794925,0.10471975511965978,0.06981317007977318,-0.05235987755982989,-716.0,318.0,-403.0,1600,1600,1599,1599,0,0,0,0
1763969229.7493637,0.0,0.0,32.4,154.91,-0.06299763172864914,0.21541839838027954,0.9744181632995605,-0.011636652983725071,-3.0914266109466553,-0.1180482879281044,2.703774929046631,0.0013929405249655247,-0.00014094216749072075,0.0011872255709022284,0.0,0.0,0.0,0.0,0.0,0.0,-0.5687857000000001,0.61781895,10.24794925,0.10471975511965978,0.06981317007977318,-0.05235987755982989,-716.0,318.0,-403.0,1600,1600,1599,1599,0,0,0,0
1763969229.782761,0.0,0.0,32.4,154.91,-0.06299763172864914,0.21541839838027954,0.9744181632995605,-0.011636652983725071,-3.091318130493164,-0.11809206008911133,2.703629732131958,-0.0002756393514573574,0.001414234284311533,0.0009711910970509052,0.0,0.0,0.0,0.0,0.0,0.0,-0.5687857000000001,0.61781895,10.24794925,0.10471975511965978,0.06981317007977318,-0.05235987755982989,-716.0,318.0,-403.0,1600,1600,1599,1599,0,0,0,0
1763969229.8161573,0.0,0.0,32.4,154.91,-0.06303146481513977,0.2154848575592041,0.9744007587432861,-0.011680158786475658,-3.091318130493164,-0.11809206008911133,2.703629732131958,-0.0002756393514573574,0.001414234284311533,0.0009711910970509052,0.0,0.0,0.0,0.0,0.0,0.0,-0.5687857000000001,0.61781895,10.24794925,0.10471975511965978,0.06981317007977318,-0.05235987755982989,-716.0,318.0,-403.0,1600,1600,1599,1599,0,0,0,0
1763969229.8495755,0.0,0.0,32.53,154.9,-0.06303146481513977,0.2154848575592041,0.9744007587432861,-0.011680158786475658,-3.091318130493164,-0.11809206008911133,2.703629732131958,-0.0002756393514573574,0.001414234284311533,0.0009711910970509052,0.0,0.0,0.0,0.0,0.0,0.0,-0.5687857000000001,0.61781895,10.24794925,0.10471975511965978,0.06981317007977318,-0.05235987755982989,-716.0,318.0,-403.0,1600,1600,1599,1599,0,0,0,0
1763969229.8829737,0.0,0.0,32.53,154.9,-0.06303146481513977,0.2154848575592041,0.9744007587432861,-0.011680158786475658,-3.091318130493164,-0.11809206008911133,2.703629732131958,-0.0002756393514573574,0.001414234284311533,0.0009711910970509052,0.0,0.0,0.0,0.0,0.0,0.0,-0.5687857000000001,0.61781895,10.24794925,0.10471975511965978,0.06981317007977318,-0.05235987755982989,-716.0,318.0,-403.0,1600,1600,1599,1599,0,0,0,0
1763969229.916445,0.0,0.0,32.53,154.9,-0.06303146481513977,0.2154848575592041,0.9744007587432861,-0.011680158786475658,-3.091318130493164,-0.11809206008911133,2.703629732131958,-0.0002756393514573574,0.001414234284311533,0.0009711910970509052,0.0,0.0,0.0,0.0,0.0,0.0,-0.5687857000000001,0.61781895,10.24794925,0.08726646259971647,0.10471975511965978,-0.03490658503988659,-713.0,321.0,-402.0,1600,1600,1599,1599,0,0,0,0
1763969229.9498467,0.0,0.0,32.53,154.9,-0.06303146481513977,0.2154848575592041,0.9744007587432861,-0.011680158786475658,-3.0913357734680176,-0.11809103935956955,2.7036075592041016,-0.00038460874930024147,0.00048717763274908066,-0.0002638343721628189,0.0,0.0,0.0,0.0,0.0,0.0,-0.5687857000000001,0.61781895,10.24794925,0.08726646259971647,0.10471975511965978,-0.03490658503988659,-713.0,321.0,-402.0,1600,1600,1599,1599,0,0,0,0
1763969229.9832516,0.0,0.0,32.53,154.9,-0.0630292147397995,0.2154962569475174,0.9743984937667847,-0.011671030893921852,-3.0913357734680176,-0.11809103935956955,2.7036075592041016,-0.00038460874930024147,0.00048717763274908066,-0.0002638343721628189,0.0,0.0,0.0,0.0,0.0,0.0,-0.5687857000000001,0.61781895,10.24794925,0.08726646259971647,0.10471975511965978,-0.03490658503988659,-713.0,321.0,-402.0,1600,1600,1599,1599,0,0,0,0
1763969230.0166497,0.0,0.0,32.53,154.9,-0.0630292147397995,0.2154962569475174,0.9743984937667847,-0.011671030893921852,-3.0913357734680176,-0.11809103935956955,2.7036075592041016,-0.00038460874930024147,0.00048717763274908066,-0.0002638343721628189,0.0,0.0,0.0,0.0,0.0,0.0,-0.5687857000000001,0.61781895,10.24794925,0.08726646259971647,0.10471975511965978,-0.03490658503988659,-713.0,321.0,-402.0,1600,1600,1599,1599,0,0,0,0
1763969230.050072,0.0,0.0,32.53,154.9,-0.0630292147397995,0.2154962569475174,0.9743984937667847,-0.011671030893921852,-3.0913357734680176,-0.11809103935956955,2.7036075592041016,-0.00038460874930024147,0.00048717763274908066,-0.0002638343721628189,0.0,0.0,0.0,0.0,0.0,0.0,-0.5687857000000001,0.61781895,10.24794925,0.08726646259971647,0.10471975511965978,-0.03490658503988659,-713.0,321.0,-402.0,1600,1600,1599,1599,0,0,0,0
1763969230.0834732,0.0,0.0,32.53,154.9,-0.0630292147397995,0.2154962569475174,0.9743984937667847,-0.011671030893921852,-3.0913357734680176,-0.11809103935956955,2.7036075592041016,-0.00038460874930024147,0.00048717763274908066,-0.0002638343721628189,0.0,0.0,0.0,0.0,0.0,0.0,-0.55897905,0.6080123,10.2577559,0.08726646259971647,0.08726646259971647,-0.05235987755982989,-713.0,321.0,-402.0,1600,1600,1599,1599,0,0,0,0
1763969230.1168785,0.0,0.0,32.53,154.9,-0.0630292147397995,0.2154962569475174,0.9743984937667847,-0.011671030893921852,-3.0913314819335938,-0.11809886246919632,2.703596830368042,0.0011388217099010944,-0.0007795470301061869,-0.0004896624013781548,0.0,0.0,0.0,0.0,0.0,0.0,-0.55897905,0.6080123,10.2577559,0.08726646259971647,0.08726646259971647,-0.05235987755982989,-713.0,321.0,-402.0,1600,1600,1599,1599,0,0,0,0
1763969230.1502802,0.0,0.0,32.53,154.9,-0.06303352862596512,0.21550121903419495,0.9743971824645996,-0.011671914719045162,-3.0913314819335938,-0.11809886246919632,2.703596830368042,0.0011388217099010944,-0.0007795470301061869,-0.0004896624013781548,0.0,0.0,0.0,0.0,0.0,0.0,-0.55897905,0.6080123,10.2577559,0.08726646259971647,0.08726646259971647,-0.05235987755982989,-713.0,321.0,-402.0,1600,1600,1599,1599,0,0,0,0
1763969230.1836743,0.0,0.0,32.29,154.9,-0.06303352862596512,0.21550121903419495,0.9743971824645996,-0.011671914719045162,-3.0913314819335938,-0.11809886246919632,2.703596830368042,0.0011388217099010944,-0.0007795470301061869,-0.0004896624013781548,0.0,0.0,0.0,0.0,0.0,0.0,-0.55897905,0.6080123,10.2577559,0.08726646259971647,0.08726646259971647,-0.05235987755982989,-713.0,321.0,-402.0,1600,1600,1599,1599,0,0,0,0
1763969230.2170713,0.0,0.0,32.29,154.9,-0.06303352862596512,0.21550121903419495,0.9743971824645996,-0.011671914719045162,-3.0913314819335938,-0.11809886246919632,2.703596830368042,0.0011388217099010944,-0.0007795470301061869,-0.0004896624013781548,0.0,0.0,0.0,0.0,0.0,0.0,-0.55897905,0.6080123,10.2577559,0.08726646259971647,0.08726646259971647,-0.05235987755982989,-713.0,321.0,-402.0,1600,1600,1599,1599,0,0,0,0
1763969230.250499,0.0,0.0,32.29,154.9,-0.06303352862596512,0.21550121903419495,0.9743971824645996,-0.011671914719045162,-3.0913314819335938,-0.11809886246919632,2.703596830368042,0.0011388217099010944,-0.0007795470301061869,-0.0004896624013781548,0.0,0.0,0.0,0.0,0.0,0.0,-0.588399,0.61781895,10.2577559,0.10471975511965978,0.05235987755982989,-0.05235987755982989,-717.0,319.0,-402.0,1600,1600,1599,1599,0,0,0,0
1763969230.2839026,0.0,0.0,32.29,154.9,-0.06303352862596512,0.21550121903419495,0.9743971824645996,-0.011671914719045162,-3.091365098953247,-0.11807078123092651,2.7036139965057373,-0.000367108266800642,-0.0016578102950006723,-0.0005318089388310909,0.0,0.0,0.0,0.0,0.0,0.0,-0.588399,0.61781895,10.2577559,0.10471975511965978,0.05235987755982989,-0.05235987755982989,-717.0,319.0,-402.0,1600,1600,1599,1599,0,0,0,0
1763969230.3172984,0.0,0.0,32.29,154.9,-0.0630161315202713,0.21549442410469055,0.9743998646736145,-0.011659100651741028,-3.091365098953247,-0.11807078123092651,2.7036139965057373,-0.000367108266800642,-0.0016578102950006723,-0.0005318089388310909,0.0,0.0,0.0,0.0,0.0,0.0,-0.588399,0.61781895,10.2577559,0.10471975511965978,0.05235987755982989,-0.05235987755982989,-717.0,319.0,-402.0,1600,1600,1599,1599,0,0,0,0
1763969230.3506966,0.0,0.0,32.29,154.9,-0.0630161315202713,0.21549442410469055,0.9743998646736145,-0.011659100651741028,-3.091365098953247,-0.11807078123092651,2.7036139965057373,-0.000367108266800642,-0.0016578102950006723,-0.0005318089388310909,0.0,0.0,0.0,0.0,0.0,0.0,-0.588399,0.61781895,10.2577559,0.10471975511965978,0.05235987755982989,-0.05235987755982989,-717.0,319.0,-402.0,1600,1600,1599,1599,0,0,0,0
1763969230.384093,0.0,0.0,32.29,154.9,-0.0630161315202713,0.21549442410469055,0.9743998646736145,-0.011659100651741028,-3.091365098953247,-0.11807078123092651,2.7036139965057373,-0.000367108266800642,-0.0016578102950006723,-0.0005318089388310909,0.0,0.0,0.0,0.0,0.0,0.0,-0.588399,0.61781895,10.2577559,0.10471975511965978,0.05235987755982989,-0.05235987755982989,-717.0,319.0,-402.0,1600,1600,1599,1599,0,0,0,0
1763969230.4175158,0.0,0.0,32.29,154.9,-0.0630161315202713,0.21549442410469055,0.9743998646736145,-0.011659100651741028,-3.091365098953247,-0.11807078123092651,2.7036139965057373,-0.000367108266800642,-0.0016578102950006723,-0.0005318089388310909,0.0,0.0,0.0,0.0,0.0,0.0,-0.588399,0.63743225,10.24794925,0.08726646259971647,0.03490658503988659,-0.05235987755982989,-717.0,319.0,-402.0,1600,1600,1599,1599,0,0,0,0
1763969230.4509192,0.0,0.0,32.29,154.9,-0.0630161315202713,0.21549442410469055,0.9743998646736145,-0.011659100651741028,-3.091387987136841,-0.11804035305976868,2.703631639480591,-0.0004621814005076885,-0.00010776147246360779,0.00013873190619051456,0.0,0.0,0.0,0.0,0.0,0.0,-0.588399,0.63743225,10.24794925,0.08726646259971647,0.03490658503988659,-0.05235987755982989,-717.0,319.0,-402.0,1600,1600,1599,1599,0,0,0,0
1763969230.4843183,0.0,0.0,32.29,154.9,-0.06299876421689987,0.2154870480298996,0.9744027853012085,-0.01165187731385231,-3.091387987136841,-0.11804035305976868,2.703631639480591,-0.0004621814005076885,-0.00010776147246360779,0.00013873190619051456,0.0,0.0,0.0,0.0,0.0,0.0,-0.588399,0.63743225,10.24794925,0.08726646259971647,0.03490658503988659,-0.05235987755982989,-717.0,319.0,-402.0,1600,1600,1599,1599,0,0,0,0
1763969230.5177116,0.0,0.0,32.29,154.9,-0.06299876421689987,0.2154870480298996,0.9744027853012085,-0.01165187731385231,-3.091387987136841,-0.11804035305976868,2.703631639480591,-0.0004621814005076885,-0.00010776147246360779,0.00013873190619051456,0.0,0.0,0.0,0.0,0.0,0.0,-0.588399,0.63743225,10.24794925,0.08726646259971647,0.03490658503988659,-0.05235987755982989,-717.0,319.0,-402.0,1600,1600,1599,1599,0,0,0,0
1763969230.5511086,0.0,0.0,32.29,154.9,-0.06299876421689987,0.2154870480298996,0.9744027853012085,-0.01165187731385231,-3.091387987136841,-0.11804035305976868,2.703631639480591,-0.0004621814005076885,-0.00010776147246360779,0.00013873190619051456,0.0,0.0,0.0,0.0,0.0,0.0,-0.588399,0.63743225,10.24794925,0.08726646259971647,0.03490658503988659,-0.05235987755982989,-717.0,319.0,-402.0,1600,1600,1599,1599,0,0,0,0
1763969230.5845037,0.0,0.0,32.29,154.9,-0.06299876421689987,0.2154870480298996,0.9744027853012085,-0.01165187731385231,-3.091387987136841,-0.11804035305976868,2.703631639480591,-0.0004621814005076885,-0.00010776147246360779,0.00013873190619051456,0.0,0.0,0.0,0.0,0.0,0.0,-0.5687857000000001,0.61781895,10.24794925,0.08726646259971647,0.06981317007977318,-0.03490658503988659,-717.0,319.0,-402.0,1600,1600,1599,1599,0,0,0,0
1763969230.6179116,0.0,0.0,32.29,154.9,-0.06299876421689987,0.2154870480298996,0.9744027853012085,-0.01165187731385231,-3.091387987136841,-0.11804035305976868,2.703631639480591,-0.0004621814005076885,-0.00010776147246360779,0.00013873190619051456,0.0,0.0,0.0,0.0,0.0,0.0,-0.5687857000000001,0.61781895,10.24794925,0.08726646259971647,0.06981317007977318,-0.03490658503988659,-717.0,319.0,-402.0,1600,1600,1599,1599,0,0,0,0
1763969230.6513302,0.0,0.0,32.29,154.9,-0.06299876421689987,0.2154870480298996,0.9744027853012085,-0.01165187731385231,-3.0913500785827637,-0.11797201633453369,2.7035586833953857,0.0005898931995034218,0.0015529352240264416,-0.0001762073952704668,0.0,0.0,0.0,0.0,0.0,0.0,-0.5687857000000001,0.61781895,10.24794925,0.08726646259971647,0.06981317007977318,-0.03490658503988659,-717.0,319.0,-402.0,1600,1600,1599,1599,0,0,0,0
1763969230.6847324,0.0,0.0,32.29,154.9,-0.06299876421689987,0.2154870480298996,0.9744027853012085,-0.01165187731385231,-3.0913500785827637,-0.11797201633453369,2.7035586833953857,0.0005898931995034218,0.0015529352240264416,-0.0001762073952704668,0.0,0.0,0.0,0.0,0.0,0.0,-0.55897905,0.6080123,10.24794925,0.10471975511965978,0.10471975511965978,-0.05235987755982989,-722.0,321.0,-398.0,1600,1600,1599,1599,0,0,0,0
1763969230.7181273,0.0,0.0,32.29,154.9,-0.06296998262405396,0.2155226767063141,0.9743964672088623,-0.011675452813506126,-3.0913500785827637,-0.11797201633453369,2.7035586833953857,0.0005898931995034218,0.0015529352240264416,-0.0001762073952704668,0.0,0.0,0.0,0.0,0.0,0.0,-0.55897905,0.6080123,10.24794925,0.10471975511965978,0.10471975511965978,-0.05235987755982989,-722.0,321.0,-398.0,1600,1600,1599,1599,0,0,0,0
1763969230.7515442,0.0,0.0,32.29,154.9,-0.06296998262405396,0.2155226767063141,0.9743964672088623,-0.011675452813506126,-3.0913500785827637,-0.11797201633453369,2.7035586833953857,0.0005898931995034218,0.0015529352240264416,-0.0001762073952704668,0.0,0.0,0.0,0.0,0.0,0.0,-0.55897905,0.6080123,10.24794925,0.10471975511965978,0.10471975511965978,-0.05235987755982989,-722.0,321.0,-398.0,1600,1600,1599,1599,0,0,0,0
1763969230.784939,0.0,0.0,32.29,154.9,-0.06296998262405396,0.2155226767063141,0.9743964672088623,-0.011675452813506126,-3.0913498401641846,-0.11796864122152328,2.7035698890686035,-0.0010612872429192066,-0.0004326198250055313,-0.00041193910874426365,0.0,0.0,0.0,0.0,0.0,0.0,-0.55897905,0.6080123,10.24794925,0.10471975511965978,0.10471975511965978,-0.05235987755982989,-722.0,321.0,-398.0,1600,1600,1599,1599,0,0,0,0
1763969230.818333,0.0,0.0,32.29,154.9,-0.06296831369400024,0.21551722288131714,0.9743977785110474,-0.011676355265080929,-3.0913498401641846,-0.11796864122152328,2.7035698890686035,-0.0010612872429192066,-0.0004326198250055313,-0.00041193910874426365,0.0,0.0,0.0,0.0,0.0,0.0,-0.55897905,0.6080123,10.24794925,0.10471975511965978,0.10471975511965978,-0.05235987755982989,-722.0,321.0,-398.0,1600,1600,1599,1599,0,0,0,0
1763969230.851748,0.0,0.0,32.46,154.9,-0.06296831369400024,0.21551722288131714,0.9743977785110474,-0.011676355265080929,-3.0913498401641846,-0.11796864122152328,2.7035698890686035,-0.0010612872429192066,-0.0004326198250055313,-0.00041193910874426365,0.0,0.0,0.0,0.0,0.0,0.0,-0.55897905,0.6080123,10.24794925,0.10471975511965978,0.10471975511965978,-0.05235987755982989,-722.0,321.0,-398.0,1600,1600,1599,1599,0,0,0,0
1763969230.8851454,0.0,0.0,32.46,154.9,-0.06296831369400024,0.21551722288131714,0.9743977785110474,-0.011676355265080929,-3.0913498401641846,-0.11796864122152328,2.7035698890686035,-0.0010612872429192066,-0.0004326198250055313,-0.00041193910874426365,0.0,0.0,0.0,0.0,0.0,0.0,-0.55897905,0.6080123,10.24794925,0.10471975511965978,0.10471975511965978,-0.05235987755982989,-722.0,321.0,-398.0,1600,1600,1599,1599,0,0,0,0
1763969230.9186118,0.0,0.0,32.46,154.9,-0.06296831369400024,0.21551722288131714,0.9743977785110474,-0.011676355265080929,-3.0913498401641846,-0.11796864122152328,2.7035698890686035,-0.0010612872429192066,-0.0004326198250055313,-0.00041193910874426365,0.0,0.0,0.0,0.0,0.0,0.0,-0.55897905,0.6080123,10.24794925,0.10471975511965978,0.10471975511965978,-0.05235987755982989,-722.0,321.0,-398.0,1600,1600,1599,1599,0,0,0,0
1763969230.9520483,0.0,0.0,32.46,154.9,-0.06296831369400024,0.21551722288131714,0.9743977785110474,-0.011676355265080929,-3.0913498401641846,-0.11796864122152328,2.7035698890686035,-0.0010612872429192066,-0.0004326198250055313,-0.00041193910874426365,0.0,0.0,0.0,0.0,0.0,0.0,-0.588399,0.6276256,10.2577559,0.06981317007977318,0.06981317007977318,-0.05235987755982989,-719.0,322.0,-400.0,1600,1600,1599,1599,0,0,0,0
1763969230.985455,0.0,0.0,32.46,154.9,-0.06296831369400024,0.21551722288131714,0.9743977785110474,-0.011676355265080929,-3.091374635696411,-0.11795148998498917,2.703558921813965,-0.001274789683520794,-0.0009609623812139034,0.00014639273285865784,0.0,0.0,0.0,0.0,0.0,0.0,-0.588399,0.6276256,10.2577559,0.06981317007977318,0.06981317007977318,-0.05235987755982989,-719.0,322.0,-400.0,1600,1600,1599,1599,0,0,0,0
1763969231.0188487,0.0,0.0,32.46,154.9,-0.06295735388994217,0.21552376449108124,0.9743971824645996,-0.011665794998407364,-3.091374635696411,-0.11795148998498917,2.703558921813965,-0.001274789683520794,-0.0009609623812139034,0.00014639273285865784,0.0,0.0,0.0,0.0,0.0,0.0,-0.588399,0.6276256,10.2577559,0.06981317007977318,0.06981317007977318,-0.05235987755982989,-719.0,322.0,-400.0,1600,1600,1599,1599,0,0,0,0
1763969231.0522738,0.0,0.0,32.46,154.9,-0.06295735388994217,0.21552376449108124,0.9743971824645996,-0.011665794998407364,-3.091374635696411,-0.11795148998498917,2.703558921813965,-0.001274789683520794,-0.0009609623812139034,0.00014639273285865784,0.0,0.0,0.0,0.0,0.0,0.0,-0.588399,0.6276256,10.2577559,0.06981317007977318,0.06981317007977318,-0.05235987755982989,-719.0,322.0,-400.0,1600,1600,1599,1599,0,0,0,0
1763969231.0856702,0.0,0.0,32.46,154.9,-0.06295735388994217,0.21552376449108124,0.9743971824645996,-0.011665794998407364,-3.091374635696411,-0.11795148998498917,2.703558921813965,-0.001274789683520794,-0.0009609623812139034,0.00014639273285865784,0.0,0.0,0.0,0.0,0.0,0.0,-0.588399,0.6276256,10.2577559,0.06981317007977318,0.06981317007977318,-0.05235987755982989,-719.0,322.0,-400.0,1600,1600,1599,1599,0,0,0,0
1763969231.1190743,0.0,0.0,32.46,154.9,-0.06295735388994217,0.21552376449108124,0.9743971824645996,-0.011665794998407364,-3.091374635696411,-0.11795148998498917,2.703558921813965,-0.001274789683520794,-0.0009609623812139034,0.00014639273285865784,0.0,0.0,0.0,0.0,0.0,0.0,-0.588399,0.6276256,10.2577559,0.06981317007977318,0.06981317007977318,-0.05235987755982989,-719.0,322.0,-400.0,1600,1600,1599,1599,0,0,0,0
1763969231.152479,0.0,0.0,32.46,154.9,-0.06295735388994217,0.21552376449108124,0.9743971824645996,-0.011665794998407364,-3.091374635696411,-0.11795148998498917,2.703558921813965,-0.001274789683520794,-0.0009609623812139034,0.00014639273285865784,0.0,0.0,0.0,0.0,0.0,0.0,-0.588399,0.63743225,10.24794925,0.06981317007977318,0.05235987755982989,-0.03490658503988659,-719.0,322.0,-400.0,1600,1600,1599,1599,0,0,0,0
1763969231.1858728,0.0,0.0,32.46,154.9,-0.06295735388994217,0.21552376449108124,0.9743971824645996,-0.011665794998407364,-3.0913846492767334,-0.11792879551649094,2.7035892009735107,5.3085386753082275e-05,-0.0005261590704321861,-0.0021072407253086567,0.0,0.0,0.0,0.0,0.0,0.0,-0.588399,0.63743225,10.24794925,0.06981317007977318,0.05235987755982989,-0.03490658503988659,-719.0,322.0,-400.0,1600,1600,1599,1599,0,0,0,0
1763969231.2192686,0.0,0.0,32.46,154.9,-0.06294505298137665,0.21550972759723663,0.97440105676651,-0.01166433934122324,-3.0913846492767334,-0.11792879551649094,2.7035892009735107,5.3085386753082275e-05,-0.0005261590704321861,-0.0021072407253086567,0.0,0.0,0.0,0.0,0.0,0.0,-0.588399,0.63743225,10.24794925,0.06981317007977318,0.05235987755982989,-0.03490658503988659,-719.0,322.0,-400.0,1600,1600,1599,1599,0,0,0,0
1763969231.2527053,0.0,0.0,32.46,154.9,-0.06294505298137665,0.21550972759723663,0.97440105676651,-0.01166433934122324,-3.0913846492767334,-0.11792879551649094,2.7035892009735107,5.3085386753082275e-05,-0.0005261590704321861,-0.0021072407253086567,0.0,0.0,0.0,0.0,0.0,0.0,-0.588399,0.63743225,10.24794925,0.06981317007977318,0.05235987755982989,-0.03490658503988659,-719.0,322.0,-400.0,1600,1600,1599,1599,0,0,0,0
1763969231.2861125,0.0,0.0,32.46,154.9,-0.06294505298137665,0.21550972759723663,0.97440105676651,-0.01166433934122324,-3.0913846492767334,-0.11792879551649094,2.7035892009735107,5.3085386753082275e-05,-0.0005261590704321861,-0.0021072407253086567,0.0,0.0,0.0,0.0,0.0,0.0,-0.588399,0.63743225,10.24794925,0.06981317007977318,0.05235987755982989,-0.03490658503988659,-719.0,322.0,-400.0,1600,1600,1599,1599,0,0,0,0
1763969231.31951,0.0,0.0,32.46,154.9,-0.06294505298137665,0.21550972759723663,0.97440105676651,-0.01166433934122324,-3.0913846492767334,-0.11792879551649094,2.7035892009735107,5.3085386753082275e-05,-0.0005261590704321861,-0.0021072407253086567,0.0,0.0,0.0,0.0,0.0,0.0,-0.5687857000000001,0.61781895,10.24794925,0.08726646259971647,0.06981317007977318,-0.08726646259971647,-719.0,322.0,-400.0,1600,1600,1599,1599,0,0,0,0
1763969231.352952,0.0,0.0,32.46,154.9,-0.06294505298137665,0.21550972759723663,0.97440105676651,-0.01166433934122324,-3.091386318206787,-0.11790282279253006,2.7035841941833496,0.001361676026135683,-0.0014530259650200605,0.00021059601567685604,0.0,0.0,0.0,0.0,0.0,0.0,-0.5687857000000001,0.61781895,10.24794925,0.08726646259971647,0.06981317007977318,-0.08726646259971647,-719.0,322.0,-400.0,1600,1600,1599,1599,0,0,0,0
1763969231.3863509,0.0,0.0,32.46,154.9,-0.06293226778507233,0.21551263332366943,0.9744012355804443,-0.01166623830795288,-3.091386318206787,-0.11790282279253006,2.7035841941833496,0.001361676026135683,-0.0014530259650200605,0.00021059601567685604,0.0,0.0,0.0,0.0,0.0,0.0,-0.5687857000000001,0.61781895,10.24794925,0.08726646259971647,0.06981317007977318,-0.08726646259971647,-719.0,322.0,-400.0,1600,1600,1599,1599,0,0,0,0
1763969231.4197695,0.0,0.0,32.44,154.9,-0.06293226778507233,0.21551263332366943,0.9744012355804443,-0.01166623830795288,-3.091386318206787,-0.11790282279253006,2.7035841941833496,0.001361676026135683,-0.0014530259650200605,0.00021059601567685604,0.0,0.0,0.0,0.0,0.0,0.0,-0.5687857000000001,0.61781895,10.24794925,0.08726646259971647,0.06981317007977318,-0.08726646259971647,-719.0,322.0,-400.0,1600,1600,1599,1599,0,0,0,0
1763969231.4531844,0.0,0.0,32.44,154.9,-0.06293226778507233,0.21551263332366943,0.9744012355804443,-0.01166623830795288,-3.091386318206787,-0.11790282279253006,2.7035841941833496,0.001361676026135683,-0.0014530259650200605,0.00021059601567685604,0.0,0.0,0.0,0.0,0.0,0.0,-0.5687857000000001,0.61781895,10.24794925,0.08726646259971647,0.06981317007977318,-0.08726646259971647,-719.0,322.0,-400.0,1600,1600,1599,1599,0,0,0,0
1763969231.486582,0.0,0.0,32.44,154.9,-0.06293226778507233,0.21551263332366943,0.9744012355804443,-0.01166623830795288,-3.091280698776245,-0.1178622841835022,2.703477382659912,0.0007449290715157986,0.0004285709001123905,0.0007845622021704912,0.0,0.0,0.0,0.0,0.0,0.0,-0.5687857000000001,0.61781895,10.24794925,0.08726646259971647,0.06981317007977318,-0.08726646259971647,-719.0,322.0,-400.0,1600,1600,1599,1599,0,0,0,0
1763969231.519985,0.0,0.0,32.44,154.9,-0.06292449682950974,0.2155621200799942,0.9743901491165161,-0.011718661524355412,-3.091280698776245,-0.1178622841835022,2.703477382659912,0.0007449290715157986,0.0004285709001123905,0.0007845622021704912,0.0,0.0,0.0,0.0,0.0,0.0,-0.5687857000000001,0.61781895,10.24794925,0.08726646259971647,0.06981317007977318,-0.08726646259971647,-719.0,322.0,-400.0,1600,1600,1599,1599,0,0,0,0
1763969231.5534065,0.0,0.0,32.46,154.89,-0.06292449682950974,0.2155621200799942,0.9743901491165161,-0.011718661524355412,-3.091280698776245,-0.1178622841835022,2.703477382659912,0.0007449290715157986,0.0004285709001123905,0.0007845622021704912,0.0,0.0,0.0,0.0,0.0,0.0,-0.5687857000000001,0.61781895,10.24794925,0.08726646259971647,0.06981317007977318,-0.08726646259971647,-719.0,322.0,-400.0,1600,1600,1599,1599,0,0,0,0
1763969231.5868063,0.0,0.0,32.46,154.89,-0.06292449682950974,0.2155621200799942,0.9743901491165161,-0.011718661524355412,-3.091291666030884,-0.11788085848093033,2.7034912109375,0.00015334226191043854,0.0006195437163114548,0.00013319216668605804,0.0,0.0,0.0,0.0,0.0,0.0,-0.5687857000000001,0.61781895,10.24794925,0.08726646259971647,0.06981317007977318,-0.08726646259971647,-719.0,322.0,-400.0,1600,1600,1599,1599,0,0,0,0
1763969231.6202037,0.0,0.0,32.46,154.89,-0.06293231248855591,0.21555541455745697,0.9743912220001221,-0.011711832135915756,-3.091291666030884,-0.11788085848093033,2.7034912109375,0.00015334226191043854,0.0006195437163114548,0.00013319216668605804,0.0,0.0,0.0,0.0,0.0,0.0,-0.5687857000000001,0.61781895,10.24794925,0.08726646259971647,0.06981317007977318,-0.08726646259971647,-719.0,322.0,-400.0,1600,1600,1599,1599,0,0,0,0
1763969231.6537504,0.0,0.0,32.46,154.89,-0.06293231248855591,0.21555541455745697,0.9743912220001221,-0.011711832135915756,-3.091291666030884,-0.11788085848093033,2.7034912109375,0.00015334226191043854,0.0006195437163114548,0.00013319216668605804,0.0,0.0,0.0,0.0,0.0,0.0,-0.5687857000000001,0.61781895,10.24794925,0.08726646259971647,0.06981317007977318,-0.08726646259971647,-719.0,322.0,-400.0,1600,1600,1599,1599,0,0,0,0
1763969231.6871493,0.0,0.0,32.46,154.89,-0.06293231248855591,0.21555541455745697,0.9743912220001221,-0.011711832135915756,-3.09128475189209,-0.11789985001087189,2.703498363494873,0.0006975019350647926,-3.0170660465955734e-05,-0.00010469742119312286,0.0,0.0,0.0,0.0,0.0,0.0,-0.5687857000000001,0.61781895,10.24794925,0.08726646259971647,0.06981317007977318,-0.08726646259971647,-719.0,322.0,-400.0,1600,1600,1599,1599,0,0,0,0
1763969231.7205462,0.0,0.0,32.46,154.89,-0.06293231248855591,0.21555541455745697,0.9743912220001221,-0.011711832135915756,-3.091264247894287,-0.11792078614234924,2.7035014629364014,0.0018963096663355827,0.00044089416041970253,-0.00028543942607939243,0.0,0.0,0.0,0.0,0.0,0.0,-0.5687857000000001,0.61781895,10.24794925,0.08726646259971647,0.06981317007977318,-0.08726646259971647,-719.0,322.0,-400.0,1600,1600,1599,1599,0,0,0,0
1763969231.753956,0.0,0.0,32.46,154.89,-0.0629546120762825,0.2155487835407257,0.9743911027908325,-0.011721061542630196,-3.091264247894287,-0.11792078614234924,2.7035014629364014,0.0018963096663355827,0.00044089416041970253,-0.00028543942607939243,0.0,0.0,0.0,0.0,0.0,0.0,-0.5687857000000001,0.61781895,10.24794925,0.08726646259971647,0.06981317007977318,-0.08726646259971647,-719.0,322.0,-400.0,1600,1600,1599,1599,0,0,0,0
1763969231.7873538,0.0,0.0,32.44,154.89,-0.0629546120762825,0.2155487835407257,0.9743911027908325,-0.011721061542630196,-3.091264247894287,-0.11792078614234924,2.7035014629364014,0.0018963096663355827,0.00044089416041970253,-0.00028543942607939243,0.0,0.0,0.0,0.0,0.0,0.0,-0.5687857000000001,0.61781895,10.24794925,0.08726646259971647,0.06981317007977318,-0.08726646259971647,-719.0,322.0,-400.0,1600,1600,1599,1599,0,0,0,0
1763969231.8207703,0.0,0.0,32.44,154.89,-0.0629563257098198,0.2155514508485794,0.97439044713974,-0.011716625653207302,-3.091264247894287,-0.11792078614234924,2.7035014629364014,0.0018963096663355827,0.00044089416041970253,-0.00028543942607939243,0.0,0.0,0.0,0.0,0.0,0.0,-0.5687857000000001,0.61781895,10.24794925,0.08726646259971647,0.06981317007977318,-0.08726646259971647,-719.0,322.0,-400.0,1600,1600,1599,1599,0,0,0,0
1763969231.8542163,0.0,0.0,32.44,154.89,-0.0629563257098198,0.2155514508485794,0.97439044713974,-0.011716625653207302,-3.091264247894287,-0.11792078614234924,2.7035014629364014,0.0018963096663355827,0.00044089416041970253,-0.00028543942607939243,0.0,0.0,0.0,0.0,0.0,0.0,-0.5687857000000001,0.61781895,10.24794925,0.08726646259971647,0.06981317007977318,-0.08726646259971647,-719.0,322.0,-400.0,1600,1600,1599,1599,0,0,0,0
1763969231.887618,0.0,0.0,32.44,154.89,-0.0629563257098198,0.2155514508485794,0.97439044713974,-0.011716625653207302,-3.091264247894287,-0.11792078614234924,2.7035014629364014,0.0018963096663355827,0.00044089416041970253,-0.00028543942607939243,0.0,0.0,0.0,0.0,0.0,0.0,-0.5687857000000001,0.61781895,10.24794925,0.08726646259971647,0.06981317007977318,-0.08726646259971647,-719.0,322.0,-400.0,1600,1600,1599,1599,0,0,0,0
1763969231.9210355,0.0,0.0,32.44,154.89,-0.0629563257098198,0.2155514508485794,0.97439044713974,-0.011716625653207302,-3.091264247894287,-0.11792078614234924,2.7035014629364014,0.0018963096663355827,0.00044089416041970253,-0.00028543942607939243,0.0,0.0,0.0,0.0,0.0,0.0,-0.5687857000000001,0.61781895,10.2577559,0.10471975511965978,0.06981317007977318,-0.05235987755982989,-716.0,318.0,-401.0,1600,1600,1599,1599,0,0,0,0
1763969231.9544427,0.0,0.0,32.44,154.89,-0.06295507401227951,0.2155470848083496,0.9743914008140564,-0.011724280193448067,-3.091264247894287,-0.11792078614234924,2.7035014629364014,0.0018963096663355827,0.00044089416041970253,-0.00028543942607939243,0.0,0.0,0.0,0.0,0.0,0.0,-0.5687857000000001,0.61781895,10.2577559,0.10471975511965978,0.06981317007977318,-0.05235987755982989,-716.0,318.0,-401.0,1600,1600,1599,1599,0,0,0,0
1763969231.9878383,0.0,0.0,32.44,154.89,-0.06295507401227951,0.2155470848083496,0.9743914008140564,-0.011724280193448067,-3.091264247894287,-0.11792078614234924,2.7035014629364014,0.0018963096663355827,0.00044089416041970253,-0.00028543942607939243,0.0,0.0,0.0,0.0,0.0,0.0,-0.5687857000000001,0.61781895,10.2577559,0.10471975511965978,0.06981317007977318,-0.05235987755982989,-716.0,318.0,-401.0,1600,1600,1599,1599,0,0,0,0
1763969232.0212348,0.0,0.0,32.44,154.89,-0.06295507401227951,0.2155470848083496,0.9743914008140564,-0.011724280193448067,-3.091264247894287,-0.11792078614234924,2.7035014629364014,0.0018963096663355827,0.00044089416041970253,-0.00028543942607939243,0.0,0.0,0.0,0.0,0.0,0.0,-0.5687857000000001,0.61781895,10.2577559,0.10471975511965978,0.06981317007977318,-0.05235987755982989,-716.0,318.0,-401.0,1600,1600,1599,1599,0,0,0,0
1763969232.0546632,0.0,0.0,32.44,154.89,-0.06295507401227951,0.2155470848083496,0.9743914008140564,-0.011724280193448067,-3.091264247894287,-0.11792078614234924,2.7035014629364014,0.0018963096663355827,0.00044089416041970253,-0.00028543942607939243,0.0,0.0,0.0,0.0,0.0,0.0,-0.5687857000000001,0.61781895,10.2577559,0.10471975511965978,0.06981317007977318,-0.05235987755982989,-716.0,318.0,-401.0,1600,1600,1599,1599,0,0,0,0
1763969232.0880597,0.0,0.0,32.44,154.89,-0.06295507401227951,0.2155470848083496,0.9743914008140564,-0.011724280193448067,-3.091264247894287,-0.11792078614234924,2.7035014629364014,0.0018963096663355827,0.00044089416041970253,-0.00028543942607939243,0.0,0.0,0.0,0.0,0.0,0.0,-0.5687857000000001,0.61781895,10.2577559,0.10471975511965978,0.06981317007977318,-0.05235987755982989,-716.0,318.0,-401.0,1600,1600,1599,1599,0,0,0,0
1763969232.1214576,0.0,0.0,32.44,154.89,-0.06295507401227951,0.2155470848083496,0.9743914008140564,-0.011724280193448067,-3.091264247894287,-0.11792078614234924,2.7035014629364014,0.0018963096663355827,0.00044089416041970253,-0.00028543942607939243,0.0,0.0,0.0,0.0,0.0,0.0,-0.5687857000000001,0.61781895,10.24794925,0.10471975511965978,0.06981317007977318,-0.05235987755982989,-722.0,320.0,-402.0,1600,1600,1599,1599,0,0,0,0
1763969232.1548612,0.0,0.0,32.44,154.89,-0.06295507401227951,0.2155470848083496,0.9743914008140564,-0.011724280193448067,-3.0912723541259766,-0.117916539311409,2.703521251678467,-0.0008485876023769379,-0.000182401854544878,0.0005874112248420715,0.0,0.0,0.0,0.0,0.0,0.0,-0.5687857000000001,0.61781895,10.24794925,0.10471975511965978,0.06981317007977318,-0.05235987755982989,-722.0,320.0,-402.0,1600,1600,1599,1599,0,0,0,0
1763969232.1882584,0.0,0.0,32.44,154.89,-0.06295507401227951,0.2155470848083496,0.9743914008140564,-0.011724280193448067,-3.0912904739379883,-0.11789162456989288,2.7034449577331543,0.0007781176827847958,-0.0010562895331531763,0.00040647550486028194,0.0,0.0,0.0,0.0,0.0,0.0,-0.5687857000000001,0.61781895,10.24794925,0.10471975511965978,0.06981317007977318,-0.05235987755982989,-722.0,320.0,-402.0,1600,1600,1599,1599,0,0,0,0
1763969232.2216609,0.0,0.0,32.44,154.89,-0.06293794512748718,0.21557776629924774,0.9743859171867371,-0.011709780432283878,-3.0912904739379883,-0.11789162456989288,2.7034449577331543,0.0007781176827847958,-0.0010562895331531763,0.00040647550486028194,0.0,0.0,0.0,0.0,0.0,0.0,-0.5687857000000001,0.61781895,10.24794925,0.10471975511965978,0.06981317007977318,-0.05235987755982989,-722.0,320.0,-402.0,1600,1600,1599,1599,0,0,0,0
1763969232.2550695,0.0,0.0,32.39,154.89,-0.06293794512748718,0.21557776629924774,0.9743859171867371,-0.011709780432283878,-3.0912904739379883,-0.11789162456989288,2.7034449577331543,0.0007781176827847958,-0.0010562895331531763,0.00040647550486028194,0.0,0.0,0.0,0.0,0.0,0.0,-0.5687857000000001,0.61781895,10.24794925,0.10471975511965978,0.06981317007977318,-0.05235987755982989,-722.0,320.0,-402.0,1600,1600,1599,1599,0,0,0,0
1763969232.2884774,0.0,0.0,32.39,154.89,-0.06293794512748718,0.21557776629924774,0.9743859171867371,-0.011709780432283878,-3.0912904739379883,-0.11789162456989288,2.7034449577331543,0.0007781176827847958,-0.0010562895331531763,0.00040647550486028194,0.0,0.0,0.0,0.0,0.0,0.0,-0.5687857000000001,0.61781895,10.24794925,0.10471975511965978,0.06981317007977318,-0.05235987755982989,-722.0,320.0,-402.0,1600,1600,1599,1599,0,0,0,0
1763969232.3218763,0.0,0.0,32.39,154.89,-0.06293794512748718,0.21557776629924774,0.9743859171867371,-0.011709780432283878,-3.0912904739379883,-0.11789162456989288,2.7034449577331543,0.0007781176827847958,-0.0010562895331531763,0.00040647550486028194,0.0,0.0,0.0,0.0,0.0,0.0,-0.5687857000000001,0.61781895,10.24794925,0.10471975511965978,0.06981317007977318,-0.05235987755982989,-722.0,320.0,-402.0,1600,1600,1599,1599,0,0,0,0
1763969232.355282,0.0,0.0,32.39,154.89,-0.06293794512748718,0.21557776629924774,0.9743859171867371,-0.011709780432283878,-3.0912904739379883,-0.11789162456989288,2.7034449577331543,0.0007781176827847958,-0.0010562895331531763,0.00040647550486028194,0.0,0.0,0.0,0.0,0.0,0.0,-0.5687857000000001,0.61781895,10.2577559,0.10471975511965978,0.05235987755982989,-0.03490658503988659,-721.0,320.0,-403.0,1600,1600,1599,1599,0,0,0,0
1763969232.388677,0.0,0.0,32.39,154.89,-0.06293794512748718,0.21557776629924774,0.9743859171867371,-0.011709780432283878,-3.0912904739379883,-0.11790067702531815,2.7034502029418945,-0.0006353762000799179,-3.523426130414009e-05,0.0009684946853667498,0.0,0.0,0.0,0.0,0.0,0.0,-0.5687857000000001,0.61781895,10.2577559,0.10471975511965978,0.05235987755982989,-0.03490658503988659,-721.0,320.0,-403.0,1600,1600,1599,1599,0,0,0,0
1763969232.4220943,0.0,0.0,32.39,154.89,-0.06294230371713638,0.21557502448558807,0.9743862748146057,-0.011708882637321949,-3.0912904739379883,-0.11790067702531815,2.7034502029418945,-0.0006353762000799179,-3.523426130414009e-05,0.0009684946853667498,0.0,0.0,0.0,0.0,0.0,0.0,-0.5687857000000001,0.61781895,10.2577559,0.10471975511965978,0.05235987755982989,-0.03490658503988659,-721.0,320.0,-403.0,1600,1600,1599,1599,0,0,0,0
1763969232.455617,0.0,0.0,32.39,154.89,-0.06294230371713638,0.21557502448558807,0.9743862748146057,-0.011708882637321949,-3.0912904739379883,-0.11790067702531815,2.7034502029418945,-0.0006353762000799179,-3.523426130414009e-05,0.0009684946853667498,0.0,0.0,0.0,0.0,0.0,0.0,-0.5687857000000001,0.61781895,10.2577559,0.10471975511965978,0.05235987755982989,-0.03490658503988659,-721.0,320.0,-403.0,1600,1600,1599,1599,0,0,0,0
1763969232.489017,0.0,0.0,32.39,154.89,-0.06294230371713638,0.21557502448558807,0.9743862748146057,-0.011708882637321949,-3.0912904739379883,-0.11790067702531815,2.7034502029418945,-0.0006353762000799179,-3.523426130414009e-05,0.0009684946853667498,0.0,0.0,0.0,0.0,0.0,0.0,-0.5687857000000001,0.61781895,10.2577559,0.10471975511965978,0.05235987755982989,-0.03490658503988659,-721.0,320.0,-403.0,1600,1600,1599,1599,0,0,0,0
1763969232.5224197,0.0,0.0,32.39,154.89,-0.06294230371713638,0.21557502448558807,0.9743862748146057,-0.011708882637321949,-3.0912904739379883,-0.11790067702531815,2.7034502029418945,-0.0006353762000799179,-3.523426130414009e-05,0.0009684946853667498,0.0,0.0,0.0,0.0,0.0,0.0,-0.5687857000000001,0.6080123,10.2577559,0.06981317007977318,0.06981317007977318,-0.03490658503988659,-721.0,320.0,-403.0,1600,1600,1599,1599,0,0,0,0
1763969232.5558164,0.0,0.0,32.39,154.89,-0.06294230371713638,0.21557502448558807,0.9743862748146057,-0.011708882637321949,-3.0912840366363525,-0.11789960414171219,2.7034621238708496,0.0006971289403736591,0.0008222595788538456,0.0006915428675711155,0.0,0.0,0.0,0.0,0.0,0.0,-0.5687857000000001,0.6080123,10.2577559,0.06981317007977318,0.06981317007977318,-0.03490658503988659,-721.0,320.0,-403.0,1600,1600,1599,1599,0,0,0,0
1763969232.5892148,0.0,0.0,32.39,154.89,-0.06294240802526474,0.21556903421878815,0.974387526512146,-0.011712525971233845,-3.0912840366363525,-0.11789960414171219,2.7034621238708496,0.0006971289403736591,0.0008222595788538456,0.0006915428675711155,0.0,0.0,0.0,0.0,0.0,0.0,-0.5687857000000001,0.6080123,10.2577559,0.06981317007977318,0.06981317007977318,-0.03490658503988659,-721.0,320.0,-403.0,1600,1600,1599,1599,0,0,0,0
1763969232.622612,0.0,0.0,32.39,154.89,-0.06294240802526474,0.21556903421878815,0.974387526512146,-0.011712525971233845,-3.0912840366363525,-0.11789960414171219,2.7034621238708496,0.0006971289403736591,0.0008222595788538456,0.0006915428675711155,0.0,0.0,0.0,0.0,0.0,0.0,-0.5687857000000001,0.6080123,10.2577559,0.06981317007977318,0.06981317007977318,-0.03490658503988659,-721.0,320.0,-403.0,1600,1600,1599,1599,0,0,0,0
1763969232.6560087,0.0,0.0,32.39,154.89,-0.06294240802526474,0.21556903421878815,0.974387526512146,-0.011712525971233845,-3.0912840366363525,-0.11789960414171219,2.7034621238708496,0.0006971289403736591,0.0008222595788538456,0.0006915428675711155,0.0,0.0,0.0,0.0,0.0,0.0,-0.5687857000000001,0.6080123,10.2577559,0.06981317007977318,0.06981317007977318,-0.03490658503988659,-721.0,320.0,-403.0,1600,1600,1599,1599,0,0,0,0
1763969232.6894054,0.0,0.0,32.39,154.89,-0.06294240802526474,0.21556903421878815,0.974387526512146,-0.011712525971233845,-3.0912840366363525,-0.11789960414171219,2.7034621238708496,0.0006971289403736591,0.0008222595788538456,0.0006915428675711155,0.0,0.0,0.0,0.0,0.0,0.0,-0.55897905,0.61781895,10.24794925,0.10471975511965978,0.08726646259971647,-0.03490658503988659,-721.0,320.0,-403.0,1600,1600,1599,1599,0,0,0,0
1763969232.7228007,0.0,0.0,32.39,154.89,-0.06294240802526474,0.21556903421878815,0.974387526512146,-0.011712525971233845,-3.0912840366363525,-0.11789960414171219,2.7034621238708496,0.0006971289403736591,0.0008222595788538456,0.0006915428675711155,0.0,0.0,0.0,0.0,0.0,0.0,-0.55897905,0.61781895,10.24794925,0.10471975511965978,0.08726646259971647,-0.03490658503988659,-721.0,320.0,-403.0,1600,1600,1599,1599,0,0,0,0
1763969232.7561955,0.0,0.0,32.39,154.89,-0.06294240802526474,0.21556903421878815,0.974387526512146,-0.011712525971233845,-3.0912840366363525,-0.11789960414171219,2.7034621238708496,0.0006971289403736591,0.0008222595788538456,0.0006915428675711155,0.0,0.0,0.0,0.0,0.0,0.0,-0.5687857000000001,0.61781895,10.2577559,0.08726646259971647,0.08726646259971647,-0.06981317007977318,-721.0,323.0,-405.0,1600,1600,1599,1599,0,0,0,0
1763969232.7895937,0.0,0.0,32.39,154.89,-0.06294240802526474,0.21556903421878815,0.974387526512146,-0.011712525971233845,-3.09128737449646,-0.11790566891431808,2.703464984893799,-1.1790543794631958e-05,0.0005596401169896126,-0.0009741396643221378,0.0,0.0,0.0,0.0,0.0,0.0,-0.5687857000000001,0.61781895,10.2577559,0.08726646259971647,0.08726646259971647,-0.06981317007977318,-721.0,323.0,-405.0,1600,1600,1599,1599,0,0,0,0
1763969232.823003,0.0,0.0,32.39,154.89,-0.06294499337673187,0.21556763350963593,0.9743877649307251,-0.01171034760773182,-3.09128737449646,-0.11790566891431808,2.703464984893799,-1.1790543794631958e-05,0.0005596401169896126,-0.0009741396643221378,0.0,0.0,0.0,0.0,0.0,0.0,-0.5687857000000001,0.61781895,10.2577559,0.08726646259971647,0.08726646259971647,-0.06981317007977318,-721.0,323.0,-405.0,1600,1600,1599,1599,0,0,0,0
1763969232.8564084,0.0,0.0,32.28,154.89,-0.06294499337673187,0.21556763350963593,0.9743877649307251,-0.01171034760773182,-3.09128737449646,-0.11790566891431808,2.703464984893799,-1.1790543794631958e-05,0.0005596401169896126,-0.0009741396643221378,0.0,0.0,0.0,0.0,0.0,0.0,-0.5687857000000001,0.61781895,10.2577559,0.08726646259971647,0.08726646259971647,-0.06981317007977318,-721.0,323.0,-405.0,1600,1600,1599,1599,0,0,0,0
1763969232.889819,0.0,0.0,32.28,154.89,-0.06294499337673187,0.21556763350963593,0.9743877649307251,-0.01171034760773182,-3.091275215148926,-0.11791719496250153,2.703451633453369,0.00030673807486891747,0.0007437239401042461,0.0009541003964841366,0.0,0.0,0.0,0.0,0.0,0.0,-0.5687857000000001,0.61781895,10.2577559,0.08726646259971647,0.08726646259971647,-0.06981317007977318,-721.0,323.0,-405.0,1600,1600,1599,1599,0,0,0,0
1763969232.9232395,0.0,0.0,32.28,154.89,-0.0629519671201706,0.2155734896659851,0.9743858575820923,-0.011714532971382141,-3.091275215148926,-0.11791719496250153,2.703451633453369,0.00030673807486891747,0.0007437239401042461,0.0009541003964841366,0.0,0.0,0.0,0.0,0.0,0.0,-0.5687857000000001,0.61781895,10.2577559,0.08726646259971647,0.08726646259971647,-0.06981317007977318,-721.0,323.0,-405.0,1600,1600,1599,1599,0,0,0,0
1763969232.9566398,0.0,0.0,32.28,154.89,-0.0629519671201706,0.2155734896659851,0.9743858575820923,-0.011714532971382141,-3.091275215148926,-0.11791719496250153,2.703451633453369,0.00030673807486891747,0.0007437239401042461,0.0009541003964841366,0.0,0.0,0.0,0.0,0.0,0.0,-0.5687857000000001,0.61781895,10.2577559,0.08726646259971647,0.08726646259971647,-0.06981317007977318,-721.0,323.0,-405.0,1600,1600,1599,1599,0,0,0,0
1763969232.990046,0.0,0.0,32.28,154.89,-0.0629519671201706,0.2155734896659851,0.9743858575820923,-0.011714532971382141,-3.091275215148926,-0.11791719496250153,2.703451633453369,0.00030673807486891747,0.0007437239401042461,0.0009541003964841366,0.0,0.0,0.0,0.0,0.0,0.0,-0.5687857000000001,0.61781895,10.2577559,0.08726646259971647,0.08726646259971647,-0.06981317007977318,-721.0,323.0,-405.0,1600,1600,1599,1599,0,0,0,0
1763969233.0234497,0.0,0.0,32.28,154.89,-0.0629519671201706,0.2155734896659851,0.9743858575820923,-0.011714532971382141,-3.091193914413452,-0.11783645302057266,2.7034993171691895,-0.0005588964559137821,-0.00043382449075579643,-0.0002486032899469137,0.0,0.0,0.0,0.0,0.0,0.0,-0.5687857000000001,0.61781895,10.2577559,0.08726646259971647,0.08726646259971647,-0.06981317007977318,-721.0,323.0,-405.0,1600,1600,1599,1599,0,0,0,0
1763969233.0569026,0.0,0.0,32.28,154.89,-0.06292113661766052,0.2155493199825287,0.9743926525115967,-0.011764454655349255,-3.091193914413452,-0.11783645302057266,2.7034993171691895,-0.0005588964559137821,-0.00043382449075579643,-0.0002486032899469137,0.0,0.0,0.0,0.0,0.0,0.0,-0.5687857000000001,0.61781895,10.2577559,0.08726646259971647,0.08726646259971647,-0.06981317007977318,-721.0,323.0,-405.0,1600,1600,1599,1599,0,0,0,0
1763969233.0903063,0.0,0.0,32.47,154.89,-0.06292113661766052,0.2155493199825287,0.9743926525115967,-0.011764454655349255,-3.091193914413452,-0.11783645302057266,2.7034993171691895,-0.0005588964559137821,-0.00043382449075579643,-0.0002486032899469137,0.0,0.0,0.0,0.0,0.0,0.0,-0.5687857000000001,0.61781895,10.2577559,0.08726646259971647,0.08726646259971647,-0.06981317007977318,-721.0,323.0,-405.0,1600,1600,1599,1599,0,0,0,0
1763969233.1237125,0.0,0.0,32.47,154.89,-0.06292113661766052,0.2155493199825287,0.9743926525115967,-0.011764454655349255,-3.091193914413452,-0.11783645302057266,2.7034993171691895,-0.0005588964559137821,-0.00043382449075579643,-0.0002486032899469137,0.0,0.0,0.0,0.0,0.0,0.0,-0.5687857000000001,0.61781895,10.2577559,0.08726646259971647,0.08726646259971647,-0.06981317007977318,-721.0,323.0,-405.0,1600,1600,1599,1599,0,0,0,0
1763969233.1571295,0.0,0.0,32.47,154.89,-0.06292113661766052,0.2155493199825287,0.9743926525115967,-0.011764454655349255,-3.091193914413452,-0.11783645302057266,2.7034993171691895,-0.0005588964559137821,-0.00043382449075579643,-0.0002486032899469137,0.0,0.0,0.0,0.0,0.0,0.0,-0.5687857000000001,0.61781895,10.24794925,0.06981317007977318,0.06981317007977318,-0.05235987755982989,-716.0,322.0,-404.0,1600,1600,1599,1599,0,0,0,0
1763969233.190538,0.0,0.0,32.47,154.89,-0.06292113661766052,0.2155493199825287,0.9743926525115967,-0.011764454655349255,-3.0912091732025146,-0.11782489717006683,2.70348858833313,0.0007200157269835472,-0.0009868433699011803,-0.0006693704053759575,0.0,0.0,0.0,0.0,0.0,0.0,-0.5687857000000001,0.61781895,10.24794925,0.06981317007977318,0.06981317007977318,-0.05235987755982989,-716.0,322.0,-404.0,1600,1600,1599,1599,0,0,0,0
1763969233.2239926,0.0,0.0,32.26,154.89,-0.06292113661766052,0.2155493199825287,0.9743926525115967,-0.011764454655349255,-3.0912091732025146,-0.11782489717006683,2.70348858833313,0.0007200157269835472,-0.0009868433699011803,-0.0006693704053759575,0.0,0.0,0.0,0.0,0.0,0.0,-0.5687857000000001,0.61781895,10.24794925,0.06981317007977318,0.06981317007977318,-0.05235987755982989,-716.0,322.0,-404.0,1600,1600,1599,1599,0,0,0,0
1763969233.2574124,0.0,0.0,32.26,154.89,-0.06292113661766052,0.2155493199825287,0.9743926525115967,-0.011764454655349255,-3.0912091732025146,-0.11782489717006683,2.70348858833313,0.0007200157269835472,-0.0009868433699011803,-0.0006693704053759575,0.0,0.0,0.0,0.0,0.0,0.0,-0.5687857000000001,0.61781895,10.24794925,0.06981317007977318,0.06981317007977318,-0.05235987755982989,-716.0,322.0,-404.0,1600,1600,1599,1599,0,0,0,0
1763969233.2908504,0.0,0.0,32.26,154.89,-0.06292113661766052,0.2155493199825287,0.9743926525115967,-0.011764454655349255,-3.0912091732025146,-0.11782489717006683,2.70348858833313,0.0007200157269835472,-0.0009868433699011803,-0.0006693704053759575,0.0,0.0,0.0,0.0,0.0,0.0,-0.5687857000000001,0.61781895,10.24794925,0.06981317007977318,0.06981317007977318,-0.05235987755982989,-716.0,322.0,-404.0,1600,1600,1599,1599,0,0,0,0
1763969233.324277,0.0,0.0,32.26,154.89,-0.06292113661766052,0.2155493199825287,0.9743926525115967,-0.011764454655349255,-3.091193199157715,-0.1178215816617012,2.7034690380096436,0.0013065324164927006,0.0012446888722479343,0.00012283329851925373,0.0,0.0,0.0,0.0,0.0,0.0,-0.5687857000000001,0.61781895,10.24794925,0.06981317007977318,0.06981317007977318,-0.05235987755982989,-716.0,322.0,-404.0,1600,1600,1599,1599,0,0,0,0
1763969233.357756,0.0,0.0,32.26,154.89,-0.06292113661766052,0.2155493199825287,0.9743926525115967,-0.011764454655349255,-3.091193199157715,-0.1178215816617012,2.7034690380096436,0.0013065324164927006,0.0012446888722479343,0.00012283329851925373,0.0,0.0,0.0,0.0,0.0,0.0,-0.5687857000000001,0.61781895,10.24794925,0.06981317007977318,0.06981317007977318,-0.05235987755982989,-716.0,322.0,-404.0,1600,1600,1599,1599,0,0,0,0
1763969233.3911755,0.0,0.0,32.26,154.89,-0.06292113661766052,0.2155493199825287,0.9743926525115967,-0.011764454655349255,-3.091193199157715,-0.1178215816617012,2.7034690380096436,0.0013065324164927006,0.0012446888722479343,0.00012283329851925373,0.0,0.0,0.0,0.0,0.0,0.0,-0.5687857000000001,0.6080123,10.24794925,0.10471975511965978,0.08726646259971647,-0.05235987755982989,-716.0,323.0,-400.0,1600,1600,1599,1599,0,0,0,0
1763969233.424591,0.0,0.0,32.26,154.89,-0.0629141628742218,0.21556423604488373,0.9743897318840027,-0.01176554337143898,-3.091193199157715,-0.1178215816617012,2.7034690380096436,0.0013065324164927006,0.0012446888722479343,0.00012283329851925373,0.0,0.0,0.0,0.0,0.0,0.0,-0.5687857000000001,0.6080123,10.24794925,0.10471975511965978,0.08726646259971647,-0.05235987755982989,-716.0,323.0,-400.0,1600,1600,1599,1599,0,0,0,0
1763969233.4580193,0.0,0.0,32.26,154.89,-0.0629141628742218,0.21556423604488373,0.9743897318840027,-0.01176554337143898,-3.091193199157715,-0.1178215816617012,2.7034690380096436,0.0013065324164927006,0.0012446888722479343,0.00012283329851925373,0.0,0.0,0.0,0.0,0.0,0.0,-0.5687857000000001,0.6080123,10.24794925,0.10471975511965978,0.08726646259971647,-0.05235987755982989,-716.0,323.0,-400.0,1600,1600,1599,1599,0,0,0,0
1763969233.4914382,0.0,0.0,32.26,154.89,-0.0629141628742218,0.21556423604488373,0.9743897318840027,-0.01176554337143898,-3.0911738872528076,-0.11782559007406235,2.703456401824951,-0.001182058360427618,-0.00016537634655833244,0.0006660218350589275,0.0,0.0,0.0,0.0,0.0,0.0,-0.5687857000000001,0.6080123,10.24794925,0.10471975511965978,0.08726646259971647,-0.05235987755982989,-716.0,323.0,-400.0,1600,1600,1599,1599,0,0,0,0
1763969233.5256925,0.0,0.0,32.26,154.89,-0.0629182755947113,0.21556971967220306,0.9743881821632385,-0.011774152517318726,-3.0911738872528076,-0.11782559007406235,2.703456401824951,-0.001182058360427618,-0.00016537634655833244,0.0006660218350589275,0.0,0.0,0.0,0.0,0.0,0.0,-0.5687857000000001,0.6080123,10.24794925,0.10471975511965978,0.08726646259971647,-0.05235987755982989,-716.0,323.0,-400.0,1600,1600,1599,1599,0,0,0,0
1763969233.5589862,0.0,0.0,32.26,154.89,-0.0629182755947113,0.21556971967220306,0.9743881821632385,-0.011774152517318726,-3.0911738872528076,-0.11782559007406235,2.703456401824951,-0.001182058360427618,-0.00016537634655833244,0.0006660218350589275,0.0,0.0,0.0,0.0,0.0,0.0,-0.5687857000000001,0.6080123,10.24794925,0.10471975511965978,0.08726646259971647,-0.05235987755982989,-716.0,323.0,-400.0,1600,1600,1599,1599,0,0,0,0
1763969233.5924113,0.0,0.0,32.26,154.89,-0.0629182755947113,0.21556971967220306,0.9743881821632385,-0.011774152517318726,-3.0911738872528076,-0.11782559007406235,2.703456401824951,-0.001182058360427618,-0.00016537634655833244,0.0006660218350589275,0.0,0.0,0.0,0.0,0.0,0.0,-0.5687857000000001,0.6080123,10.24794925,0.10471975511965978,0.08726646259971647,-0.05235987755982989,-716.0,323.0,-400.0,1600,1600,1599,1599,0,0,0,0
1763969233.6259587,0.0,0.0,32.26,154.89,-0.0629182755947113,0.21556971967220306,0.9743881821632385,-0.011774152517318726,-3.0911738872528076,-0.11782559007406235,2.703456401824951,-0.001182058360427618,-0.00016537634655833244,0.0006660218350589275,0.0,0.0,0.0,0.0,0.0,0.0,-0.5687857000000001,0.61781895,10.2577559,0.06981317007977318,0.06981317007977318,-0.03490658503988659,-716.0,323.0,-400.0,1600,1600,1599,1599,0,0,0,0
1763969233.6593864,0.0,0.0,32.26,154.89,-0.0629182755947113,0.21556971967220306,0.9743881821632385,-0.011774152517318726,-3.0911734104156494,-0.11782889068126678,2.703444480895996,-0.0002755499444901943,0.0007867119275033474,-0.0006259055808186531,0.0,0.0,0.0,0.0,0.0,0.0,-0.5687857000000001,0.61781895,10.2577559,0.06981317007977318,0.06981317007977318,-0.03490658503988659,-716.0,323.0,-400.0,1600,1600,1599,1599,0,0,0,0
1763969233.6928122,0.0,0.0,32.26,154.89,-0.0629199892282486,0.2155754119157791,0.9743868708610535,-0.011773568578064442,-3.0911734104156494,-0.11782889068126678,2.703444480895996,-0.0002755499444901943,0.0007867119275033474,-0.0006259055808186531,0.0,0.0,0.0,0.0,0.0,0.0,-0.5687857000000001,0.61781895,10.2577559,0.06981317007977318,0.06981317007977318,-0.03490658503988659,-716.0,323.0,-400.0,1600,1600,1599,1599,0,0,0,0
1763969233.7266352,0.0,0.0,32.56,154.89,-0.0629199892282486,0.2155754119157791,0.9743868708610535,-0.011773568578064442,-3.0911734104156494,-0.11782889068126678,2.703444480895996,-0.0002755499444901943,0.0007867119275033474,-0.0006259055808186531,0.0,0.0,0.0,0.0,0.0,0.0,-0.5687857000000001,0.61781895,10.2577559,0.06981317007977318,0.06981317007977318,-0.03490658503988659,-716.0,323.0,-400.0,1600,1600,1599,1599,0,0,0,0
1763969233.7600517,0.0,0.0,32.56,154.89,-0.0629199892282486,0.2155754119157791,0.9743868708610535,-0.011773568578064442,-3.0911734104156494,-0.11782889068126678,2.703444480895996,-0.0002755499444901943,0.0007867119275033474,-0.0006259055808186531,0.0,0.0,0.0,0.0,0.0,0.0,-0.5687857000000001,0.61781895,10.2577559,0.06981317007977318,0.06981317007977318,-0.03490658503988659,-716.0,323.0,-400.0,1600,1600,1599,1599,0,0,0,0
1763969233.7938719,0.0,0.0,32.56,154.89,-0.0629199892282486,0.2155754119157791,0.9743868708610535,-0.011773568578064442,-3.0911734104156494,-0.11782889068126678,2.703444480895996,-0.0002755499444901943,0.0007867119275033474,-0.0006259055808186531,0.0,0.0,0.0,0.0,0.0,0.0,-0.5687857000000001,0.61781895,10.2577559,0.06981317007977318,0.06981317007977318,-0.03490658503988659,-716.0,323.0,-400.0,1600,1600,1599,1599,0,0,0,0
1763969233.8272886,0.0,0.0,32.56,154.89,-0.0629199892282486,0.2155754119157791,0.9743868708610535,-0.011773568578064442,-3.0911734104156494,-0.11782889068126678,2.703444480895996,-0.0002755499444901943,0.0007867119275033474,-0.0006259055808186531,0.0,0.0,0.0,0.0,0.0,0.0,-0.5687857000000001,0.61781895,10.24794925,0.08726646259971647,0.08726646259971647,-0.05235987755982989,-718.0,320.0,-401.0,1600,1600,1599,1599,0,0,0,0
1763969233.8607087,0.0,0.0,32.56,154.89,-0.0629199892282486,0.2155754119157791,0.9743868708610535,-0.011773568578064442,-3.0912299156188965,-0.11778111010789871,2.703533411026001,0.0008596181869506836,-0.00010965438559651375,0.0005996762774884701,0.0,0.0,0.0,0.0,0.0,0.0,-0.5687857000000001,0.61781895,10.24794925,0.08726646259971647,0.08726646259971647,-0.05235987755982989,-718.0,320.0,-401.0,1600,1600,1599,1599,0,0,0,0
1763969233.8941236,0.0,0.0,32.56,154.89,-0.06289010494947433,0.21553480625152588,0.9743980169296265,-0.011754030361771584,-3.0912299156188965,-0.11778111010789871,2.703533411026001,0.0008596181869506836,-0.00010965438559651375,0.0005996762774884701,0.0,0.0,0.0,0.0,0.0,0.0,-0.5687857000000001,0.61781895,10.24794925,0.08726646259971647,0.08726646259971647,-0.05235987755982989,-718.0,320.0,-401.0,1600,1600,1599,1599,0,0,0,0
1763969233.9275525,0.0,0.0,32.52,154.9,-0.06289010494947433,0.21553480625152588,0.9743980169296265,-0.011754030361771584,-3.0912299156188965,-0.11778111010789871,2.703533411026001,0.0008596181869506836,-0.00010965438559651375,0.0005996762774884701,0.0,0.0,0.0,0.0,0.0,0.0,-0.5687857000000001,0.61781895,10.24794925,0.08726646259971647,0.08726646259971647,-0.05235987755982989,-718.0,320.0,-401.0,1600,1600,1599,1599,0,0,0,0
1763969233.9609716,0.0,0.0,32.52,154.9,-0.06289010494947433,0.21553480625152588,0.9743980169296265,-0.011754030361771584,-3.0912299156188965,-0.11778111010789871,2.703533411026001,0.0008596181869506836,-0.00010965438559651375,0.0005996762774884701,0.0,0.0,0.0,0.0,0.0,0.0,-0.5687857000000001,0.61781895,10.24794925,0.08726646259971647,0.08726646259971647,-0.05235987755982989,-718.0,320.0,-401.0,1600,1600,1599,1599,0,0,0,0
1763969233.9943893,0.0,0.0,32.52,154.9,-0.06289010494947433,0.21553480625152588,0.9743980169296265,-0.011754030361771584,-3.0912299156188965,-0.11778111010789871,2.703533411026001,0.0008596181869506836,-0.00010965438559651375,0.0005996762774884701,0.0,0.0,0.0,0.0,0.0,0.0,-0.5687857000000001,0.61781895,10.24794925,0.08726646259971647,0.08726646259971647,-0.05235987755982989,-718.0,320.0,-401.0,1600,1600,1599,1599,0,0,0,0
1763969234.0278075,0.0,0.0,32.52,154.9,-0.06289010494947433,0.21553480625152588,0.9743980169296265,-0.011754030361771584,-3.0912299156188965,-0.11778111010789871,2.703533411026001,0.0008596181869506836,-0.00010965438559651375,0.0005996762774884701,0.0,0.0,0.0,0.0,0.0,0.0,-0.5687857000000001,0.61781895,10.2577559,0.10471975511965978,0.06981317007977318,-0.05235987755982989,-717.0,317.0,-402.0,1600,1600,1599,1599,0,0,0,0
1763969234.061226,0.0,0.0,32.52,154.9,-0.06289010494947433,0.21553480625152588,0.9743980169296265,-0.011754030361771584,-3.0912086963653564,-0.11781247705221176,2.703549385070801,0.0006871516816318035,-0.0012158085592091084,0.001074537867680192,0.0,0.0,0.0,0.0,0.0,0.0,-0.5687857000000001,0.61781895,10.2577559,0.10471975511965978,0.06981317007977318,-0.05235987755982989,-717.0,317.0,-402.0,1600,1600,1599,1599,0,0,0,0
1763969234.0946412,0.0,0.0,32.52,154.9,-0.06289010494947433,0.21553480625152588,0.9743980169296265,-0.011754030361771584,-3.0912086963653564,-0.11781247705221176,2.703549385070801,0.0006871516816318035,-0.0012158085592091084,0.001074537867680192,0.0,0.0,0.0,0.0,0.0,0.0,-0.5687857000000001,0.61781895,10.2577559,0.10471975511965978,0.06981317007977318,-0.05235987755982989,-717.0,317.0,-402.0,1600,1600,1599,1599,0,0,0,0
1763969234.1280591,0.0,0.0,32.52,154.9,-0.06289010494947433,0.21553480625152588,0.9743980169296265,-0.011754030361771584,-3.0912086963653564,-0.11781247705221176,2.703549385070801,0.0006871516816318035,-0.0012158085592091084,0.001074537867680192,0.0,0.0,0.0,0.0,0.0,0.0,-0.5687857000000001,0.61781895,10.2577559,0.10471975511965978,0.05235987755982989,-0.03490658503988659,-721.0,326.0,-399.0,1600,1600,1599,1599,0,0,0,0
1763969234.1614726,0.0,0.0,32.52,154.9,-0.06290759146213531,0.21552568674087524,0.9743987917900085,-0.011761524714529514,-3.0912086963653564,-0.11781247705221176,2.703549385070801,0.0006871516816318035,-0.0012158085592091084,0.001074537867680192,0.0,0.0,0.0,0.0,0.0,0.0,-0.5687857000000001,0.61781895,10.2577559,0.10471975511965978,0.05235987755982989,-0.03490658503988659,-721.0,326.0,-399.0,1600,1600,1599,1599,0,0,0,0
1763969234.1948774,0.0,0.0,32.54,154.9,-0.06290759146213531,0.21552568674087524,0.9743987917900085,-0.011761524714529514,-3.0912086963653564,-0.11781247705221176,2.703549385070801,0.0006871516816318035,-0.0012158085592091084,0.001074537867680192,0.0,0.0,0.0,0.0,0.0,0.0,-0.5687857000000001,0.61781895,10.2577559,0.10471975511965978,0.05235987755982989,-0.03490658503988659,-721.0,326.0,-399.0,1600,1600,1599,1599,0,0,0,0
1763969234.2282705,0.0,0.0,32.54,154.9,-0.06290759146213531,0.21552568674087524,0.9743987917900085,-0.011761524714529514,-3.0912086963653564,-0.11781247705221176,2.703549385070801,0.0006871516816318035,-0.0012158085592091084,0.001074537867680192,0.0,0.0,0.0,0.0,0.0,0.0,-0.5687857000000001,0.61781895,10.2577559,0.10471975511965978,0.05235987755982989,-0.03490658503988659,-721.0,326.0,-399.0,1600,1600,1599,1599,0,0,0,0
1763969234.2616737,0.0,0.0,32.54,154.9,-0.06290759146213531,0.21552568674087524,0.9743987917900085,-0.011761524714529514,-3.0912086963653564,-0.11781247705221176,2.703549385070801,0.0006871516816318035,-0.0012158085592091084,0.001074537867680192,0.0,0.0,0.0,0.0,0.0,0.0,-0.5687857000000001,0.61781895,10.2577559,0.10471975511965978,0.05235987755982989,-0.03490658503988659,-721.0,326.0,-399.0,1600,1600,1599,1599,0,0,0,0
1763969234.2950778,0.0,0.0,32.54,154.9,-0.06290759146213531,0.21552568674087524,0.9743987917900085,-0.011761524714529514,-3.0912086963653564,-0.11781247705221176,2.703549385070801,0.0006871516816318035,-0.0012158085592091084,0.001074537867680192,0.0,0.0,0.0,0.0,0.0,0.0,-0.57859235,0.61781895,10.2577559,0.06981317007977318,0.06981317007977318,-0.05235987755982989,-721.0,326.0,-399.0,1600,1600,1599,1599,0,0,0,0
1763969234.3284717,0.0,0.0,32.54,154.9,-0.06290759146213531,0.21552568674087524,0.9743987917900085,-0.011761524714529514,-3.0912086963653564,-0.11781247705221176,2.703549385070801,0.0006871516816318035,-0.0012158085592091084,0.001074537867680192,0.0,0.0,0.0,0.0,0.0,0.0,-0.57859235,0.61781895,10.2577559,0.06981317007977318,0.06981317007977318,-0.05235987755982989,-721.0,326.0,-399.0,1600,1600,1599,1599,0,0,0,0
1763969234.3618639,0.0,0.0,32.54,154.9,-0.06290759146213531,0.21552568674087524,0.9743987917900085,-0.011761524714529514,-3.0912086963653564,-0.11781247705221176,2.703549385070801,0.0006871516816318035,-0.0012158085592091084,0.001074537867680192,0.0,0.0,0.0,0.0,0.0,0.0,-0.5687857000000001,0.61781895,10.2577559,0.06981317007977318,0.06981317007977318,-0.03490658503988659,-721.0,326.0,-399.0,1600,1600,1599,1599,0,0,0,0
1763969234.3952563,0.0,0.0,32.38,154.89,-0.06290759146213531,0.21552568674087524,0.9743987917900085,-0.011761524714529514,-3.0912086963653564,-0.11781247705221176,2.703549385070801,0.0006871516816318035,-0.0012158085592091084,0.001074537867680192,0.0,0.0,0.0,0.0,0.0,0.0,-0.5687857000000001,0.61781895,10.2577559,0.06981317007977318,0.06981317007977318,-0.03490658503988659,-721.0,326.0,-399.0,1600,1600,1599,1599,0,0,0,0
1763969234.4286616,0.0,0.0,32.38,154.89,-0.06290759146213531,0.21552568674087524,0.9743987917900085,-0.011761524714529514,-3.0912392139434814,-0.11780170351266861,2.703498601913452,-0.0004148343577980995,-0.0012140900362282991,-0.0014684433117508888,0.0,0.0,0.0,0.0,0.0,0.0,-0.5687857000000001,0.61781895,10.2577559,0.06981317007977318,0.06981317007977318,-0.03490658503988659,-721.0,326.0,-399.0,1600,1600,1599,1599,0,0,0,0
1763969234.4620793,0.0,0.0,32.38,154.89,-0.06290759146213531,0.21552568674087524,0.9743987917900085,-0.011761524714529514,-3.0912392139434814,-0.11780170351266861,2.703498601913452,-0.0004148343577980995,-0.0012140900362282991,-0.0014684433117508888,0.0,0.0,0.0,0.0,0.0,0.0,-0.5687857000000001,0.61781895,10.2577559,0.06981317007977318,0.06981317007977318,-0.03490658503988659,-721.0,326.0,-399.0,1600,1600,1599,1599,0,0,0,0
1763969234.495477,0.0,0.0,32.38,154.89,-0.06290759146213531,0.21552568674087524,0.9743987917900085,-0.011761524714529514,-3.0912392139434814,-0.11780170351266861,2.703498601913452,-0.0004148343577980995,-0.0012140900362282991,-0.0014684433117508888,0.0,0.0,0.0,0.0,0.0,0.0,-0.5687857000000001,0.61781895,10.2577559,0.06981317007977318,0.06981317007977318,-0.03490658503988659,-721.0,326.0,-399.0,1600,1600,1599,1599,0,0,0,0
1763969234.5288787,0.0,0.0,32.38,154.89,-0.06290759146213531,0.21552568674087524,0.9743987917900085,-0.011761524714529514,-3.0912423133850098,-0.11779642850160599,2.7034757137298584,-4.885578528046608e-05,-0.0014109490439295769,0.0005446928553283215,0.0,0.0,0.0,0.0,0.0,0.0,-0.5687857000000001,0.61781895,10.2577559,0.06981317007977318,0.06981317007977318,-0.03490658503988659,-721.0,326.0,-399.0,1600,1600,1599,1599,0,0,0,0
1763969234.562271,0.0,0.0,32.38,154.89,-0.06289658695459366,0.21556305885314941,0.9743914008140564,-0.01174456812441349,-3.0912423133850098,-0.11779642850160599,2.7034757137298584,-4.885578528046608e-05,-0.0014109490439295769,0.0005446928553283215,0.0,0.0,0.0,0.0,0.0,0.0,-0.5687857000000001,0.61781895,10.2577559,0.06981317007977318,0.06981317007977318,-0.03490658503988659,-721.0,326.0,-399.0,1600,1600,1599,1599,0,0,0,0
1763969234.595663,0.0,0.0,32.38,154.89,-0.06289658695459366,0.21556305885314941,0.9743914008140564,-0.01174456812441349,-3.0912857055664062,-0.11774946004152298,2.703535795211792,0.0003415178507566452,0.001369480974972248,0.0003333659842610359,0.0,0.0,0.0,0.0,0.0,0.0,-0.5687857000000001,0.61781895,10.2577559,0.06981317007977318,0.06981317007977318,-0.03490658503988659,-721.0,326.0,-399.0,1600,1600,1599,1599,0,0,0,0
1763969234.6290658,0.0,0.0,32.38,154.89,-0.06286869943141937,0.21553590893745422,0.9743993878364563,-0.011730462312698364,-3.0912857055664062,-0.11774946004152298,2.703535795211792,0.0003415178507566452,0.001369480974972248,0.0003333659842610359,0.0,0.0,0.0,0.0,0.0,0.0,-0.5687857000000001,0.61781895,10.2577559,0.06981317007977318,0.06981317007977318,-0.03490658503988659,-721.0,326.0,-399.0,1600,1600,1599,1599,0,0,0,0
1763969234.6624632,0.0,0.0,32.44,154.9,-0.06286869943141937,0.21553590893745422,0.9743993878364563,-0.011730462312698364,-3.0912857055664062,-0.11774946004152298,2.703535795211792,0.0003415178507566452,0.001369480974972248,0.0003333659842610359,0.0,0.0,0.0,0.0,0.0,0.0,-0.5687857000000001,0.61781895,10.2577559,0.06981317007977318,0.06981317007977318,-0.03490658503988659,-721.0,326.0,-399.0,1600,1600,1599,1599,0,0,0,0
1763969234.6958563,0.0,0.0,32.44,154.9,-0.06286869943141937,0.21553590893745422,0.9743993878364563,-0.011730462312698364,-3.0912857055664062,-0.11774946004152298,2.703535795211792,0.0003415178507566452,0.001369480974972248,0.0003333659842610359,0.0,0.0,0.0,0.0,0.0,0.0,-0.5687857000000001,0.61781895,10.2577559,0.06981317007977318,0.06981317007977318,-0.03490658503988659,-721.0,326.0,-399.0,1600,1600,1599,1599,0,0,0,0
1763969234.7292476,0.0,0.0,32.44,154.9,-0.06286869943141937,0.21553590893745422,0.9743993878364563,-0.011730462312698364,-3.0912857055664062,-0.11774946004152298,2.703535795211792,0.0003415178507566452,0.001369480974972248,0.0003333659842610359,0.0,0.0,0.0,0.0,0.0,0.0,-0.57859235,0.61781895,10.2577559,0.08726646259971647,0.10471975511965978,-0.03490658503988659,-722.0,321.0,-396.0,1600,1600,1599,1599,0,0,0,0
1763969234.7626402,0.0,0.0,32.44,154.9,-0.06286869943141937,0.21553590893745422,0.9743993878364563,-0.011730462312698364,-3.091270685195923,-0.11774866282939911,2.7035374641418457,0.0011064396239817142,-0.0008318326435983181,-0.0009587882086634636,0.0,0.0,0.0,0.0,0.0,0.0,-0.57859235,0.61781895,10.2577559,0.08726646259971647,0.10471975511965978,-0.03490658503988659,-722.0,321.0,-396.0,1600,1600,1599,1599,0,0,0,0
1763969234.7960324,0.0,0.0,32.44,154.9,-0.06286992132663727,0.21553467214107513,0.9743995070457458,-0.011737913824617863,-3.091270685195923,-0.11774866282939911,2.7035374641418457,0.0011064396239817142,-0.0008318326435983181,-0.0009587882086634636,0.0,0.0,0.0,0.0,0.0,0.0,-0.57859235,0.61781895,10.2577559,0.08726646259971647,0.10471975511965978,-0.03490658503988659,-722.0,321.0,-396.0,1600,1600,1599,1599,0,0,0,0
1763969234.8294234,0.0,0.0,32.44,154.9,-0.06286992132663727,0.21553467214107513,0.9743995070457458,-0.011737913824617863,-3.091270685195923,-0.11774866282939911,2.7035374641418457,0.0011064396239817142,-0.0008318326435983181,-0.0009587882086634636,0.0,0.0,0.0,0.0,0.0,0.0,-0.57859235,0.61781895,10.2577559,0.08726646259971647,0.10471975511965978,-0.03490658503988659,-722.0,321.0,-396.0,1600,1600,1599,1599,0,0,0,0
1763969234.862829,0.0,0.0,32.44,154.9,-0.06286992132663727,0.21553467214107513,0.9743995070457458,-0.011737913824617863,-3.091270685195923,-0.11774866282939911,2.7035374641418457,0.0011064396239817142,-0.0008318326435983181,-0.0009587882086634636,0.0,0.0,0.0,0.0,0.0,0.0,-0.5687857000000001,0.61781895,10.2577559,0.10471975511965978,0.05235987755982989,-0.06981317007977318,-722.0,321.0,-396.0,1600,1600,1599,1599,0,0,0,0
1763969234.8962317,0.0,0.0,32.44,154.9,-0.06286992132663727,0.21553467214107513,0.9743995070457458,-0.011737913824617863,-3.091270685195923,-0.11774866282939911,2.7035374641418457,0.0011064396239817142,-0.0008318326435983181,-0.0009587882086634636,0.0,0.0,0.0,0.0,0.0,0.0,-0.5687857000000001,0.61781895,10.2577559,0.10471975511965978,0.05235987755982989,-0.06981317007977318,-722.0,321.0,-396.0,1600,1600,1599,1599,0,0,0,0
1763969234.9296293,0.0,0.0,32.44,154.9,-0.06286992132663727,0.21553467214107513,0.9743995070457458,-0.011737913824617863,-3.091278076171875,-0.11775509268045425,2.7035446166992188,-0.00033078109845519066,-0.0009599693585187197,-0.00014253007248044014,0.0,0.0,0.0,0.0,0.0,0.0,-0.5687857000000001,0.61781895,10.2577559,0.10471975511965978,0.05235987755982989,-0.06981317007977318,-722.0,321.0,-396.0,1600,1600,1599,1599,0,0,0,0
1763969234.9630237,0.0,0.0,32.44,154.9,-0.06287220120429993,0.2155313491821289,0.9744002223014832,-0.011733765713870525,-3.091278076171875,-0.11775509268045425,2.7035446166992188,-0.00033078109845519066,-0.0009599693585187197,-0.00014253007248044014,0.0,0.0,0.0,0.0,0.0,0.0,-0.5687857000000001,0.61781895,10.2577559,0.10471975511965978,0.05235987755982989,-0.06981317007977318,-722.0,321.0,-396.0,1600,1600,1599,1599,0,0,0,0
1763969234.9964242,0.0,0.0,32.34,154.9,-0.06287220120429993,0.2155313491821289,0.9744002223014832,-0.011733765713870525,-3.091278076171875,-0.11775509268045425,2.7035446166992188,-0.00033078109845519066,-0.0009599693585187197,-0.00014253007248044014,0.0,0.0,0.0,0.0,0.0,0.0,-0.5687857000000001,0.61781895,10.2577559,0.10471975511965978,0.05235987755982989,-0.06981317007977318,-722.0,321.0,-396.0,1600,1600,1599,1599,0,0,0,0
1763969235.0298173,0.0,0.0,32.34,154.9,-0.06287220120429993,0.2155313491821289,0.9744002223014832,-0.011733765713870525,-3.091278076171875,-0.11775509268045425,2.7035446166992188,-0.00033078109845519066,-0.0009599693585187197,-0.00014253007248044014,0.0,0.0,0.0,0.0,0.0,0.0,-0.5687857000000001,0.61781895,10.2577559,0.10471975511965978,0.05235987755982989,-0.06981317007977318,-722.0,321.0,-396.0,1600,1600,1599,1599,0,0,0,0
